ISO-10303-21;
HEADER;
FILE_DESCRIPTION(('STEP AP242'),'1');
FILE_NAME('0522071060.stp','2024-11-11T05:44:37',('TraceParts'),('TraceParts S.A.'),'Spatial InterOp 3D',' ',' ');
FILE_SCHEMA(('AP242_MANAGED_MODEL_BASED_3D_ENGINEERING_MIM_LF  {1 0 10303 442 1 1 4}'));
ENDSEC;
DATA;
#1=MECHANICAL_DESIGN_GEOMETRIC_PRESENTATION_REPRESENTATION(' ',(#10),#6);
#2=PRODUCT_DEFINITION_CONTEXT('',#11,'design');
#3=APPLICATION_PROTOCOL_DEFINITION('INTERNATIONAL STANDARD','ap242_managed_model_based_3d_engineering',2014,#11);
#4=PRODUCT_CATEGORY_RELATIONSHIP('NONE','NONE',#12,#13);
#5=SHAPE_DEFINITION_REPRESENTATION(#14,#15);
#6= (GEOMETRIC_REPRESENTATION_CONTEXT(3)GLOBAL_UNCERTAINTY_ASSIGNED_CONTEXT((#18))GLOBAL_UNIT_ASSIGNED_CONTEXT((#20,#21,#22))REPRESENTATION_CONTEXT('NONE','WORKSPACE'));
#10=STYLED_ITEM('',(#24),#25);
#11=APPLICATION_CONTEXT('managed model based 3d engineering');
#12=PRODUCT_CATEGORY('part','NONE');
#13=PRODUCT_RELATED_PRODUCT_CATEGORY('detail',' ',(#26));
#14=PRODUCT_DEFINITION_SHAPE('NONE','NONE',#27);
#15=ADVANCED_BREP_SHAPE_REPRESENTATION('0522071060',(#25,#28),#6);
#18=UNCERTAINTY_MEASURE_WITH_UNIT(LENGTH_MEASURE(1.0E-06),#20,'','');
#20= (CONVERSION_BASED_UNIT('MILLIMETRE',#31)LENGTH_UNIT()NAMED_UNIT(#34));
#21= (NAMED_UNIT(#36)PLANE_ANGLE_UNIT()SI_UNIT($,.RADIAN.));
#22= (NAMED_UNIT(#36)SOLID_ANGLE_UNIT()SI_UNIT($,.STERADIAN.));
#24=PRESENTATION_STYLE_ASSIGNMENT((#42));
#25=MANIFOLD_SOLID_BREP('0522071060',#43);
#26=PRODUCT('0522071060','','PART--DESC',(#44));
#27=PRODUCT_DEFINITION('','NONE',#45,#2);
#28=AXIS2_PLACEMENT_3D('',#46,#47,#48);
#31=LENGTH_MEASURE_WITH_UNIT(LENGTH_MEASURE(1.0),#49);
#34=DIMENSIONAL_EXPONENTS(1.0,0.0,0.0,0.0,0.0,0.0,0.0);
#36=DIMENSIONAL_EXPONENTS(0.0,0.0,0.0,0.0,0.0,0.0,0.0);
#42=SURFACE_STYLE_USAGE(.BOTH.,#50);
#43=CLOSED_SHELL('',(#51,#52,#53,#54,#55,#56,#57,#58,#59,#60,#61,#62,#63,#64,#65,#66,#67,#68,#69,#70,#71,#72,#73,#74,#75,#76,#77,#78,#79,#80,#81,#82,#83,#84,#85,#86,#87,#88,#89,#90,#91,#92,#93,#94,#95,#96,#97,#98,#99,#100,#101,#102,#103,#104,#105,#106,#107,#108,#109,#110,#111,#112,#113,#114,#115,#116,#117,#118,#119,#120,#121,#122,#123,#124,#125,#126,#127,#128,#129,#130,#131,#132,#133,#134,#135,#136,#137,#138,#139,#140,#141,#142,#143,#144,#145,#146,#147,#148,#149,#150,#151,#152,#153,#154,#155,#156,#157,#158,#159,#160,#161,#162,#163,#164,#165,#166,#167,#168,#169,#170,#171,#172,#173,#174,#175,#176,#177,#178,#179,#180,#181,#182,#183,#184,#185,#186,#187,#188,#189,#190,#191,#192,#193,#194,#195,#196,#197,#198,#199,#200,#201,#202,#203,#204,#205,#206,#207,#208,#209,#210,#211,#212,#213,#214,#215,#216,#217,#218,#219,#220,#221,#222,#223,#224,#225,#226,#227,#228,#229,#230,#231,#232,#233,#234,#235,#236,#237,#238,#239,#240,#241,#242,#243,#244,#245,#246,#247,#248,#249,#250,#251,#252,#253,#254,#255,#256,#257,#258,#259,#260,#261,#262,#263,#264,#265,#266,#267,#268,#269,#270,#271,#272,#273,#274,#275,#276,#277,#278,#279,#280,#281,#282,#283,#284,#285,#286,#287,#288,#289,#290,#291,#292,#293,#294,#295,#296,#297,#298,#299,#300,#301,#302,#303,#304,#305,#306,#307,#308,#309,#310,#311,#312,#313,#314,#315,#316,#317,#318,#319,#320,#321,#322,#323,#324,#325,#326,#327,#328,#329,#330,#331,#332,#333,#334,#335,#336,#337,#338,#339,#340,#341,#342,#343,#344,#345,#346,#347,#348,#349,#350,#351,#352,#353,#354,#355,#356,#357,#358,#359,#360,#361,#362,#363,#364,#365,#366,#367,#368,#369,#370,#371,#372,#373,#374,#375,#376,#377,#378,#379,#380,#381,#382,#383,#384,#385,#386,#387,#388,#389,#390,#391,#392,#393,#394,#395,#396,#397,#398,#399,#400,#401,#402,#403,#404,#405,#406,#407,#408,#409,#410,#411,#412,#413,#414,#415,#416,#417,#418,#419,#420,#421,#422,#423,#424,#425,#426,#427,#428,#429,#430,#431,#432,#433,#434,#435,#436,#437,#438,#439,#440,#441,#442,#443,#444,#445,#446,#447,#448,#449,#450));
#44=PRODUCT_CONTEXT('',#11,'mechanical');
#45=PRODUCT_DEFINITION_FORMATION_WITH_SPECIFIED_SOURCE(' ','NONE',#26,.NOT_KNOWN.);
#46=CARTESIAN_POINT('',(0.0,0.0,0.0));
#47=DIRECTION('',(0.0,0.0,1.0));
#48=DIRECTION('',(1.0,0.0,0.0));
#49= (NAMED_UNIT(#34)LENGTH_UNIT()SI_UNIT(.MILLI.,.METRE.));
#50=SURFACE_SIDE_STYLE('',(#452));
#51=ADVANCED_FACE('',(#453),#454,.T.);
#52=ADVANCED_FACE('',(#455),#456,.T.);
#53=ADVANCED_FACE('',(#457),#458,.T.);
#54=ADVANCED_FACE('',(#459),#460,.T.);
#55=ADVANCED_FACE('',(#461),#462,.T.);
#56=ADVANCED_FACE('',(#463),#464,.T.);
#57=ADVANCED_FACE('',(#465),#466,.T.);
#58=ADVANCED_FACE('',(#467),#468,.T.);
#59=ADVANCED_FACE('',(#469),#470,.T.);
#60=ADVANCED_FACE('',(#471),#472,.T.);
#61=ADVANCED_FACE('',(#473),#474,.T.);
#62=ADVANCED_FACE('',(#475),#476,.T.);
#63=ADVANCED_FACE('',(#477),#478,.F.);
#64=ADVANCED_FACE('',(#479),#480,.F.);
#65=ADVANCED_FACE('',(#481),#482,.T.);
#66=ADVANCED_FACE('',(#483),#484,.F.);
#67=ADVANCED_FACE('',(#485),#486,.T.);
#68=ADVANCED_FACE('',(#487),#488,.T.);
#69=ADVANCED_FACE('',(#489),#490,.T.);
#70=ADVANCED_FACE('',(#491),#492,.F.);
#71=ADVANCED_FACE('',(#493),#494,.F.);
#72=ADVANCED_FACE('',(#495),#496,.T.);
#73=ADVANCED_FACE('',(#497),#498,.T.);
#74=ADVANCED_FACE('',(#499),#500,.T.);
#75=ADVANCED_FACE('',(#501),#502,.T.);
#76=ADVANCED_FACE('',(#503),#504,.T.);
#77=ADVANCED_FACE('',(#505,#506),#507,.T.);
#78=ADVANCED_FACE('',(#508),#509,.T.);
#79=ADVANCED_FACE('',(#510),#511,.F.);
#80=ADVANCED_FACE('',(#512),#513,.F.);
#81=ADVANCED_FACE('',(#514),#515,.F.);
#82=ADVANCED_FACE('',(#516),#517,.F.);
#83=ADVANCED_FACE('',(#518),#519,.F.);
#84=ADVANCED_FACE('',(#520),#521,.F.);
#85=ADVANCED_FACE('',(#522),#523,.F.);
#86=ADVANCED_FACE('',(#524),#525,.T.);
#87=ADVANCED_FACE('',(#526),#527,.T.);
#88=ADVANCED_FACE('',(#528),#529,.F.);
#89=ADVANCED_FACE('',(#530),#531,.T.);
#90=ADVANCED_FACE('',(#532),#533,.T.);
#91=ADVANCED_FACE('',(#534),#535,.T.);
#92=ADVANCED_FACE('',(#536),#537,.F.);
#93=ADVANCED_FACE('',(#538),#539,.T.);
#94=ADVANCED_FACE('',(#540),#541,.T.);
#95=ADVANCED_FACE('',(#542),#543,.T.);
#96=ADVANCED_FACE('',(#544),#545,.F.);
#97=ADVANCED_FACE('',(#546),#547,.F.);
#98=ADVANCED_FACE('',(#548),#549,.T.);
#99=ADVANCED_FACE('',(#550),#551,.F.);
#100=ADVANCED_FACE('',(#552),#553,.T.);
#101=ADVANCED_FACE('',(#554),#555,.F.);
#102=ADVANCED_FACE('',(#556),#557,.T.);
#103=ADVANCED_FACE('',(#558),#559,.T.);
#104=ADVANCED_FACE('',(#560),#561,.F.);
#105=ADVANCED_FACE('',(#562),#563,.T.);
#106=ADVANCED_FACE('',(#564),#565,.T.);
#107=ADVANCED_FACE('',(#566),#567,.T.);
#108=ADVANCED_FACE('',(#568),#569,.T.);
#109=ADVANCED_FACE('',(#570),#571,.T.);
#110=ADVANCED_FACE('',(#572),#573,.T.);
#111=ADVANCED_FACE('',(#574),#575,.F.);
#112=ADVANCED_FACE('',(#576),#577,.T.);
#113=ADVANCED_FACE('',(#578),#579,.T.);
#114=ADVANCED_FACE('',(#580),#581,.T.);
#115=ADVANCED_FACE('',(#582),#583,.T.);
#116=ADVANCED_FACE('',(#584),#585,.T.);
#117=ADVANCED_FACE('',(#586),#587,.F.);
#118=ADVANCED_FACE('',(#588),#589,.F.);
#119=ADVANCED_FACE('',(#590),#591,.F.);
#120=ADVANCED_FACE('',(#592),#593,.T.);
#121=ADVANCED_FACE('',(#594),#595,.F.);
#122=ADVANCED_FACE('',(#596),#597,.T.);
#123=ADVANCED_FACE('',(#598),#599,.T.);
#124=ADVANCED_FACE('',(#600),#601,.T.);
#125=ADVANCED_FACE('',(#602),#603,.F.);
#126=ADVANCED_FACE('',(#604),#605,.F.);
#127=ADVANCED_FACE('',(#606),#607,.T.);
#128=ADVANCED_FACE('',(#608),#609,.T.);
#129=ADVANCED_FACE('',(#610),#611,.T.);
#130=ADVANCED_FACE('',(#612),#613,.T.);
#131=ADVANCED_FACE('',(#614),#615,.T.);
#132=ADVANCED_FACE('',(#616),#617,.T.);
#133=ADVANCED_FACE('',(#618),#619,.T.);
#134=ADVANCED_FACE('',(#620),#621,.T.);
#135=ADVANCED_FACE('',(#622),#623,.T.);
#136=ADVANCED_FACE('',(#624),#625,.T.);
#137=ADVANCED_FACE('',(#626),#627,.T.);
#138=ADVANCED_FACE('',(#628),#629,.F.);
#139=ADVANCED_FACE('',(#630),#631,.F.);
#140=ADVANCED_FACE('',(#632),#633,.T.);
#141=ADVANCED_FACE('',(#634),#635,.F.);
#142=ADVANCED_FACE('',(#636),#637,.F.);
#143=ADVANCED_FACE('',(#638),#639,.T.);
#144=ADVANCED_FACE('',(#640),#641,.F.);
#145=ADVANCED_FACE('',(#642),#643,.F.);
#146=ADVANCED_FACE('',(#644),#645,.T.);
#147=ADVANCED_FACE('',(#646),#647,.F.);
#148=ADVANCED_FACE('',(#648),#649,.F.);
#149=ADVANCED_FACE('',(#650),#651,.T.);
#150=ADVANCED_FACE('',(#652),#653,.F.);
#151=ADVANCED_FACE('',(#654),#655,.F.);
#152=ADVANCED_FACE('',(#656),#657,.T.);
#153=ADVANCED_FACE('',(#658),#659,.F.);
#154=ADVANCED_FACE('',(#660),#661,.F.);
#155=ADVANCED_FACE('',(#662),#663,.T.);
#156=ADVANCED_FACE('',(#664),#665,.F.);
#157=ADVANCED_FACE('',(#666),#667,.F.);
#158=ADVANCED_FACE('',(#668),#669,.T.);
#159=ADVANCED_FACE('',(#670),#671,.F.);
#160=ADVANCED_FACE('',(#672),#673,.F.);
#161=ADVANCED_FACE('',(#674),#675,.T.);
#162=ADVANCED_FACE('',(#676),#677,.F.);
#163=ADVANCED_FACE('',(#678),#679,.F.);
#164=ADVANCED_FACE('',(#680),#681,.T.);
#165=ADVANCED_FACE('',(#682),#683,.F.);
#166=ADVANCED_FACE('',(#684),#685,.F.);
#167=ADVANCED_FACE('',(#686,#687),#688,.F.);
#168=ADVANCED_FACE('',(#689,#690),#691,.T.);
#169=ADVANCED_FACE('',(#692),#693,.F.);
#170=ADVANCED_FACE('',(#694),#695,.T.);
#171=ADVANCED_FACE('',(#696),#697,.F.);
#172=ADVANCED_FACE('',(#698),#699,.T.);
#173=ADVANCED_FACE('',(#700),#701,.F.);
#174=ADVANCED_FACE('',(#702,#703,#704,#705,#706,#707,#708,#709,#710,#711,#712),#713,.F.);
#175=ADVANCED_FACE('',(#714),#715,.T.);
#176=ADVANCED_FACE('',(#716),#717,.F.);
#177=ADVANCED_FACE('',(#718),#719,.F.);
#178=ADVANCED_FACE('',(#720),#721,.T.);
#179=ADVANCED_FACE('',(#722),#723,.F.);
#180=ADVANCED_FACE('',(#724),#725,.F.);
#181=ADVANCED_FACE('',(#726),#727,.F.);
#182=ADVANCED_FACE('',(#728),#729,.F.);
#183=ADVANCED_FACE('',(#730),#731,.F.);
#184=ADVANCED_FACE('',(#732),#733,.F.);
#185=ADVANCED_FACE('',(#734),#735,.F.);
#186=ADVANCED_FACE('',(#736),#737,.T.);
#187=ADVANCED_FACE('',(#738),#739,.T.);
#188=ADVANCED_FACE('',(#740),#741,.F.);
#189=ADVANCED_FACE('',(#742),#743,.F.);
#190=ADVANCED_FACE('',(#744,#745,#746,#747,#748,#749,#750,#751,#752,#753,#754),#755,.F.);
#191=ADVANCED_FACE('',(#756),#757,.T.);
#192=ADVANCED_FACE('',(#758),#759,.F.);
#193=ADVANCED_FACE('',(#760),#761,.T.);
#194=ADVANCED_FACE('',(#762),#763,.T.);
#195=ADVANCED_FACE('',(#764),#765,.T.);
#196=ADVANCED_FACE('',(#766),#767,.F.);
#197=ADVANCED_FACE('',(#768),#769,.T.);
#198=ADVANCED_FACE('',(#770),#771,.F.);
#199=ADVANCED_FACE('',(#772),#773,.F.);
#200=ADVANCED_FACE('',(#774),#775,.F.);
#201=ADVANCED_FACE('',(#776),#777,.F.);
#202=ADVANCED_FACE('',(#778),#779,.F.);
#203=ADVANCED_FACE('',(#780),#781,.F.);
#204=ADVANCED_FACE('',(#782),#783,.F.);
#205=ADVANCED_FACE('',(#784),#785,.F.);
#206=ADVANCED_FACE('',(#786),#787,.F.);
#207=ADVANCED_FACE('',(#788),#789,.F.);
#208=ADVANCED_FACE('',(#790),#791,.F.);
#209=ADVANCED_FACE('',(#792),#793,.F.);
#210=ADVANCED_FACE('',(#794),#795,.T.);
#211=ADVANCED_FACE('',(#796),#797,.F.);
#212=ADVANCED_FACE('',(#798),#799,.T.);
#213=ADVANCED_FACE('',(#800),#801,.F.);
#214=ADVANCED_FACE('',(#802),#803,.T.);
#215=ADVANCED_FACE('',(#804),#805,.F.);
#216=ADVANCED_FACE('',(#806),#807,.F.);
#217=ADVANCED_FACE('',(#808),#809,.T.);
#218=ADVANCED_FACE('',(#810),#811,.T.);
#219=ADVANCED_FACE('',(#812),#813,.T.);
#220=ADVANCED_FACE('',(#814),#815,.T.);
#221=ADVANCED_FACE('',(#816),#817,.F.);
#222=ADVANCED_FACE('',(#818),#819,.F.);
#223=ADVANCED_FACE('',(#820),#821,.F.);
#224=ADVANCED_FACE('',(#822),#823,.F.);
#225=ADVANCED_FACE('',(#824),#825,.F.);
#226=ADVANCED_FACE('',(#826),#827,.F.);
#227=ADVANCED_FACE('',(#828),#829,.F.);
#228=ADVANCED_FACE('',(#830),#831,.F.);
#229=ADVANCED_FACE('',(#832),#833,.F.);
#230=ADVANCED_FACE('',(#834),#835,.F.);
#231=ADVANCED_FACE('',(#836),#837,.F.);
#232=ADVANCED_FACE('',(#838),#839,.F.);
#233=ADVANCED_FACE('',(#840),#841,.F.);
#234=ADVANCED_FACE('',(#842),#843,.F.);
#235=ADVANCED_FACE('',(#844),#845,.F.);
#236=ADVANCED_FACE('',(#846),#847,.F.);
#237=ADVANCED_FACE('',(#848),#849,.T.);
#238=ADVANCED_FACE('',(#850),#851,.T.);
#239=ADVANCED_FACE('',(#852),#853,.F.);
#240=ADVANCED_FACE('',(#854),#855,.T.);
#241=ADVANCED_FACE('',(#856),#857,.F.);
#242=ADVANCED_FACE('',(#858),#859,.T.);
#243=ADVANCED_FACE('',(#860),#861,.T.);
#244=ADVANCED_FACE('',(#862),#863,.F.);
#245=ADVANCED_FACE('',(#864),#865,.T.);
#246=ADVANCED_FACE('',(#866),#867,.F.);
#247=ADVANCED_FACE('',(#868),#869,.F.);
#248=ADVANCED_FACE('',(#870),#871,.F.);
#249=ADVANCED_FACE('',(#872),#873,.F.);
#250=ADVANCED_FACE('',(#874),#875,.F.);
#251=ADVANCED_FACE('',(#876),#877,.T.);
#252=ADVANCED_FACE('',(#878),#879,.F.);
#253=ADVANCED_FACE('',(#880),#881,.F.);
#254=ADVANCED_FACE('',(#882),#883,.F.);
#255=ADVANCED_FACE('',(#884),#885,.F.);
#256=ADVANCED_FACE('',(#886),#887,.F.);
#257=ADVANCED_FACE('',(#888),#889,.F.);
#258=ADVANCED_FACE('',(#890),#891,.F.);
#259=ADVANCED_FACE('',(#892),#893,.F.);
#260=ADVANCED_FACE('',(#894),#895,.T.);
#261=ADVANCED_FACE('',(#896),#897,.F.);
#262=ADVANCED_FACE('',(#898),#899,.T.);
#263=ADVANCED_FACE('',(#900),#901,.F.);
#264=ADVANCED_FACE('',(#902),#903,.F.);
#265=ADVANCED_FACE('',(#904),#905,.F.);
#266=ADVANCED_FACE('',(#906),#907,.T.);
#267=ADVANCED_FACE('',(#908),#909,.F.);
#268=ADVANCED_FACE('',(#910),#911,.T.);
#269=ADVANCED_FACE('',(#912),#913,.F.);
#270=ADVANCED_FACE('',(#914),#915,.F.);
#271=ADVANCED_FACE('',(#916),#917,.F.);
#272=ADVANCED_FACE('',(#918),#919,.T.);
#273=ADVANCED_FACE('',(#920),#921,.F.);
#274=ADVANCED_FACE('',(#922),#923,.T.);
#275=ADVANCED_FACE('',(#924),#925,.F.);
#276=ADVANCED_FACE('',(#926),#927,.F.);
#277=ADVANCED_FACE('',(#928),#929,.F.);
#278=ADVANCED_FACE('',(#930),#931,.T.);
#279=ADVANCED_FACE('',(#932),#933,.F.);
#280=ADVANCED_FACE('',(#934),#935,.T.);
#281=ADVANCED_FACE('',(#936),#937,.F.);
#282=ADVANCED_FACE('',(#938),#939,.F.);
#283=ADVANCED_FACE('',(#940),#941,.F.);
#284=ADVANCED_FACE('',(#942),#943,.T.);
#285=ADVANCED_FACE('',(#944),#945,.F.);
#286=ADVANCED_FACE('',(#946),#947,.T.);
#287=ADVANCED_FACE('',(#948),#949,.F.);
#288=ADVANCED_FACE('',(#950),#951,.F.);
#289=ADVANCED_FACE('',(#952),#953,.F.);
#290=ADVANCED_FACE('',(#954),#955,.T.);
#291=ADVANCED_FACE('',(#956),#957,.F.);
#292=ADVANCED_FACE('',(#958),#959,.T.);
#293=ADVANCED_FACE('',(#960),#961,.F.);
#294=ADVANCED_FACE('',(#962),#963,.F.);
#295=ADVANCED_FACE('',(#964),#965,.F.);
#296=ADVANCED_FACE('',(#966),#967,.T.);
#297=ADVANCED_FACE('',(#968),#969,.F.);
#298=ADVANCED_FACE('',(#970),#971,.T.);
#299=ADVANCED_FACE('',(#972),#973,.F.);
#300=ADVANCED_FACE('',(#974),#975,.F.);
#301=ADVANCED_FACE('',(#976),#977,.F.);
#302=ADVANCED_FACE('',(#978),#979,.T.);
#303=ADVANCED_FACE('',(#980),#981,.F.);
#304=ADVANCED_FACE('',(#982),#983,.T.);
#305=ADVANCED_FACE('',(#984),#985,.F.);
#306=ADVANCED_FACE('',(#986),#987,.F.);
#307=ADVANCED_FACE('',(#988),#989,.F.);
#308=ADVANCED_FACE('',(#990),#991,.T.);
#309=ADVANCED_FACE('',(#992),#993,.F.);
#310=ADVANCED_FACE('',(#994),#995,.T.);
#311=ADVANCED_FACE('',(#996),#997,.F.);
#312=ADVANCED_FACE('',(#998),#999,.F.);
#313=ADVANCED_FACE('',(#1000),#1001,.F.);
#314=ADVANCED_FACE('',(#1002),#1003,.F.);
#315=ADVANCED_FACE('',(#1004),#1005,.F.);
#316=ADVANCED_FACE('',(#1006),#1007,.T.);
#317=ADVANCED_FACE('',(#1008),#1009,.F.);
#318=ADVANCED_FACE('',(#1010),#1011,.F.);
#319=ADVANCED_FACE('',(#1012),#1013,.F.);
#320=ADVANCED_FACE('',(#1014),#1015,.F.);
#321=ADVANCED_FACE('',(#1016),#1017,.F.);
#322=ADVANCED_FACE('',(#1018),#1019,.F.);
#323=ADVANCED_FACE('',(#1020),#1021,.F.);
#324=ADVANCED_FACE('',(#1022),#1023,.F.);
#325=ADVANCED_FACE('',(#1024),#1025,.F.);
#326=ADVANCED_FACE('',(#1026),#1027,.F.);
#327=ADVANCED_FACE('',(#1028),#1029,.T.);
#328=ADVANCED_FACE('',(#1030),#1031,.F.);
#329=ADVANCED_FACE('',(#1032),#1033,.F.);
#330=ADVANCED_FACE('',(#1034),#1035,.F.);
#331=ADVANCED_FACE('',(#1036),#1037,.F.);
#332=ADVANCED_FACE('',(#1038),#1039,.F.);
#333=ADVANCED_FACE('',(#1040),#1041,.F.);
#334=ADVANCED_FACE('',(#1042),#1043,.F.);
#335=ADVANCED_FACE('',(#1044),#1045,.F.);
#336=ADVANCED_FACE('',(#1046),#1047,.F.);
#337=ADVANCED_FACE('',(#1048),#1049,.F.);
#338=ADVANCED_FACE('',(#1050),#1051,.T.);
#339=ADVANCED_FACE('',(#1052),#1053,.F.);
#340=ADVANCED_FACE('',(#1054),#1055,.F.);
#341=ADVANCED_FACE('',(#1056),#1057,.F.);
#342=ADVANCED_FACE('',(#1058),#1059,.F.);
#343=ADVANCED_FACE('',(#1060),#1061,.F.);
#344=ADVANCED_FACE('',(#1062),#1063,.F.);
#345=ADVANCED_FACE('',(#1064),#1065,.F.);
#346=ADVANCED_FACE('',(#1066),#1067,.F.);
#347=ADVANCED_FACE('',(#1068),#1069,.F.);
#348=ADVANCED_FACE('',(#1070),#1071,.F.);
#349=ADVANCED_FACE('',(#1072),#1073,.T.);
#350=ADVANCED_FACE('',(#1074),#1075,.F.);
#351=ADVANCED_FACE('',(#1076),#1077,.F.);
#352=ADVANCED_FACE('',(#1078),#1079,.F.);
#353=ADVANCED_FACE('',(#1080),#1081,.F.);
#354=ADVANCED_FACE('',(#1082),#1083,.F.);
#355=ADVANCED_FACE('',(#1084),#1085,.F.);
#356=ADVANCED_FACE('',(#1086),#1087,.F.);
#357=ADVANCED_FACE('',(#1088),#1089,.F.);
#358=ADVANCED_FACE('',(#1090),#1091,.F.);
#359=ADVANCED_FACE('',(#1092),#1093,.F.);
#360=ADVANCED_FACE('',(#1094),#1095,.T.);
#361=ADVANCED_FACE('',(#1096),#1097,.F.);
#362=ADVANCED_FACE('',(#1098),#1099,.F.);
#363=ADVANCED_FACE('',(#1100),#1101,.F.);
#364=ADVANCED_FACE('',(#1102),#1103,.F.);
#365=ADVANCED_FACE('',(#1104),#1105,.F.);
#366=ADVANCED_FACE('',(#1106),#1107,.F.);
#367=ADVANCED_FACE('',(#1108),#1109,.F.);
#368=ADVANCED_FACE('',(#1110),#1111,.F.);
#369=ADVANCED_FACE('',(#1112),#1113,.F.);
#370=ADVANCED_FACE('',(#1114),#1115,.F.);
#371=ADVANCED_FACE('',(#1116),#1117,.T.);
#372=ADVANCED_FACE('',(#1118),#1119,.F.);
#373=ADVANCED_FACE('',(#1120),#1121,.F.);
#374=ADVANCED_FACE('',(#1122),#1123,.F.);
#375=ADVANCED_FACE('',(#1124),#1125,.F.);
#376=ADVANCED_FACE('',(#1126),#1127,.F.);
#377=ADVANCED_FACE('',(#1128),#1129,.F.);
#378=ADVANCED_FACE('',(#1130),#1131,.F.);
#379=ADVANCED_FACE('',(#1132),#1133,.F.);
#380=ADVANCED_FACE('',(#1134),#1135,.F.);
#381=ADVANCED_FACE('',(#1136),#1137,.F.);
#382=ADVANCED_FACE('',(#1138),#1139,.T.);
#383=ADVANCED_FACE('',(#1140),#1141,.F.);
#384=ADVANCED_FACE('',(#1142),#1143,.F.);
#385=ADVANCED_FACE('',(#1144),#1145,.F.);
#386=ADVANCED_FACE('',(#1146),#1147,.F.);
#387=ADVANCED_FACE('',(#1148),#1149,.F.);
#388=ADVANCED_FACE('',(#1150),#1151,.F.);
#389=ADVANCED_FACE('',(#1152),#1153,.F.);
#390=ADVANCED_FACE('',(#1154),#1155,.F.);
#391=ADVANCED_FACE('',(#1156),#1157,.F.);
#392=ADVANCED_FACE('',(#1158),#1159,.F.);
#393=ADVANCED_FACE('',(#1160),#1161,.T.);
#394=ADVANCED_FACE('',(#1162),#1163,.F.);
#395=ADVANCED_FACE('',(#1164),#1165,.F.);
#396=ADVANCED_FACE('',(#1166),#1167,.F.);
#397=ADVANCED_FACE('',(#1168),#1169,.F.);
#398=ADVANCED_FACE('',(#1170),#1171,.F.);
#399=ADVANCED_FACE('',(#1172),#1173,.F.);
#400=ADVANCED_FACE('',(#1174),#1175,.F.);
#401=ADVANCED_FACE('',(#1176),#1177,.F.);
#402=ADVANCED_FACE('',(#1178),#1179,.F.);
#403=ADVANCED_FACE('',(#1180),#1181,.F.);
#404=ADVANCED_FACE('',(#1182),#1183,.T.);
#405=ADVANCED_FACE('',(#1184),#1185,.F.);
#406=ADVANCED_FACE('',(#1186),#1187,.F.);
#407=ADVANCED_FACE('',(#1188),#1189,.F.);
#408=ADVANCED_FACE('',(#1190),#1191,.F.);
#409=ADVANCED_FACE('',(#1192),#1193,.F.);
#410=ADVANCED_FACE('',(#1194),#1195,.F.);
#411=ADVANCED_FACE('',(#1196),#1197,.F.);
#412=ADVANCED_FACE('',(#1198),#1199,.F.);
#413=ADVANCED_FACE('',(#1200),#1201,.T.);
#414=ADVANCED_FACE('',(#1202),#1203,.F.);
#415=ADVANCED_FACE('',(#1204),#1205,.T.);
#416=ADVANCED_FACE('',(#1206),#1207,.T.);
#417=ADVANCED_FACE('',(#1208),#1209,.T.);
#418=ADVANCED_FACE('',(#1210),#1211,.T.);
#419=ADVANCED_FACE('',(#1212),#1213,.T.);
#420=ADVANCED_FACE('',(#1214),#1215,.F.);
#421=ADVANCED_FACE('',(#1216),#1217,.T.);
#422=ADVANCED_FACE('',(#1218),#1219,.T.);
#423=ADVANCED_FACE('',(#1220),#1221,.F.);
#424=ADVANCED_FACE('',(#1222),#1223,.F.);
#425=ADVANCED_FACE('',(#1224),#1225,.F.);
#426=ADVANCED_FACE('',(#1226),#1227,.F.);
#427=ADVANCED_FACE('',(#1228),#1229,.F.);
#428=ADVANCED_FACE('',(#1230),#1231,.T.);
#429=ADVANCED_FACE('',(#1232),#1233,.T.);
#430=ADVANCED_FACE('',(#1234),#1235,.T.);
#431=ADVANCED_FACE('',(#1236),#1237,.T.);
#432=ADVANCED_FACE('',(#1238),#1239,.T.);
#433=ADVANCED_FACE('',(#1240),#1241,.F.);
#434=ADVANCED_FACE('',(#1242),#1243,.F.);
#435=ADVANCED_FACE('',(#1244),#1245,.T.);
#436=ADVANCED_FACE('',(#1246),#1247,.T.);
#437=ADVANCED_FACE('',(#1248),#1249,.T.);
#438=ADVANCED_FACE('',(#1250),#1251,.T.);
#439=ADVANCED_FACE('',(#1252),#1253,.F.);
#440=ADVANCED_FACE('',(#1254),#1255,.F.);
#441=ADVANCED_FACE('',(#1256),#1257,.T.);
#442=ADVANCED_FACE('',(#1258),#1259,.T.);
#443=ADVANCED_FACE('',(#1260),#1261,.T.);
#444=ADVANCED_FACE('',(#1262),#1263,.T.);
#445=ADVANCED_FACE('',(#1264),#1265,.F.);
#446=ADVANCED_FACE('',(#1266),#1267,.F.);
#447=ADVANCED_FACE('',(#1268),#1269,.F.);
#448=ADVANCED_FACE('',(#1270),#1271,.T.);
#449=ADVANCED_FACE('',(#1272),#1273,.T.);
#450=ADVANCED_FACE('',(#1274),#1275,.T.);
#452=SURFACE_STYLE_FILL_AREA(#1276);
#453=FACE_OUTER_BOUND('',#1277,.T.);
#454=CYLINDRICAL_SURFACE('',#1278,0.1);
#455=FACE_OUTER_BOUND('',#1279,.T.);
#456=CYLINDRICAL_SURFACE('',#1280,0.1);
#457=FACE_OUTER_BOUND('',#1281,.T.);
#458=CYLINDRICAL_SURFACE('',#1282,0.1);
#459=FACE_OUTER_BOUND('',#1283,.T.);
#460=CYLINDRICAL_SURFACE('',#1284,0.1);
#461=FACE_OUTER_BOUND('',#1285,.T.);
#462=CYLINDRICAL_SURFACE('',#1286,0.1);
#463=FACE_OUTER_BOUND('',#1287,.T.);
#464=CYLINDRICAL_SURFACE('',#1288,0.1);
#465=FACE_OUTER_BOUND('',#1289,.T.);
#466=CYLINDRICAL_SURFACE('',#1290,0.1);
#467=FACE_OUTER_BOUND('',#1291,.T.);
#468=CYLINDRICAL_SURFACE('',#1292,0.1);
#469=FACE_OUTER_BOUND('',#1293,.T.);
#470=CYLINDRICAL_SURFACE('',#1294,0.1);
#471=FACE_OUTER_BOUND('',#1295,.T.);
#472=CYLINDRICAL_SURFACE('',#1296,0.1);
#473=FACE_OUTER_BOUND('',#1297,.T.);
#474=CYLINDRICAL_SURFACE('',#1298,0.199999999999999);
#475=FACE_OUTER_BOUND('',#1299,.T.);
#476=CYLINDRICAL_SURFACE('',#1300,0.199999999999999);
#477=FACE_OUTER_BOUND('',#1301,.T.);
#478=PLANE('',#1302);
#479=FACE_OUTER_BOUND('',#1303,.T.);
#480=PLANE('',#1304);
#481=FACE_OUTER_BOUND('',#1305,.T.);
#482=PLANE('',#1306);
#483=FACE_OUTER_BOUND('',#1307,.T.);
#484=PLANE('',#1308);
#485=FACE_OUTER_BOUND('',#1309,.T.);
#486=PLANE('',#1310);
#487=FACE_OUTER_BOUND('',#1311,.T.);
#488=PLANE('',#1312);
#489=FACE_OUTER_BOUND('',#1313,.T.);
#490=PLANE('',#1314);
#491=FACE_OUTER_BOUND('',#1315,.T.);
#492=PLANE('',#1316);
#493=FACE_OUTER_BOUND('',#1317,.T.);
#494=PLANE('',#1318);
#495=FACE_OUTER_BOUND('',#1319,.T.);
#496=PLANE('',#1320);
#497=FACE_OUTER_BOUND('',#1321,.T.);
#498=PLANE('',#1322);
#499=FACE_OUTER_BOUND('',#1323,.T.);
#500=PLANE('',#1324);
#501=FACE_OUTER_BOUND('',#1325,.T.);
#502=PLANE('',#1326);
#503=FACE_OUTER_BOUND('',#1327,.T.);
#504=PLANE('',#1328);
#505=FACE_BOUND('',#1329,.T.);
#506=FACE_OUTER_BOUND('',#1330,.T.);
#507=PLANE('',#1331);
#508=FACE_OUTER_BOUND('',#1332,.T.);
#509=PLANE('',#1333);
#510=FACE_OUTER_BOUND('',#1334,.T.);
#511=PLANE('',#1335);
#512=FACE_OUTER_BOUND('',#1336,.T.);
#513=PLANE('',#1337);
#514=FACE_OUTER_BOUND('',#1338,.T.);
#515=PLANE('',#1339);
#516=FACE_OUTER_BOUND('',#1340,.T.);
#517=PLANE('',#1341);
#518=FACE_OUTER_BOUND('',#1342,.T.);
#519=PLANE('',#1343);
#520=FACE_OUTER_BOUND('',#1344,.T.);
#521=PLANE('',#1345);
#522=FACE_OUTER_BOUND('',#1346,.T.);
#523=PLANE('',#1347);
#524=FACE_OUTER_BOUND('',#1348,.T.);
#525=PLANE('',#1349);
#526=FACE_OUTER_BOUND('',#1350,.T.);
#527=PLANE('',#1351);
#528=FACE_OUTER_BOUND('',#1352,.T.);
#529=PLANE('',#1353);
#530=FACE_OUTER_BOUND('',#1354,.T.);
#531=PLANE('',#1355);
#532=FACE_OUTER_BOUND('',#1356,.T.);
#533=CYLINDRICAL_SURFACE('',#1357,0.199999999999999);
#534=FACE_OUTER_BOUND('',#1358,.T.);
#535=PLANE('',#1359);
#536=FACE_OUTER_BOUND('',#1360,.T.);
#537=PLANE('',#1361);
#538=FACE_OUTER_BOUND('',#1362,.T.);
#539=PLANE('',#1363);
#540=FACE_OUTER_BOUND('',#1364,.T.);
#541=PLANE('',#1365);
#542=FACE_OUTER_BOUND('',#1366,.T.);
#543=PLANE('',#1367);
#544=FACE_OUTER_BOUND('',#1368,.T.);
#545=PLANE('',#1369);
#546=FACE_OUTER_BOUND('',#1370,.T.);
#547=PLANE('',#1371);
#548=FACE_OUTER_BOUND('',#1372,.T.);
#549=PLANE('',#1373);
#550=FACE_OUTER_BOUND('',#1374,.T.);
#551=PLANE('',#1375);
#552=FACE_OUTER_BOUND('',#1376,.T.);
#553=CYLINDRICAL_SURFACE('',#1377,0.199999999999999);
#554=FACE_OUTER_BOUND('',#1378,.T.);
#555=PLANE('',#1379);
#556=FACE_OUTER_BOUND('',#1380,.T.);
#557=PLANE('',#1381);
#558=FACE_OUTER_BOUND('',#1382,.T.);
#559=PLANE('',#1383);
#560=FACE_OUTER_BOUND('',#1384,.T.);
#561=PLANE('',#1385);
#562=FACE_OUTER_BOUND('',#1386,.T.);
#563=PLANE('',#1387);
#564=FACE_OUTER_BOUND('',#1388,.T.);
#565=PLANE('',#1389);
#566=FACE_OUTER_BOUND('',#1390,.T.);
#567=PLANE('',#1391);
#568=FACE_OUTER_BOUND('',#1392,.T.);
#569=PLANE('',#1393);
#570=FACE_OUTER_BOUND('',#1394,.T.);
#571=PLANE('',#1395);
#572=FACE_OUTER_BOUND('',#1396,.T.);
#573=PLANE('',#1397);
#574=FACE_OUTER_BOUND('',#1398,.T.);
#575=PLANE('',#1399);
#576=FACE_OUTER_BOUND('',#1400,.T.);
#577=PLANE('',#1401);
#578=FACE_OUTER_BOUND('',#1402,.T.);
#579=PLANE('',#1403);
#580=FACE_OUTER_BOUND('',#1404,.T.);
#581=PLANE('',#1405);
#582=FACE_OUTER_BOUND('',#1406,.T.);
#583=PLANE('',#1407);
#584=FACE_OUTER_BOUND('',#1408,.T.);
#585=PLANE('',#1409);
#586=FACE_OUTER_BOUND('',#1410,.T.);
#587=PLANE('',#1411);
#588=FACE_OUTER_BOUND('',#1412,.T.);
#589=PLANE('',#1413);
#590=FACE_OUTER_BOUND('',#1414,.T.);
#591=PLANE('',#1415);
#592=FACE_OUTER_BOUND('',#1416,.T.);
#593=PLANE('',#1417);
#594=FACE_OUTER_BOUND('',#1418,.T.);
#595=PLANE('',#1419);
#596=FACE_OUTER_BOUND('',#1420,.T.);
#597=PLANE('',#1421);
#598=FACE_OUTER_BOUND('',#1422,.T.);
#599=PLANE('',#1423);
#600=FACE_OUTER_BOUND('',#1424,.T.);
#601=PLANE('',#1425);
#602=FACE_OUTER_BOUND('',#1426,.T.);
#603=PLANE('',#1427);
#604=FACE_OUTER_BOUND('',#1428,.T.);
#605=PLANE('',#1429);
#606=FACE_OUTER_BOUND('',#1430,.T.);
#607=CYLINDRICAL_SURFACE('',#1431,0.15);
#608=FACE_OUTER_BOUND('',#1432,.T.);
#609=CYLINDRICAL_SURFACE('',#1433,0.15);
#610=FACE_OUTER_BOUND('',#1434,.T.);
#611=CYLINDRICAL_SURFACE('',#1435,0.15);
#612=FACE_OUTER_BOUND('',#1436,.T.);
#613=CYLINDRICAL_SURFACE('',#1437,0.15);
#614=FACE_OUTER_BOUND('',#1438,.T.);
#615=CYLINDRICAL_SURFACE('',#1439,0.15);
#616=FACE_OUTER_BOUND('',#1440,.T.);
#617=CYLINDRICAL_SURFACE('',#1441,0.15);
#618=FACE_OUTER_BOUND('',#1442,.T.);
#619=CYLINDRICAL_SURFACE('',#1443,0.15);
#620=FACE_OUTER_BOUND('',#1444,.T.);
#621=CYLINDRICAL_SURFACE('',#1445,0.15);
#622=FACE_OUTER_BOUND('',#1446,.T.);
#623=CYLINDRICAL_SURFACE('',#1447,0.15);
#624=FACE_OUTER_BOUND('',#1448,.T.);
#625=CYLINDRICAL_SURFACE('',#1449,0.15);
#626=FACE_OUTER_BOUND('',#1450,.T.);
#627=PLANE('',#1451);
#628=FACE_OUTER_BOUND('',#1452,.T.);
#629=PLANE('',#1453);
#630=FACE_OUTER_BOUND('',#1454,.T.);
#631=PLANE('',#1455);
#632=FACE_OUTER_BOUND('',#1456,.T.);
#633=PLANE('',#1457);
#634=FACE_OUTER_BOUND('',#1458,.T.);
#635=PLANE('',#1459);
#636=FACE_OUTER_BOUND('',#1460,.T.);
#637=PLANE('',#1461);
#638=FACE_OUTER_BOUND('',#1462,.T.);
#639=PLANE('',#1463);
#640=FACE_OUTER_BOUND('',#1464,.T.);
#641=PLANE('',#1465);
#642=FACE_OUTER_BOUND('',#1466,.T.);
#643=PLANE('',#1467);
#644=FACE_OUTER_BOUND('',#1468,.T.);
#645=PLANE('',#1469);
#646=FACE_OUTER_BOUND('',#1470,.T.);
#647=PLANE('',#1471);
#648=FACE_OUTER_BOUND('',#1472,.T.);
#649=PLANE('',#1473);
#650=FACE_OUTER_BOUND('',#1474,.T.);
#651=PLANE('',#1475);
#652=FACE_OUTER_BOUND('',#1476,.T.);
#653=PLANE('',#1477);
#654=FACE_OUTER_BOUND('',#1478,.T.);
#655=PLANE('',#1479);
#656=FACE_OUTER_BOUND('',#1480,.T.);
#657=PLANE('',#1481);
#658=FACE_OUTER_BOUND('',#1482,.T.);
#659=PLANE('',#1483);
#660=FACE_OUTER_BOUND('',#1484,.T.);
#661=PLANE('',#1485);
#662=FACE_OUTER_BOUND('',#1486,.T.);
#663=PLANE('',#1487);
#664=FACE_OUTER_BOUND('',#1488,.T.);
#665=PLANE('',#1489);
#666=FACE_OUTER_BOUND('',#1490,.T.);
#667=PLANE('',#1491);
#668=FACE_OUTER_BOUND('',#1492,.T.);
#669=PLANE('',#1493);
#670=FACE_OUTER_BOUND('',#1494,.T.);
#671=PLANE('',#1495);
#672=FACE_OUTER_BOUND('',#1496,.T.);
#673=PLANE('',#1497);
#674=FACE_OUTER_BOUND('',#1498,.T.);
#675=PLANE('',#1499);
#676=FACE_OUTER_BOUND('',#1500,.T.);
#677=PLANE('',#1501);
#678=FACE_OUTER_BOUND('',#1502,.T.);
#679=PLANE('',#1503);
#680=FACE_OUTER_BOUND('',#1504,.T.);
#681=PLANE('',#1505);
#682=FACE_OUTER_BOUND('',#1506,.T.);
#683=PLANE('',#1507);
#684=FACE_OUTER_BOUND('',#1508,.T.);
#685=PLANE('',#1509);
#686=FACE_OUTER_BOUND('',#1510,.T.);
#687=FACE_BOUND('',#1511,.T.);
#688=PLANE('',#1512);
#689=FACE_OUTER_BOUND('',#1513,.T.);
#690=FACE_BOUND('',#1514,.T.);
#691=PLANE('',#1515);
#692=FACE_OUTER_BOUND('',#1516,.T.);
#693=PLANE('',#1517);
#694=FACE_OUTER_BOUND('',#1518,.T.);
#695=PLANE('',#1519);
#696=FACE_OUTER_BOUND('',#1520,.T.);
#697=PLANE('',#1521);
#698=FACE_OUTER_BOUND('',#1522,.T.);
#699=PLANE('',#1523);
#700=FACE_OUTER_BOUND('',#1524,.T.);
#701=PLANE('',#1525);
#702=FACE_BOUND('',#1526,.T.);
#703=FACE_BOUND('',#1527,.T.);
#704=FACE_BOUND('',#1528,.T.);
#705=FACE_BOUND('',#1529,.T.);
#706=FACE_BOUND('',#1530,.T.);
#707=FACE_BOUND('',#1531,.T.);
#708=FACE_BOUND('',#1532,.T.);
#709=FACE_BOUND('',#1533,.T.);
#710=FACE_BOUND('',#1534,.T.);
#711=FACE_BOUND('',#1535,.T.);
#712=FACE_OUTER_BOUND('',#1536,.T.);
#713=PLANE('',#1537);
#714=FACE_OUTER_BOUND('',#1538,.T.);
#715=PLANE('',#1539);
#716=FACE_OUTER_BOUND('',#1540,.T.);
#717=PLANE('',#1541);
#718=FACE_OUTER_BOUND('',#1542,.T.);
#719=PLANE('',#1543);
#720=FACE_OUTER_BOUND('',#1544,.T.);
#721=PLANE('',#1545);
#722=FACE_OUTER_BOUND('',#1546,.T.);
#723=PLANE('',#1547);
#724=FACE_OUTER_BOUND('',#1548,.T.);
#725=PLANE('',#1549);
#726=FACE_OUTER_BOUND('',#1550,.T.);
#727=PLANE('',#1551);
#728=FACE_OUTER_BOUND('',#1552,.T.);
#729=CYLINDRICAL_SURFACE('',#1553,0.15);
#730=FACE_OUTER_BOUND('',#1554,.T.);
#731=PLANE('',#1555);
#732=FACE_OUTER_BOUND('',#1556,.T.);
#733=PLANE('',#1557);
#734=FACE_OUTER_BOUND('',#1558,.T.);
#735=CYLINDRICAL_SURFACE('',#1559,0.15);
#736=FACE_OUTER_BOUND('',#1560,.T.);
#737=PLANE('',#1561);
#738=FACE_OUTER_BOUND('',#1562,.T.);
#739=PLANE('',#1563);
#740=FACE_OUTER_BOUND('',#1564,.T.);
#741=PLANE('',#1565);
#742=FACE_OUTER_BOUND('',#1566,.T.);
#743=PLANE('',#1567);
#744=FACE_BOUND('',#1568,.T.);
#745=FACE_BOUND('',#1569,.T.);
#746=FACE_BOUND('',#1570,.T.);
#747=FACE_BOUND('',#1571,.T.);
#748=FACE_BOUND('',#1572,.T.);
#749=FACE_BOUND('',#1573,.T.);
#750=FACE_BOUND('',#1574,.T.);
#751=FACE_BOUND('',#1575,.T.);
#752=FACE_BOUND('',#1576,.T.);
#753=FACE_BOUND('',#1577,.T.);
#754=FACE_OUTER_BOUND('',#1578,.T.);
#755=PLANE('',#1579);
#756=FACE_OUTER_BOUND('',#1580,.T.);
#757=PLANE('',#1581);
#758=FACE_OUTER_BOUND('',#1582,.T.);
#759=PLANE('',#1583);
#760=FACE_OUTER_BOUND('',#1584,.T.);
#761=PLANE('',#1585);
#762=FACE_OUTER_BOUND('',#1586,.T.);
#763=PLANE('',#1587);
#764=FACE_OUTER_BOUND('',#1588,.T.);
#765=PLANE('',#1589);
#766=FACE_OUTER_BOUND('',#1590,.T.);
#767=PLANE('',#1591);
#768=FACE_OUTER_BOUND('',#1592,.T.);
#769=PLANE('',#1593);
#770=FACE_OUTER_BOUND('',#1594,.T.);
#771=PLANE('',#1595);
#772=FACE_OUTER_BOUND('',#1596,.T.);
#773=CYLINDRICAL_SURFACE('',#1597,0.15);
#774=FACE_OUTER_BOUND('',#1598,.T.);
#775=PLANE('',#1599);
#776=FACE_OUTER_BOUND('',#1600,.T.);
#777=PLANE('',#1601);
#778=FACE_OUTER_BOUND('',#1602,.T.);
#779=PLANE('',#1603);
#780=FACE_OUTER_BOUND('',#1604,.T.);
#781=CYLINDRICAL_SURFACE('',#1605,0.15);
#782=FACE_OUTER_BOUND('',#1606,.T.);
#783=PLANE('',#1607);
#784=FACE_OUTER_BOUND('',#1608,.T.);
#785=PLANE('',#1609);
#786=FACE_OUTER_BOUND('',#1610,.T.);
#787=PLANE('',#1611);
#788=FACE_OUTER_BOUND('',#1612,.T.);
#789=PLANE('',#1613);
#790=FACE_OUTER_BOUND('',#1614,.T.);
#791=PLANE('',#1615);
#792=FACE_OUTER_BOUND('',#1616,.T.);
#793=PLANE('',#1617);
#794=FACE_OUTER_BOUND('',#1618,.T.);
#795=PLANE('',#1619);
#796=FACE_OUTER_BOUND('',#1620,.T.);
#797=PLANE('',#1621);
#798=FACE_OUTER_BOUND('',#1622,.T.);
#799=PLANE('',#1623);
#800=FACE_OUTER_BOUND('',#1624,.T.);
#801=PLANE('',#1625);
#802=FACE_OUTER_BOUND('',#1626,.T.);
#803=PLANE('',#1627);
#804=FACE_OUTER_BOUND('',#1628,.T.);
#805=PLANE('',#1629);
#806=FACE_OUTER_BOUND('',#1630,.T.);
#807=PLANE('',#1631);
#808=FACE_OUTER_BOUND('',#1632,.T.);
#809=PLANE('',#1633);
#810=FACE_OUTER_BOUND('',#1634,.T.);
#811=PLANE('',#1635);
#812=FACE_OUTER_BOUND('',#1636,.T.);
#813=PLANE('',#1637);
#814=FACE_OUTER_BOUND('',#1638,.T.);
#815=PLANE('',#1639);
#816=FACE_OUTER_BOUND('',#1640,.T.);
#817=PLANE('',#1641);
#818=FACE_OUTER_BOUND('',#1642,.T.);
#819=PLANE('',#1643);
#820=FACE_OUTER_BOUND('',#1644,.T.);
#821=PLANE('',#1645);
#822=FACE_OUTER_BOUND('',#1646,.T.);
#823=PLANE('',#1647);
#824=FACE_OUTER_BOUND('',#1648,.T.);
#825=PLANE('',#1649);
#826=FACE_OUTER_BOUND('',#1650,.T.);
#827=PLANE('',#1651);
#828=FACE_OUTER_BOUND('',#1652,.T.);
#829=PLANE('',#1653);
#830=FACE_OUTER_BOUND('',#1654,.T.);
#831=PLANE('',#1655);
#832=FACE_OUTER_BOUND('',#1656,.T.);
#833=PLANE('',#1657);
#834=FACE_OUTER_BOUND('',#1658,.T.);
#835=PLANE('',#1659);
#836=FACE_OUTER_BOUND('',#1660,.T.);
#837=PLANE('',#1661);
#838=FACE_OUTER_BOUND('',#1662,.T.);
#839=PLANE('',#1663);
#840=FACE_OUTER_BOUND('',#1664,.T.);
#841=PLANE('',#1665);
#842=FACE_OUTER_BOUND('',#1666,.T.);
#843=PLANE('',#1667);
#844=FACE_OUTER_BOUND('',#1668,.T.);
#845=PLANE('',#1669);
#846=FACE_OUTER_BOUND('',#1670,.T.);
#847=PLANE('',#1671);
#848=FACE_OUTER_BOUND('',#1672,.T.);
#849=PLANE('',#1673);
#850=FACE_OUTER_BOUND('',#1674,.T.);
#851=PLANE('',#1675);
#852=FACE_OUTER_BOUND('',#1676,.T.);
#853=PLANE('',#1677);
#854=FACE_OUTER_BOUND('',#1678,.T.);
#855=PLANE('',#1679);
#856=FACE_OUTER_BOUND('',#1680,.T.);
#857=PLANE('',#1681);
#858=FACE_OUTER_BOUND('',#1682,.T.);
#859=PLANE('',#1683);
#860=FACE_OUTER_BOUND('',#1684,.T.);
#861=CYLINDRICAL_SURFACE('',#1685,0.1);
#862=FACE_OUTER_BOUND('',#1686,.T.);
#863=PLANE('',#1687);
#864=FACE_OUTER_BOUND('',#1688,.T.);
#865=PLANE('',#1689);
#866=FACE_OUTER_BOUND('',#1690,.T.);
#867=PLANE('',#1691);
#868=FACE_OUTER_BOUND('',#1692,.T.);
#869=PLANE('',#1693);
#870=FACE_OUTER_BOUND('',#1694,.T.);
#871=PLANE('',#1695);
#872=FACE_OUTER_BOUND('',#1696,.T.);
#873=CYLINDRICAL_SURFACE('',#1697,0.15);
#874=FACE_OUTER_BOUND('',#1698,.T.);
#875=PLANE('',#1699);
#876=FACE_OUTER_BOUND('',#1700,.T.);
#877=PLANE('',#1701);
#878=FACE_OUTER_BOUND('',#1702,.T.);
#879=PLANE('',#1703);
#880=FACE_OUTER_BOUND('',#1704,.T.);
#881=PLANE('',#1705);
#882=FACE_OUTER_BOUND('',#1706,.T.);
#883=PLANE('',#1707);
#884=FACE_OUTER_BOUND('',#1708,.T.);
#885=PLANE('',#1709);
#886=FACE_OUTER_BOUND('',#1710,.T.);
#887=PLANE('',#1711);
#888=FACE_OUTER_BOUND('',#1712,.T.);
#889=PLANE('',#1713);
#890=FACE_OUTER_BOUND('',#1714,.T.);
#891=PLANE('',#1715);
#892=FACE_OUTER_BOUND('',#1716,.T.);
#893=PLANE('',#1717);
#894=FACE_OUTER_BOUND('',#1718,.T.);
#895=CYLINDRICAL_SURFACE('',#1719,0.1);
#896=FACE_OUTER_BOUND('',#1720,.T.);
#897=PLANE('',#1721);
#898=FACE_OUTER_BOUND('',#1722,.T.);
#899=PLANE('',#1723);
#900=FACE_OUTER_BOUND('',#1724,.T.);
#901=PLANE('',#1725);
#902=FACE_OUTER_BOUND('',#1726,.T.);
#903=PLANE('',#1727);
#904=FACE_OUTER_BOUND('',#1728,.T.);
#905=PLANE('',#1729);
#906=FACE_OUTER_BOUND('',#1730,.T.);
#907=CYLINDRICAL_SURFACE('',#1731,0.1);
#908=FACE_OUTER_BOUND('',#1732,.T.);
#909=PLANE('',#1733);
#910=FACE_OUTER_BOUND('',#1734,.T.);
#911=PLANE('',#1735);
#912=FACE_OUTER_BOUND('',#1736,.T.);
#913=PLANE('',#1737);
#914=FACE_OUTER_BOUND('',#1738,.T.);
#915=PLANE('',#1739);
#916=FACE_OUTER_BOUND('',#1740,.T.);
#917=PLANE('',#1741);
#918=FACE_OUTER_BOUND('',#1742,.T.);
#919=CYLINDRICAL_SURFACE('',#1743,0.1);
#920=FACE_OUTER_BOUND('',#1744,.T.);
#921=PLANE('',#1745);
#922=FACE_OUTER_BOUND('',#1746,.T.);
#923=PLANE('',#1747);
#924=FACE_OUTER_BOUND('',#1748,.T.);
#925=PLANE('',#1749);
#926=FACE_OUTER_BOUND('',#1750,.T.);
#927=PLANE('',#1751);
#928=FACE_OUTER_BOUND('',#1752,.T.);
#929=PLANE('',#1753);
#930=FACE_OUTER_BOUND('',#1754,.T.);
#931=CYLINDRICAL_SURFACE('',#1755,0.1);
#932=FACE_OUTER_BOUND('',#1756,.T.);
#933=PLANE('',#1757);
#934=FACE_OUTER_BOUND('',#1758,.T.);
#935=PLANE('',#1759);
#936=FACE_OUTER_BOUND('',#1760,.T.);
#937=PLANE('',#1761);
#938=FACE_OUTER_BOUND('',#1762,.T.);
#939=PLANE('',#1763);
#940=FACE_OUTER_BOUND('',#1764,.T.);
#941=PLANE('',#1765);
#942=FACE_OUTER_BOUND('',#1766,.T.);
#943=CYLINDRICAL_SURFACE('',#1767,0.1);
#944=FACE_OUTER_BOUND('',#1768,.T.);
#945=PLANE('',#1769);
#946=FACE_OUTER_BOUND('',#1770,.T.);
#947=PLANE('',#1771);
#948=FACE_OUTER_BOUND('',#1772,.T.);
#949=PLANE('',#1773);
#950=FACE_OUTER_BOUND('',#1774,.T.);
#951=PLANE('',#1775);
#952=FACE_OUTER_BOUND('',#1776,.T.);
#953=PLANE('',#1777);
#954=FACE_OUTER_BOUND('',#1778,.T.);
#955=CYLINDRICAL_SURFACE('',#1779,0.1);
#956=FACE_OUTER_BOUND('',#1780,.T.);
#957=PLANE('',#1781);
#958=FACE_OUTER_BOUND('',#1782,.T.);
#959=PLANE('',#1783);
#960=FACE_OUTER_BOUND('',#1784,.T.);
#961=PLANE('',#1785);
#962=FACE_OUTER_BOUND('',#1786,.T.);
#963=PLANE('',#1787);
#964=FACE_OUTER_BOUND('',#1788,.T.);
#965=PLANE('',#1789);
#966=FACE_OUTER_BOUND('',#1790,.T.);
#967=CYLINDRICAL_SURFACE('',#1791,0.1);
#968=FACE_OUTER_BOUND('',#1792,.T.);
#969=PLANE('',#1793);
#970=FACE_OUTER_BOUND('',#1794,.T.);
#971=PLANE('',#1795);
#972=FACE_OUTER_BOUND('',#1796,.T.);
#973=PLANE('',#1797);
#974=FACE_OUTER_BOUND('',#1798,.T.);
#975=PLANE('',#1799);
#976=FACE_OUTER_BOUND('',#1800,.T.);
#977=PLANE('',#1801);
#978=FACE_OUTER_BOUND('',#1802,.T.);
#979=CYLINDRICAL_SURFACE('',#1803,0.1);
#980=FACE_OUTER_BOUND('',#1804,.T.);
#981=PLANE('',#1805);
#982=FACE_OUTER_BOUND('',#1806,.T.);
#983=PLANE('',#1807);
#984=FACE_OUTER_BOUND('',#1808,.T.);
#985=PLANE('',#1809);
#986=FACE_OUTER_BOUND('',#1810,.T.);
#987=PLANE('',#1811);
#988=FACE_OUTER_BOUND('',#1812,.T.);
#989=PLANE('',#1813);
#990=FACE_OUTER_BOUND('',#1814,.T.);
#991=CYLINDRICAL_SURFACE('',#1815,0.1);
#992=FACE_OUTER_BOUND('',#1816,.T.);
#993=PLANE('',#1817);
#994=FACE_OUTER_BOUND('',#1818,.T.);
#995=PLANE('',#1819);
#996=FACE_OUTER_BOUND('',#1820,.T.);
#997=PLANE('',#1821);
#998=FACE_OUTER_BOUND('',#1822,.T.);
#999=PLANE('',#1823);
#1000=FACE_OUTER_BOUND('',#1824,.T.);
#1001=PLANE('',#1825);
#1002=FACE_OUTER_BOUND('',#1826,.T.);
#1003=CYLINDRICAL_SURFACE('',#1827,0.15);
#1004=FACE_OUTER_BOUND('',#1828,.T.);
#1005=PLANE('',#1829);
#1006=FACE_OUTER_BOUND('',#1830,.T.);
#1007=PLANE('',#1831);
#1008=FACE_OUTER_BOUND('',#1832,.T.);
#1009=PLANE('',#1833);
#1010=FACE_OUTER_BOUND('',#1834,.T.);
#1011=PLANE('',#1835);
#1012=FACE_OUTER_BOUND('',#1836,.T.);
#1013=PLANE('',#1837);
#1014=FACE_OUTER_BOUND('',#1838,.T.);
#1015=PLANE('',#1839);
#1016=FACE_OUTER_BOUND('',#1840,.T.);
#1017=PLANE('',#1841);
#1018=FACE_OUTER_BOUND('',#1842,.T.);
#1019=PLANE('',#1843);
#1020=FACE_OUTER_BOUND('',#1844,.T.);
#1021=PLANE('',#1845);
#1022=FACE_OUTER_BOUND('',#1846,.T.);
#1023=PLANE('',#1847);
#1024=FACE_OUTER_BOUND('',#1848,.T.);
#1025=CYLINDRICAL_SURFACE('',#1849,0.15);
#1026=FACE_OUTER_BOUND('',#1850,.T.);
#1027=PLANE('',#1851);
#1028=FACE_OUTER_BOUND('',#1852,.T.);
#1029=PLANE('',#1853);
#1030=FACE_OUTER_BOUND('',#1854,.T.);
#1031=PLANE('',#1855);
#1032=FACE_OUTER_BOUND('',#1856,.T.);
#1033=PLANE('',#1857);
#1034=FACE_OUTER_BOUND('',#1858,.T.);
#1035=PLANE('',#1859);
#1036=FACE_OUTER_BOUND('',#1860,.T.);
#1037=PLANE('',#1861);
#1038=FACE_OUTER_BOUND('',#1862,.T.);
#1039=PLANE('',#1863);
#1040=FACE_OUTER_BOUND('',#1864,.T.);
#1041=PLANE('',#1865);
#1042=FACE_OUTER_BOUND('',#1866,.T.);
#1043=PLANE('',#1867);
#1044=FACE_OUTER_BOUND('',#1868,.T.);
#1045=PLANE('',#1869);
#1046=FACE_OUTER_BOUND('',#1870,.T.);
#1047=CYLINDRICAL_SURFACE('',#1871,0.15);
#1048=FACE_OUTER_BOUND('',#1872,.T.);
#1049=PLANE('',#1873);
#1050=FACE_OUTER_BOUND('',#1874,.T.);
#1051=PLANE('',#1875);
#1052=FACE_OUTER_BOUND('',#1876,.T.);
#1053=PLANE('',#1877);
#1054=FACE_OUTER_BOUND('',#1878,.T.);
#1055=PLANE('',#1879);
#1056=FACE_OUTER_BOUND('',#1880,.T.);
#1057=PLANE('',#1881);
#1058=FACE_OUTER_BOUND('',#1882,.T.);
#1059=PLANE('',#1883);
#1060=FACE_OUTER_BOUND('',#1884,.T.);
#1061=PLANE('',#1885);
#1062=FACE_OUTER_BOUND('',#1886,.T.);
#1063=PLANE('',#1887);
#1064=FACE_OUTER_BOUND('',#1888,.T.);
#1065=PLANE('',#1889);
#1066=FACE_OUTER_BOUND('',#1890,.T.);
#1067=PLANE('',#1891);
#1068=FACE_OUTER_BOUND('',#1892,.T.);
#1069=CYLINDRICAL_SURFACE('',#1893,0.15);
#1070=FACE_OUTER_BOUND('',#1894,.T.);
#1071=PLANE('',#1895);
#1072=FACE_OUTER_BOUND('',#1896,.T.);
#1073=PLANE('',#1897);
#1074=FACE_OUTER_BOUND('',#1898,.T.);
#1075=PLANE('',#1899);
#1076=FACE_OUTER_BOUND('',#1900,.T.);
#1077=PLANE('',#1901);
#1078=FACE_OUTER_BOUND('',#1902,.T.);
#1079=PLANE('',#1903);
#1080=FACE_OUTER_BOUND('',#1904,.T.);
#1081=PLANE('',#1905);
#1082=FACE_OUTER_BOUND('',#1906,.T.);
#1083=PLANE('',#1907);
#1084=FACE_OUTER_BOUND('',#1908,.T.);
#1085=PLANE('',#1909);
#1086=FACE_OUTER_BOUND('',#1910,.T.);
#1087=PLANE('',#1911);
#1088=FACE_OUTER_BOUND('',#1912,.T.);
#1089=PLANE('',#1913);
#1090=FACE_OUTER_BOUND('',#1914,.T.);
#1091=CYLINDRICAL_SURFACE('',#1915,0.15);
#1092=FACE_OUTER_BOUND('',#1916,.T.);
#1093=PLANE('',#1917);
#1094=FACE_OUTER_BOUND('',#1918,.T.);
#1095=PLANE('',#1919);
#1096=FACE_OUTER_BOUND('',#1920,.T.);
#1097=PLANE('',#1921);
#1098=FACE_OUTER_BOUND('',#1922,.T.);
#1099=PLANE('',#1923);
#1100=FACE_OUTER_BOUND('',#1924,.T.);
#1101=PLANE('',#1925);
#1102=FACE_OUTER_BOUND('',#1926,.T.);
#1103=PLANE('',#1927);
#1104=FACE_OUTER_BOUND('',#1928,.T.);
#1105=PLANE('',#1929);
#1106=FACE_OUTER_BOUND('',#1930,.T.);
#1107=PLANE('',#1931);
#1108=FACE_OUTER_BOUND('',#1932,.T.);
#1109=PLANE('',#1933);
#1110=FACE_OUTER_BOUND('',#1934,.T.);
#1111=PLANE('',#1935);
#1112=FACE_OUTER_BOUND('',#1936,.T.);
#1113=CYLINDRICAL_SURFACE('',#1937,0.15);
#1114=FACE_OUTER_BOUND('',#1938,.T.);
#1115=PLANE('',#1939);
#1116=FACE_OUTER_BOUND('',#1940,.T.);
#1117=PLANE('',#1941);
#1118=FACE_OUTER_BOUND('',#1942,.T.);
#1119=PLANE('',#1943);
#1120=FACE_OUTER_BOUND('',#1944,.T.);
#1121=PLANE('',#1945);
#1122=FACE_OUTER_BOUND('',#1946,.T.);
#1123=PLANE('',#1947);
#1124=FACE_OUTER_BOUND('',#1948,.T.);
#1125=PLANE('',#1949);
#1126=FACE_OUTER_BOUND('',#1950,.T.);
#1127=PLANE('',#1951);
#1128=FACE_OUTER_BOUND('',#1952,.T.);
#1129=PLANE('',#1953);
#1130=FACE_OUTER_BOUND('',#1954,.T.);
#1131=PLANE('',#1955);
#1132=FACE_OUTER_BOUND('',#1956,.T.);
#1133=PLANE('',#1957);
#1134=FACE_OUTER_BOUND('',#1958,.T.);
#1135=CYLINDRICAL_SURFACE('',#1959,0.15);
#1136=FACE_OUTER_BOUND('',#1960,.T.);
#1137=PLANE('',#1961);
#1138=FACE_OUTER_BOUND('',#1962,.T.);
#1139=PLANE('',#1963);
#1140=FACE_OUTER_BOUND('',#1964,.T.);
#1141=PLANE('',#1965);
#1142=FACE_OUTER_BOUND('',#1966,.T.);
#1143=PLANE('',#1967);
#1144=FACE_OUTER_BOUND('',#1968,.T.);
#1145=PLANE('',#1969);
#1146=FACE_OUTER_BOUND('',#1970,.T.);
#1147=PLANE('',#1971);
#1148=FACE_OUTER_BOUND('',#1972,.T.);
#1149=PLANE('',#1973);
#1150=FACE_OUTER_BOUND('',#1974,.T.);
#1151=PLANE('',#1975);
#1152=FACE_OUTER_BOUND('',#1976,.T.);
#1153=PLANE('',#1977);
#1154=FACE_OUTER_BOUND('',#1978,.T.);
#1155=PLANE('',#1979);
#1156=FACE_OUTER_BOUND('',#1980,.T.);
#1157=CYLINDRICAL_SURFACE('',#1981,0.15);
#1158=FACE_OUTER_BOUND('',#1982,.T.);
#1159=PLANE('',#1983);
#1160=FACE_OUTER_BOUND('',#1984,.T.);
#1161=PLANE('',#1985);
#1162=FACE_OUTER_BOUND('',#1986,.T.);
#1163=PLANE('',#1987);
#1164=FACE_OUTER_BOUND('',#1988,.T.);
#1165=PLANE('',#1989);
#1166=FACE_OUTER_BOUND('',#1990,.T.);
#1167=PLANE('',#1991);
#1168=FACE_OUTER_BOUND('',#1992,.T.);
#1169=PLANE('',#1993);
#1170=FACE_OUTER_BOUND('',#1994,.T.);
#1171=PLANE('',#1995);
#1172=FACE_OUTER_BOUND('',#1996,.T.);
#1173=PLANE('',#1997);
#1174=FACE_OUTER_BOUND('',#1998,.T.);
#1175=PLANE('',#1999);
#1176=FACE_OUTER_BOUND('',#2000,.T.);
#1177=PLANE('',#2001);
#1178=FACE_OUTER_BOUND('',#2002,.T.);
#1179=CYLINDRICAL_SURFACE('',#2003,0.15);
#1180=FACE_OUTER_BOUND('',#2004,.T.);
#1181=PLANE('',#2005);
#1182=FACE_OUTER_BOUND('',#2006,.T.);
#1183=PLANE('',#2007);
#1184=FACE_OUTER_BOUND('',#2008,.T.);
#1185=PLANE('',#2009);
#1186=FACE_OUTER_BOUND('',#2010,.T.);
#1187=PLANE('',#2011);
#1188=FACE_OUTER_BOUND('',#2012,.T.);
#1189=PLANE('',#2013);
#1190=FACE_OUTER_BOUND('',#2014,.T.);
#1191=PLANE('',#2015);
#1192=FACE_OUTER_BOUND('',#2016,.T.);
#1193=PLANE('',#2017);
#1194=FACE_OUTER_BOUND('',#2018,.T.);
#1195=PLANE('',#2019);
#1196=FACE_OUTER_BOUND('',#2020,.T.);
#1197=PLANE('',#2021);
#1198=FACE_OUTER_BOUND('',#2022,.T.);
#1199=PLANE('',#2023);
#1200=FACE_OUTER_BOUND('',#2024,.T.);
#1201=PLANE('',#2025);
#1202=FACE_OUTER_BOUND('',#2026,.T.);
#1203=CYLINDRICAL_SURFACE('',#2027,0.15);
#1204=FACE_OUTER_BOUND('',#2028,.T.);
#1205=CYLINDRICAL_SURFACE('',#2029,0.4);
#1206=FACE_OUTER_BOUND('',#2030,.T.);
#1207=PLANE('',#2031);
#1208=FACE_OUTER_BOUND('',#2032,.T.);
#1209=PLANE('',#2033);
#1210=FACE_OUTER_BOUND('',#2034,.T.);
#1211=PLANE('',#2035);
#1212=FACE_OUTER_BOUND('',#2036,.T.);
#1213=PLANE('',#2037);
#1214=FACE_OUTER_BOUND('',#2038,.T.);
#1215=CYLINDRICAL_SURFACE('',#2039,0.15);
#1216=FACE_OUTER_BOUND('',#2040,.T.);
#1217=CYLINDRICAL_SURFACE('',#2041,0.4);
#1218=FACE_OUTER_BOUND('',#2042,.T.);
#1219=PLANE('',#2043);
#1220=FACE_OUTER_BOUND('',#2044,.T.);
#1221=PLANE('',#2045);
#1222=FACE_OUTER_BOUND('',#2046,.T.);
#1223=PLANE('',#2047);
#1224=FACE_OUTER_BOUND('',#2048,.T.);
#1225=PLANE('',#2049);
#1226=FACE_OUTER_BOUND('',#2050,.T.);
#1227=PLANE('',#2051);
#1228=FACE_OUTER_BOUND('',#2052,.T.);
#1229=PLANE('',#2053);
#1230=FACE_OUTER_BOUND('',#2054,.T.);
#1231=PLANE('',#2055);
#1232=FACE_OUTER_BOUND('',#2056,.T.);
#1233=PLANE('',#2057);
#1234=FACE_OUTER_BOUND('',#2058,.T.);
#1235=PLANE('',#2059);
#1236=FACE_OUTER_BOUND('',#2060,.T.);
#1237=PLANE('',#2061);
#1238=FACE_OUTER_BOUND('',#2062,.T.);
#1239=CYLINDRICAL_SURFACE('',#2063,0.4);
#1240=FACE_OUTER_BOUND('',#2064,.T.);
#1241=CYLINDRICAL_SURFACE('',#2065,0.15);
#1242=FACE_OUTER_BOUND('',#2066,.T.);
#1243=PLANE('',#2067);
#1244=FACE_OUTER_BOUND('',#2068,.T.);
#1245=PLANE('',#2069);
#1246=FACE_OUTER_BOUND('',#2070,.T.);
#1247=PLANE('',#2071);
#1248=FACE_OUTER_BOUND('',#2072,.T.);
#1249=PLANE('',#2073);
#1250=FACE_OUTER_BOUND('',#2074,.T.);
#1251=PLANE('',#2075);
#1252=FACE_OUTER_BOUND('',#2076,.T.);
#1253=PLANE('',#2077);
#1254=FACE_OUTER_BOUND('',#2078,.T.);
#1255=CYLINDRICAL_SURFACE('',#2079,0.15);
#1256=FACE_OUTER_BOUND('',#2080,.T.);
#1257=PLANE('',#2081);
#1258=FACE_OUTER_BOUND('',#2082,.T.);
#1259=PLANE('',#2083);
#1260=FACE_OUTER_BOUND('',#2084,.T.);
#1261=PLANE('',#2085);
#1262=FACE_OUTER_BOUND('',#2086,.T.);
#1263=CYLINDRICAL_SURFACE('',#2087,0.4);
#1264=FACE_OUTER_BOUND('',#2088,.T.);
#1265=PLANE('',#2089);
#1266=FACE_OUTER_BOUND('',#2090,.T.);
#1267=PLANE('',#2091);
#1268=FACE_OUTER_BOUND('',#2092,.T.);
#1269=PLANE('',#2093);
#1270=FACE_OUTER_BOUND('',#2094,.T.);
#1271=PLANE('',#2095);
#1272=FACE_OUTER_BOUND('',#2096,.T.);
#1273=PLANE('',#2097);
#1274=FACE_OUTER_BOUND('',#2098,.T.);
#1275=PLANE('',#2099);
#1276=FILL_AREA_STYLE('',(#2100));
#1277=EDGE_LOOP('',(#2101,#2102,#2103,#2104));
#1278=AXIS2_PLACEMENT_3D('',#2105,#2106,#2107);
#1279=EDGE_LOOP('',(#2108,#2109,#2110,#2111));
#1280=AXIS2_PLACEMENT_3D('',#2112,#2113,#2114);
#1281=EDGE_LOOP('',(#2115,#2116,#2117,#2118));
#1282=AXIS2_PLACEMENT_3D('',#2119,#2120,#2121);
#1283=EDGE_LOOP('',(#2122,#2123,#2124,#2125));
#1284=AXIS2_PLACEMENT_3D('',#2126,#2127,#2128);
#1285=EDGE_LOOP('',(#2129,#2130,#2131,#2132));
#1286=AXIS2_PLACEMENT_3D('',#2133,#2134,#2135);
#1287=EDGE_LOOP('',(#2136,#2137,#2138,#2139));
#1288=AXIS2_PLACEMENT_3D('',#2140,#2141,#2142);
#1289=EDGE_LOOP('',(#2143,#2144,#2145,#2146));
#1290=AXIS2_PLACEMENT_3D('',#2147,#2148,#2149);
#1291=EDGE_LOOP('',(#2150,#2151,#2152,#2153));
#1292=AXIS2_PLACEMENT_3D('',#2154,#2155,#2156);
#1293=EDGE_LOOP('',(#2157,#2158,#2159,#2160));
#1294=AXIS2_PLACEMENT_3D('',#2161,#2162,#2163);
#1295=EDGE_LOOP('',(#2164,#2165,#2166,#2167));
#1296=AXIS2_PLACEMENT_3D('',#2168,#2169,#2170);
#1297=EDGE_LOOP('',(#2171,#2172,#2173,#2174));
#1298=AXIS2_PLACEMENT_3D('',#2175,#2176,#2177);
#1299=EDGE_LOOP('',(#2178,#2179,#2180,#2181));
#1300=AXIS2_PLACEMENT_3D('',#2182,#2183,#2184);
#1301=EDGE_LOOP('',(#2185,#2186,#2187,#2188,#2189,#2190,#2191,#2192,#2193,#2194));
#1302=AXIS2_PLACEMENT_3D('',#2195,#2196,#2197);
#1303=EDGE_LOOP('',(#2198,#2199,#2200,#2201));
#1304=AXIS2_PLACEMENT_3D('',#2202,#2203,#2204);
#1305=EDGE_LOOP('',(#2205,#2206,#2207,#2208,#2209,#2210,#2211,#2212,#2213,#2214));
#1306=AXIS2_PLACEMENT_3D('',#2215,#2216,#2217);
#1307=EDGE_LOOP('',(#2218,#2219,#2220,#2221,#2222,#2223,#2224,#2225,#2226,#2227,#2228,#2229,#2230,#2231,#2232,#2233,#2234,#2235,#2236,#2237,#2238,#2239,#2240,#2241,#2242,#2243,#2244,#2245,#2246,#2247,#2248,#2249));
#1308=AXIS2_PLACEMENT_3D('',#2250,#2251,#2252);
#1309=EDGE_LOOP('',(#2253,#2254,#2255,#2256,#2257,#2258,#2259,#2260,#2261,#2262));
#1310=AXIS2_PLACEMENT_3D('',#2263,#2264,#2265);
#1311=EDGE_LOOP('',(#2266,#2267,#2268,#2269,#2270,#2271,#2272,#2273,#2274,#2275));
#1312=AXIS2_PLACEMENT_3D('',#2276,#2277,#2278);
#1313=EDGE_LOOP('',(#2279,#2280,#2281,#2282));
#1314=AXIS2_PLACEMENT_3D('',#2283,#2284,#2285);
#1315=EDGE_LOOP('',(#2286,#2287,#2288,#2289,#2290,#2291,#2292,#2293,#2294,#2295,#2296,#2297,#2298,#2299,#2300,#2301,#2302,#2303,#2304,#2305,#2306,#2307,#2308,#2309,#2310,#2311,#2312,#2313,#2314,#2315,#2316,#2317,#2318,#2319,#2320,#2321,#2322,#2323,#2324,#2325,#2326,#2327,#2328,#2329,#2330,#2331,#2332,#2333,#2334,#2335,#2336,#2337,#2338,#2339,#2340,#2341));
#1316=AXIS2_PLACEMENT_3D('',#2342,#2343,#2344);
#1317=EDGE_LOOP('',(#2345,#2346,#2347,#2348,#2349,#2350,#2351,#2352,#2353,#2354,#2355,#2356,#2357,#2358,#2359,#2360,#2361,#2362,#2363,#2364,#2365,#2366,#2367,#2368,#2369,#2370,#2371,#2372,#2373,#2374,#2375,#2376,#2377,#2378,#2379,#2380,#2381,#2382,#2383,#2384,#2385,#2386,#2387,#2388));
#1318=AXIS2_PLACEMENT_3D('',#2389,#2390,#2391);
#1319=EDGE_LOOP('',(#2392,#2393,#2394,#2395,#2396,#2397,#2398,#2399,#2400,#2401,#2402,#2403,#2404,#2405,#2406,#2407,#2408,#2409));
#1320=AXIS2_PLACEMENT_3D('',#2410,#2411,#2412);
#1321=EDGE_LOOP('',(#2413,#2414,#2415,#2416));
#1322=AXIS2_PLACEMENT_3D('',#2417,#2418,#2419);
#1323=EDGE_LOOP('',(#2420,#2421,#2422,#2423,#2424,#2425));
#1324=AXIS2_PLACEMENT_3D('',#2426,#2427,#2428);
#1325=EDGE_LOOP('',(#2429,#2430,#2431,#2432,#2433,#2434,#2435,#2436,#2437,#2438,#2439,#2440));
#1326=AXIS2_PLACEMENT_3D('',#2441,#2442,#2443);
#1327=EDGE_LOOP('',(#2444,#2445,#2446,#2447,#2448,#2449));
#1328=AXIS2_PLACEMENT_3D('',#2450,#2451,#2452);
#1329=EDGE_LOOP('',(#2453,#2454,#2455));
#1330=EDGE_LOOP('',(#2456,#2457,#2458,#2459));
#1331=AXIS2_PLACEMENT_3D('',#2460,#2461,#2462);
#1332=EDGE_LOOP('',(#2463,#2464,#2465,#2466,#2467,#2468,#2469,#2470,#2471,#2472,#2473,#2474));
#1333=AXIS2_PLACEMENT_3D('',#2475,#2476,#2477);
#1334=EDGE_LOOP('',(#2478,#2479,#2480,#2481));
#1335=AXIS2_PLACEMENT_3D('',#2482,#2483,#2484);
#1336=EDGE_LOOP('',(#2485,#2486,#2487,#2488));
#1337=AXIS2_PLACEMENT_3D('',#2489,#2490,#2491);
#1338=EDGE_LOOP('',(#2492,#2493,#2494,#2495));
#1339=AXIS2_PLACEMENT_3D('',#2496,#2497,#2498);
#1340=EDGE_LOOP('',(#2499,#2500,#2501,#2502));
#1341=AXIS2_PLACEMENT_3D('',#2503,#2504,#2505);
#1342=EDGE_LOOP('',(#2506,#2507,#2508,#2509,#2510,#2511));
#1343=AXIS2_PLACEMENT_3D('',#2512,#2513,#2514);
#1344=EDGE_LOOP('',(#2515,#2516,#2517,#2518,#2519,#2520));
#1345=AXIS2_PLACEMENT_3D('',#2521,#2522,#2523);
#1346=EDGE_LOOP('',(#2524,#2525,#2526,#2527,#2528,#2529,#2530,#2531,#2532,#2533,#2534,#2535,#2536));
#1347=AXIS2_PLACEMENT_3D('',#2537,#2538,#2539);
#1348=EDGE_LOOP('',(#2540,#2541,#2542,#2543));
#1349=AXIS2_PLACEMENT_3D('',#2544,#2545,#2546);
#1350=EDGE_LOOP('',(#2547,#2548,#2549,#2550));
#1351=AXIS2_PLACEMENT_3D('',#2551,#2552,#2553);
#1352=EDGE_LOOP('',(#2554,#2555,#2556,#2557));
#1353=AXIS2_PLACEMENT_3D('',#2558,#2559,#2560);
#1354=EDGE_LOOP('',(#2561,#2562,#2563,#2564));
#1355=AXIS2_PLACEMENT_3D('',#2565,#2566,#2567);
#1356=EDGE_LOOP('',(#2568,#2569,#2570,#2571));
#1357=AXIS2_PLACEMENT_3D('',#2572,#2573,#2574);
#1358=EDGE_LOOP('',(#2575,#2576,#2577,#2578));
#1359=AXIS2_PLACEMENT_3D('',#2579,#2580,#2581);
#1360=EDGE_LOOP('',(#2582,#2583,#2584,#2585,#2586));
#1361=AXIS2_PLACEMENT_3D('',#2587,#2588,#2589);
#1362=EDGE_LOOP('',(#2590,#2591,#2592,#2593,#2594,#2595));
#1363=AXIS2_PLACEMENT_3D('',#2596,#2597,#2598);
#1364=EDGE_LOOP('',(#2599,#2600,#2601,#2602,#2603,#2604));
#1365=AXIS2_PLACEMENT_3D('',#2605,#2606,#2607);
#1366=EDGE_LOOP('',(#2608,#2609,#2610,#2611,#2612,#2613,#2614,#2615,#2616,#2617,#2618,#2619,#2620));
#1367=AXIS2_PLACEMENT_3D('',#2621,#2622,#2623);
#1368=EDGE_LOOP('',(#2624,#2625,#2626,#2627));
#1369=AXIS2_PLACEMENT_3D('',#2628,#2629,#2630);
#1370=EDGE_LOOP('',(#2631,#2632,#2633,#2634));
#1371=AXIS2_PLACEMENT_3D('',#2635,#2636,#2637);
#1372=EDGE_LOOP('',(#2638,#2639,#2640,#2641));
#1373=AXIS2_PLACEMENT_3D('',#2642,#2643,#2644);
#1374=EDGE_LOOP('',(#2645,#2646,#2647,#2648));
#1375=AXIS2_PLACEMENT_3D('',#2649,#2650,#2651);
#1376=EDGE_LOOP('',(#2652,#2653,#2654,#2655));
#1377=AXIS2_PLACEMENT_3D('',#2656,#2657,#2658);
#1378=EDGE_LOOP('',(#2659,#2660,#2661,#2662));
#1379=AXIS2_PLACEMENT_3D('',#2663,#2664,#2665);
#1380=EDGE_LOOP('',(#2666,#2667,#2668,#2669,#2670));
#1381=AXIS2_PLACEMENT_3D('',#2671,#2672,#2673);
#1382=EDGE_LOOP('',(#2674,#2675,#2676,#2677));
#1383=AXIS2_PLACEMENT_3D('',#2678,#2679,#2680);
#1384=EDGE_LOOP('',(#2681,#2682,#2683,#2684));
#1385=AXIS2_PLACEMENT_3D('',#2685,#2686,#2687);
#1386=EDGE_LOOP('',(#2688,#2689,#2690,#2691));
#1387=AXIS2_PLACEMENT_3D('',#2692,#2693,#2694);
#1388=EDGE_LOOP('',(#2695,#2696,#2697,#2698));
#1389=AXIS2_PLACEMENT_3D('',#2699,#2700,#2701);
#1390=EDGE_LOOP('',(#2702,#2703,#2704,#2705));
#1391=AXIS2_PLACEMENT_3D('',#2706,#2707,#2708);
#1392=EDGE_LOOP('',(#2709,#2710,#2711,#2712));
#1393=AXIS2_PLACEMENT_3D('',#2713,#2714,#2715);
#1394=EDGE_LOOP('',(#2716,#2717,#2718,#2719));
#1395=AXIS2_PLACEMENT_3D('',#2720,#2721,#2722);
#1396=EDGE_LOOP('',(#2723,#2724,#2725,#2726));
#1397=AXIS2_PLACEMENT_3D('',#2727,#2728,#2729);
#1398=EDGE_LOOP('',(#2730,#2731,#2732,#2733));
#1399=AXIS2_PLACEMENT_3D('',#2734,#2735,#2736);
#1400=EDGE_LOOP('',(#2737,#2738,#2739,#2740));
#1401=AXIS2_PLACEMENT_3D('',#2741,#2742,#2743);
#1402=EDGE_LOOP('',(#2744,#2745,#2746,#2747));
#1403=AXIS2_PLACEMENT_3D('',#2748,#2749,#2750);
#1404=EDGE_LOOP('',(#2751,#2752,#2753,#2754));
#1405=AXIS2_PLACEMENT_3D('',#2755,#2756,#2757);
#1406=EDGE_LOOP('',(#2758,#2759,#2760,#2761));
#1407=AXIS2_PLACEMENT_3D('',#2762,#2763,#2764);
#1408=EDGE_LOOP('',(#2765,#2766,#2767,#2768));
#1409=AXIS2_PLACEMENT_3D('',#2769,#2770,#2771);
#1410=EDGE_LOOP('',(#2772,#2773,#2774,#2775));
#1411=AXIS2_PLACEMENT_3D('',#2776,#2777,#2778);
#1412=EDGE_LOOP('',(#2779,#2780,#2781,#2782));
#1413=AXIS2_PLACEMENT_3D('',#2783,#2784,#2785);
#1414=EDGE_LOOP('',(#2786,#2787,#2788,#2789));
#1415=AXIS2_PLACEMENT_3D('',#2790,#2791,#2792);
#1416=EDGE_LOOP('',(#2793,#2794,#2795));
#1417=AXIS2_PLACEMENT_3D('',#2796,#2797,#2798);
#1418=EDGE_LOOP('',(#2799,#2800,#2801,#2802));
#1419=AXIS2_PLACEMENT_3D('',#2803,#2804,#2805);
#1420=EDGE_LOOP('',(#2806,#2807,#2808,#2809));
#1421=AXIS2_PLACEMENT_3D('',#2810,#2811,#2812);
#1422=EDGE_LOOP('',(#2813,#2814,#2815,#2816,#2817,#2818));
#1423=AXIS2_PLACEMENT_3D('',#2819,#2820,#2821);
#1424=EDGE_LOOP('',(#2822,#2823,#2824,#2825,#2826,#2827));
#1425=AXIS2_PLACEMENT_3D('',#2828,#2829,#2830);
#1426=EDGE_LOOP('',(#2831,#2832,#2833,#2834));
#1427=AXIS2_PLACEMENT_3D('',#2835,#2836,#2837);
#1428=EDGE_LOOP('',(#2838,#2839,#2840,#2841));
#1429=AXIS2_PLACEMENT_3D('',#2842,#2843,#2844);
#1430=EDGE_LOOP('',(#2845,#2846,#2847,#2848));
#1431=AXIS2_PLACEMENT_3D('',#2849,#2850,#2851);
#1432=EDGE_LOOP('',(#2852,#2853,#2854,#2855));
#1433=AXIS2_PLACEMENT_3D('',#2856,#2857,#2858);
#1434=EDGE_LOOP('',(#2859,#2860,#2861,#2862));
#1435=AXIS2_PLACEMENT_3D('',#2863,#2864,#2865);
#1436=EDGE_LOOP('',(#2866,#2867,#2868,#2869));
#1437=AXIS2_PLACEMENT_3D('',#2870,#2871,#2872);
#1438=EDGE_LOOP('',(#2873,#2874,#2875,#2876));
#1439=AXIS2_PLACEMENT_3D('',#2877,#2878,#2879);
#1440=EDGE_LOOP('',(#2880,#2881,#2882,#2883));
#1441=AXIS2_PLACEMENT_3D('',#2884,#2885,#2886);
#1442=EDGE_LOOP('',(#2887,#2888,#2889,#2890));
#1443=AXIS2_PLACEMENT_3D('',#2891,#2892,#2893);
#1444=EDGE_LOOP('',(#2894,#2895,#2896,#2897));
#1445=AXIS2_PLACEMENT_3D('',#2898,#2899,#2900);
#1446=EDGE_LOOP('',(#2901,#2902,#2903,#2904));
#1447=AXIS2_PLACEMENT_3D('',#2905,#2906,#2907);
#1448=EDGE_LOOP('',(#2908,#2909,#2910,#2911));
#1449=AXIS2_PLACEMENT_3D('',#2912,#2913,#2914);
#1450=EDGE_LOOP('',(#2915,#2916,#2917,#2918,#2919,#2920));
#1451=AXIS2_PLACEMENT_3D('',#2921,#2922,#2923);
#1452=EDGE_LOOP('',(#2924,#2925,#2926,#2927,#2928,#2929));
#1453=AXIS2_PLACEMENT_3D('',#2930,#2931,#2932);
#1454=EDGE_LOOP('',(#2933,#2934,#2935,#2936));
#1455=AXIS2_PLACEMENT_3D('',#2937,#2938,#2939);
#1456=EDGE_LOOP('',(#2940,#2941,#2942,#2943,#2944,#2945));
#1457=AXIS2_PLACEMENT_3D('',#2946,#2947,#2948);
#1458=EDGE_LOOP('',(#2949,#2950,#2951,#2952,#2953,#2954));
#1459=AXIS2_PLACEMENT_3D('',#2955,#2956,#2957);
#1460=EDGE_LOOP('',(#2958,#2959,#2960,#2961));
#1461=AXIS2_PLACEMENT_3D('',#2962,#2963,#2964);
#1462=EDGE_LOOP('',(#2965,#2966,#2967,#2968,#2969,#2970));
#1463=AXIS2_PLACEMENT_3D('',#2971,#2972,#2973);
#1464=EDGE_LOOP('',(#2974,#2975,#2976,#2977,#2978,#2979));
#1465=AXIS2_PLACEMENT_3D('',#2980,#2981,#2982);
#1466=EDGE_LOOP('',(#2983,#2984,#2985,#2986));
#1467=AXIS2_PLACEMENT_3D('',#2987,#2988,#2989);
#1468=EDGE_LOOP('',(#2990,#2991,#2992,#2993,#2994,#2995));
#1469=AXIS2_PLACEMENT_3D('',#2996,#2997,#2998);
#1470=EDGE_LOOP('',(#2999,#3000,#3001,#3002,#3003,#3004));
#1471=AXIS2_PLACEMENT_3D('',#3005,#3006,#3007);
#1472=EDGE_LOOP('',(#3008,#3009,#3010,#3011));
#1473=AXIS2_PLACEMENT_3D('',#3012,#3013,#3014);
#1474=EDGE_LOOP('',(#3015,#3016,#3017,#3018,#3019,#3020));
#1475=AXIS2_PLACEMENT_3D('',#3021,#3022,#3023);
#1476=EDGE_LOOP('',(#3024,#3025,#3026,#3027,#3028,#3029));
#1477=AXIS2_PLACEMENT_3D('',#3030,#3031,#3032);
#1478=EDGE_LOOP('',(#3033,#3034,#3035,#3036));
#1479=AXIS2_PLACEMENT_3D('',#3037,#3038,#3039);
#1480=EDGE_LOOP('',(#3040,#3041,#3042,#3043,#3044,#3045));
#1481=AXIS2_PLACEMENT_3D('',#3046,#3047,#3048);
#1482=EDGE_LOOP('',(#3049,#3050,#3051,#3052,#3053,#3054));
#1483=AXIS2_PLACEMENT_3D('',#3055,#3056,#3057);
#1484=EDGE_LOOP('',(#3058,#3059,#3060,#3061));
#1485=AXIS2_PLACEMENT_3D('',#3062,#3063,#3064);
#1486=EDGE_LOOP('',(#3065,#3066,#3067,#3068,#3069,#3070));
#1487=AXIS2_PLACEMENT_3D('',#3071,#3072,#3073);
#1488=EDGE_LOOP('',(#3074,#3075,#3076,#3077,#3078,#3079));
#1489=AXIS2_PLACEMENT_3D('',#3080,#3081,#3082);
#1490=EDGE_LOOP('',(#3083,#3084,#3085,#3086));
#1491=AXIS2_PLACEMENT_3D('',#3087,#3088,#3089);
#1492=EDGE_LOOP('',(#3090,#3091,#3092,#3093,#3094,#3095));
#1493=AXIS2_PLACEMENT_3D('',#3096,#3097,#3098);
#1494=EDGE_LOOP('',(#3099,#3100,#3101,#3102,#3103,#3104));
#1495=AXIS2_PLACEMENT_3D('',#3105,#3106,#3107);
#1496=EDGE_LOOP('',(#3108,#3109,#3110,#3111));
#1497=AXIS2_PLACEMENT_3D('',#3112,#3113,#3114);
#1498=EDGE_LOOP('',(#3115,#3116,#3117,#3118,#3119,#3120));
#1499=AXIS2_PLACEMENT_3D('',#3121,#3122,#3123);
#1500=EDGE_LOOP('',(#3124,#3125,#3126,#3127,#3128,#3129));
#1501=AXIS2_PLACEMENT_3D('',#3130,#3131,#3132);
#1502=EDGE_LOOP('',(#3133,#3134,#3135,#3136));
#1503=AXIS2_PLACEMENT_3D('',#3137,#3138,#3139);
#1504=EDGE_LOOP('',(#3140,#3141,#3142,#3143,#3144,#3145));
#1505=AXIS2_PLACEMENT_3D('',#3146,#3147,#3148);
#1506=EDGE_LOOP('',(#3149,#3150,#3151,#3152,#3153,#3154));
#1507=AXIS2_PLACEMENT_3D('',#3155,#3156,#3157);
#1508=EDGE_LOOP('',(#3158,#3159,#3160,#3161));
#1509=AXIS2_PLACEMENT_3D('',#3162,#3163,#3164);
#1510=EDGE_LOOP('',(#3165,#3166,#3167,#3168,#3169,#3170,#3171,#3172,#3173,#3174,#3175,#3176,#3177,#3178));
#1511=EDGE_LOOP('',(#3179,#3180,#3181,#3182));
#1512=AXIS2_PLACEMENT_3D('',#3183,#3184,#3185);
#1513=EDGE_LOOP('',(#3186,#3187,#3188,#3189,#3190,#3191,#3192,#3193,#3194,#3195,#3196,#3197,#3198,#3199));
#1514=EDGE_LOOP('',(#3200,#3201,#3202,#3203));
#1515=AXIS2_PLACEMENT_3D('',#3204,#3205,#3206);
#1516=EDGE_LOOP('',(#3207,#3208,#3209,#3210,#3211,#3212,#3213,#3214));
#1517=AXIS2_PLACEMENT_3D('',#3215,#3216,#3217);
#1518=EDGE_LOOP('',(#3218,#3219,#3220,#3221,#3222,#3223,#3224,#3225));
#1519=AXIS2_PLACEMENT_3D('',#3226,#3227,#3228);
#1520=EDGE_LOOP('',(#3229,#3230,#3231));
#1521=AXIS2_PLACEMENT_3D('',#3232,#3233,#3234);
#1522=EDGE_LOOP('',(#3235,#3236,#3237,#3238,#3239,#3240,#3241,#3242));
#1523=AXIS2_PLACEMENT_3D('',#3243,#3244,#3245);
#1524=EDGE_LOOP('',(#3246,#3247,#3248,#3249,#3250,#3251));
#1525=AXIS2_PLACEMENT_3D('',#3252,#3253,#3254);
#1526=EDGE_LOOP('',(#3255,#3256,#3257,#3258));
#1527=EDGE_LOOP('',(#3259,#3260,#3261,#3262));
#1528=EDGE_LOOP('',(#3263,#3264,#3265,#3266));
#1529=EDGE_LOOP('',(#3267,#3268,#3269,#3270));
#1530=EDGE_LOOP('',(#3271,#3272,#3273,#3274));
#1531=EDGE_LOOP('',(#3275,#3276,#3277,#3278));
#1532=EDGE_LOOP('',(#3279,#3280,#3281,#3282));
#1533=EDGE_LOOP('',(#3283,#3284,#3285,#3286));
#1534=EDGE_LOOP('',(#3287,#3288,#3289,#3290));
#1535=EDGE_LOOP('',(#3291,#3292,#3293,#3294));
#1536=EDGE_LOOP('',(#3295,#3296,#3297,#3298,#3299,#3300,#3301,#3302,#3303,#3304,#3305,#3306,#3307,#3308,#3309,#3310));
#1537=AXIS2_PLACEMENT_3D('',#3311,#3312,#3313);
#1538=EDGE_LOOP('',(#3314,#3315,#3316,#3317,#3318,#3319,#3320,#3321,#3322,#3323));
#1539=AXIS2_PLACEMENT_3D('',#3324,#3325,#3326);
#1540=EDGE_LOOP('',(#3327,#3328,#3329,#3330,#3331,#3332,#3333,#3334,#3335,#3336));
#1541=AXIS2_PLACEMENT_3D('',#3337,#3338,#3339);
#1542=EDGE_LOOP('',(#3340,#3341,#3342,#3343));
#1543=AXIS2_PLACEMENT_3D('',#3344,#3345,#3346);
#1544=EDGE_LOOP('',(#3347,#3348,#3349,#3350,#3351,#3352,#3353,#3354,#3355,#3356,#3357,#3358,#3359,#3360,#3361,#3362,#3363,#3364,#3365,#3366));
#1545=AXIS2_PLACEMENT_3D('',#3367,#3368,#3369);
#1546=EDGE_LOOP('',(#3370,#3371,#3372,#3373,#3374,#3375));
#1547=AXIS2_PLACEMENT_3D('',#3376,#3377,#3378);
#1548=EDGE_LOOP('',(#3379,#3380,#3381,#3382,#3383,#3384));
#1549=AXIS2_PLACEMENT_3D('',#3385,#3386,#3387);
#1550=EDGE_LOOP('',(#3388,#3389,#3390,#3391,#3392,#3393,#3394));
#1551=AXIS2_PLACEMENT_3D('',#3395,#3396,#3397);
#1552=EDGE_LOOP('',(#3398,#3399,#3400,#3401,#3402));
#1553=AXIS2_PLACEMENT_3D('',#3403,#3404,#3405);
#1554=EDGE_LOOP('',(#3406,#3407,#3408,#3409,#3410,#3411));
#1555=AXIS2_PLACEMENT_3D('',#3412,#3413,#3414);
#1556=EDGE_LOOP('',(#3415,#3416,#3417,#3418,#3419,#3420,#3421));
#1557=AXIS2_PLACEMENT_3D('',#3422,#3423,#3424);
#1558=EDGE_LOOP('',(#3425,#3426,#3427,#3428,#3429));
#1559=AXIS2_PLACEMENT_3D('',#3430,#3431,#3432);
#1560=EDGE_LOOP('',(#3433,#3434,#3435,#3436,#3437,#3438,#3439,#3440,#3441,#3442));
#1561=AXIS2_PLACEMENT_3D('',#3443,#3444,#3445);
#1562=EDGE_LOOP('',(#3446,#3447,#3448,#3449,#3450,#3451,#3452,#3453,#3454,#3455,#3456,#3457,#3458,#3459,#3460,#3461));
#1563=AXIS2_PLACEMENT_3D('',#3462,#3463,#3464);
#1564=EDGE_LOOP('',(#3465,#3466,#3467,#3468));
#1565=AXIS2_PLACEMENT_3D('',#3469,#3470,#3471);
#1566=EDGE_LOOP('',(#3472,#3473,#3474,#3475));
#1567=AXIS2_PLACEMENT_3D('',#3476,#3477,#3478);
#1568=EDGE_LOOP('',(#3479,#3480,#3481,#3482));
#1569=EDGE_LOOP('',(#3483,#3484,#3485,#3486));
#1570=EDGE_LOOP('',(#3487,#3488,#3489,#3490));
#1571=EDGE_LOOP('',(#3491,#3492,#3493,#3494));
#1572=EDGE_LOOP('',(#3495,#3496,#3497,#3498));
#1573=EDGE_LOOP('',(#3499,#3500,#3501,#3502));
#1574=EDGE_LOOP('',(#3503,#3504,#3505,#3506));
#1575=EDGE_LOOP('',(#3507,#3508,#3509,#3510));
#1576=EDGE_LOOP('',(#3511,#3512,#3513,#3514));
#1577=EDGE_LOOP('',(#3515,#3516,#3517,#3518));
#1578=EDGE_LOOP('',(#3519,#3520,#3521,#3522,#3523,#3524,#3525,#3526));
#1579=AXIS2_PLACEMENT_3D('',#3527,#3528,#3529);
#1580=EDGE_LOOP('',(#3530,#3531,#3532,#3533,#3534,#3535,#3536));
#1581=AXIS2_PLACEMENT_3D('',#3537,#3538,#3539);
#1582=EDGE_LOOP('',(#3540,#3541,#3542,#3543,#3544,#3545,#3546));
#1583=AXIS2_PLACEMENT_3D('',#3547,#3548,#3549);
#1584=EDGE_LOOP('',(#3550,#3551,#3552,#3553,#3554,#3555,#3556,#3557,#3558,#3559,#3560,#3561,#3562,#3563,#3564,#3565,#3566,#3567,#3568,#3569,#3570,#3571,#3572,#3573,#3574,#3575,#3576,#3577,#3578,#3579,#3580,#3581,#3582,#3583,#3584,#3585,#3586,#3587,#3588,#3589,#3590,#3591,#3592,#3593,#3594,#3595,#3596,#3597,#3598,#3599,#3600,#3601,#3602,#3603));
#1585=AXIS2_PLACEMENT_3D('',#3604,#3605,#3606);
#1586=EDGE_LOOP('',(#3607,#3608,#3609,#3610,#3611,#3612,#3613,#3614,#3615,#3616,#3617,#3618,#3619,#3620,#3621,#3622,#3623,#3624,#3625,#3626,#3627,#3628,#3629,#3630,#3631,#3632,#3633,#3634,#3635,#3636,#3637,#3638,#3639,#3640,#3641,#3642,#3643,#3644,#3645,#3646,#3647,#3648,#3649,#3650));
#1587=AXIS2_PLACEMENT_3D('',#3651,#3652,#3653);
#1588=EDGE_LOOP('',(#3654,#3655,#3656,#3657));
#1589=AXIS2_PLACEMENT_3D('',#3658,#3659,#3660);
#1590=EDGE_LOOP('',(#3661,#3662,#3663,#3664,#3665,#3666,#3667));
#1591=AXIS2_PLACEMENT_3D('',#3668,#3669,#3670);
#1592=EDGE_LOOP('',(#3671,#3672,#3673,#3674,#3675,#3676,#3677));
#1593=AXIS2_PLACEMENT_3D('',#3678,#3679,#3680);
#1594=EDGE_LOOP('',(#3681,#3682,#3683,#3684,#3685,#3686,#3687,#3688));
#1595=AXIS2_PLACEMENT_3D('',#3689,#3690,#3691);
#1596=EDGE_LOOP('',(#3692,#3693,#3694,#3695,#3696));
#1597=AXIS2_PLACEMENT_3D('',#3697,#3698,#3699);
#1598=EDGE_LOOP('',(#3700,#3701,#3702,#3703));
#1599=AXIS2_PLACEMENT_3D('',#3704,#3705,#3706);
#1600=EDGE_LOOP('',(#3707,#3708,#3709,#3710,#3711,#3712,#3713,#3714,#3715,#3716));
#1601=AXIS2_PLACEMENT_3D('',#3717,#3718,#3719);
#1602=EDGE_LOOP('',(#3720,#3721,#3722,#3723));
#1603=AXIS2_PLACEMENT_3D('',#3724,#3725,#3726);
#1604=EDGE_LOOP('',(#3727,#3728,#3729,#3730,#3731));
#1605=AXIS2_PLACEMENT_3D('',#3732,#3733,#3734);
#1606=EDGE_LOOP('',(#3735,#3736,#3737,#3738,#3739,#3740,#3741,#3742,#3743));
#1607=AXIS2_PLACEMENT_3D('',#3744,#3745,#3746);
#1608=EDGE_LOOP('',(#3747,#3748,#3749,#3750,#3751,#3752,#3753,#3754,#3755));
#1609=AXIS2_PLACEMENT_3D('',#3756,#3757,#3758);
#1610=EDGE_LOOP('',(#3759,#3760,#3761,#3762,#3763,#3764,#3765,#3766,#3767));
#1611=AXIS2_PLACEMENT_3D('',#3768,#3769,#3770);
#1612=EDGE_LOOP('',(#3771,#3772,#3773));
#1613=AXIS2_PLACEMENT_3D('',#3774,#3775,#3776);
#1614=EDGE_LOOP('',(#3777,#3778,#3779,#3780,#3781,#3782,#3783,#3784,#3785));
#1615=AXIS2_PLACEMENT_3D('',#3786,#3787,#3788);
#1616=EDGE_LOOP('',(#3789,#3790,#3791,#3792,#3793));
#1617=AXIS2_PLACEMENT_3D('',#3794,#3795,#3796);
#1618=EDGE_LOOP('',(#3797,#3798,#3799,#3800));
#1619=AXIS2_PLACEMENT_3D('',#3801,#3802,#3803);
#1620=EDGE_LOOP('',(#3804,#3805,#3806,#3807,#3808));
#1621=AXIS2_PLACEMENT_3D('',#3809,#3810,#3811);
#1622=EDGE_LOOP('',(#3812,#3813,#3814,#3815));
#1623=AXIS2_PLACEMENT_3D('',#3816,#3817,#3818);
#1624=EDGE_LOOP('',(#3819,#3820,#3821,#3822,#3823,#3824));
#1625=AXIS2_PLACEMENT_3D('',#3825,#3826,#3827);
#1626=EDGE_LOOP('',(#3828,#3829,#3830,#3831));
#1627=AXIS2_PLACEMENT_3D('',#3832,#3833,#3834);
#1628=EDGE_LOOP('',(#3835,#3836,#3837,#3838));
#1629=AXIS2_PLACEMENT_3D('',#3839,#3840,#3841);
#1630=EDGE_LOOP('',(#3842,#3843,#3844,#3845));
#1631=AXIS2_PLACEMENT_3D('',#3846,#3847,#3848);
#1632=EDGE_LOOP('',(#3849,#3850,#3851,#3852,#3853,#3854));
#1633=AXIS2_PLACEMENT_3D('',#3855,#3856,#3857);
#1634=EDGE_LOOP('',(#3858,#3859,#3860,#3861));
#1635=AXIS2_PLACEMENT_3D('',#3862,#3863,#3864);
#1636=EDGE_LOOP('',(#3865,#3866,#3867,#3868));
#1637=AXIS2_PLACEMENT_3D('',#3869,#3870,#3871);
#1638=EDGE_LOOP('',(#3872,#3873,#3874,#3875));
#1639=AXIS2_PLACEMENT_3D('',#3876,#3877,#3878);
#1640=EDGE_LOOP('',(#3879,#3880,#3881,#3882));
#1641=AXIS2_PLACEMENT_3D('',#3883,#3884,#3885);
#1642=EDGE_LOOP('',(#3886,#3887,#3888,#3889));
#1643=AXIS2_PLACEMENT_3D('',#3890,#3891,#3892);
#1644=EDGE_LOOP('',(#3893,#3894,#3895,#3896));
#1645=AXIS2_PLACEMENT_3D('',#3897,#3898,#3899);
#1646=EDGE_LOOP('',(#3900,#3901,#3902,#3903));
#1647=AXIS2_PLACEMENT_3D('',#3904,#3905,#3906);
#1648=EDGE_LOOP('',(#3907,#3908,#3909,#3910));
#1649=AXIS2_PLACEMENT_3D('',#3911,#3912,#3913);
#1650=EDGE_LOOP('',(#3914,#3915,#3916,#3917));
#1651=AXIS2_PLACEMENT_3D('',#3918,#3919,#3920);
#1652=EDGE_LOOP('',(#3921,#3922,#3923,#3924));
#1653=AXIS2_PLACEMENT_3D('',#3925,#3926,#3927);
#1654=EDGE_LOOP('',(#3928,#3929,#3930,#3931));
#1655=AXIS2_PLACEMENT_3D('',#3932,#3933,#3934);
#1656=EDGE_LOOP('',(#3935,#3936,#3937,#3938));
#1657=AXIS2_PLACEMENT_3D('',#3939,#3940,#3941);
#1658=EDGE_LOOP('',(#3942,#3943,#3944,#3945));
#1659=AXIS2_PLACEMENT_3D('',#3946,#3947,#3948);
#1660=EDGE_LOOP('',(#3949,#3950,#3951,#3952));
#1661=AXIS2_PLACEMENT_3D('',#3953,#3954,#3955);
#1662=EDGE_LOOP('',(#3956,#3957,#3958,#3959));
#1663=AXIS2_PLACEMENT_3D('',#3960,#3961,#3962);
#1664=EDGE_LOOP('',(#3963,#3964,#3965,#3966));
#1665=AXIS2_PLACEMENT_3D('',#3967,#3968,#3969);
#1666=EDGE_LOOP('',(#3970,#3971,#3972,#3973));
#1667=AXIS2_PLACEMENT_3D('',#3974,#3975,#3976);
#1668=EDGE_LOOP('',(#3977,#3978,#3979,#3980));
#1669=AXIS2_PLACEMENT_3D('',#3981,#3982,#3983);
#1670=EDGE_LOOP('',(#3984,#3985,#3986,#3987));
#1671=AXIS2_PLACEMENT_3D('',#3988,#3989,#3990);
#1672=EDGE_LOOP('',(#3991,#3992,#3993,#3994));
#1673=AXIS2_PLACEMENT_3D('',#3995,#3996,#3997);
#1674=EDGE_LOOP('',(#3998,#3999,#4000,#4001));
#1675=AXIS2_PLACEMENT_3D('',#4002,#4003,#4004);
#1676=EDGE_LOOP('',(#4005,#4006,#4007,#4008));
#1677=AXIS2_PLACEMENT_3D('',#4009,#4010,#4011);
#1678=EDGE_LOOP('',(#4012,#4013,#4014,#4015,#4016));
#1679=AXIS2_PLACEMENT_3D('',#4017,#4018,#4019);
#1680=EDGE_LOOP('',(#4020,#4021,#4022,#4023));
#1681=AXIS2_PLACEMENT_3D('',#4024,#4025,#4026);
#1682=EDGE_LOOP('',(#4027,#4028,#4029,#4030,#4031));
#1683=AXIS2_PLACEMENT_3D('',#4032,#4033,#4034);
#1684=EDGE_LOOP('',(#4035,#4036,#4037,#4038));
#1685=AXIS2_PLACEMENT_3D('',#4039,#4040,#4041);
#1686=EDGE_LOOP('',(#4042,#4043,#4044,#4045));
#1687=AXIS2_PLACEMENT_3D('',#4046,#4047,#4048);
#1688=EDGE_LOOP('',(#4049,#4050,#4051,#4052,#4053,#4054));
#1689=AXIS2_PLACEMENT_3D('',#4055,#4056,#4057);
#1690=EDGE_LOOP('',(#4058,#4059,#4060,#4061,#4062,#4063));
#1691=AXIS2_PLACEMENT_3D('',#4064,#4065,#4066);
#1692=EDGE_LOOP('',(#4067,#4068,#4069,#4070));
#1693=AXIS2_PLACEMENT_3D('',#4071,#4072,#4073);
#1694=EDGE_LOOP('',(#4074,#4075,#4076,#4077));
#1695=AXIS2_PLACEMENT_3D('',#4078,#4079,#4080);
#1696=EDGE_LOOP('',(#4081,#4082,#4083,#4084));
#1697=AXIS2_PLACEMENT_3D('',#4085,#4086,#4087);
#1698=EDGE_LOOP('',(#4088,#4089,#4090,#4091));
#1699=AXIS2_PLACEMENT_3D('',#4092,#4093,#4094);
#1700=EDGE_LOOP('',(#4095,#4096,#4097,#4098,#4099,#4100,#4101,#4102,#4103,#4104));
#1701=AXIS2_PLACEMENT_3D('',#4105,#4106,#4107);
#1702=EDGE_LOOP('',(#4108,#4109,#4110,#4111,#4112,#4113,#4114,#4115,#4116,#4117));
#1703=AXIS2_PLACEMENT_3D('',#4118,#4119,#4120);
#1704=EDGE_LOOP('',(#4121,#4122,#4123,#4124));
#1705=AXIS2_PLACEMENT_3D('',#4125,#4126,#4127);
#1706=EDGE_LOOP('',(#4128,#4129,#4130,#4131));
#1707=AXIS2_PLACEMENT_3D('',#4132,#4133,#4134);
#1708=EDGE_LOOP('',(#4135,#4136,#4137,#4138));
#1709=AXIS2_PLACEMENT_3D('',#4139,#4140,#4141);
#1710=EDGE_LOOP('',(#4142,#4143,#4144,#4145));
#1711=AXIS2_PLACEMENT_3D('',#4146,#4147,#4148);
#1712=EDGE_LOOP('',(#4149,#4150,#4151,#4152));
#1713=AXIS2_PLACEMENT_3D('',#4153,#4154,#4155);
#1714=EDGE_LOOP('',(#4156,#4157,#4158,#4159));
#1715=AXIS2_PLACEMENT_3D('',#4160,#4161,#4162);
#1716=EDGE_LOOP('',(#4163,#4164,#4165,#4166));
#1717=AXIS2_PLACEMENT_3D('',#4167,#4168,#4169);
#1718=EDGE_LOOP('',(#4170,#4171,#4172,#4173));
#1719=AXIS2_PLACEMENT_3D('',#4174,#4175,#4176);
#1720=EDGE_LOOP('',(#4177,#4178,#4179,#4180));
#1721=AXIS2_PLACEMENT_3D('',#4181,#4182,#4183);
#1722=EDGE_LOOP('',(#4184,#4185,#4186,#4187,#4188,#4189));
#1723=AXIS2_PLACEMENT_3D('',#4190,#4191,#4192);
#1724=EDGE_LOOP('',(#4193,#4194,#4195,#4196,#4197,#4198));
#1725=AXIS2_PLACEMENT_3D('',#4199,#4200,#4201);
#1726=EDGE_LOOP('',(#4202,#4203,#4204,#4205));
#1727=AXIS2_PLACEMENT_3D('',#4206,#4207,#4208);
#1728=EDGE_LOOP('',(#4209,#4210,#4211,#4212));
#1729=AXIS2_PLACEMENT_3D('',#4213,#4214,#4215);
#1730=EDGE_LOOP('',(#4216,#4217,#4218,#4219));
#1731=AXIS2_PLACEMENT_3D('',#4220,#4221,#4222);
#1732=EDGE_LOOP('',(#4223,#4224,#4225,#4226));
#1733=AXIS2_PLACEMENT_3D('',#4227,#4228,#4229);
#1734=EDGE_LOOP('',(#4230,#4231,#4232,#4233,#4234,#4235));
#1735=AXIS2_PLACEMENT_3D('',#4236,#4237,#4238);
#1736=EDGE_LOOP('',(#4239,#4240,#4241,#4242,#4243,#4244));
#1737=AXIS2_PLACEMENT_3D('',#4245,#4246,#4247);
#1738=EDGE_LOOP('',(#4248,#4249,#4250,#4251));
#1739=AXIS2_PLACEMENT_3D('',#4252,#4253,#4254);
#1740=EDGE_LOOP('',(#4255,#4256,#4257,#4258));
#1741=AXIS2_PLACEMENT_3D('',#4259,#4260,#4261);
#1742=EDGE_LOOP('',(#4262,#4263,#4264,#4265));
#1743=AXIS2_PLACEMENT_3D('',#4266,#4267,#4268);
#1744=EDGE_LOOP('',(#4269,#4270,#4271,#4272));
#1745=AXIS2_PLACEMENT_3D('',#4273,#4274,#4275);
#1746=EDGE_LOOP('',(#4276,#4277,#4278,#4279,#4280,#4281));
#1747=AXIS2_PLACEMENT_3D('',#4282,#4283,#4284);
#1748=EDGE_LOOP('',(#4285,#4286,#4287,#4288,#4289,#4290));
#1749=AXIS2_PLACEMENT_3D('',#4291,#4292,#4293);
#1750=EDGE_LOOP('',(#4294,#4295,#4296,#4297));
#1751=AXIS2_PLACEMENT_3D('',#4298,#4299,#4300);
#1752=EDGE_LOOP('',(#4301,#4302,#4303,#4304));
#1753=AXIS2_PLACEMENT_3D('',#4305,#4306,#4307);
#1754=EDGE_LOOP('',(#4308,#4309,#4310,#4311));
#1755=AXIS2_PLACEMENT_3D('',#4312,#4313,#4314);
#1756=EDGE_LOOP('',(#4315,#4316,#4317,#4318));
#1757=AXIS2_PLACEMENT_3D('',#4319,#4320,#4321);
#1758=EDGE_LOOP('',(#4322,#4323,#4324,#4325,#4326,#4327));
#1759=AXIS2_PLACEMENT_3D('',#4328,#4329,#4330);
#1760=EDGE_LOOP('',(#4331,#4332,#4333,#4334,#4335,#4336));
#1761=AXIS2_PLACEMENT_3D('',#4337,#4338,#4339);
#1762=EDGE_LOOP('',(#4340,#4341,#4342,#4343));
#1763=AXIS2_PLACEMENT_3D('',#4344,#4345,#4346);
#1764=EDGE_LOOP('',(#4347,#4348,#4349,#4350));
#1765=AXIS2_PLACEMENT_3D('',#4351,#4352,#4353);
#1766=EDGE_LOOP('',(#4354,#4355,#4356,#4357));
#1767=AXIS2_PLACEMENT_3D('',#4358,#4359,#4360);
#1768=EDGE_LOOP('',(#4361,#4362,#4363,#4364));
#1769=AXIS2_PLACEMENT_3D('',#4365,#4366,#4367);
#1770=EDGE_LOOP('',(#4368,#4369,#4370,#4371,#4372,#4373));
#1771=AXIS2_PLACEMENT_3D('',#4374,#4375,#4376);
#1772=EDGE_LOOP('',(#4377,#4378,#4379,#4380,#4381,#4382));
#1773=AXIS2_PLACEMENT_3D('',#4383,#4384,#4385);
#1774=EDGE_LOOP('',(#4386,#4387,#4388,#4389));
#1775=AXIS2_PLACEMENT_3D('',#4390,#4391,#4392);
#1776=EDGE_LOOP('',(#4393,#4394,#4395,#4396));
#1777=AXIS2_PLACEMENT_3D('',#4397,#4398,#4399);
#1778=EDGE_LOOP('',(#4400,#4401,#4402,#4403));
#1779=AXIS2_PLACEMENT_3D('',#4404,#4405,#4406);
#1780=EDGE_LOOP('',(#4407,#4408,#4409,#4410));
#1781=AXIS2_PLACEMENT_3D('',#4411,#4412,#4413);
#1782=EDGE_LOOP('',(#4414,#4415,#4416,#4417,#4418,#4419));
#1783=AXIS2_PLACEMENT_3D('',#4420,#4421,#4422);
#1784=EDGE_LOOP('',(#4423,#4424,#4425,#4426,#4427,#4428));
#1785=AXIS2_PLACEMENT_3D('',#4429,#4430,#4431);
#1786=EDGE_LOOP('',(#4432,#4433,#4434,#4435));
#1787=AXIS2_PLACEMENT_3D('',#4436,#4437,#4438);
#1788=EDGE_LOOP('',(#4439,#4440,#4441,#4442));
#1789=AXIS2_PLACEMENT_3D('',#4443,#4444,#4445);
#1790=EDGE_LOOP('',(#4446,#4447,#4448,#4449));
#1791=AXIS2_PLACEMENT_3D('',#4450,#4451,#4452);
#1792=EDGE_LOOP('',(#4453,#4454,#4455,#4456));
#1793=AXIS2_PLACEMENT_3D('',#4457,#4458,#4459);
#1794=EDGE_LOOP('',(#4460,#4461,#4462,#4463,#4464,#4465));
#1795=AXIS2_PLACEMENT_3D('',#4466,#4467,#4468);
#1796=EDGE_LOOP('',(#4469,#4470,#4471,#4472,#4473,#4474));
#1797=AXIS2_PLACEMENT_3D('',#4475,#4476,#4477);
#1798=EDGE_LOOP('',(#4478,#4479,#4480,#4481));
#1799=AXIS2_PLACEMENT_3D('',#4482,#4483,#4484);
#1800=EDGE_LOOP('',(#4485,#4486,#4487,#4488));
#1801=AXIS2_PLACEMENT_3D('',#4489,#4490,#4491);
#1802=EDGE_LOOP('',(#4492,#4493,#4494,#4495));
#1803=AXIS2_PLACEMENT_3D('',#4496,#4497,#4498);
#1804=EDGE_LOOP('',(#4499,#4500,#4501,#4502));
#1805=AXIS2_PLACEMENT_3D('',#4503,#4504,#4505);
#1806=EDGE_LOOP('',(#4506,#4507,#4508,#4509,#4510,#4511));
#1807=AXIS2_PLACEMENT_3D('',#4512,#4513,#4514);
#1808=EDGE_LOOP('',(#4515,#4516,#4517,#4518,#4519,#4520));
#1809=AXIS2_PLACEMENT_3D('',#4521,#4522,#4523);
#1810=EDGE_LOOP('',(#4524,#4525,#4526,#4527));
#1811=AXIS2_PLACEMENT_3D('',#4528,#4529,#4530);
#1812=EDGE_LOOP('',(#4531,#4532,#4533,#4534));
#1813=AXIS2_PLACEMENT_3D('',#4535,#4536,#4537);
#1814=EDGE_LOOP('',(#4538,#4539,#4540,#4541));
#1815=AXIS2_PLACEMENT_3D('',#4542,#4543,#4544);
#1816=EDGE_LOOP('',(#4545,#4546,#4547,#4548));
#1817=AXIS2_PLACEMENT_3D('',#4549,#4550,#4551);
#1818=EDGE_LOOP('',(#4552,#4553,#4554,#4555,#4556,#4557));
#1819=AXIS2_PLACEMENT_3D('',#4558,#4559,#4560);
#1820=EDGE_LOOP('',(#4561,#4562,#4563,#4564,#4565,#4566));
#1821=AXIS2_PLACEMENT_3D('',#4567,#4568,#4569);
#1822=EDGE_LOOP('',(#4570,#4571,#4572,#4573));
#1823=AXIS2_PLACEMENT_3D('',#4574,#4575,#4576);
#1824=EDGE_LOOP('',(#4577,#4578,#4579,#4580));
#1825=AXIS2_PLACEMENT_3D('',#4581,#4582,#4583);
#1826=EDGE_LOOP('',(#4584,#4585,#4586,#4587));
#1827=AXIS2_PLACEMENT_3D('',#4588,#4589,#4590);
#1828=EDGE_LOOP('',(#4591,#4592,#4593,#4594));
#1829=AXIS2_PLACEMENT_3D('',#4595,#4596,#4597);
#1830=EDGE_LOOP('',(#4598,#4599,#4600,#4601,#4602,#4603,#4604,#4605,#4606,#4607));
#1831=AXIS2_PLACEMENT_3D('',#4608,#4609,#4610);
#1832=EDGE_LOOP('',(#4611,#4612,#4613,#4614,#4615,#4616,#4617,#4618,#4619,#4620));
#1833=AXIS2_PLACEMENT_3D('',#4621,#4622,#4623);
#1834=EDGE_LOOP('',(#4624,#4625,#4626,#4627));
#1835=AXIS2_PLACEMENT_3D('',#4628,#4629,#4630);
#1836=EDGE_LOOP('',(#4631,#4632,#4633,#4634));
#1837=AXIS2_PLACEMENT_3D('',#4635,#4636,#4637);
#1838=EDGE_LOOP('',(#4638,#4639,#4640,#4641));
#1839=AXIS2_PLACEMENT_3D('',#4642,#4643,#4644);
#1840=EDGE_LOOP('',(#4645,#4646,#4647,#4648));
#1841=AXIS2_PLACEMENT_3D('',#4649,#4650,#4651);
#1842=EDGE_LOOP('',(#4652,#4653,#4654,#4655));
#1843=AXIS2_PLACEMENT_3D('',#4656,#4657,#4658);
#1844=EDGE_LOOP('',(#4659,#4660,#4661,#4662));
#1845=AXIS2_PLACEMENT_3D('',#4663,#4664,#4665);
#1846=EDGE_LOOP('',(#4666,#4667,#4668,#4669));
#1847=AXIS2_PLACEMENT_3D('',#4670,#4671,#4672);
#1848=EDGE_LOOP('',(#4673,#4674,#4675,#4676));
#1849=AXIS2_PLACEMENT_3D('',#4677,#4678,#4679);
#1850=EDGE_LOOP('',(#4680,#4681,#4682,#4683));
#1851=AXIS2_PLACEMENT_3D('',#4684,#4685,#4686);
#1852=EDGE_LOOP('',(#4687,#4688,#4689,#4690,#4691,#4692,#4693,#4694,#4695,#4696));
#1853=AXIS2_PLACEMENT_3D('',#4697,#4698,#4699);
#1854=EDGE_LOOP('',(#4700,#4701,#4702,#4703,#4704,#4705,#4706,#4707,#4708,#4709));
#1855=AXIS2_PLACEMENT_3D('',#4710,#4711,#4712);
#1856=EDGE_LOOP('',(#4713,#4714,#4715,#4716));
#1857=AXIS2_PLACEMENT_3D('',#4717,#4718,#4719);
#1858=EDGE_LOOP('',(#4720,#4721,#4722,#4723));
#1859=AXIS2_PLACEMENT_3D('',#4724,#4725,#4726);
#1860=EDGE_LOOP('',(#4727,#4728,#4729,#4730));
#1861=AXIS2_PLACEMENT_3D('',#4731,#4732,#4733);
#1862=EDGE_LOOP('',(#4734,#4735,#4736,#4737));
#1863=AXIS2_PLACEMENT_3D('',#4738,#4739,#4740);
#1864=EDGE_LOOP('',(#4741,#4742,#4743,#4744));
#1865=AXIS2_PLACEMENT_3D('',#4745,#4746,#4747);
#1866=EDGE_LOOP('',(#4748,#4749,#4750,#4751));
#1867=AXIS2_PLACEMENT_3D('',#4752,#4753,#4754);
#1868=EDGE_LOOP('',(#4755,#4756,#4757,#4758));
#1869=AXIS2_PLACEMENT_3D('',#4759,#4760,#4761);
#1870=EDGE_LOOP('',(#4762,#4763,#4764,#4765));
#1871=AXIS2_PLACEMENT_3D('',#4766,#4767,#4768);
#1872=EDGE_LOOP('',(#4769,#4770,#4771,#4772));
#1873=AXIS2_PLACEMENT_3D('',#4773,#4774,#4775);
#1874=EDGE_LOOP('',(#4776,#4777,#4778,#4779,#4780,#4781,#4782,#4783,#4784,#4785));
#1875=AXIS2_PLACEMENT_3D('',#4786,#4787,#4788);
#1876=EDGE_LOOP('',(#4789,#4790,#4791,#4792,#4793,#4794,#4795,#4796,#4797,#4798));
#1877=AXIS2_PLACEMENT_3D('',#4799,#4800,#4801);
#1878=EDGE_LOOP('',(#4802,#4803,#4804,#4805));
#1879=AXIS2_PLACEMENT_3D('',#4806,#4807,#4808);
#1880=EDGE_LOOP('',(#4809,#4810,#4811,#4812));
#1881=AXIS2_PLACEMENT_3D('',#4813,#4814,#4815);
#1882=EDGE_LOOP('',(#4816,#4817,#4818,#4819));
#1883=AXIS2_PLACEMENT_3D('',#4820,#4821,#4822);
#1884=EDGE_LOOP('',(#4823,#4824,#4825,#4826));
#1885=AXIS2_PLACEMENT_3D('',#4827,#4828,#4829);
#1886=EDGE_LOOP('',(#4830,#4831,#4832,#4833));
#1887=AXIS2_PLACEMENT_3D('',#4834,#4835,#4836);
#1888=EDGE_LOOP('',(#4837,#4838,#4839,#4840));
#1889=AXIS2_PLACEMENT_3D('',#4841,#4842,#4843);
#1890=EDGE_LOOP('',(#4844,#4845,#4846,#4847));
#1891=AXIS2_PLACEMENT_3D('',#4848,#4849,#4850);
#1892=EDGE_LOOP('',(#4851,#4852,#4853,#4854));
#1893=AXIS2_PLACEMENT_3D('',#4855,#4856,#4857);
#1894=EDGE_LOOP('',(#4858,#4859,#4860,#4861));
#1895=AXIS2_PLACEMENT_3D('',#4862,#4863,#4864);
#1896=EDGE_LOOP('',(#4865,#4866,#4867,#4868,#4869,#4870,#4871,#4872,#4873,#4874));
#1897=AXIS2_PLACEMENT_3D('',#4875,#4876,#4877);
#1898=EDGE_LOOP('',(#4878,#4879,#4880,#4881,#4882,#4883,#4884,#4885,#4886,#4887));
#1899=AXIS2_PLACEMENT_3D('',#4888,#4889,#4890);
#1900=EDGE_LOOP('',(#4891,#4892,#4893,#4894));
#1901=AXIS2_PLACEMENT_3D('',#4895,#4896,#4897);
#1902=EDGE_LOOP('',(#4898,#4899,#4900,#4901));
#1903=AXIS2_PLACEMENT_3D('',#4902,#4903,#4904);
#1904=EDGE_LOOP('',(#4905,#4906,#4907,#4908));
#1905=AXIS2_PLACEMENT_3D('',#4909,#4910,#4911);
#1906=EDGE_LOOP('',(#4912,#4913,#4914,#4915));
#1907=AXIS2_PLACEMENT_3D('',#4916,#4917,#4918);
#1908=EDGE_LOOP('',(#4919,#4920,#4921,#4922));
#1909=AXIS2_PLACEMENT_3D('',#4923,#4924,#4925);
#1910=EDGE_LOOP('',(#4926,#4927,#4928,#4929));
#1911=AXIS2_PLACEMENT_3D('',#4930,#4931,#4932);
#1912=EDGE_LOOP('',(#4933,#4934,#4935,#4936));
#1913=AXIS2_PLACEMENT_3D('',#4937,#4938,#4939);
#1914=EDGE_LOOP('',(#4940,#4941,#4942,#4943));
#1915=AXIS2_PLACEMENT_3D('',#4944,#4945,#4946);
#1916=EDGE_LOOP('',(#4947,#4948,#4949,#4950));
#1917=AXIS2_PLACEMENT_3D('',#4951,#4952,#4953);
#1918=EDGE_LOOP('',(#4954,#4955,#4956,#4957,#4958,#4959,#4960,#4961,#4962,#4963));
#1919=AXIS2_PLACEMENT_3D('',#4964,#4965,#4966);
#1920=EDGE_LOOP('',(#4967,#4968,#4969,#4970,#4971,#4972,#4973,#4974,#4975,#4976));
#1921=AXIS2_PLACEMENT_3D('',#4977,#4978,#4979);
#1922=EDGE_LOOP('',(#4980,#4981,#4982,#4983));
#1923=AXIS2_PLACEMENT_3D('',#4984,#4985,#4986);
#1924=EDGE_LOOP('',(#4987,#4988,#4989,#4990));
#1925=AXIS2_PLACEMENT_3D('',#4991,#4992,#4993);
#1926=EDGE_LOOP('',(#4994,#4995,#4996,#4997));
#1927=AXIS2_PLACEMENT_3D('',#4998,#4999,#5000);
#1928=EDGE_LOOP('',(#5001,#5002,#5003,#5004));
#1929=AXIS2_PLACEMENT_3D('',#5005,#5006,#5007);
#1930=EDGE_LOOP('',(#5008,#5009,#5010,#5011));
#1931=AXIS2_PLACEMENT_3D('',#5012,#5013,#5014);
#1932=EDGE_LOOP('',(#5015,#5016,#5017,#5018));
#1933=AXIS2_PLACEMENT_3D('',#5019,#5020,#5021);
#1934=EDGE_LOOP('',(#5022,#5023,#5024,#5025));
#1935=AXIS2_PLACEMENT_3D('',#5026,#5027,#5028);
#1936=EDGE_LOOP('',(#5029,#5030,#5031,#5032));
#1937=AXIS2_PLACEMENT_3D('',#5033,#5034,#5035);
#1938=EDGE_LOOP('',(#5036,#5037,#5038,#5039));
#1939=AXIS2_PLACEMENT_3D('',#5040,#5041,#5042);
#1940=EDGE_LOOP('',(#5043,#5044,#5045,#5046,#5047,#5048,#5049,#5050,#5051,#5052));
#1941=AXIS2_PLACEMENT_3D('',#5053,#5054,#5055);
#1942=EDGE_LOOP('',(#5056,#5057,#5058,#5059,#5060,#5061,#5062,#5063,#5064,#5065));
#1943=AXIS2_PLACEMENT_3D('',#5066,#5067,#5068);
#1944=EDGE_LOOP('',(#5069,#5070,#5071,#5072));
#1945=AXIS2_PLACEMENT_3D('',#5073,#5074,#5075);
#1946=EDGE_LOOP('',(#5076,#5077,#5078,#5079));
#1947=AXIS2_PLACEMENT_3D('',#5080,#5081,#5082);
#1948=EDGE_LOOP('',(#5083,#5084,#5085,#5086));
#1949=AXIS2_PLACEMENT_3D('',#5087,#5088,#5089);
#1950=EDGE_LOOP('',(#5090,#5091,#5092,#5093));
#1951=AXIS2_PLACEMENT_3D('',#5094,#5095,#5096);
#1952=EDGE_LOOP('',(#5097,#5098,#5099,#5100));
#1953=AXIS2_PLACEMENT_3D('',#5101,#5102,#5103);
#1954=EDGE_LOOP('',(#5104,#5105,#5106,#5107));
#1955=AXIS2_PLACEMENT_3D('',#5108,#5109,#5110);
#1956=EDGE_LOOP('',(#5111,#5112,#5113,#5114));
#1957=AXIS2_PLACEMENT_3D('',#5115,#5116,#5117);
#1958=EDGE_LOOP('',(#5118,#5119,#5120,#5121));
#1959=AXIS2_PLACEMENT_3D('',#5122,#5123,#5124);
#1960=EDGE_LOOP('',(#5125,#5126,#5127,#5128));
#1961=AXIS2_PLACEMENT_3D('',#5129,#5130,#5131);
#1962=EDGE_LOOP('',(#5132,#5133,#5134,#5135,#5136,#5137,#5138,#5139,#5140,#5141));
#1963=AXIS2_PLACEMENT_3D('',#5142,#5143,#5144);
#1964=EDGE_LOOP('',(#5145,#5146,#5147,#5148,#5149,#5150,#5151,#5152,#5153,#5154));
#1965=AXIS2_PLACEMENT_3D('',#5155,#5156,#5157);
#1966=EDGE_LOOP('',(#5158,#5159,#5160,#5161));
#1967=AXIS2_PLACEMENT_3D('',#5162,#5163,#5164);
#1968=EDGE_LOOP('',(#5165,#5166,#5167,#5168));
#1969=AXIS2_PLACEMENT_3D('',#5169,#5170,#5171);
#1970=EDGE_LOOP('',(#5172,#5173,#5174,#5175));
#1971=AXIS2_PLACEMENT_3D('',#5176,#5177,#5178);
#1972=EDGE_LOOP('',(#5179,#5180,#5181,#5182));
#1973=AXIS2_PLACEMENT_3D('',#5183,#5184,#5185);
#1974=EDGE_LOOP('',(#5186,#5187,#5188,#5189));
#1975=AXIS2_PLACEMENT_3D('',#5190,#5191,#5192);
#1976=EDGE_LOOP('',(#5193,#5194,#5195,#5196));
#1977=AXIS2_PLACEMENT_3D('',#5197,#5198,#5199);
#1978=EDGE_LOOP('',(#5200,#5201,#5202,#5203));
#1979=AXIS2_PLACEMENT_3D('',#5204,#5205,#5206);
#1980=EDGE_LOOP('',(#5207,#5208,#5209,#5210));
#1981=AXIS2_PLACEMENT_3D('',#5211,#5212,#5213);
#1982=EDGE_LOOP('',(#5214,#5215,#5216,#5217));
#1983=AXIS2_PLACEMENT_3D('',#5218,#5219,#5220);
#1984=EDGE_LOOP('',(#5221,#5222,#5223,#5224,#5225,#5226,#5227,#5228,#5229,#5230));
#1985=AXIS2_PLACEMENT_3D('',#5231,#5232,#5233);
#1986=EDGE_LOOP('',(#5234,#5235,#5236,#5237,#5238,#5239,#5240,#5241,#5242,#5243));
#1987=AXIS2_PLACEMENT_3D('',#5244,#5245,#5246);
#1988=EDGE_LOOP('',(#5247,#5248,#5249,#5250));
#1989=AXIS2_PLACEMENT_3D('',#5251,#5252,#5253);
#1990=EDGE_LOOP('',(#5254,#5255,#5256,#5257));
#1991=AXIS2_PLACEMENT_3D('',#5258,#5259,#5260);
#1992=EDGE_LOOP('',(#5261,#5262,#5263,#5264));
#1993=AXIS2_PLACEMENT_3D('',#5265,#5266,#5267);
#1994=EDGE_LOOP('',(#5268,#5269,#5270,#5271));
#1995=AXIS2_PLACEMENT_3D('',#5272,#5273,#5274);
#1996=EDGE_LOOP('',(#5275,#5276,#5277,#5278));
#1997=AXIS2_PLACEMENT_3D('',#5279,#5280,#5281);
#1998=EDGE_LOOP('',(#5282,#5283,#5284,#5285));
#1999=AXIS2_PLACEMENT_3D('',#5286,#5287,#5288);
#2000=EDGE_LOOP('',(#5289,#5290,#5291,#5292));
#2001=AXIS2_PLACEMENT_3D('',#5293,#5294,#5295);
#2002=EDGE_LOOP('',(#5296,#5297,#5298,#5299));
#2003=AXIS2_PLACEMENT_3D('',#5300,#5301,#5302);
#2004=EDGE_LOOP('',(#5303,#5304,#5305,#5306));
#2005=AXIS2_PLACEMENT_3D('',#5307,#5308,#5309);
#2006=EDGE_LOOP('',(#5310,#5311,#5312,#5313,#5314,#5315,#5316,#5317,#5318,#5319));
#2007=AXIS2_PLACEMENT_3D('',#5320,#5321,#5322);
#2008=EDGE_LOOP('',(#5323,#5324,#5325,#5326,#5327,#5328,#5329,#5330,#5331,#5332));
#2009=AXIS2_PLACEMENT_3D('',#5333,#5334,#5335);
#2010=EDGE_LOOP('',(#5336,#5337,#5338,#5339));
#2011=AXIS2_PLACEMENT_3D('',#5340,#5341,#5342);
#2012=EDGE_LOOP('',(#5343,#5344,#5345,#5346));
#2013=AXIS2_PLACEMENT_3D('',#5347,#5348,#5349);
#2014=EDGE_LOOP('',(#5350,#5351,#5352,#5353));
#2015=AXIS2_PLACEMENT_3D('',#5354,#5355,#5356);
#2016=EDGE_LOOP('',(#5357,#5358,#5359,#5360));
#2017=AXIS2_PLACEMENT_3D('',#5361,#5362,#5363);
#2018=EDGE_LOOP('',(#5364,#5365,#5366,#5367));
#2019=AXIS2_PLACEMENT_3D('',#5368,#5369,#5370);
#2020=EDGE_LOOP('',(#5371,#5372,#5373,#5374));
#2021=AXIS2_PLACEMENT_3D('',#5375,#5376,#5377);
#2022=EDGE_LOOP('',(#5378,#5379,#5380,#5381));
#2023=AXIS2_PLACEMENT_3D('',#5382,#5383,#5384);
#2024=EDGE_LOOP('',(#5385,#5386,#5387,#5388,#5389,#5390,#5391,#5392,#5393,#5394,#5395,#5396));
#2025=AXIS2_PLACEMENT_3D('',#5397,#5398,#5399);
#2026=EDGE_LOOP('',(#5400,#5401,#5402,#5403));
#2027=AXIS2_PLACEMENT_3D('',#5404,#5405,#5406);
#2028=EDGE_LOOP('',(#5407,#5408,#5409,#5410));
#2029=AXIS2_PLACEMENT_3D('',#5411,#5412,#5413);
#2030=EDGE_LOOP('',(#5414,#5415,#5416,#5417,#5418,#5419,#5420,#5421,#5422,#5423,#5424,#5425));
#2031=AXIS2_PLACEMENT_3D('',#5426,#5427,#5428);
#2032=EDGE_LOOP('',(#5429,#5430,#5431,#5432));
#2033=AXIS2_PLACEMENT_3D('',#5433,#5434,#5435);
#2034=EDGE_LOOP('',(#5436,#5437,#5438,#5439));
#2035=AXIS2_PLACEMENT_3D('',#5440,#5441,#5442);
#2036=EDGE_LOOP('',(#5443,#5444,#5445,#5446));
#2037=AXIS2_PLACEMENT_3D('',#5447,#5448,#5449);
#2038=EDGE_LOOP('',(#5450,#5451,#5452,#5453));
#2039=AXIS2_PLACEMENT_3D('',#5454,#5455,#5456);
#2040=EDGE_LOOP('',(#5457,#5458,#5459,#5460));
#2041=AXIS2_PLACEMENT_3D('',#5461,#5462,#5463);
#2042=EDGE_LOOP('',(#5464,#5465,#5466,#5467,#5468,#5469,#5470,#5471));
#2043=AXIS2_PLACEMENT_3D('',#5472,#5473,#5474);
#2044=EDGE_LOOP('',(#5475,#5476,#5477,#5478,#5479,#5480,#5481,#5482));
#2045=AXIS2_PLACEMENT_3D('',#5483,#5484,#5485);
#2046=EDGE_LOOP('',(#5486,#5487,#5488,#5489));
#2047=AXIS2_PLACEMENT_3D('',#5490,#5491,#5492);
#2048=EDGE_LOOP('',(#5493,#5494,#5495,#5496,#5497,#5498));
#2049=AXIS2_PLACEMENT_3D('',#5499,#5500,#5501);
#2050=EDGE_LOOP('',(#5502,#5503,#5504,#5505));
#2051=AXIS2_PLACEMENT_3D('',#5506,#5507,#5508);
#2052=EDGE_LOOP('',(#5509,#5510,#5511,#5512));
#2053=AXIS2_PLACEMENT_3D('',#5513,#5514,#5515);
#2054=EDGE_LOOP('',(#5516,#5517,#5518,#5519));
#2055=AXIS2_PLACEMENT_3D('',#5520,#5521,#5522);
#2056=EDGE_LOOP('',(#5523,#5524,#5525,#5526,#5527,#5528));
#2057=AXIS2_PLACEMENT_3D('',#5529,#5530,#5531);
#2058=EDGE_LOOP('',(#5532,#5533,#5534,#5535));
#2059=AXIS2_PLACEMENT_3D('',#5536,#5537,#5538);
#2060=EDGE_LOOP('',(#5539,#5540,#5541,#5542));
#2061=AXIS2_PLACEMENT_3D('',#5543,#5544,#5545);
#2062=EDGE_LOOP('',(#5546,#5547,#5548,#5549));
#2063=AXIS2_PLACEMENT_3D('',#5550,#5551,#5552);
#2064=EDGE_LOOP('',(#5553,#5554,#5555,#5556));
#2065=AXIS2_PLACEMENT_3D('',#5557,#5558,#5559);
#2066=EDGE_LOOP('',(#5560,#5561,#5562,#5563,#5564,#5565));
#2067=AXIS2_PLACEMENT_3D('',#5566,#5567,#5568);
#2068=EDGE_LOOP('',(#5569,#5570,#5571,#5572,#5573,#5574));
#2069=AXIS2_PLACEMENT_3D('',#5575,#5576,#5577);
#2070=EDGE_LOOP('',(#5578,#5579,#5580,#5581,#5582,#5583,#5584,#5585,#5586,#5587,#5588,#5589));
#2071=AXIS2_PLACEMENT_3D('',#5590,#5591,#5592);
#2072=EDGE_LOOP('',(#5593,#5594,#5595,#5596,#5597,#5598,#5599,#5600,#5601,#5602,#5603,#5604));
#2073=AXIS2_PLACEMENT_3D('',#5605,#5606,#5607);
#2074=EDGE_LOOP('',(#5608,#5609,#5610,#5611,#5612,#5613,#5614,#5615));
#2075=AXIS2_PLACEMENT_3D('',#5616,#5617,#5618);
#2076=EDGE_LOOP('',(#5619,#5620,#5621,#5622,#5623,#5624,#5625,#5626));
#2077=AXIS2_PLACEMENT_3D('',#5627,#5628,#5629);
#2078=EDGE_LOOP('',(#5630,#5631,#5632,#5633));
#2079=AXIS2_PLACEMENT_3D('',#5634,#5635,#5636);
#2080=EDGE_LOOP('',(#5637,#5638,#5639,#5640));
#2081=AXIS2_PLACEMENT_3D('',#5641,#5642,#5643);
#2082=EDGE_LOOP('',(#5644,#5645,#5646,#5647));
#2083=AXIS2_PLACEMENT_3D('',#5648,#5649,#5650);
#2084=EDGE_LOOP('',(#5651,#5652,#5653,#5654));
#2085=AXIS2_PLACEMENT_3D('',#5655,#5656,#5657);
#2086=EDGE_LOOP('',(#5658,#5659,#5660,#5661));
#2087=AXIS2_PLACEMENT_3D('',#5662,#5663,#5664);
#2088=EDGE_LOOP('',(#5665,#5666,#5667,#5668));
#2089=AXIS2_PLACEMENT_3D('',#5669,#5670,#5671);
#2090=EDGE_LOOP('',(#5672,#5673,#5674,#5675));
#2091=AXIS2_PLACEMENT_3D('',#5676,#5677,#5678);
#2092=EDGE_LOOP('',(#5679,#5680,#5681,#5682));
#2093=AXIS2_PLACEMENT_3D('',#5683,#5684,#5685);
#2094=EDGE_LOOP('',(#5686,#5687,#5688,#5689));
#2095=AXIS2_PLACEMENT_3D('',#5690,#5691,#5692);
#2096=EDGE_LOOP('',(#5693,#5694,#5695,#5696));
#2097=AXIS2_PLACEMENT_3D('',#5697,#5698,#5699);
#2098=EDGE_LOOP('',(#5700,#5701,#5702,#5703));
#2099=AXIS2_PLACEMENT_3D('',#5704,#5705,#5706);
#2100=FILL_AREA_STYLE_COLOUR('',#5707);
#2101=ORIENTED_EDGE('',*,*,#5708,.F.);
#2102=ORIENTED_EDGE('',*,*,#5709,.T.);
#2103=ORIENTED_EDGE('',*,*,#5710,.F.);
#2104=ORIENTED_EDGE('',*,*,#5711,.F.);
#2105=CARTESIAN_POINT('',(3.66,0.450000000000001,1.7));
#2106=DIRECTION('',(1.0,-0.0,0.0));
#2107=DIRECTION('',(0.0,0.0,1.0));
#2108=ORIENTED_EDGE('',*,*,#5712,.F.);
#2109=ORIENTED_EDGE('',*,*,#5713,.T.);
#2110=ORIENTED_EDGE('',*,*,#5714,.F.);
#2111=ORIENTED_EDGE('',*,*,#5715,.F.);
#2112=CARTESIAN_POINT('',(2.66,0.450000000000001,1.7));
#2113=DIRECTION('',(1.0,-0.0,0.0));
#2114=DIRECTION('',(0.0,0.0,1.0));
#2115=ORIENTED_EDGE('',*,*,#5716,.F.);
#2116=ORIENTED_EDGE('',*,*,#5717,.T.);
#2117=ORIENTED_EDGE('',*,*,#5718,.F.);
#2118=ORIENTED_EDGE('',*,*,#5719,.F.);
#2119=CARTESIAN_POINT('',(1.66,0.450000000000001,1.7));
#2120=DIRECTION('',(1.0,-0.0,0.0));
#2121=DIRECTION('',(0.0,0.0,1.0));
#2122=ORIENTED_EDGE('',*,*,#5720,.F.);
#2123=ORIENTED_EDGE('',*,*,#5721,.T.);
#2124=ORIENTED_EDGE('',*,*,#5722,.F.);
#2125=ORIENTED_EDGE('',*,*,#5723,.F.);
#2126=CARTESIAN_POINT('',(0.660000000000002,0.450000000000001,1.7));
#2127=DIRECTION('',(1.0,-0.0,0.0));
#2128=DIRECTION('',(0.0,0.0,1.0));
#2129=ORIENTED_EDGE('',*,*,#5724,.F.);
#2130=ORIENTED_EDGE('',*,*,#5725,.T.);
#2131=ORIENTED_EDGE('',*,*,#5726,.F.);
#2132=ORIENTED_EDGE('',*,*,#5727,.F.);
#2133=CARTESIAN_POINT('',(-0.339999999999998,0.450000000000001,1.7));
#2134=DIRECTION('',(1.0,-0.0,0.0));
#2135=DIRECTION('',(0.0,0.0,1.0));
#2136=ORIENTED_EDGE('',*,*,#5728,.F.);
#2137=ORIENTED_EDGE('',*,*,#5729,.T.);
#2138=ORIENTED_EDGE('',*,*,#5730,.F.);
#2139=ORIENTED_EDGE('',*,*,#5731,.F.);
#2140=CARTESIAN_POINT('',(-1.34,0.450000000000001,1.7));
#2141=DIRECTION('',(1.0,-0.0,0.0));
#2142=DIRECTION('',(0.0,0.0,1.0));
#2143=ORIENTED_EDGE('',*,*,#5732,.F.);
#2144=ORIENTED_EDGE('',*,*,#5733,.T.);
#2145=ORIENTED_EDGE('',*,*,#5734,.F.);
#2146=ORIENTED_EDGE('',*,*,#5735,.F.);
#2147=CARTESIAN_POINT('',(-2.34,0.450000000000001,1.7));
#2148=DIRECTION('',(1.0,-0.0,0.0));
#2149=DIRECTION('',(0.0,0.0,1.0));
#2150=ORIENTED_EDGE('',*,*,#5736,.F.);
#2151=ORIENTED_EDGE('',*,*,#5737,.T.);
#2152=ORIENTED_EDGE('',*,*,#5738,.F.);
#2153=ORIENTED_EDGE('',*,*,#5739,.F.);
#2154=CARTESIAN_POINT('',(-3.34,0.450000000000001,1.7));
#2155=DIRECTION('',(1.0,-0.0,0.0));
#2156=DIRECTION('',(0.0,0.0,1.0));
#2157=ORIENTED_EDGE('',*,*,#5740,.F.);
#2158=ORIENTED_EDGE('',*,*,#5741,.T.);
#2159=ORIENTED_EDGE('',*,*,#5742,.F.);
#2160=ORIENTED_EDGE('',*,*,#5743,.F.);
#2161=CARTESIAN_POINT('',(-4.34,0.450000000000001,1.7));
#2162=DIRECTION('',(1.0,-0.0,0.0));
#2163=DIRECTION('',(0.0,0.0,1.0));
#2164=ORIENTED_EDGE('',*,*,#5744,.F.);
#2165=ORIENTED_EDGE('',*,*,#5745,.T.);
#2166=ORIENTED_EDGE('',*,*,#5746,.F.);
#2167=ORIENTED_EDGE('',*,*,#5747,.F.);
#2168=CARTESIAN_POINT('',(4.66,0.450000000000001,1.7));
#2169=DIRECTION('',(1.0,-0.0,0.0));
#2170=DIRECTION('',(0.0,0.0,1.0));
#2171=ORIENTED_EDGE('',*,*,#5748,.F.);
#2172=ORIENTED_EDGE('',*,*,#5749,.T.);
#2173=ORIENTED_EDGE('',*,*,#5750,.F.);
#2174=ORIENTED_EDGE('',*,*,#5751,.F.);
#2175=CARTESIAN_POINT('',(-6.795,1.50585062420488,1.32));
#2176=DIRECTION('',(0.0,0.0,-1.0));
#2177=DIRECTION('',(1.0,0.0,0.0));
#2178=ORIENTED_EDGE('',*,*,#5752,.F.);
#2179=ORIENTED_EDGE('',*,*,#5753,.T.);
#2180=ORIENTED_EDGE('',*,*,#5754,.T.);
#2181=ORIENTED_EDGE('',*,*,#5755,.F.);
#2182=CARTESIAN_POINT('',(6.795,1.50585062420488,1.32));
#2183=DIRECTION('',(0.0,0.0,-1.0));
#2184=DIRECTION('',(1.0,0.0,0.0));
#2185=ORIENTED_EDGE('',*,*,#5756,.F.);
#2186=ORIENTED_EDGE('',*,*,#5757,.F.);
#2187=ORIENTED_EDGE('',*,*,#5758,.F.);
#2188=ORIENTED_EDGE('',*,*,#5759,.F.);
#2189=ORIENTED_EDGE('',*,*,#5760,.T.);
#2190=ORIENTED_EDGE('',*,*,#5761,.F.);
#2191=ORIENTED_EDGE('',*,*,#5762,.F.);
#2192=ORIENTED_EDGE('',*,*,#5763,.F.);
#2193=ORIENTED_EDGE('',*,*,#5764,.F.);
#2194=ORIENTED_EDGE('',*,*,#5765,.F.);
#2195=CARTESIAN_POINT('',(-6.875,0.0,0.0));
#2196=DIRECTION('',(1.0,0.0,0.0));
#2197=DIRECTION('',(0.0,1.0,0.0));
#2198=ORIENTED_EDGE('',*,*,#5766,.F.);
#2199=ORIENTED_EDGE('',*,*,#5767,.F.);
#2200=ORIENTED_EDGE('',*,*,#5768,.F.);
#2201=ORIENTED_EDGE('',*,*,#5769,.F.);
#2202=CARTESIAN_POINT('',(-6.875,0.0,0.0));
#2203=DIRECTION('',(1.0,0.0,0.0));
#2204=DIRECTION('',(0.0,1.0,0.0));
#2205=ORIENTED_EDGE('',*,*,#5770,.T.);
#2206=ORIENTED_EDGE('',*,*,#5771,.T.);
#2207=ORIENTED_EDGE('',*,*,#5772,.T.);
#2208=ORIENTED_EDGE('',*,*,#5773,.T.);
#2209=ORIENTED_EDGE('',*,*,#5774,.T.);
#2210=ORIENTED_EDGE('',*,*,#5775,.T.);
#2211=ORIENTED_EDGE('',*,*,#5776,.T.);
#2212=ORIENTED_EDGE('',*,*,#5777,.F.);
#2213=ORIENTED_EDGE('',*,*,#5778,.T.);
#2214=ORIENTED_EDGE('',*,*,#5779,.T.);
#2215=CARTESIAN_POINT('',(6.875,0.0,0.0));
#2216=DIRECTION('',(1.0,0.0,0.0));
#2217=DIRECTION('',(0.0,1.0,0.0));
#2218=ORIENTED_EDGE('',*,*,#5780,.F.);
#2219=ORIENTED_EDGE('',*,*,#5781,.F.);
#2220=ORIENTED_EDGE('',*,*,#5782,.T.);
#2221=ORIENTED_EDGE('',*,*,#5783,.F.);
#2222=ORIENTED_EDGE('',*,*,#5784,.F.);
#2223=ORIENTED_EDGE('',*,*,#5785,.F.);
#2224=ORIENTED_EDGE('',*,*,#5786,.F.);
#2225=ORIENTED_EDGE('',*,*,#5787,.F.);
#2226=ORIENTED_EDGE('',*,*,#5788,.F.);
#2227=ORIENTED_EDGE('',*,*,#5768,.T.);
#2228=ORIENTED_EDGE('',*,*,#5789,.F.);
#2229=ORIENTED_EDGE('',*,*,#5790,.F.);
#2230=ORIENTED_EDGE('',*,*,#5791,.T.);
#2231=ORIENTED_EDGE('',*,*,#5792,.T.);
#2232=ORIENTED_EDGE('',*,*,#5793,.F.);
#2233=ORIENTED_EDGE('',*,*,#5794,.F.);
#2234=ORIENTED_EDGE('',*,*,#5795,.F.);
#2235=ORIENTED_EDGE('',*,*,#5796,.F.);
#2236=ORIENTED_EDGE('',*,*,#5797,.T.);
#2237=ORIENTED_EDGE('',*,*,#5798,.T.);
#2238=ORIENTED_EDGE('',*,*,#5799,.F.);
#2239=ORIENTED_EDGE('',*,*,#5800,.F.);
#2240=ORIENTED_EDGE('',*,*,#5801,.F.);
#2241=ORIENTED_EDGE('',*,*,#5802,.F.);
#2242=ORIENTED_EDGE('',*,*,#5803,.F.);
#2243=ORIENTED_EDGE('',*,*,#5804,.T.);
#2244=ORIENTED_EDGE('',*,*,#5805,.T.);
#2245=ORIENTED_EDGE('',*,*,#5806,.F.);
#2246=ORIENTED_EDGE('',*,*,#5807,.F.);
#2247=ORIENTED_EDGE('',*,*,#5808,.F.);
#2248=ORIENTED_EDGE('',*,*,#5809,.F.);
#2249=ORIENTED_EDGE('',*,*,#5810,.F.);
#2250=CARTESIAN_POINT('',(0.0,-2.16840434497101E-16,0.0));
#2251=DIRECTION('',(0.0,-1.0,0.0));
#2252=DIRECTION('',(0.0,0.0,-1.0));
#2253=ORIENTED_EDGE('',*,*,#5811,.F.);
#2254=ORIENTED_EDGE('',*,*,#5812,.T.);
#2255=ORIENTED_EDGE('',*,*,#5813,.F.);
#2256=ORIENTED_EDGE('',*,*,#5814,.F.);
#2257=ORIENTED_EDGE('',*,*,#5808,.T.);
#2258=ORIENTED_EDGE('',*,*,#5815,.T.);
#2259=ORIENTED_EDGE('',*,*,#5816,.F.);
#2260=ORIENTED_EDGE('',*,*,#5817,.T.);
#2261=ORIENTED_EDGE('',*,*,#5818,.T.);
#2262=ORIENTED_EDGE('',*,*,#5819,.T.);
#2263=CARTESIAN_POINT('',(-7.8,-2.16840434497101E-16,2.6));
#2264=DIRECTION('',(-1.0,0.0,0.0));
#2265=DIRECTION('',(0.0,0.0,1.0));
#2266=ORIENTED_EDGE('',*,*,#5820,.T.);
#2267=ORIENTED_EDGE('',*,*,#5821,.T.);
#2268=ORIENTED_EDGE('',*,*,#5822,.F.);
#2269=ORIENTED_EDGE('',*,*,#5823,.F.);
#2270=ORIENTED_EDGE('',*,*,#5824,.T.);
#2271=ORIENTED_EDGE('',*,*,#5825,.T.);
#2272=ORIENTED_EDGE('',*,*,#5826,.F.);
#2273=ORIENTED_EDGE('',*,*,#5802,.T.);
#2274=ORIENTED_EDGE('',*,*,#5827,.T.);
#2275=ORIENTED_EDGE('',*,*,#5828,.F.);
#2276=CARTESIAN_POINT('',(7.8,-2.16840434497101E-16,0.299999999999998));
#2277=DIRECTION('',(1.0,0.0,0.0));
#2278=DIRECTION('',(0.0,1.0,0.0));
#2279=ORIENTED_EDGE('',*,*,#5829,.F.);
#2280=ORIENTED_EDGE('',*,*,#5830,.T.);
#2281=ORIENTED_EDGE('',*,*,#5790,.T.);
#2282=ORIENTED_EDGE('',*,*,#5831,.T.);
#2283=CARTESIAN_POINT('',(6.875,0.0,0.0));
#2284=DIRECTION('',(1.0,0.0,0.0));
#2285=DIRECTION('',(0.0,1.0,0.0));
#2286=ORIENTED_EDGE('',*,*,#5832,.T.);
#2287=ORIENTED_EDGE('',*,*,#5833,.F.);
#2288=ORIENTED_EDGE('',*,*,#5834,.F.);
#2289=ORIENTED_EDGE('',*,*,#5835,.F.);
#2290=ORIENTED_EDGE('',*,*,#5836,.F.);
#2291=ORIENTED_EDGE('',*,*,#5837,.T.);
#2292=ORIENTED_EDGE('',*,*,#5838,.F.);
#2293=ORIENTED_EDGE('',*,*,#5772,.F.);
#2294=ORIENTED_EDGE('',*,*,#5839,.F.);
#2295=ORIENTED_EDGE('',*,*,#5831,.F.);
#2296=ORIENTED_EDGE('',*,*,#5789,.T.);
#2297=ORIENTED_EDGE('',*,*,#5767,.T.);
#2298=ORIENTED_EDGE('',*,*,#5840,.T.);
#2299=ORIENTED_EDGE('',*,*,#5765,.T.);
#2300=ORIENTED_EDGE('',*,*,#5841,.T.);
#2301=ORIENTED_EDGE('',*,*,#5842,.F.);
#2302=ORIENTED_EDGE('',*,*,#5843,.F.);
#2303=ORIENTED_EDGE('',*,*,#5844,.F.);
#2304=ORIENTED_EDGE('',*,*,#5845,.F.);
#2305=ORIENTED_EDGE('',*,*,#5846,.F.);
#2306=ORIENTED_EDGE('',*,*,#5847,.F.);
#2307=ORIENTED_EDGE('',*,*,#5848,.T.);
#2308=ORIENTED_EDGE('',*,*,#5849,.F.);
#2309=ORIENTED_EDGE('',*,*,#5850,.F.);
#2310=ORIENTED_EDGE('',*,*,#5851,.F.);
#2311=ORIENTED_EDGE('',*,*,#5852,.T.);
#2312=ORIENTED_EDGE('',*,*,#5853,.F.);
#2313=ORIENTED_EDGE('',*,*,#5854,.F.);
#2314=ORIENTED_EDGE('',*,*,#5855,.F.);
#2315=ORIENTED_EDGE('',*,*,#5856,.T.);
#2316=ORIENTED_EDGE('',*,*,#5857,.F.);
#2317=ORIENTED_EDGE('',*,*,#5858,.F.);
#2318=ORIENTED_EDGE('',*,*,#5859,.F.);
#2319=ORIENTED_EDGE('',*,*,#5860,.T.);
#2320=ORIENTED_EDGE('',*,*,#5861,.F.);
#2321=ORIENTED_EDGE('',*,*,#5862,.T.);
#2322=ORIENTED_EDGE('',*,*,#5863,.T.);
#2323=ORIENTED_EDGE('',*,*,#5864,.F.);
#2324=ORIENTED_EDGE('',*,*,#5865,.F.);
#2325=ORIENTED_EDGE('',*,*,#5866,.T.);
#2326=ORIENTED_EDGE('',*,*,#5867,.T.);
#2327=ORIENTED_EDGE('',*,*,#5868,.F.);
#2328=ORIENTED_EDGE('',*,*,#5869,.F.);
#2329=ORIENTED_EDGE('',*,*,#5870,.T.);
#2330=ORIENTED_EDGE('',*,*,#5871,.T.);
#2331=ORIENTED_EDGE('',*,*,#5872,.F.);
#2332=ORIENTED_EDGE('',*,*,#5873,.F.);
#2333=ORIENTED_EDGE('',*,*,#5874,.T.);
#2334=ORIENTED_EDGE('',*,*,#5875,.T.);
#2335=ORIENTED_EDGE('',*,*,#5876,.F.);
#2336=ORIENTED_EDGE('',*,*,#5877,.F.);
#2337=ORIENTED_EDGE('',*,*,#5878,.T.);
#2338=ORIENTED_EDGE('',*,*,#5879,.T.);
#2339=ORIENTED_EDGE('',*,*,#5880,.F.);
#2340=ORIENTED_EDGE('',*,*,#5881,.F.);
#2341=ORIENTED_EDGE('',*,*,#5882,.T.);
#2342=CARTESIAN_POINT('',(6.175,0.0,0.799999999999997));
#2343=DIRECTION('',(0.0,-5.13569450124713E-16,1.0));
#2344=DIRECTION('',(0.0,-1.0,-5.13569450124713E-16));
#2345=ORIENTED_EDGE('',*,*,#5834,.T.);
#2346=ORIENTED_EDGE('',*,*,#5883,.F.);
#2347=ORIENTED_EDGE('',*,*,#5884,.T.);
#2348=ORIENTED_EDGE('',*,*,#5885,.T.);
#2349=ORIENTED_EDGE('',*,*,#5881,.T.);
#2350=ORIENTED_EDGE('',*,*,#5886,.F.);
#2351=ORIENTED_EDGE('',*,*,#5887,.T.);
#2352=ORIENTED_EDGE('',*,*,#5888,.T.);
#2353=ORIENTED_EDGE('',*,*,#5877,.T.);
#2354=ORIENTED_EDGE('',*,*,#5889,.F.);
#2355=ORIENTED_EDGE('',*,*,#5890,.T.);
#2356=ORIENTED_EDGE('',*,*,#5891,.T.);
#2357=ORIENTED_EDGE('',*,*,#5873,.T.);
#2358=ORIENTED_EDGE('',*,*,#5892,.F.);
#2359=ORIENTED_EDGE('',*,*,#5893,.T.);
#2360=ORIENTED_EDGE('',*,*,#5894,.T.);
#2361=ORIENTED_EDGE('',*,*,#5869,.T.);
#2362=ORIENTED_EDGE('',*,*,#5895,.F.);
#2363=ORIENTED_EDGE('',*,*,#5896,.T.);
#2364=ORIENTED_EDGE('',*,*,#5897,.T.);
#2365=ORIENTED_EDGE('',*,*,#5865,.T.);
#2366=ORIENTED_EDGE('',*,*,#5898,.F.);
#2367=ORIENTED_EDGE('',*,*,#5899,.T.);
#2368=ORIENTED_EDGE('',*,*,#5900,.T.);
#2369=ORIENTED_EDGE('',*,*,#5861,.T.);
#2370=ORIENTED_EDGE('',*,*,#5901,.T.);
#2371=ORIENTED_EDGE('',*,*,#5902,.F.);
#2372=ORIENTED_EDGE('',*,*,#5903,.F.);
#2373=ORIENTED_EDGE('',*,*,#5857,.T.);
#2374=ORIENTED_EDGE('',*,*,#5904,.T.);
#2375=ORIENTED_EDGE('',*,*,#5905,.F.);
#2376=ORIENTED_EDGE('',*,*,#5906,.F.);
#2377=ORIENTED_EDGE('',*,*,#5853,.T.);
#2378=ORIENTED_EDGE('',*,*,#5907,.T.);
#2379=ORIENTED_EDGE('',*,*,#5908,.F.);
#2380=ORIENTED_EDGE('',*,*,#5909,.F.);
#2381=ORIENTED_EDGE('',*,*,#5849,.T.);
#2382=ORIENTED_EDGE('',*,*,#5910,.T.);
#2383=ORIENTED_EDGE('',*,*,#5911,.F.);
#2384=ORIENTED_EDGE('',*,*,#5912,.F.);
#2385=ORIENTED_EDGE('',*,*,#5845,.T.);
#2386=ORIENTED_EDGE('',*,*,#5913,.T.);
#2387=ORIENTED_EDGE('',*,*,#5914,.F.);
#2388=ORIENTED_EDGE('',*,*,#5915,.F.);
#2389=CARTESIAN_POINT('',(6.175,1.9,0.799999999999998));
#2390=DIRECTION('',(0.0,-1.0,-7.22801448323668E-16));
#2391=DIRECTION('',(0.0,7.22801448323668E-16,-1.0));
#2392=ORIENTED_EDGE('',*,*,#5916,.F.);
#2393=ORIENTED_EDGE('',*,*,#5917,.T.);
#2394=ORIENTED_EDGE('',*,*,#5918,.T.);
#2395=ORIENTED_EDGE('',*,*,#5819,.F.);
#2396=ORIENTED_EDGE('',*,*,#5919,.T.);
#2397=ORIENTED_EDGE('',*,*,#5920,.T.);
#2398=ORIENTED_EDGE('',*,*,#5921,.T.);
#2399=ORIENTED_EDGE('',*,*,#5815,.F.);
#2400=ORIENTED_EDGE('',*,*,#5807,.T.);
#2401=ORIENTED_EDGE('',*,*,#5922,.T.);
#2402=ORIENTED_EDGE('',*,*,#5803,.T.);
#2403=ORIENTED_EDGE('',*,*,#5826,.T.);
#2404=ORIENTED_EDGE('',*,*,#5923,.T.);
#2405=ORIENTED_EDGE('',*,*,#5924,.T.);
#2406=ORIENTED_EDGE('',*,*,#5925,.T.);
#2407=ORIENTED_EDGE('',*,*,#5822,.T.);
#2408=ORIENTED_EDGE('',*,*,#5926,.T.);
#2409=ORIENTED_EDGE('',*,*,#5927,.T.);
#2410=CARTESIAN_POINT('',(-7.8,-2.16840434497101E-16,0.299999999999998));
#2411=DIRECTION('',(0.0,0.0,-1.0));
#2412=DIRECTION('',(0.0,-1.0,0.0));
#2413=ORIENTED_EDGE('',*,*,#5928,.F.);
#2414=ORIENTED_EDGE('',*,*,#5827,.F.);
#2415=ORIENTED_EDGE('',*,*,#5801,.T.);
#2416=ORIENTED_EDGE('',*,*,#5929,.T.);
#2417=CARTESIAN_POINT('',(7.8,-2.16840434497101E-16,2.60000000000001));
#2418=DIRECTION('',(-2.56265968042028E-15,0.0,1.0));
#2419=DIRECTION('',(1.0,-0.0,2.56265968042028E-15));
#2420=ORIENTED_EDGE('',*,*,#5930,.F.);
#2421=ORIENTED_EDGE('',*,*,#5929,.F.);
#2422=ORIENTED_EDGE('',*,*,#5800,.T.);
#2423=ORIENTED_EDGE('',*,*,#5931,.T.);
#2424=ORIENTED_EDGE('',*,*,#5794,.T.);
#2425=ORIENTED_EDGE('',*,*,#5932,.T.);
#2426=CARTESIAN_POINT('',(5.6,-2.16840434497101E-16,2.6));
#2427=DIRECTION('',(-1.0,0.0,0.0));
#2428=DIRECTION('',(0.0,0.0,1.0));
#2429=ORIENTED_EDGE('',*,*,#5933,.F.);
#2430=ORIENTED_EDGE('',*,*,#5914,.T.);
#2431=ORIENTED_EDGE('',*,*,#5934,.F.);
#2432=ORIENTED_EDGE('',*,*,#5935,.F.);
#2433=ORIENTED_EDGE('',*,*,#5936,.T.);
#2434=ORIENTED_EDGE('',*,*,#5786,.T.);
#2435=ORIENTED_EDGE('',*,*,#5937,.T.);
#2436=ORIENTED_EDGE('',*,*,#5938,.F.);
#2437=ORIENTED_EDGE('',*,*,#5932,.F.);
#2438=ORIENTED_EDGE('',*,*,#5793,.T.);
#2439=ORIENTED_EDGE('',*,*,#5939,.F.);
#2440=ORIENTED_EDGE('',*,*,#5940,.F.);
#2441=CARTESIAN_POINT('',(5.6,-2.16840434497101E-16,1.4));
#2442=DIRECTION('',(0.0,0.0,1.0));
#2443=DIRECTION('',(1.0,0.0,0.0));
#2444=ORIENTED_EDGE('',*,*,#5941,.F.);
#2445=ORIENTED_EDGE('',*,*,#5937,.F.);
#2446=ORIENTED_EDGE('',*,*,#5785,.T.);
#2447=ORIENTED_EDGE('',*,*,#5942,.T.);
#2448=ORIENTED_EDGE('',*,*,#5810,.T.);
#2449=ORIENTED_EDGE('',*,*,#5943,.T.);
#2450=CARTESIAN_POINT('',(-5.6,-2.16840434497101E-16,1.4));
#2451=DIRECTION('',(1.0,0.0,0.0));
#2452=DIRECTION('',(0.0,1.0,0.0));
#2453=ORIENTED_EDGE('',*,*,#5944,.F.);
#2454=ORIENTED_EDGE('',*,*,#5945,.F.);
#2455=ORIENTED_EDGE('',*,*,#5946,.F.);
#2456=ORIENTED_EDGE('',*,*,#5947,.F.);
#2457=ORIENTED_EDGE('',*,*,#5943,.F.);
#2458=ORIENTED_EDGE('',*,*,#5809,.T.);
#2459=ORIENTED_EDGE('',*,*,#5814,.T.);
#2460=CARTESIAN_POINT('',(-5.6,-2.16840434497101E-16,2.6));
#2461=DIRECTION('',(0.0,0.0,1.0));
#2462=DIRECTION('',(1.0,0.0,0.0));
#2463=ORIENTED_EDGE('',*,*,#5813,.T.);
#2464=ORIENTED_EDGE('',*,*,#5948,.T.);
#2465=ORIENTED_EDGE('',*,*,#5949,.T.);
#2466=ORIENTED_EDGE('',*,*,#5916,.T.);
#2467=ORIENTED_EDGE('',*,*,#5950,.F.);
#2468=ORIENTED_EDGE('',*,*,#5951,.T.);
#2469=ORIENTED_EDGE('',*,*,#5828,.T.);
#2470=ORIENTED_EDGE('',*,*,#5928,.T.);
#2471=ORIENTED_EDGE('',*,*,#5930,.T.);
#2472=ORIENTED_EDGE('',*,*,#5938,.T.);
#2473=ORIENTED_EDGE('',*,*,#5941,.T.);
#2474=ORIENTED_EDGE('',*,*,#5947,.T.);
#2475=CARTESIAN_POINT('',(0.0,-1.3,0.0));
#2476=DIRECTION('',(0.0,-1.0,0.0));
#2477=DIRECTION('',(0.0,0.0,-1.0));
#2478=ORIENTED_EDGE('',*,*,#5843,.T.);
#2479=ORIENTED_EDGE('',*,*,#5952,.T.);
#2480=ORIENTED_EDGE('',*,*,#5935,.T.);
#2481=ORIENTED_EDGE('',*,*,#5953,.T.);
#2482=CARTESIAN_POINT('',(-6.175,1.25,-4.53999999999999));
#2483=DIRECTION('',(-2.89120579329468E-16,-1.0,0.0));
#2484=DIRECTION('',(-1.0,2.89120579329468E-16,0.0));
#2485=ORIENTED_EDGE('',*,*,#5844,.T.);
#2486=ORIENTED_EDGE('',*,*,#5953,.F.);
#2487=ORIENTED_EDGE('',*,*,#5934,.T.);
#2488=ORIENTED_EDGE('',*,*,#5913,.F.);
#2489=CARTESIAN_POINT('',(-5.425,1.25,-4.53999999999999));
#2490=DIRECTION('',(1.0,0.0,0.0));
#2491=DIRECTION('',(0.0,1.0,0.0));
#2492=ORIENTED_EDGE('',*,*,#5835,.T.);
#2493=ORIENTED_EDGE('',*,*,#5915,.T.);
#2494=ORIENTED_EDGE('',*,*,#5933,.T.);
#2495=ORIENTED_EDGE('',*,*,#5954,.T.);
#2496=CARTESIAN_POINT('',(5.425,1.9,-4.53999999999999));
#2497=DIRECTION('',(-1.0,0.0,0.0));
#2498=DIRECTION('',(0.0,0.0,1.0));
#2499=ORIENTED_EDGE('',*,*,#5836,.T.);
#2500=ORIENTED_EDGE('',*,*,#5954,.F.);
#2501=ORIENTED_EDGE('',*,*,#5940,.T.);
#2502=ORIENTED_EDGE('',*,*,#5955,.F.);
#2503=CARTESIAN_POINT('',(5.425,1.25,-4.53999999999999));
#2504=DIRECTION('',(2.89120579329468E-16,-1.0,0.0));
#2505=DIRECTION('',(0.0,0.0,-1.0));
#2506=ORIENTED_EDGE('',*,*,#5837,.F.);
#2507=ORIENTED_EDGE('',*,*,#5955,.T.);
#2508=ORIENTED_EDGE('',*,*,#5939,.T.);
#2509=ORIENTED_EDGE('',*,*,#5792,.F.);
#2510=ORIENTED_EDGE('',*,*,#5956,.F.);
#2511=ORIENTED_EDGE('',*,*,#5957,.F.);
#2512=CARTESIAN_POINT('',(6.175,0.0,0.0));
#2513=DIRECTION('',(1.0,0.0,0.0));
#2514=DIRECTION('',(0.0,1.0,0.0));
#2515=ORIENTED_EDGE('',*,*,#5957,.T.);
#2516=ORIENTED_EDGE('',*,*,#5958,.F.);
#2517=ORIENTED_EDGE('',*,*,#5959,.F.);
#2518=ORIENTED_EDGE('',*,*,#5960,.T.);
#2519=ORIENTED_EDGE('',*,*,#5773,.F.);
#2520=ORIENTED_EDGE('',*,*,#5838,.T.);
#2521=CARTESIAN_POINT('',(6.875,3.1,0.799999999999999));
#2522=DIRECTION('',(0.0,-1.0,-1.1616451848059E-15));
#2523=DIRECTION('',(0.0,1.1616451848059E-15,-1.0));
#2524=ORIENTED_EDGE('',*,*,#5956,.T.);
#2525=ORIENTED_EDGE('',*,*,#5791,.F.);
#2526=ORIENTED_EDGE('',*,*,#5830,.F.);
#2527=ORIENTED_EDGE('',*,*,#5961,.F.);
#2528=ORIENTED_EDGE('',*,*,#5770,.F.);
#2529=ORIENTED_EDGE('',*,*,#5962,.T.);
#2530=ORIENTED_EDGE('',*,*,#5963,.T.);
#2531=ORIENTED_EDGE('',*,*,#5755,.T.);
#2532=ORIENTED_EDGE('',*,*,#5964,.T.);
#2533=ORIENTED_EDGE('',*,*,#5776,.F.);
#2534=ORIENTED_EDGE('',*,*,#5965,.T.);
#2535=ORIENTED_EDGE('',*,*,#5966,.T.);
#2536=ORIENTED_EDGE('',*,*,#5958,.T.);
#2537=CARTESIAN_POINT('',(6.875,3.1,1.92));
#2538=DIRECTION('',(0.0,7.69433799828422E-16,-1.0));
#2539=DIRECTION('',(-1.0,0.0,0.0));
#2540=ORIENTED_EDGE('',*,*,#5965,.F.);
#2541=ORIENTED_EDGE('',*,*,#5775,.F.);
#2542=ORIENTED_EDGE('',*,*,#5967,.T.);
#2543=ORIENTED_EDGE('',*,*,#5968,.T.);
#2544=CARTESIAN_POINT('',(6.875,2.25,1.32));
#2545=DIRECTION('',(0.0,-1.0,0.0));
#2546=DIRECTION('',(0.0,0.0,-1.0));
#2547=ORIENTED_EDGE('',*,*,#5966,.F.);
#2548=ORIENTED_EDGE('',*,*,#5968,.F.);
#2549=ORIENTED_EDGE('',*,*,#5969,.T.);
#2550=ORIENTED_EDGE('',*,*,#5959,.T.);
#2551=CARTESIAN_POINT('',(7.325,2.25,1.32));
#2552=DIRECTION('',(0.91036647746258,0.413802944301238,0.0));
#2553=DIRECTION('',(0.0,0.0,-1.0));
#2554=ORIENTED_EDGE('',*,*,#5774,.F.);
#2555=ORIENTED_EDGE('',*,*,#5960,.F.);
#2556=ORIENTED_EDGE('',*,*,#5969,.F.);
#2557=ORIENTED_EDGE('',*,*,#5967,.F.);
#2558=CARTESIAN_POINT('',(0.0,0.0,1.32));
#2559=DIRECTION('',(0.0,0.0,1.0));
#2560=DIRECTION('',(1.0,0.0,0.0));
#2561=ORIENTED_EDGE('',*,*,#5962,.F.);
#2562=ORIENTED_EDGE('',*,*,#5779,.F.);
#2563=ORIENTED_EDGE('',*,*,#5970,.T.);
#2564=ORIENTED_EDGE('',*,*,#5971,.T.);
#2565=CARTESIAN_POINT('',(6.875,1.0,1.32));
#2566=DIRECTION('',(0.970295726275997,-0.241921895599666,0.0));
#2567=DIRECTION('',(0.0,0.0,-1.0));
#2568=ORIENTED_EDGE('',*,*,#5752,.T.);
#2569=ORIENTED_EDGE('',*,*,#5963,.F.);
#2570=ORIENTED_EDGE('',*,*,#5971,.F.);
#2571=ORIENTED_EDGE('',*,*,#5972,.T.);
#2572=CARTESIAN_POINT('',(6.795,1.50585062420488,1.32));
#2573=DIRECTION('',(0.0,0.0,-1.0));
#2574=DIRECTION('',(1.0,0.0,0.0));
#2575=ORIENTED_EDGE('',*,*,#5964,.F.);
#2576=ORIENTED_EDGE('',*,*,#5754,.F.);
#2577=ORIENTED_EDGE('',*,*,#5973,.T.);
#2578=ORIENTED_EDGE('',*,*,#5777,.T.);
#2579=CARTESIAN_POINT('',(6.96277931423174,1.61470879668599,1.32));
#2580=DIRECTION('',(0.838896571158693,0.54429086240556,0.0));
#2581=DIRECTION('',(0.0,0.0,-1.0));
#2582=ORIENTED_EDGE('',*,*,#5778,.F.);
#2583=ORIENTED_EDGE('',*,*,#5973,.F.);
#2584=ORIENTED_EDGE('',*,*,#5753,.F.);
#2585=ORIENTED_EDGE('',*,*,#5972,.F.);
#2586=ORIENTED_EDGE('',*,*,#5970,.F.);
#2587=CARTESIAN_POINT('',(6.795,1.50585062420488,1.32));
#2588=DIRECTION('',(0.0,0.0,1.0));
#2589=DIRECTION('',(1.0,0.0,0.0));
#2590=ORIENTED_EDGE('',*,*,#5952,.F.);
#2591=ORIENTED_EDGE('',*,*,#5842,.T.);
#2592=ORIENTED_EDGE('',*,*,#5974,.T.);
#2593=ORIENTED_EDGE('',*,*,#5975,.T.);
#2594=ORIENTED_EDGE('',*,*,#5787,.T.);
#2595=ORIENTED_EDGE('',*,*,#5936,.F.);
#2596=CARTESIAN_POINT('',(-6.175,0.0,0.0));
#2597=DIRECTION('',(1.0,0.0,0.0));
#2598=DIRECTION('',(0.0,1.0,0.0));
#2599=ORIENTED_EDGE('',*,*,#5974,.F.);
#2600=ORIENTED_EDGE('',*,*,#5841,.F.);
#2601=ORIENTED_EDGE('',*,*,#5764,.T.);
#2602=ORIENTED_EDGE('',*,*,#5976,.F.);
#2603=ORIENTED_EDGE('',*,*,#5977,.T.);
#2604=ORIENTED_EDGE('',*,*,#5978,.T.);
#2605=CARTESIAN_POINT('',(-6.875,3.1,0.799999999999999));
#2606=DIRECTION('',(0.0,1.0,1.1616451848059E-15));
#2607=DIRECTION('',(0.0,1.1616451848059E-15,-1.0));
#2608=ORIENTED_EDGE('',*,*,#5975,.F.);
#2609=ORIENTED_EDGE('',*,*,#5978,.F.);
#2610=ORIENTED_EDGE('',*,*,#5979,.F.);
#2611=ORIENTED_EDGE('',*,*,#5980,.F.);
#2612=ORIENTED_EDGE('',*,*,#5761,.T.);
#2613=ORIENTED_EDGE('',*,*,#5981,.F.);
#2614=ORIENTED_EDGE('',*,*,#5749,.F.);
#2615=ORIENTED_EDGE('',*,*,#5982,.F.);
#2616=ORIENTED_EDGE('',*,*,#5983,.F.);
#2617=ORIENTED_EDGE('',*,*,#5757,.T.);
#2618=ORIENTED_EDGE('',*,*,#5984,.T.);
#2619=ORIENTED_EDGE('',*,*,#5769,.T.);
#2620=ORIENTED_EDGE('',*,*,#5788,.T.);
#2621=CARTESIAN_POINT('',(-6.875,3.1,1.92));
#2622=DIRECTION('',(0.0,-7.69433799828422E-16,1.0));
#2623=DIRECTION('',(0.0,-1.0,-7.69433799828422E-16));
#2624=ORIENTED_EDGE('',*,*,#5980,.T.);
#2625=ORIENTED_EDGE('',*,*,#5985,.F.);
#2626=ORIENTED_EDGE('',*,*,#5986,.F.);
#2627=ORIENTED_EDGE('',*,*,#5762,.T.);
#2628=CARTESIAN_POINT('',(-6.875,2.25,1.32));
#2629=DIRECTION('',(-0.0,1.0,0.0));
#2630=DIRECTION('',(1.0,0.0,0.0));
#2631=ORIENTED_EDGE('',*,*,#5979,.T.);
#2632=ORIENTED_EDGE('',*,*,#5977,.F.);
#2633=ORIENTED_EDGE('',*,*,#5987,.F.);
#2634=ORIENTED_EDGE('',*,*,#5985,.T.);
#2635=CARTESIAN_POINT('',(-7.325,2.25,1.32));
#2636=DIRECTION('',(0.91036647746258,-0.413802944301238,0.0));
#2637=DIRECTION('',(0.0,0.0,-1.0));
#2638=ORIENTED_EDGE('',*,*,#5763,.T.);
#2639=ORIENTED_EDGE('',*,*,#5986,.T.);
#2640=ORIENTED_EDGE('',*,*,#5987,.T.);
#2641=ORIENTED_EDGE('',*,*,#5976,.T.);
#2642=CARTESIAN_POINT('',(0.0,0.0,1.32));
#2643=DIRECTION('',(0.0,0.0,-1.0));
#2644=DIRECTION('',(0.0,-1.0,0.0));
#2645=ORIENTED_EDGE('',*,*,#5983,.T.);
#2646=ORIENTED_EDGE('',*,*,#5988,.F.);
#2647=ORIENTED_EDGE('',*,*,#5989,.F.);
#2648=ORIENTED_EDGE('',*,*,#5758,.T.);
#2649=CARTESIAN_POINT('',(-6.875,1.0,1.32));
#2650=DIRECTION('',(0.970295726275997,0.241921895599666,0.0));
#2651=DIRECTION('',(0.0,0.0,-1.0));
#2652=ORIENTED_EDGE('',*,*,#5748,.T.);
#2653=ORIENTED_EDGE('',*,*,#5990,.F.);
#2654=ORIENTED_EDGE('',*,*,#5988,.T.);
#2655=ORIENTED_EDGE('',*,*,#5982,.T.);
#2656=CARTESIAN_POINT('',(-6.795,1.50585062420488,1.32));
#2657=DIRECTION('',(0.0,0.0,-1.0));
#2658=DIRECTION('',(1.0,0.0,0.0));
#2659=ORIENTED_EDGE('',*,*,#5981,.T.);
#2660=ORIENTED_EDGE('',*,*,#5760,.F.);
#2661=ORIENTED_EDGE('',*,*,#5991,.F.);
#2662=ORIENTED_EDGE('',*,*,#5750,.T.);
#2663=CARTESIAN_POINT('',(-6.96277931423174,1.61470879668599,1.32));
#2664=DIRECTION('',(0.838896571158693,-0.54429086240556,0.0));
#2665=DIRECTION('',(0.0,0.0,-1.0));
#2666=ORIENTED_EDGE('',*,*,#5759,.T.);
#2667=ORIENTED_EDGE('',*,*,#5989,.T.);
#2668=ORIENTED_EDGE('',*,*,#5990,.T.);
#2669=ORIENTED_EDGE('',*,*,#5751,.T.);
#2670=ORIENTED_EDGE('',*,*,#5991,.T.);
#2671=CARTESIAN_POINT('',(-6.795,1.50585062420488,1.32));
#2672=DIRECTION('',(0.0,0.0,-1.0));
#2673=DIRECTION('',(0.0,-1.0,0.0));
#2674=ORIENTED_EDGE('',*,*,#5823,.T.);
#2675=ORIENTED_EDGE('',*,*,#5925,.F.);
#2676=ORIENTED_EDGE('',*,*,#5992,.F.);
#2677=ORIENTED_EDGE('',*,*,#5993,.T.);
#2678=CARTESIAN_POINT('',(7.8,-0.5,-20.169999999999));
#2679=DIRECTION('',(0.832050294337843,-0.55470019622523,0.0));
#2680=DIRECTION('',(0.0,0.0,-1.0));
#2681=ORIENTED_EDGE('',*,*,#5824,.F.);
#2682=ORIENTED_EDGE('',*,*,#5993,.F.);
#2683=ORIENTED_EDGE('',*,*,#5994,.F.);
#2684=ORIENTED_EDGE('',*,*,#5995,.F.);
#2685=CARTESIAN_POINT('',(0.0,0.0,2.29999999999989));
#2686=DIRECTION('',(0.0,0.0,-1.0));
#2687=DIRECTION('',(0.0,-1.0,0.0));
#2688=ORIENTED_EDGE('',*,*,#5992,.T.);
#2689=ORIENTED_EDGE('',*,*,#5924,.F.);
#2690=ORIENTED_EDGE('',*,*,#5996,.F.);
#2691=ORIENTED_EDGE('',*,*,#5994,.T.);
#2692=CARTESIAN_POINT('',(8.0,-0.2,-20.169999999999));
#2693=DIRECTION('',(1.0,1.73472347597681E-14,0.0));
#2694=DIRECTION('',(-1.73472347597681E-14,1.0,0.0));
#2695=ORIENTED_EDGE('',*,*,#5996,.T.);
#2696=ORIENTED_EDGE('',*,*,#5923,.F.);
#2697=ORIENTED_EDGE('',*,*,#5825,.F.);
#2698=ORIENTED_EDGE('',*,*,#5995,.T.);
#2699=CARTESIAN_POINT('',(8.0,-0.1,-20.169999999999));
#2700=DIRECTION('',(-2.03287907341035E-16,1.0,0.0));
#2701=DIRECTION('',(1.0,2.03287907341035E-16,-0.0));
#2702=ORIENTED_EDGE('',*,*,#5820,.F.);
#2703=ORIENTED_EDGE('',*,*,#5951,.F.);
#2704=ORIENTED_EDGE('',*,*,#5997,.F.);
#2705=ORIENTED_EDGE('',*,*,#5998,.F.);
#2706=CARTESIAN_POINT('',(0.0,0.0,2.29999999999989));
#2707=DIRECTION('',(0.0,0.0,1.0));
#2708=DIRECTION('',(1.0,0.0,0.0));
#2709=ORIENTED_EDGE('',*,*,#5950,.T.);
#2710=ORIENTED_EDGE('',*,*,#5927,.F.);
#2711=ORIENTED_EDGE('',*,*,#5999,.F.);
#2712=ORIENTED_EDGE('',*,*,#5997,.T.);
#2713=CARTESIAN_POINT('',(8.0,-1.3,-20.169999999999));
#2714=DIRECTION('',(1.0,0.0,0.0));
#2715=DIRECTION('',(0.0,1.0,0.0));
#2716=ORIENTED_EDGE('',*,*,#5999,.T.);
#2717=ORIENTED_EDGE('',*,*,#5926,.F.);
#2718=ORIENTED_EDGE('',*,*,#5821,.F.);
#2719=ORIENTED_EDGE('',*,*,#5998,.T.);
#2720=CARTESIAN_POINT('',(8.0,-0.7,-20.169999999999));
#2721=DIRECTION('',(-0.0,1.0,0.0));
#2722=DIRECTION('',(1.0,0.0,0.0));
#2723=ORIENTED_EDGE('',*,*,#6000,.T.);
#2724=ORIENTED_EDGE('',*,*,#5919,.F.);
#2725=ORIENTED_EDGE('',*,*,#5818,.F.);
#2726=ORIENTED_EDGE('',*,*,#6001,.T.);
#2727=CARTESIAN_POINT('',(-8.00000000000003,-0.2,-20.169999999999));
#2728=DIRECTION('',(-0.832050294337844,-0.554700196225228,0.0));
#2729=DIRECTION('',(-0.554700196225228,0.832050294337844,0.0));
#2730=ORIENTED_EDGE('',*,*,#6002,.F.);
#2731=ORIENTED_EDGE('',*,*,#6001,.F.);
#2732=ORIENTED_EDGE('',*,*,#5817,.F.);
#2733=ORIENTED_EDGE('',*,*,#6003,.F.);
#2734=CARTESIAN_POINT('',(0.0,0.0,2.29999999999989));
#2735=DIRECTION('',(0.0,0.0,-1.0));
#2736=DIRECTION('',(0.0,-1.0,0.0));
#2737=ORIENTED_EDGE('',*,*,#6004,.T.);
#2738=ORIENTED_EDGE('',*,*,#5920,.F.);
#2739=ORIENTED_EDGE('',*,*,#6000,.F.);
#2740=ORIENTED_EDGE('',*,*,#6002,.T.);
#2741=CARTESIAN_POINT('',(-8.00000000000003,-0.1,-20.169999999999));
#2742=DIRECTION('',(-1.0,1.73472347597681E-14,0.0));
#2743=DIRECTION('',(0.0,0.0,1.0));
#2744=ORIENTED_EDGE('',*,*,#5816,.T.);
#2745=ORIENTED_EDGE('',*,*,#5921,.F.);
#2746=ORIENTED_EDGE('',*,*,#6004,.F.);
#2747=ORIENTED_EDGE('',*,*,#6003,.T.);
#2748=CARTESIAN_POINT('',(-7.80000000000003,-0.1,-20.169999999999));
#2749=DIRECTION('',(2.03287907341036E-16,1.0,0.0));
#2750=DIRECTION('',(1.0,-2.03287907341036E-16,0.0));
#2751=ORIENTED_EDGE('',*,*,#6005,.F.);
#2752=ORIENTED_EDGE('',*,*,#5948,.F.);
#2753=ORIENTED_EDGE('',*,*,#5812,.F.);
#2754=ORIENTED_EDGE('',*,*,#6006,.F.);
#2755=CARTESIAN_POINT('',(0.0,0.0,2.29999999999989));
#2756=DIRECTION('',(0.0,0.0,1.0));
#2757=DIRECTION('',(1.0,0.0,0.0));
#2758=ORIENTED_EDGE('',*,*,#6007,.T.);
#2759=ORIENTED_EDGE('',*,*,#5917,.F.);
#2760=ORIENTED_EDGE('',*,*,#5949,.F.);
#2761=ORIENTED_EDGE('',*,*,#6005,.T.);
#2762=CARTESIAN_POINT('',(-8.00000000000003,-0.7,-20.169999999999));
#2763=DIRECTION('',(-1.0,0.0,0.0));
#2764=DIRECTION('',(0.0,0.0,1.0));
#2765=ORIENTED_EDGE('',*,*,#5811,.T.);
#2766=ORIENTED_EDGE('',*,*,#5918,.F.);
#2767=ORIENTED_EDGE('',*,*,#6007,.F.);
#2768=ORIENTED_EDGE('',*,*,#6006,.T.);
#2769=CARTESIAN_POINT('',(-7.80000000000003,-0.7,-20.169999999999));
#2770=DIRECTION('',(-0.0,1.0,0.0));
#2771=DIRECTION('',(1.0,0.0,0.0));
#2772=ORIENTED_EDGE('',*,*,#5944,.T.);
#2773=ORIENTED_EDGE('',*,*,#6008,.T.);
#2774=ORIENTED_EDGE('',*,*,#6009,.T.);
#2775=ORIENTED_EDGE('',*,*,#6010,.F.);
#2776=CARTESIAN_POINT('',(-6.90000000000003,-0.1,2.55));
#2777=DIRECTION('',(-0.866025403784438,-0.5,0.0));
#2778=DIRECTION('',(-0.5,0.866025403784438,0.0));
#2779=ORIENTED_EDGE('',*,*,#5946,.T.);
#2780=ORIENTED_EDGE('',*,*,#6011,.T.);
#2781=ORIENTED_EDGE('',*,*,#6012,.T.);
#2782=ORIENTED_EDGE('',*,*,#6008,.F.);
#2783=CARTESIAN_POINT('',(-6.50000000000003,-0.792820323027553,2.55));
#2784=DIRECTION('',(0.866025403784439,-0.499999999999999,0.0));
#2785=DIRECTION('',(0.0,0.0,-1.0));
#2786=ORIENTED_EDGE('',*,*,#5945,.T.);
#2787=ORIENTED_EDGE('',*,*,#6010,.T.);
#2788=ORIENTED_EDGE('',*,*,#6013,.T.);
#2789=ORIENTED_EDGE('',*,*,#6011,.F.);
#2790=CARTESIAN_POINT('',(-6.10000000000003,-0.1,2.55));
#2791=DIRECTION('',(-1.35525271560688E-16,1.0,0.0));
#2792=DIRECTION('',(1.0,1.35525271560688E-16,-0.0));
#2793=ORIENTED_EDGE('',*,*,#6009,.F.);
#2794=ORIENTED_EDGE('',*,*,#6012,.F.);
#2795=ORIENTED_EDGE('',*,*,#6013,.F.);
#2796=CARTESIAN_POINT('',(0.0,0.0,2.55));
#2797=DIRECTION('',(0.0,0.0,1.0));
#2798=DIRECTION('',(1.0,0.0,0.0));
#2799=ORIENTED_EDGE('',*,*,#5840,.F.);
#2800=ORIENTED_EDGE('',*,*,#6014,.F.);
#2801=ORIENTED_EDGE('',*,*,#6015,.T.);
#2802=ORIENTED_EDGE('',*,*,#6016,.F.);
#2803=CARTESIAN_POINT('',(-6.875,3.5,2.05));
#2804=DIRECTION('',(-1.0,0.0,0.0));
#2805=DIRECTION('',(0.0,0.0,1.0));
#2806=ORIENTED_EDGE('',*,*,#5922,.F.);
#2807=ORIENTED_EDGE('',*,*,#6017,.F.);
#2808=ORIENTED_EDGE('',*,*,#6018,.T.);
#2809=ORIENTED_EDGE('',*,*,#6019,.T.);
#2810=CARTESIAN_POINT('',(0.0,0.0,0.0));
#2811=DIRECTION('',(0.0,-1.0,0.0));
#2812=DIRECTION('',(0.0,0.0,-1.0));
#2813=ORIENTED_EDGE('',*,*,#5942,.F.);
#2814=ORIENTED_EDGE('',*,*,#6020,.F.);
#2815=ORIENTED_EDGE('',*,*,#6021,.F.);
#2816=ORIENTED_EDGE('',*,*,#6022,.T.);
#2817=ORIENTED_EDGE('',*,*,#6023,.T.);
#2818=ORIENTED_EDGE('',*,*,#6024,.F.);
#2819=CARTESIAN_POINT('',(0.0,0.0,0.0));
#2820=DIRECTION('',(0.0,-1.0,0.0));
#2821=DIRECTION('',(0.0,0.0,-1.0));
#2822=ORIENTED_EDGE('',*,*,#5931,.F.);
#2823=ORIENTED_EDGE('',*,*,#6025,.F.);
#2824=ORIENTED_EDGE('',*,*,#6026,.F.);
#2825=ORIENTED_EDGE('',*,*,#6027,.T.);
#2826=ORIENTED_EDGE('',*,*,#6028,.T.);
#2827=ORIENTED_EDGE('',*,*,#6029,.F.);
#2828=CARTESIAN_POINT('',(0.0,0.0,0.0));
#2829=DIRECTION('',(0.0,-1.0,0.0));
#2830=DIRECTION('',(0.0,0.0,-1.0));
#2831=ORIENTED_EDGE('',*,*,#6030,.T.);
#2832=ORIENTED_EDGE('',*,*,#5961,.T.);
#2833=ORIENTED_EDGE('',*,*,#6031,.F.);
#2834=ORIENTED_EDGE('',*,*,#6032,.T.);
#2835=CARTESIAN_POINT('',(6.875,3.5,0.749999999999996));
#2836=DIRECTION('',(1.0,0.0,0.0));
#2837=DIRECTION('',(0.0,1.0,0.0));
#2838=ORIENTED_EDGE('',*,*,#6033,.F.);
#2839=ORIENTED_EDGE('',*,*,#5839,.T.);
#2840=ORIENTED_EDGE('',*,*,#6034,.T.);
#2841=ORIENTED_EDGE('',*,*,#6035,.F.);
#2842=CARTESIAN_POINT('',(6.875,3.5,0.749999999999996));
#2843=DIRECTION('',(1.0,0.0,0.0));
#2844=DIRECTION('',(0.0,1.0,0.0));
#2845=ORIENTED_EDGE('',*,*,#6036,.F.);
#2846=ORIENTED_EDGE('',*,*,#5832,.F.);
#2847=ORIENTED_EDGE('',*,*,#6037,.T.);
#2848=ORIENTED_EDGE('',*,*,#6038,.F.);
#2849=CARTESIAN_POINT('',(4.66,0.400000000000001,0.699999999999995));
#2850=DIRECTION('',(1.0,-0.0,0.0));
#2851=DIRECTION('',(0.0,0.0,1.0));
#2852=ORIENTED_EDGE('',*,*,#6039,.F.);
#2853=ORIENTED_EDGE('',*,*,#5847,.T.);
#2854=ORIENTED_EDGE('',*,*,#6040,.T.);
#2855=ORIENTED_EDGE('',*,*,#6041,.F.);
#2856=CARTESIAN_POINT('',(-4.34,0.400000000000001,0.699999999999995));
#2857=DIRECTION('',(1.0,-0.0,0.0));
#2858=DIRECTION('',(0.0,0.0,1.0));
#2859=ORIENTED_EDGE('',*,*,#6042,.F.);
#2860=ORIENTED_EDGE('',*,*,#5851,.T.);
#2861=ORIENTED_EDGE('',*,*,#6043,.T.);
#2862=ORIENTED_EDGE('',*,*,#6044,.F.);
#2863=CARTESIAN_POINT('',(-3.34,0.400000000000001,0.699999999999995));
#2864=DIRECTION('',(1.0,-0.0,0.0));
#2865=DIRECTION('',(0.0,0.0,1.0));
#2866=ORIENTED_EDGE('',*,*,#6045,.F.);
#2867=ORIENTED_EDGE('',*,*,#5855,.T.);
#2868=ORIENTED_EDGE('',*,*,#6046,.T.);
#2869=ORIENTED_EDGE('',*,*,#6047,.F.);
#2870=CARTESIAN_POINT('',(-2.34,0.400000000000001,0.699999999999995));
#2871=DIRECTION('',(1.0,-0.0,0.0));
#2872=DIRECTION('',(0.0,0.0,1.0));
#2873=ORIENTED_EDGE('',*,*,#6048,.F.);
#2874=ORIENTED_EDGE('',*,*,#5859,.T.);
#2875=ORIENTED_EDGE('',*,*,#6049,.T.);
#2876=ORIENTED_EDGE('',*,*,#6050,.F.);
#2877=CARTESIAN_POINT('',(-1.34,0.400000000000001,0.699999999999995));
#2878=DIRECTION('',(1.0,-0.0,0.0));
#2879=DIRECTION('',(0.0,0.0,1.0));
#2880=ORIENTED_EDGE('',*,*,#6051,.F.);
#2881=ORIENTED_EDGE('',*,*,#5863,.F.);
#2882=ORIENTED_EDGE('',*,*,#6052,.T.);
#2883=ORIENTED_EDGE('',*,*,#6053,.F.);
#2884=CARTESIAN_POINT('',(-0.339999999999998,0.400000000000001,0.699999999999995));
#2885=DIRECTION('',(1.0,-0.0,0.0));
#2886=DIRECTION('',(0.0,0.0,1.0));
#2887=ORIENTED_EDGE('',*,*,#6054,.F.);
#2888=ORIENTED_EDGE('',*,*,#5867,.F.);
#2889=ORIENTED_EDGE('',*,*,#6055,.T.);
#2890=ORIENTED_EDGE('',*,*,#6056,.F.);
#2891=CARTESIAN_POINT('',(0.660000000000002,0.400000000000001,0.699999999999995));
#2892=DIRECTION('',(1.0,-0.0,0.0));
#2893=DIRECTION('',(0.0,0.0,1.0));
#2894=ORIENTED_EDGE('',*,*,#6057,.F.);
#2895=ORIENTED_EDGE('',*,*,#5871,.F.);
#2896=ORIENTED_EDGE('',*,*,#6058,.T.);
#2897=ORIENTED_EDGE('',*,*,#6059,.F.);
#2898=CARTESIAN_POINT('',(1.66,0.400000000000001,0.699999999999995));
#2899=DIRECTION('',(1.0,-0.0,0.0));
#2900=DIRECTION('',(0.0,0.0,1.0));
#2901=ORIENTED_EDGE('',*,*,#6060,.F.);
#2902=ORIENTED_EDGE('',*,*,#5875,.F.);
#2903=ORIENTED_EDGE('',*,*,#6061,.T.);
#2904=ORIENTED_EDGE('',*,*,#6062,.F.);
#2905=CARTESIAN_POINT('',(2.66,0.400000000000001,0.699999999999995));
#2906=DIRECTION('',(1.0,-0.0,0.0));
#2907=DIRECTION('',(0.0,0.0,1.0));
#2908=ORIENTED_EDGE('',*,*,#6063,.F.);
#2909=ORIENTED_EDGE('',*,*,#5879,.F.);
#2910=ORIENTED_EDGE('',*,*,#6064,.T.);
#2911=ORIENTED_EDGE('',*,*,#6065,.F.);
#2912=CARTESIAN_POINT('',(3.66,0.400000000000001,0.699999999999995));
#2913=DIRECTION('',(1.0,-0.0,0.0));
#2914=DIRECTION('',(0.0,0.0,1.0));
#2915=ORIENTED_EDGE('',*,*,#5833,.T.);
#2916=ORIENTED_EDGE('',*,*,#6036,.T.);
#2917=ORIENTED_EDGE('',*,*,#6066,.T.);
#2918=ORIENTED_EDGE('',*,*,#6067,.T.);
#2919=ORIENTED_EDGE('',*,*,#6068,.T.);
#2920=ORIENTED_EDGE('',*,*,#5883,.T.);
#2921=CARTESIAN_POINT('',(4.66,0.1,1.99999999999999));
#2922=DIRECTION('',(1.0,0.0,0.0));
#2923=DIRECTION('',(0.0,1.0,0.0));
#2924=ORIENTED_EDGE('',*,*,#6037,.F.);
#2925=ORIENTED_EDGE('',*,*,#5882,.F.);
#2926=ORIENTED_EDGE('',*,*,#5885,.F.);
#2927=ORIENTED_EDGE('',*,*,#6069,.F.);
#2928=ORIENTED_EDGE('',*,*,#6070,.F.);
#2929=ORIENTED_EDGE('',*,*,#6071,.F.);
#2930=CARTESIAN_POINT('',(4.34,0.1,1.99999999999999));
#2931=DIRECTION('',(1.0,0.0,0.0));
#2932=DIRECTION('',(0.0,1.0,0.0));
#2933=ORIENTED_EDGE('',*,*,#6069,.T.);
#2934=ORIENTED_EDGE('',*,*,#5884,.F.);
#2935=ORIENTED_EDGE('',*,*,#6068,.F.);
#2936=ORIENTED_EDGE('',*,*,#6072,.F.);
#2937=CARTESIAN_POINT('',(4.66,2.25,0.849999999999995));
#2938=DIRECTION('',(0.0,0.0,-1.0));
#2939=DIRECTION('',(0.0,-1.0,0.0));
#2940=ORIENTED_EDGE('',*,*,#5848,.F.);
#2941=ORIENTED_EDGE('',*,*,#6039,.T.);
#2942=ORIENTED_EDGE('',*,*,#6073,.T.);
#2943=ORIENTED_EDGE('',*,*,#6074,.T.);
#2944=ORIENTED_EDGE('',*,*,#6075,.T.);
#2945=ORIENTED_EDGE('',*,*,#5910,.F.);
#2946=CARTESIAN_POINT('',(-4.34,0.1,1.99999999999999));
#2947=DIRECTION('',(1.0,0.0,0.0));
#2948=DIRECTION('',(0.0,1.0,0.0));
#2949=ORIENTED_EDGE('',*,*,#6040,.F.);
#2950=ORIENTED_EDGE('',*,*,#5846,.T.);
#2951=ORIENTED_EDGE('',*,*,#5912,.T.);
#2952=ORIENTED_EDGE('',*,*,#6076,.F.);
#2953=ORIENTED_EDGE('',*,*,#6077,.F.);
#2954=ORIENTED_EDGE('',*,*,#6078,.F.);
#2955=CARTESIAN_POINT('',(-4.66,0.1,1.99999999999999));
#2956=DIRECTION('',(1.0,0.0,0.0));
#2957=DIRECTION('',(0.0,1.0,0.0));
#2958=ORIENTED_EDGE('',*,*,#6076,.T.);
#2959=ORIENTED_EDGE('',*,*,#5911,.T.);
#2960=ORIENTED_EDGE('',*,*,#6075,.F.);
#2961=ORIENTED_EDGE('',*,*,#6079,.F.);
#2962=CARTESIAN_POINT('',(-4.34,2.25,0.849999999999995));
#2963=DIRECTION('',(0.0,0.0,-1.0));
#2964=DIRECTION('',(0.0,-1.0,0.0));
#2965=ORIENTED_EDGE('',*,*,#5852,.F.);
#2966=ORIENTED_EDGE('',*,*,#6042,.T.);
#2967=ORIENTED_EDGE('',*,*,#6080,.T.);
#2968=ORIENTED_EDGE('',*,*,#6081,.T.);
#2969=ORIENTED_EDGE('',*,*,#6082,.T.);
#2970=ORIENTED_EDGE('',*,*,#5907,.F.);
#2971=CARTESIAN_POINT('',(-3.34,0.1,1.99999999999999));
#2972=DIRECTION('',(1.0,0.0,0.0));
#2973=DIRECTION('',(0.0,1.0,0.0));
#2974=ORIENTED_EDGE('',*,*,#6043,.F.);
#2975=ORIENTED_EDGE('',*,*,#5850,.T.);
#2976=ORIENTED_EDGE('',*,*,#5909,.T.);
#2977=ORIENTED_EDGE('',*,*,#6083,.F.);
#2978=ORIENTED_EDGE('',*,*,#6084,.F.);
#2979=ORIENTED_EDGE('',*,*,#6085,.F.);
#2980=CARTESIAN_POINT('',(-3.66,0.1,1.99999999999999));
#2981=DIRECTION('',(1.0,0.0,0.0));
#2982=DIRECTION('',(0.0,1.0,0.0));
#2983=ORIENTED_EDGE('',*,*,#6083,.T.);
#2984=ORIENTED_EDGE('',*,*,#5908,.T.);
#2985=ORIENTED_EDGE('',*,*,#6082,.F.);
#2986=ORIENTED_EDGE('',*,*,#6086,.F.);
#2987=CARTESIAN_POINT('',(-3.34,2.25,0.849999999999995));
#2988=DIRECTION('',(0.0,0.0,-1.0));
#2989=DIRECTION('',(0.0,-1.0,0.0));
#2990=ORIENTED_EDGE('',*,*,#5856,.F.);
#2991=ORIENTED_EDGE('',*,*,#6045,.T.);
#2992=ORIENTED_EDGE('',*,*,#6087,.T.);
#2993=ORIENTED_EDGE('',*,*,#6088,.T.);
#2994=ORIENTED_EDGE('',*,*,#6089,.T.);
#2995=ORIENTED_EDGE('',*,*,#5904,.F.);
#2996=CARTESIAN_POINT('',(-2.34,0.1,1.99999999999999));
#2997=DIRECTION('',(1.0,0.0,0.0));
#2998=DIRECTION('',(0.0,1.0,0.0));
#2999=ORIENTED_EDGE('',*,*,#6046,.F.);
#3000=ORIENTED_EDGE('',*,*,#5854,.T.);
#3001=ORIENTED_EDGE('',*,*,#5906,.T.);
#3002=ORIENTED_EDGE('',*,*,#6090,.F.);
#3003=ORIENTED_EDGE('',*,*,#6091,.F.);
#3004=ORIENTED_EDGE('',*,*,#6092,.F.);
#3005=CARTESIAN_POINT('',(-2.66,0.1,1.99999999999999));
#3006=DIRECTION('',(1.0,0.0,0.0));
#3007=DIRECTION('',(0.0,1.0,0.0));
#3008=ORIENTED_EDGE('',*,*,#6090,.T.);
#3009=ORIENTED_EDGE('',*,*,#5905,.T.);
#3010=ORIENTED_EDGE('',*,*,#6089,.F.);
#3011=ORIENTED_EDGE('',*,*,#6093,.F.);
#3012=CARTESIAN_POINT('',(-2.34,2.25,0.849999999999995));
#3013=DIRECTION('',(0.0,0.0,-1.0));
#3014=DIRECTION('',(0.0,-1.0,0.0));
#3015=ORIENTED_EDGE('',*,*,#5860,.F.);
#3016=ORIENTED_EDGE('',*,*,#6048,.T.);
#3017=ORIENTED_EDGE('',*,*,#6094,.T.);
#3018=ORIENTED_EDGE('',*,*,#6095,.T.);
#3019=ORIENTED_EDGE('',*,*,#6096,.T.);
#3020=ORIENTED_EDGE('',*,*,#5901,.F.);
#3021=CARTESIAN_POINT('',(-1.34,0.1,1.99999999999999));
#3022=DIRECTION('',(1.0,0.0,0.0));
#3023=DIRECTION('',(0.0,1.0,0.0));
#3024=ORIENTED_EDGE('',*,*,#6049,.F.);
#3025=ORIENTED_EDGE('',*,*,#5858,.T.);
#3026=ORIENTED_EDGE('',*,*,#5903,.T.);
#3027=ORIENTED_EDGE('',*,*,#6097,.F.);
#3028=ORIENTED_EDGE('',*,*,#6098,.F.);
#3029=ORIENTED_EDGE('',*,*,#6099,.F.);
#3030=CARTESIAN_POINT('',(-1.66,0.1,1.99999999999999));
#3031=DIRECTION('',(1.0,0.0,0.0));
#3032=DIRECTION('',(0.0,1.0,0.0));
#3033=ORIENTED_EDGE('',*,*,#6097,.T.);
#3034=ORIENTED_EDGE('',*,*,#5902,.T.);
#3035=ORIENTED_EDGE('',*,*,#6096,.F.);
#3036=ORIENTED_EDGE('',*,*,#6100,.F.);
#3037=CARTESIAN_POINT('',(-1.34,2.25,0.849999999999995));
#3038=DIRECTION('',(0.0,0.0,-1.0));
#3039=DIRECTION('',(0.0,-1.0,0.0));
#3040=ORIENTED_EDGE('',*,*,#5864,.T.);
#3041=ORIENTED_EDGE('',*,*,#6051,.T.);
#3042=ORIENTED_EDGE('',*,*,#6101,.T.);
#3043=ORIENTED_EDGE('',*,*,#6102,.T.);
#3044=ORIENTED_EDGE('',*,*,#6103,.T.);
#3045=ORIENTED_EDGE('',*,*,#5898,.T.);
#3046=CARTESIAN_POINT('',(-0.339999999999998,0.1,1.99999999999999));
#3047=DIRECTION('',(1.0,0.0,0.0));
#3048=DIRECTION('',(0.0,1.0,0.0));
#3049=ORIENTED_EDGE('',*,*,#6052,.F.);
#3050=ORIENTED_EDGE('',*,*,#5862,.F.);
#3051=ORIENTED_EDGE('',*,*,#5900,.F.);
#3052=ORIENTED_EDGE('',*,*,#6104,.F.);
#3053=ORIENTED_EDGE('',*,*,#6105,.F.);
#3054=ORIENTED_EDGE('',*,*,#6106,.F.);
#3055=CARTESIAN_POINT('',(-0.659999999999998,0.1,1.99999999999999));
#3056=DIRECTION('',(1.0,0.0,0.0));
#3057=DIRECTION('',(0.0,1.0,0.0));
#3058=ORIENTED_EDGE('',*,*,#6104,.T.);
#3059=ORIENTED_EDGE('',*,*,#5899,.F.);
#3060=ORIENTED_EDGE('',*,*,#6103,.F.);
#3061=ORIENTED_EDGE('',*,*,#6107,.F.);
#3062=CARTESIAN_POINT('',(-0.339999999999998,2.25,0.849999999999995));
#3063=DIRECTION('',(0.0,0.0,-1.0));
#3064=DIRECTION('',(0.0,-1.0,0.0));
#3065=ORIENTED_EDGE('',*,*,#5868,.T.);
#3066=ORIENTED_EDGE('',*,*,#6054,.T.);
#3067=ORIENTED_EDGE('',*,*,#6108,.T.);
#3068=ORIENTED_EDGE('',*,*,#6109,.T.);
#3069=ORIENTED_EDGE('',*,*,#6110,.T.);
#3070=ORIENTED_EDGE('',*,*,#5895,.T.);
#3071=CARTESIAN_POINT('',(0.660000000000002,0.1,1.99999999999999));
#3072=DIRECTION('',(1.0,0.0,0.0));
#3073=DIRECTION('',(0.0,1.0,0.0));
#3074=ORIENTED_EDGE('',*,*,#6055,.F.);
#3075=ORIENTED_EDGE('',*,*,#5866,.F.);
#3076=ORIENTED_EDGE('',*,*,#5897,.F.);
#3077=ORIENTED_EDGE('',*,*,#6111,.F.);
#3078=ORIENTED_EDGE('',*,*,#6112,.F.);
#3079=ORIENTED_EDGE('',*,*,#6113,.F.);
#3080=CARTESIAN_POINT('',(0.340000000000002,0.1,1.99999999999999));
#3081=DIRECTION('',(1.0,0.0,0.0));
#3082=DIRECTION('',(0.0,1.0,0.0));
#3083=ORIENTED_EDGE('',*,*,#6111,.T.);
#3084=ORIENTED_EDGE('',*,*,#5896,.F.);
#3085=ORIENTED_EDGE('',*,*,#6110,.F.);
#3086=ORIENTED_EDGE('',*,*,#6114,.F.);
#3087=CARTESIAN_POINT('',(0.660000000000002,2.25,0.849999999999995));
#3088=DIRECTION('',(0.0,0.0,-1.0));
#3089=DIRECTION('',(0.0,-1.0,0.0));
#3090=ORIENTED_EDGE('',*,*,#5872,.T.);
#3091=ORIENTED_EDGE('',*,*,#6057,.T.);
#3092=ORIENTED_EDGE('',*,*,#6115,.T.);
#3093=ORIENTED_EDGE('',*,*,#6116,.T.);
#3094=ORIENTED_EDGE('',*,*,#6117,.T.);
#3095=ORIENTED_EDGE('',*,*,#5892,.T.);
#3096=CARTESIAN_POINT('',(1.66,0.1,1.99999999999999));
#3097=DIRECTION('',(1.0,0.0,0.0));
#3098=DIRECTION('',(0.0,1.0,0.0));
#3099=ORIENTED_EDGE('',*,*,#6058,.F.);
#3100=ORIENTED_EDGE('',*,*,#5870,.F.);
#3101=ORIENTED_EDGE('',*,*,#5894,.F.);
#3102=ORIENTED_EDGE('',*,*,#6118,.F.);
#3103=ORIENTED_EDGE('',*,*,#6119,.F.);
#3104=ORIENTED_EDGE('',*,*,#6120,.F.);
#3105=CARTESIAN_POINT('',(1.34,0.1,1.99999999999999));
#3106=DIRECTION('',(1.0,0.0,0.0));
#3107=DIRECTION('',(0.0,1.0,0.0));
#3108=ORIENTED_EDGE('',*,*,#6118,.T.);
#3109=ORIENTED_EDGE('',*,*,#5893,.F.);
#3110=ORIENTED_EDGE('',*,*,#6117,.F.);
#3111=ORIENTED_EDGE('',*,*,#6121,.F.);
#3112=CARTESIAN_POINT('',(1.66,2.25,0.849999999999995));
#3113=DIRECTION('',(0.0,0.0,-1.0));
#3114=DIRECTION('',(0.0,-1.0,0.0));
#3115=ORIENTED_EDGE('',*,*,#5876,.T.);
#3116=ORIENTED_EDGE('',*,*,#6060,.T.);
#3117=ORIENTED_EDGE('',*,*,#6122,.T.);
#3118=ORIENTED_EDGE('',*,*,#6123,.T.);
#3119=ORIENTED_EDGE('',*,*,#6124,.T.);
#3120=ORIENTED_EDGE('',*,*,#5889,.T.);
#3121=CARTESIAN_POINT('',(2.66,0.1,1.99999999999999));
#3122=DIRECTION('',(1.0,0.0,0.0));
#3123=DIRECTION('',(0.0,1.0,0.0));
#3124=ORIENTED_EDGE('',*,*,#6061,.F.);
#3125=ORIENTED_EDGE('',*,*,#5874,.F.);
#3126=ORIENTED_EDGE('',*,*,#5891,.F.);
#3127=ORIENTED_EDGE('',*,*,#6125,.F.);
#3128=ORIENTED_EDGE('',*,*,#6126,.F.);
#3129=ORIENTED_EDGE('',*,*,#6127,.F.);
#3130=CARTESIAN_POINT('',(2.34,0.1,1.99999999999999));
#3131=DIRECTION('',(1.0,0.0,0.0));
#3132=DIRECTION('',(0.0,1.0,0.0));
#3133=ORIENTED_EDGE('',*,*,#6125,.T.);
#3134=ORIENTED_EDGE('',*,*,#5890,.F.);
#3135=ORIENTED_EDGE('',*,*,#6124,.F.);
#3136=ORIENTED_EDGE('',*,*,#6128,.F.);
#3137=CARTESIAN_POINT('',(2.66,2.25,0.849999999999995));
#3138=DIRECTION('',(0.0,0.0,-1.0));
#3139=DIRECTION('',(0.0,-1.0,0.0));
#3140=ORIENTED_EDGE('',*,*,#5880,.T.);
#3141=ORIENTED_EDGE('',*,*,#6063,.T.);
#3142=ORIENTED_EDGE('',*,*,#6129,.T.);
#3143=ORIENTED_EDGE('',*,*,#6130,.T.);
#3144=ORIENTED_EDGE('',*,*,#6131,.T.);
#3145=ORIENTED_EDGE('',*,*,#5886,.T.);
#3146=CARTESIAN_POINT('',(3.66,0.1,1.99999999999999));
#3147=DIRECTION('',(1.0,0.0,0.0));
#3148=DIRECTION('',(0.0,1.0,0.0));
#3149=ORIENTED_EDGE('',*,*,#6064,.F.);
#3150=ORIENTED_EDGE('',*,*,#5878,.F.);
#3151=ORIENTED_EDGE('',*,*,#5888,.F.);
#3152=ORIENTED_EDGE('',*,*,#6132,.F.);
#3153=ORIENTED_EDGE('',*,*,#6133,.F.);
#3154=ORIENTED_EDGE('',*,*,#6134,.F.);
#3155=CARTESIAN_POINT('',(3.34,0.1,1.99999999999999));
#3156=DIRECTION('',(1.0,0.0,0.0));
#3157=DIRECTION('',(0.0,1.0,0.0));
#3158=ORIENTED_EDGE('',*,*,#6132,.T.);
#3159=ORIENTED_EDGE('',*,*,#5887,.F.);
#3160=ORIENTED_EDGE('',*,*,#6131,.F.);
#3161=ORIENTED_EDGE('',*,*,#6135,.F.);
#3162=CARTESIAN_POINT('',(3.66,2.25,0.849999999999995));
#3163=DIRECTION('',(0.0,0.0,-1.0));
#3164=DIRECTION('',(0.0,-1.0,0.0));
#3165=ORIENTED_EDGE('',*,*,#6136,.T.);
#3166=ORIENTED_EDGE('',*,*,#6137,.T.);
#3167=ORIENTED_EDGE('',*,*,#6138,.T.);
#3168=ORIENTED_EDGE('',*,*,#6139,.F.);
#3169=ORIENTED_EDGE('',*,*,#6140,.T.);
#3170=ORIENTED_EDGE('',*,*,#6141,.T.);
#3171=ORIENTED_EDGE('',*,*,#6142,.T.);
#3172=ORIENTED_EDGE('',*,*,#6143,.T.);
#3173=ORIENTED_EDGE('',*,*,#6144,.T.);
#3174=ORIENTED_EDGE('',*,*,#6145,.T.);
#3175=ORIENTED_EDGE('',*,*,#6146,.T.);
#3176=ORIENTED_EDGE('',*,*,#6147,.T.);
#3177=ORIENTED_EDGE('',*,*,#6148,.T.);
#3178=ORIENTED_EDGE('',*,*,#6149,.T.);
#3179=ORIENTED_EDGE('',*,*,#6150,.F.);
#3180=ORIENTED_EDGE('',*,*,#6151,.T.);
#3181=ORIENTED_EDGE('',*,*,#6152,.T.);
#3182=ORIENTED_EDGE('',*,*,#6153,.T.);
#3183=CARTESIAN_POINT('',(1.65749999999998,4.3,0.3));
#3184=DIRECTION('',(0.0,-2.71050543121376E-17,1.0));
#3185=DIRECTION('',(0.0,-1.0,-2.71050543121376E-17));
#3186=ORIENTED_EDGE('',*,*,#6154,.F.);
#3187=ORIENTED_EDGE('',*,*,#6155,.F.);
#3188=ORIENTED_EDGE('',*,*,#6156,.F.);
#3189=ORIENTED_EDGE('',*,*,#6157,.T.);
#3190=ORIENTED_EDGE('',*,*,#6158,.T.);
#3191=ORIENTED_EDGE('',*,*,#6159,.T.);
#3192=ORIENTED_EDGE('',*,*,#6160,.T.);
#3193=ORIENTED_EDGE('',*,*,#6161,.T.);
#3194=ORIENTED_EDGE('',*,*,#6162,.T.);
#3195=ORIENTED_EDGE('',*,*,#6163,.T.);
#3196=ORIENTED_EDGE('',*,*,#6164,.T.);
#3197=ORIENTED_EDGE('',*,*,#6165,.F.);
#3198=ORIENTED_EDGE('',*,*,#6166,.F.);
#3199=ORIENTED_EDGE('',*,*,#6167,.F.);
#3200=ORIENTED_EDGE('',*,*,#6168,.F.);
#3201=ORIENTED_EDGE('',*,*,#6169,.T.);
#3202=ORIENTED_EDGE('',*,*,#6170,.F.);
#3203=ORIENTED_EDGE('',*,*,#6171,.F.);
#3204=CARTESIAN_POINT('',(-1.65749999999998,4.3,0.3));
#3205=DIRECTION('',(0.0,2.71050543121376E-17,-1.0));
#3206=DIRECTION('',(-1.0,0.0,0.0));
#3207=ORIENTED_EDGE('',*,*,#6172,.F.);
#3208=ORIENTED_EDGE('',*,*,#5798,.F.);
#3209=ORIENTED_EDGE('',*,*,#6173,.F.);
#3210=ORIENTED_EDGE('',*,*,#6174,.F.);
#3211=ORIENTED_EDGE('',*,*,#6175,.T.);
#3212=ORIENTED_EDGE('',*,*,#6176,.F.);
#3213=ORIENTED_EDGE('',*,*,#6177,.T.);
#3214=ORIENTED_EDGE('',*,*,#6178,.F.);
#3215=CARTESIAN_POINT('',(6.475,3.35,-24.03));
#3216=DIRECTION('',(-1.0,2.58913951638329E-16,0.0));
#3217=DIRECTION('',(0.0,0.0,1.0));
#3218=ORIENTED_EDGE('',*,*,#6179,.F.);
#3219=ORIENTED_EDGE('',*,*,#6174,.T.);
#3220=ORIENTED_EDGE('',*,*,#6180,.T.);
#3221=ORIENTED_EDGE('',*,*,#6181,.F.);
#3222=ORIENTED_EDGE('',*,*,#6182,.T.);
#3223=ORIENTED_EDGE('',*,*,#6183,.F.);
#3224=ORIENTED_EDGE('',*,*,#6184,.T.);
#3225=ORIENTED_EDGE('',*,*,#6185,.F.);
#3226=CARTESIAN_POINT('',(0.0,3.5,0.0));
#3227=DIRECTION('',(0.0,-1.0,0.0));
#3228=DIRECTION('',(0.0,0.0,-1.0));
#3229=ORIENTED_EDGE('',*,*,#6175,.F.);
#3230=ORIENTED_EDGE('',*,*,#6179,.T.);
#3231=ORIENTED_EDGE('',*,*,#6186,.F.);
#3232=CARTESIAN_POINT('',(6.875,3.5,2.05));
#3233=DIRECTION('',(0.0,0.0,1.0));
#3234=DIRECTION('',(1.0,0.0,0.0));
#3235=ORIENTED_EDGE('',*,*,#6187,.T.);
#3236=ORIENTED_EDGE('',*,*,#6188,.T.);
#3237=ORIENTED_EDGE('',*,*,#6189,.F.);
#3238=ORIENTED_EDGE('',*,*,#6190,.F.);
#3239=ORIENTED_EDGE('',*,*,#6191,.T.);
#3240=ORIENTED_EDGE('',*,*,#6192,.F.);
#3241=ORIENTED_EDGE('',*,*,#6193,.T.);
#3242=ORIENTED_EDGE('',*,*,#6194,.F.);
#3243=CARTESIAN_POINT('',(0.0,3.5,0.0));
#3244=DIRECTION('',(0.0,-1.0,0.0));
#3245=DIRECTION('',(0.0,0.0,-1.0));
#3246=ORIENTED_EDGE('',*,*,#6195,.F.);
#3247=ORIENTED_EDGE('',*,*,#6194,.T.);
#3248=ORIENTED_EDGE('',*,*,#6196,.T.);
#3249=ORIENTED_EDGE('',*,*,#6197,.F.);
#3250=ORIENTED_EDGE('',*,*,#6198,.T.);
#3251=ORIENTED_EDGE('',*,*,#5783,.T.);
#3252=CARTESIAN_POINT('',(-6.075,3.5,0.749999999999996));
#3253=DIRECTION('',(1.0,0.0,0.0));
#3254=DIRECTION('',(0.0,1.0,0.0));
#3255=ORIENTED_EDGE('',*,*,#6199,.F.);
#3256=ORIENTED_EDGE('',*,*,#6200,.T.);
#3257=ORIENTED_EDGE('',*,*,#6201,.F.);
#3258=ORIENTED_EDGE('',*,*,#6202,.F.);
#3259=ORIENTED_EDGE('',*,*,#6203,.F.);
#3260=ORIENTED_EDGE('',*,*,#6204,.T.);
#3261=ORIENTED_EDGE('',*,*,#6205,.F.);
#3262=ORIENTED_EDGE('',*,*,#6206,.F.);
#3263=ORIENTED_EDGE('',*,*,#6207,.F.);
#3264=ORIENTED_EDGE('',*,*,#6208,.T.);
#3265=ORIENTED_EDGE('',*,*,#6209,.F.);
#3266=ORIENTED_EDGE('',*,*,#6210,.F.);
#3267=ORIENTED_EDGE('',*,*,#6211,.F.);
#3268=ORIENTED_EDGE('',*,*,#6212,.T.);
#3269=ORIENTED_EDGE('',*,*,#6213,.F.);
#3270=ORIENTED_EDGE('',*,*,#6214,.F.);
#3271=ORIENTED_EDGE('',*,*,#6215,.F.);
#3272=ORIENTED_EDGE('',*,*,#6216,.T.);
#3273=ORIENTED_EDGE('',*,*,#6217,.F.);
#3274=ORIENTED_EDGE('',*,*,#6218,.F.);
#3275=ORIENTED_EDGE('',*,*,#6219,.F.);
#3276=ORIENTED_EDGE('',*,*,#6220,.T.);
#3277=ORIENTED_EDGE('',*,*,#6221,.F.);
#3278=ORIENTED_EDGE('',*,*,#6222,.F.);
#3279=ORIENTED_EDGE('',*,*,#6223,.F.);
#3280=ORIENTED_EDGE('',*,*,#6224,.T.);
#3281=ORIENTED_EDGE('',*,*,#6225,.F.);
#3282=ORIENTED_EDGE('',*,*,#6226,.F.);
#3283=ORIENTED_EDGE('',*,*,#6227,.F.);
#3284=ORIENTED_EDGE('',*,*,#6228,.T.);
#3285=ORIENTED_EDGE('',*,*,#6229,.F.);
#3286=ORIENTED_EDGE('',*,*,#6230,.F.);
#3287=ORIENTED_EDGE('',*,*,#6231,.F.);
#3288=ORIENTED_EDGE('',*,*,#6232,.T.);
#3289=ORIENTED_EDGE('',*,*,#6233,.F.);
#3290=ORIENTED_EDGE('',*,*,#6234,.F.);
#3291=ORIENTED_EDGE('',*,*,#6235,.F.);
#3292=ORIENTED_EDGE('',*,*,#6236,.T.);
#3293=ORIENTED_EDGE('',*,*,#6237,.F.);
#3294=ORIENTED_EDGE('',*,*,#6238,.F.);
#3295=ORIENTED_EDGE('',*,*,#6239,.F.);
#3296=ORIENTED_EDGE('',*,*,#6156,.T.);
#3297=ORIENTED_EDGE('',*,*,#6240,.F.);
#3298=ORIENTED_EDGE('',*,*,#6241,.F.);
#3299=ORIENTED_EDGE('',*,*,#6242,.F.);
#3300=ORIENTED_EDGE('',*,*,#6243,.T.);
#3301=ORIENTED_EDGE('',*,*,#6244,.F.);
#3302=ORIENTED_EDGE('',*,*,#6245,.F.);
#3303=ORIENTED_EDGE('',*,*,#6246,.F.);
#3304=ORIENTED_EDGE('',*,*,#6247,.F.);
#3305=ORIENTED_EDGE('',*,*,#6248,.T.);
#3306=ORIENTED_EDGE('',*,*,#6249,.T.);
#3307=ORIENTED_EDGE('',*,*,#6250,.F.);
#3308=ORIENTED_EDGE('',*,*,#6149,.F.);
#3309=ORIENTED_EDGE('',*,*,#6251,.T.);
#3310=ORIENTED_EDGE('',*,*,#6252,.F.);
#3311=CARTESIAN_POINT('',(0.0,4.3,0.0));
#3312=DIRECTION('',(0.0,-1.0,0.0));
#3313=DIRECTION('',(0.0,0.0,-1.0));
#3314=ORIENTED_EDGE('',*,*,#6253,.T.);
#3315=ORIENTED_EDGE('',*,*,#6254,.T.);
#3316=ORIENTED_EDGE('',*,*,#6255,.T.);
#3317=ORIENTED_EDGE('',*,*,#6256,.F.);
#3318=ORIENTED_EDGE('',*,*,#6244,.T.);
#3319=ORIENTED_EDGE('',*,*,#6257,.T.);
#3320=ORIENTED_EDGE('',*,*,#6258,.T.);
#3321=ORIENTED_EDGE('',*,*,#6259,.T.);
#3322=ORIENTED_EDGE('',*,*,#6240,.T.);
#3323=ORIENTED_EDGE('',*,*,#6155,.T.);
#3324=CARTESIAN_POINT('',(-7.35,4.3,2.7));
#3325=DIRECTION('',(-1.0,0.0,3.21245088143852E-16));
#3326=DIRECTION('',(0.0,1.0,0.0));
#3327=ORIENTED_EDGE('',*,*,#6260,.F.);
#3328=ORIENTED_EDGE('',*,*,#6261,.F.);
#3329=ORIENTED_EDGE('',*,*,#6262,.T.);
#3330=ORIENTED_EDGE('',*,*,#6014,.T.);
#3331=ORIENTED_EDGE('',*,*,#5766,.T.);
#3332=ORIENTED_EDGE('',*,*,#6263,.T.);
#3333=ORIENTED_EDGE('',*,*,#6264,.T.);
#3334=ORIENTED_EDGE('',*,*,#6265,.F.);
#3335=ORIENTED_EDGE('',*,*,#6266,.T.);
#3336=ORIENTED_EDGE('',*,*,#6255,.F.);
#3337=CARTESIAN_POINT('',(-6.77500000000001,0.200000000000001,-24.03));
#3338=DIRECTION('',(-1.24918945960287E-14,1.0,0.0));
#3339=DIRECTION('',(1.0,1.24918945960287E-14,-0.0));
#3340=ORIENTED_EDGE('',*,*,#5984,.F.);
#3341=ORIENTED_EDGE('',*,*,#6267,.F.);
#3342=ORIENTED_EDGE('',*,*,#6268,.F.);
#3343=ORIENTED_EDGE('',*,*,#6263,.F.);
#3344=CARTESIAN_POINT('',(-6.875,3.5,2.05));
#3345=DIRECTION('',(-1.0,0.0,0.0));
#3346=DIRECTION('',(0.0,0.0,1.0));
#3347=ORIENTED_EDGE('',*,*,#6269,.F.);
#3348=ORIENTED_EDGE('',*,*,#6252,.T.);
#3349=ORIENTED_EDGE('',*,*,#6270,.F.);
#3350=ORIENTED_EDGE('',*,*,#6271,.F.);
#3351=ORIENTED_EDGE('',*,*,#6272,.F.);
#3352=ORIENTED_EDGE('',*,*,#6273,.F.);
#3353=ORIENTED_EDGE('',*,*,#6274,.F.);
#3354=ORIENTED_EDGE('',*,*,#6275,.F.);
#3355=ORIENTED_EDGE('',*,*,#6276,.F.);
#3356=ORIENTED_EDGE('',*,*,#6277,.F.);
#3357=ORIENTED_EDGE('',*,*,#6278,.T.);
#3358=ORIENTED_EDGE('',*,*,#6018,.F.);
#3359=ORIENTED_EDGE('',*,*,#6279,.T.);
#3360=ORIENTED_EDGE('',*,*,#6280,.F.);
#3361=ORIENTED_EDGE('',*,*,#6281,.F.);
#3362=ORIENTED_EDGE('',*,*,#6282,.F.);
#3363=ORIENTED_EDGE('',*,*,#6283,.F.);
#3364=ORIENTED_EDGE('',*,*,#6284,.F.);
#3365=ORIENTED_EDGE('',*,*,#6285,.F.);
#3366=ORIENTED_EDGE('',*,*,#6286,.F.);
#3367=CARTESIAN_POINT('',(-7.35,4.3,-3.77475828372553E-15));
#3368=DIRECTION('',(0.0,0.0,-1.0));
#3369=DIRECTION('',(0.0,-1.0,0.0));
#3370=ORIENTED_EDGE('',*,*,#6287,.F.);
#3371=ORIENTED_EDGE('',*,*,#6288,.F.);
#3372=ORIENTED_EDGE('',*,*,#6289,.T.);
#3373=ORIENTED_EDGE('',*,*,#6290,.T.);
#3374=ORIENTED_EDGE('',*,*,#6138,.F.);
#3375=ORIENTED_EDGE('',*,*,#6291,.F.);
#3376=CARTESIAN_POINT('',(6.775,0.200000000000001,-24.03));
#3377=DIRECTION('',(1.0,5.50705865389463E-16,0.0));
#3378=DIRECTION('',(-5.50705865389463E-16,1.0,0.0));
#3379=ORIENTED_EDGE('',*,*,#6181,.T.);
#3380=ORIENTED_EDGE('',*,*,#6292,.T.);
#3381=ORIENTED_EDGE('',*,*,#5796,.T.);
#3382=ORIENTED_EDGE('',*,*,#6293,.F.);
#3383=ORIENTED_EDGE('',*,*,#6294,.F.);
#3384=ORIENTED_EDGE('',*,*,#6295,.F.);
#3385=CARTESIAN_POINT('',(6.075,3.5,2.05));
#3386=DIRECTION('',(-1.0,0.0,0.0));
#3387=DIRECTION('',(0.0,0.0,1.0));
#3388=ORIENTED_EDGE('',*,*,#6296,.T.);
#3389=ORIENTED_EDGE('',*,*,#6165,.T.);
#3390=ORIENTED_EDGE('',*,*,#6297,.T.);
#3391=ORIENTED_EDGE('',*,*,#6279,.F.);
#3392=ORIENTED_EDGE('',*,*,#6017,.T.);
#3393=ORIENTED_EDGE('',*,*,#5806,.T.);
#3394=ORIENTED_EDGE('',*,*,#6298,.T.);
#3395=CARTESIAN_POINT('',(-6.475,-2.22044604925031E-15,-24.03));
#3396=DIRECTION('',(1.0,2.58913951638329E-16,0.0));
#3397=DIRECTION('',(-2.58913951638329E-16,1.0,0.0));
#3398=ORIENTED_EDGE('',*,*,#6299,.T.);
#3399=ORIENTED_EDGE('',*,*,#6300,.T.);
#3400=ORIENTED_EDGE('',*,*,#6301,.F.);
#3401=ORIENTED_EDGE('',*,*,#6302,.T.);
#3402=ORIENTED_EDGE('',*,*,#6303,.T.);
#3403=CARTESIAN_POINT('',(-6.625,3.35,-24.03));
#3404=DIRECTION('',(0.0,0.0,-1.0));
#3405=DIRECTION('',(1.0,0.0,0.0));
#3406=ORIENTED_EDGE('',*,*,#6304,.T.);
#3407=ORIENTED_EDGE('',*,*,#6167,.T.);
#3408=ORIENTED_EDGE('',*,*,#6305,.F.);
#3409=ORIENTED_EDGE('',*,*,#6306,.T.);
#3410=ORIENTED_EDGE('',*,*,#6261,.T.);
#3411=ORIENTED_EDGE('',*,*,#6307,.T.);
#3412=CARTESIAN_POINT('',(-6.775,3.35,-24.03));
#3413=DIRECTION('',(-1.0,5.50705865389463E-16,0.0));
#3414=DIRECTION('',(0.0,0.0,1.0));
#3415=ORIENTED_EDGE('',*,*,#6308,.T.);
#3416=ORIENTED_EDGE('',*,*,#6140,.F.);
#3417=ORIENTED_EDGE('',*,*,#6309,.F.);
#3418=ORIENTED_EDGE('',*,*,#6310,.T.);
#3419=ORIENTED_EDGE('',*,*,#5804,.F.);
#3420=ORIENTED_EDGE('',*,*,#6019,.F.);
#3421=ORIENTED_EDGE('',*,*,#6278,.F.);
#3422=CARTESIAN_POINT('',(6.475,3.35,-24.03));
#3423=DIRECTION('',(-1.0,2.58913951638329E-16,0.0));
#3424=DIRECTION('',(0.0,0.0,1.0));
#3425=ORIENTED_EDGE('',*,*,#6186,.T.);
#3426=ORIENTED_EDGE('',*,*,#6311,.T.);
#3427=ORIENTED_EDGE('',*,*,#6312,.F.);
#3428=ORIENTED_EDGE('',*,*,#6313,.T.);
#3429=ORIENTED_EDGE('',*,*,#6176,.T.);
#3430=CARTESIAN_POINT('',(6.625,3.35,-24.03));
#3431=DIRECTION('',(0.0,0.0,-1.0));
#3432=DIRECTION('',(1.0,0.0,0.0));
#3433=ORIENTED_EDGE('',*,*,#6136,.F.);
#3434=ORIENTED_EDGE('',*,*,#6250,.T.);
#3435=ORIENTED_EDGE('',*,*,#6314,.F.);
#3436=ORIENTED_EDGE('',*,*,#6315,.F.);
#3437=ORIENTED_EDGE('',*,*,#6316,.F.);
#3438=ORIENTED_EDGE('',*,*,#6246,.T.);
#3439=ORIENTED_EDGE('',*,*,#6317,.T.);
#3440=ORIENTED_EDGE('',*,*,#6318,.F.);
#3441=ORIENTED_EDGE('',*,*,#6319,.F.);
#3442=ORIENTED_EDGE('',*,*,#6320,.F.);
#3443=CARTESIAN_POINT('',(7.35,4.3,-3.5527136788005E-15));
#3444=DIRECTION('',(1.0,0.0,-3.21245088143853E-16));
#3445=DIRECTION('',(-3.21245088143853E-16,0.0,-1.0));
#3446=ORIENTED_EDGE('',*,*,#6321,.F.);
#3447=ORIENTED_EDGE('',*,*,#6322,.F.);
#3448=ORIENTED_EDGE('',*,*,#6177,.F.);
#3449=ORIENTED_EDGE('',*,*,#6313,.F.);
#3450=ORIENTED_EDGE('',*,*,#6323,.F.);
#3451=ORIENTED_EDGE('',*,*,#6324,.F.);
#3452=ORIENTED_EDGE('',*,*,#6317,.F.);
#3453=ORIENTED_EDGE('',*,*,#6245,.T.);
#3454=ORIENTED_EDGE('',*,*,#6256,.T.);
#3455=ORIENTED_EDGE('',*,*,#6266,.F.);
#3456=ORIENTED_EDGE('',*,*,#6325,.F.);
#3457=ORIENTED_EDGE('',*,*,#6302,.F.);
#3458=ORIENTED_EDGE('',*,*,#6326,.F.);
#3459=ORIENTED_EDGE('',*,*,#6327,.F.);
#3460=ORIENTED_EDGE('',*,*,#6328,.T.);
#3461=ORIENTED_EDGE('',*,*,#6329,.F.);
#3462=CARTESIAN_POINT('',(7.35,4.3,2.7));
#3463=DIRECTION('',(5.3103779876841E-16,0.0,1.0));
#3464=DIRECTION('',(1.0,0.0,-5.3103779876841E-16));
#3465=ORIENTED_EDGE('',*,*,#6330,.T.);
#3466=ORIENTED_EDGE('',*,*,#6331,.F.);
#3467=ORIENTED_EDGE('',*,*,#6332,.F.);
#3468=ORIENTED_EDGE('',*,*,#6329,.T.);
#3469=CARTESIAN_POINT('',(5.4,-1.3,2.7));
#3470=DIRECTION('',(0.0,1.0,3.6140072416183E-16));
#3471=DIRECTION('',(0.0,3.6140072416183E-16,-1.0));
#3472=ORIENTED_EDGE('',*,*,#6333,.T.);
#3473=ORIENTED_EDGE('',*,*,#6334,.F.);
#3474=ORIENTED_EDGE('',*,*,#6335,.F.);
#3475=ORIENTED_EDGE('',*,*,#6331,.T.);
#3476=CARTESIAN_POINT('',(5.4,-1.3,2.1));
#3477=DIRECTION('',(0.0,0.316227766016837,0.948683298050514));
#3478=DIRECTION('',(1.0,-0.0,0.0));
#3479=ORIENTED_EDGE('',*,*,#6336,.F.);
#3480=ORIENTED_EDGE('',*,*,#6337,.T.);
#3481=ORIENTED_EDGE('',*,*,#6338,.F.);
#3482=ORIENTED_EDGE('',*,*,#6339,.F.);
#3483=ORIENTED_EDGE('',*,*,#6340,.F.);
#3484=ORIENTED_EDGE('',*,*,#6341,.T.);
#3485=ORIENTED_EDGE('',*,*,#6342,.F.);
#3486=ORIENTED_EDGE('',*,*,#6343,.F.);
#3487=ORIENTED_EDGE('',*,*,#6344,.F.);
#3488=ORIENTED_EDGE('',*,*,#6345,.T.);
#3489=ORIENTED_EDGE('',*,*,#6346,.F.);
#3490=ORIENTED_EDGE('',*,*,#6347,.F.);
#3491=ORIENTED_EDGE('',*,*,#6348,.F.);
#3492=ORIENTED_EDGE('',*,*,#6349,.T.);
#3493=ORIENTED_EDGE('',*,*,#6350,.F.);
#3494=ORIENTED_EDGE('',*,*,#6351,.F.);
#3495=ORIENTED_EDGE('',*,*,#6352,.F.);
#3496=ORIENTED_EDGE('',*,*,#6353,.T.);
#3497=ORIENTED_EDGE('',*,*,#6354,.F.);
#3498=ORIENTED_EDGE('',*,*,#6355,.F.);
#3499=ORIENTED_EDGE('',*,*,#6356,.F.);
#3500=ORIENTED_EDGE('',*,*,#6357,.T.);
#3501=ORIENTED_EDGE('',*,*,#6358,.F.);
#3502=ORIENTED_EDGE('',*,*,#6359,.F.);
#3503=ORIENTED_EDGE('',*,*,#6360,.F.);
#3504=ORIENTED_EDGE('',*,*,#6361,.T.);
#3505=ORIENTED_EDGE('',*,*,#6362,.F.);
#3506=ORIENTED_EDGE('',*,*,#6363,.F.);
#3507=ORIENTED_EDGE('',*,*,#6364,.F.);
#3508=ORIENTED_EDGE('',*,*,#6365,.T.);
#3509=ORIENTED_EDGE('',*,*,#6366,.F.);
#3510=ORIENTED_EDGE('',*,*,#6367,.F.);
#3511=ORIENTED_EDGE('',*,*,#6368,.F.);
#3512=ORIENTED_EDGE('',*,*,#6369,.T.);
#3513=ORIENTED_EDGE('',*,*,#6370,.F.);
#3514=ORIENTED_EDGE('',*,*,#6371,.F.);
#3515=ORIENTED_EDGE('',*,*,#6372,.F.);
#3516=ORIENTED_EDGE('',*,*,#6373,.T.);
#3517=ORIENTED_EDGE('',*,*,#6374,.F.);
#3518=ORIENTED_EDGE('',*,*,#6375,.F.);
#3519=ORIENTED_EDGE('',*,*,#6376,.T.);
#3520=ORIENTED_EDGE('',*,*,#6022,.F.);
#3521=ORIENTED_EDGE('',*,*,#6377,.F.);
#3522=ORIENTED_EDGE('',*,*,#6378,.F.);
#3523=ORIENTED_EDGE('',*,*,#6379,.T.);
#3524=ORIENTED_EDGE('',*,*,#6027,.F.);
#3525=ORIENTED_EDGE('',*,*,#6380,.F.);
#3526=ORIENTED_EDGE('',*,*,#6334,.T.);
#3527=CARTESIAN_POINT('',(5.4,-0.4,1.8));
#3528=DIRECTION('',(0.0,0.0,1.0));
#3529=DIRECTION('',(1.0,0.0,0.0));
#3530=ORIENTED_EDGE('',*,*,#6332,.T.);
#3531=ORIENTED_EDGE('',*,*,#6335,.T.);
#3532=ORIENTED_EDGE('',*,*,#6380,.T.);
#3533=ORIENTED_EDGE('',*,*,#6026,.T.);
#3534=ORIENTED_EDGE('',*,*,#6381,.F.);
#3535=ORIENTED_EDGE('',*,*,#6382,.T.);
#3536=ORIENTED_EDGE('',*,*,#6321,.T.);
#3537=CARTESIAN_POINT('',(5.4,0.0,0.0));
#3538=DIRECTION('',(1.0,0.0,0.0));
#3539=DIRECTION('',(0.0,1.0,0.0));
#3540=ORIENTED_EDGE('',*,*,#6330,.F.);
#3541=ORIENTED_EDGE('',*,*,#6328,.F.);
#3542=ORIENTED_EDGE('',*,*,#6383,.F.);
#3543=ORIENTED_EDGE('',*,*,#6384,.F.);
#3544=ORIENTED_EDGE('',*,*,#6023,.F.);
#3545=ORIENTED_EDGE('',*,*,#6376,.F.);
#3546=ORIENTED_EDGE('',*,*,#6333,.F.);
#3547=CARTESIAN_POINT('',(-5.4,0.0,0.0));
#3548=DIRECTION('',(1.0,0.0,0.0));
#3549=DIRECTION('',(0.0,1.0,0.0));
#3550=ORIENTED_EDGE('',*,*,#6129,.F.);
#3551=ORIENTED_EDGE('',*,*,#6065,.T.);
#3552=ORIENTED_EDGE('',*,*,#6134,.T.);
#3553=ORIENTED_EDGE('',*,*,#6385,.F.);
#3554=ORIENTED_EDGE('',*,*,#6122,.F.);
#3555=ORIENTED_EDGE('',*,*,#6062,.T.);
#3556=ORIENTED_EDGE('',*,*,#6127,.T.);
#3557=ORIENTED_EDGE('',*,*,#6386,.F.);
#3558=ORIENTED_EDGE('',*,*,#6115,.F.);
#3559=ORIENTED_EDGE('',*,*,#6059,.T.);
#3560=ORIENTED_EDGE('',*,*,#6120,.T.);
#3561=ORIENTED_EDGE('',*,*,#6387,.F.);
#3562=ORIENTED_EDGE('',*,*,#6108,.F.);
#3563=ORIENTED_EDGE('',*,*,#6056,.T.);
#3564=ORIENTED_EDGE('',*,*,#6113,.T.);
#3565=ORIENTED_EDGE('',*,*,#6388,.F.);
#3566=ORIENTED_EDGE('',*,*,#6101,.F.);
#3567=ORIENTED_EDGE('',*,*,#6053,.T.);
#3568=ORIENTED_EDGE('',*,*,#6106,.T.);
#3569=ORIENTED_EDGE('',*,*,#6389,.F.);
#3570=ORIENTED_EDGE('',*,*,#6094,.F.);
#3571=ORIENTED_EDGE('',*,*,#6050,.T.);
#3572=ORIENTED_EDGE('',*,*,#6099,.T.);
#3573=ORIENTED_EDGE('',*,*,#6390,.F.);
#3574=ORIENTED_EDGE('',*,*,#6087,.F.);
#3575=ORIENTED_EDGE('',*,*,#6047,.T.);
#3576=ORIENTED_EDGE('',*,*,#6092,.T.);
#3577=ORIENTED_EDGE('',*,*,#6391,.F.);
#3578=ORIENTED_EDGE('',*,*,#6080,.F.);
#3579=ORIENTED_EDGE('',*,*,#6044,.T.);
#3580=ORIENTED_EDGE('',*,*,#6085,.T.);
#3581=ORIENTED_EDGE('',*,*,#6392,.F.);
#3582=ORIENTED_EDGE('',*,*,#6073,.F.);
#3583=ORIENTED_EDGE('',*,*,#6041,.T.);
#3584=ORIENTED_EDGE('',*,*,#6078,.T.);
#3585=ORIENTED_EDGE('',*,*,#6393,.F.);
#3586=ORIENTED_EDGE('',*,*,#6394,.T.);
#3587=ORIENTED_EDGE('',*,*,#6395,.F.);
#3588=ORIENTED_EDGE('',*,*,#6196,.F.);
#3589=ORIENTED_EDGE('',*,*,#6193,.F.);
#3590=ORIENTED_EDGE('',*,*,#6396,.F.);
#3591=ORIENTED_EDGE('',*,*,#6298,.F.);
#3592=ORIENTED_EDGE('',*,*,#5805,.F.);
#3593=ORIENTED_EDGE('',*,*,#6310,.F.);
#3594=ORIENTED_EDGE('',*,*,#6397,.F.);
#3595=ORIENTED_EDGE('',*,*,#6182,.F.);
#3596=ORIENTED_EDGE('',*,*,#6295,.T.);
#3597=ORIENTED_EDGE('',*,*,#6398,.F.);
#3598=ORIENTED_EDGE('',*,*,#6399,.F.);
#3599=ORIENTED_EDGE('',*,*,#6400,.F.);
#3600=ORIENTED_EDGE('',*,*,#6066,.F.);
#3601=ORIENTED_EDGE('',*,*,#6038,.T.);
#3602=ORIENTED_EDGE('',*,*,#6071,.T.);
#3603=ORIENTED_EDGE('',*,*,#6401,.F.);
#3604=CARTESIAN_POINT('',(5.525,0.0,0.749999999999996));
#3605=DIRECTION('',(0.0,-3.7021537597066E-16,1.0));
#3606=DIRECTION('',(0.0,-1.0,-3.7021537597066E-16));
#3607=ORIENTED_EDGE('',*,*,#6130,.F.);
#3608=ORIENTED_EDGE('',*,*,#6401,.T.);
#3609=ORIENTED_EDGE('',*,*,#6070,.T.);
#3610=ORIENTED_EDGE('',*,*,#6072,.T.);
#3611=ORIENTED_EDGE('',*,*,#6067,.F.);
#3612=ORIENTED_EDGE('',*,*,#6400,.T.);
#3613=ORIENTED_EDGE('',*,*,#6402,.F.);
#3614=ORIENTED_EDGE('',*,*,#6403,.F.);
#3615=ORIENTED_EDGE('',*,*,#6404,.T.);
#3616=ORIENTED_EDGE('',*,*,#6393,.T.);
#3617=ORIENTED_EDGE('',*,*,#6077,.T.);
#3618=ORIENTED_EDGE('',*,*,#6079,.T.);
#3619=ORIENTED_EDGE('',*,*,#6074,.F.);
#3620=ORIENTED_EDGE('',*,*,#6392,.T.);
#3621=ORIENTED_EDGE('',*,*,#6084,.T.);
#3622=ORIENTED_EDGE('',*,*,#6086,.T.);
#3623=ORIENTED_EDGE('',*,*,#6081,.F.);
#3624=ORIENTED_EDGE('',*,*,#6391,.T.);
#3625=ORIENTED_EDGE('',*,*,#6091,.T.);
#3626=ORIENTED_EDGE('',*,*,#6093,.T.);
#3627=ORIENTED_EDGE('',*,*,#6088,.F.);
#3628=ORIENTED_EDGE('',*,*,#6390,.T.);
#3629=ORIENTED_EDGE('',*,*,#6098,.T.);
#3630=ORIENTED_EDGE('',*,*,#6100,.T.);
#3631=ORIENTED_EDGE('',*,*,#6095,.F.);
#3632=ORIENTED_EDGE('',*,*,#6389,.T.);
#3633=ORIENTED_EDGE('',*,*,#6105,.T.);
#3634=ORIENTED_EDGE('',*,*,#6107,.T.);
#3635=ORIENTED_EDGE('',*,*,#6102,.F.);
#3636=ORIENTED_EDGE('',*,*,#6388,.T.);
#3637=ORIENTED_EDGE('',*,*,#6112,.T.);
#3638=ORIENTED_EDGE('',*,*,#6114,.T.);
#3639=ORIENTED_EDGE('',*,*,#6109,.F.);
#3640=ORIENTED_EDGE('',*,*,#6387,.T.);
#3641=ORIENTED_EDGE('',*,*,#6119,.T.);
#3642=ORIENTED_EDGE('',*,*,#6121,.T.);
#3643=ORIENTED_EDGE('',*,*,#6116,.F.);
#3644=ORIENTED_EDGE('',*,*,#6386,.T.);
#3645=ORIENTED_EDGE('',*,*,#6126,.T.);
#3646=ORIENTED_EDGE('',*,*,#6128,.T.);
#3647=ORIENTED_EDGE('',*,*,#6123,.F.);
#3648=ORIENTED_EDGE('',*,*,#6385,.T.);
#3649=ORIENTED_EDGE('',*,*,#6133,.T.);
#3650=ORIENTED_EDGE('',*,*,#6135,.T.);
#3651=CARTESIAN_POINT('',(5.525,2.05,0.749999999999997));
#3652=DIRECTION('',(0.0,-0.707106781186548,0.707106781186547));
#3653=DIRECTION('',(-1.0,0.0,0.0));
#3654=ORIENTED_EDGE('',*,*,#6405,.T.);
#3655=ORIENTED_EDGE('',*,*,#6403,.T.);
#3656=ORIENTED_EDGE('',*,*,#6406,.F.);
#3657=ORIENTED_EDGE('',*,*,#6378,.T.);
#3658=CARTESIAN_POINT('',(5.525,2.5,1.2));
#3659=DIRECTION('',(0.0,-1.0,-7.22801448323671E-16));
#3660=DIRECTION('',(0.0,7.22801448323671E-16,-1.0));
#3661=ORIENTED_EDGE('',*,*,#6407,.F.);
#3662=ORIENTED_EDGE('',*,*,#6408,.T.);
#3663=ORIENTED_EDGE('',*,*,#6028,.F.);
#3664=ORIENTED_EDGE('',*,*,#6379,.F.);
#3665=ORIENTED_EDGE('',*,*,#6406,.T.);
#3666=ORIENTED_EDGE('',*,*,#6402,.T.);
#3667=ORIENTED_EDGE('',*,*,#6399,.T.);
#3668=CARTESIAN_POINT('',(5.525,0.0,0.0));
#3669=DIRECTION('',(1.0,0.0,0.0));
#3670=DIRECTION('',(0.0,1.0,0.0));
#3671=ORIENTED_EDGE('',*,*,#6409,.F.);
#3672=ORIENTED_EDGE('',*,*,#6394,.F.);
#3673=ORIENTED_EDGE('',*,*,#6404,.F.);
#3674=ORIENTED_EDGE('',*,*,#6405,.F.);
#3675=ORIENTED_EDGE('',*,*,#6377,.T.);
#3676=ORIENTED_EDGE('',*,*,#6021,.T.);
#3677=ORIENTED_EDGE('',*,*,#6410,.F.);
#3678=CARTESIAN_POINT('',(-5.525,0.0,0.0));
#3679=DIRECTION('',(1.0,0.0,0.0));
#3680=DIRECTION('',(0.0,1.0,0.0));
#3681=ORIENTED_EDGE('',*,*,#6411,.F.);
#3682=ORIENTED_EDGE('',*,*,#6412,.T.);
#3683=ORIENTED_EDGE('',*,*,#6326,.T.);
#3684=ORIENTED_EDGE('',*,*,#6301,.T.);
#3685=ORIENTED_EDGE('',*,*,#6413,.T.);
#3686=ORIENTED_EDGE('',*,*,#6188,.F.);
#3687=ORIENTED_EDGE('',*,*,#6414,.T.);
#3688=ORIENTED_EDGE('',*,*,#5781,.T.);
#3689=CARTESIAN_POINT('',(-6.475,-2.22044604925031E-15,-24.03));
#3690=DIRECTION('',(1.0,2.58913951638329E-16,0.0));
#3691=DIRECTION('',(-2.58913951638329E-16,1.0,0.0));
#3692=ORIENTED_EDGE('',*,*,#6305,.T.);
#3693=ORIENTED_EDGE('',*,*,#6166,.T.);
#3694=ORIENTED_EDGE('',*,*,#6296,.F.);
#3695=ORIENTED_EDGE('',*,*,#6396,.T.);
#3696=ORIENTED_EDGE('',*,*,#6415,.T.);
#3697=CARTESIAN_POINT('',(-6.625,3.35,-24.03));
#3698=DIRECTION('',(0.0,0.0,-1.0));
#3699=DIRECTION('',(1.0,0.0,0.0));
#3700=ORIENTED_EDGE('',*,*,#6265,.T.);
#3701=ORIENTED_EDGE('',*,*,#6416,.T.);
#3702=ORIENTED_EDGE('',*,*,#6303,.F.);
#3703=ORIENTED_EDGE('',*,*,#6325,.T.);
#3704=CARTESIAN_POINT('',(-6.775,3.35,-24.03));
#3705=DIRECTION('',(-1.0,5.50705865389463E-16,0.0));
#3706=DIRECTION('',(0.0,0.0,1.0));
#3707=ORIENTED_EDGE('',*,*,#6288,.T.);
#3708=ORIENTED_EDGE('',*,*,#6417,.T.);
#3709=ORIENTED_EDGE('',*,*,#6318,.T.);
#3710=ORIENTED_EDGE('',*,*,#6324,.T.);
#3711=ORIENTED_EDGE('',*,*,#6418,.T.);
#3712=ORIENTED_EDGE('',*,*,#6419,.T.);
#3713=ORIENTED_EDGE('',*,*,#6031,.T.);
#3714=ORIENTED_EDGE('',*,*,#5829,.T.);
#3715=ORIENTED_EDGE('',*,*,#6033,.T.);
#3716=ORIENTED_EDGE('',*,*,#6420,.T.);
#3717=CARTESIAN_POINT('',(7.35,0.199999999999994,-24.03));
#3718=DIRECTION('',(1.24918945960287E-14,1.0,0.0));
#3719=DIRECTION('',(1.0,-1.24918945960287E-14,0.0));
#3720=ORIENTED_EDGE('',*,*,#6312,.T.);
#3721=ORIENTED_EDGE('',*,*,#6421,.T.);
#3722=ORIENTED_EDGE('',*,*,#6418,.F.);
#3723=ORIENTED_EDGE('',*,*,#6323,.T.);
#3724=CARTESIAN_POINT('',(6.775,0.200000000000001,-24.03));
#3725=DIRECTION('',(1.0,5.50705865389463E-16,0.0));
#3726=DIRECTION('',(-5.50705865389463E-16,1.0,0.0));
#3727=ORIENTED_EDGE('',*,*,#6309,.T.);
#3728=ORIENTED_EDGE('',*,*,#6139,.T.);
#3729=ORIENTED_EDGE('',*,*,#6290,.F.);
#3730=ORIENTED_EDGE('',*,*,#6422,.T.);
#3731=ORIENTED_EDGE('',*,*,#6397,.T.);
#3732=CARTESIAN_POINT('',(6.625,3.35,-24.03));
#3733=DIRECTION('',(0.0,0.0,-1.0));
#3734=DIRECTION('',(1.0,0.0,0.0));
#3735=ORIENTED_EDGE('',*,*,#6035,.T.);
#3736=ORIENTED_EDGE('',*,*,#6423,.T.);
#3737=ORIENTED_EDGE('',*,*,#6314,.T.);
#3738=ORIENTED_EDGE('',*,*,#6249,.F.);
#3739=ORIENTED_EDGE('',*,*,#6424,.T.);
#3740=ORIENTED_EDGE('',*,*,#6183,.T.);
#3741=ORIENTED_EDGE('',*,*,#6422,.F.);
#3742=ORIENTED_EDGE('',*,*,#6289,.F.);
#3743=ORIENTED_EDGE('',*,*,#6420,.F.);
#3744=CARTESIAN_POINT('',(6.075,3.5,0.749999999999996));
#3745=DIRECTION('',(1.35525271560688E-16,0.0,-1.0));
#3746=DIRECTION('',(0.0,-1.0,0.0));
#3747=ORIENTED_EDGE('',*,*,#6419,.F.);
#3748=ORIENTED_EDGE('',*,*,#6421,.F.);
#3749=ORIENTED_EDGE('',*,*,#6311,.F.);
#3750=ORIENTED_EDGE('',*,*,#6185,.T.);
#3751=ORIENTED_EDGE('',*,*,#6425,.F.);
#3752=ORIENTED_EDGE('',*,*,#6247,.T.);
#3753=ORIENTED_EDGE('',*,*,#6316,.T.);
#3754=ORIENTED_EDGE('',*,*,#6426,.T.);
#3755=ORIENTED_EDGE('',*,*,#6032,.F.);
#3756=CARTESIAN_POINT('',(6.875,3.5,2.05));
#3757=DIRECTION('',(0.0,0.0,1.0));
#3758=DIRECTION('',(1.0,0.0,0.0));
#3759=ORIENTED_EDGE('',*,*,#6262,.F.);
#3760=ORIENTED_EDGE('',*,*,#6306,.F.);
#3761=ORIENTED_EDGE('',*,*,#6415,.F.);
#3762=ORIENTED_EDGE('',*,*,#6192,.T.);
#3763=ORIENTED_EDGE('',*,*,#6427,.F.);
#3764=ORIENTED_EDGE('',*,*,#6241,.T.);
#3765=ORIENTED_EDGE('',*,*,#6259,.F.);
#3766=ORIENTED_EDGE('',*,*,#6428,.F.);
#3767=ORIENTED_EDGE('',*,*,#6015,.F.);
#3768=CARTESIAN_POINT('',(-6.875,3.5,0.749999999999997));
#3769=DIRECTION('',(-1.35525271560688E-16,0.0,-1.0));
#3770=DIRECTION('',(-1.0,0.0,1.35525271560688E-16));
#3771=ORIENTED_EDGE('',*,*,#6189,.T.);
#3772=ORIENTED_EDGE('',*,*,#6413,.F.);
#3773=ORIENTED_EDGE('',*,*,#6300,.F.);
#3774=CARTESIAN_POINT('',(-6.075,3.5,2.05));
#3775=DIRECTION('',(0.0,0.0,1.0));
#3776=DIRECTION('',(1.0,0.0,0.0));
#3777=ORIENTED_EDGE('',*,*,#6299,.F.);
#3778=ORIENTED_EDGE('',*,*,#6416,.F.);
#3779=ORIENTED_EDGE('',*,*,#6264,.F.);
#3780=ORIENTED_EDGE('',*,*,#6268,.T.);
#3781=ORIENTED_EDGE('',*,*,#6429,.T.);
#3782=ORIENTED_EDGE('',*,*,#6257,.F.);
#3783=ORIENTED_EDGE('',*,*,#6243,.F.);
#3784=ORIENTED_EDGE('',*,*,#6430,.F.);
#3785=ORIENTED_EDGE('',*,*,#6190,.T.);
#3786=CARTESIAN_POINT('',(-6.075,3.5,2.05));
#3787=DIRECTION('',(0.0,0.0,1.0));
#3788=DIRECTION('',(1.0,0.0,0.0));
#3789=ORIENTED_EDGE('',*,*,#6020,.T.);
#3790=ORIENTED_EDGE('',*,*,#5784,.T.);
#3791=ORIENTED_EDGE('',*,*,#6198,.F.);
#3792=ORIENTED_EDGE('',*,*,#6431,.T.);
#3793=ORIENTED_EDGE('',*,*,#6410,.T.);
#3794=CARTESIAN_POINT('',(-5.525,1.35,1.45000000000012));
#3795=DIRECTION('',(1.26161707343768E-14,0.0,1.0));
#3796=DIRECTION('',(1.0,0.0,-1.26161707343768E-14));
#3797=ORIENTED_EDGE('',*,*,#6197,.T.);
#3798=ORIENTED_EDGE('',*,*,#6395,.T.);
#3799=ORIENTED_EDGE('',*,*,#6409,.T.);
#3800=ORIENTED_EDGE('',*,*,#6431,.F.);
#3801=CARTESIAN_POINT('',(0.0,1.35,0.0));
#3802=DIRECTION('',(0.0,-1.0,0.0));
#3803=DIRECTION('',(0.0,0.0,-1.0));
#3804=ORIENTED_EDGE('',*,*,#5795,.T.);
#3805=ORIENTED_EDGE('',*,*,#6029,.T.);
#3806=ORIENTED_EDGE('',*,*,#6408,.F.);
#3807=ORIENTED_EDGE('',*,*,#6432,.T.);
#3808=ORIENTED_EDGE('',*,*,#6293,.T.);
#3809=CARTESIAN_POINT('',(6.075,1.35,1.44999999999996));
#3810=DIRECTION('',(1.45874474116231E-14,0.0,1.0));
#3811=DIRECTION('',(1.0,0.0,-1.45874474116231E-14));
#3812=ORIENTED_EDGE('',*,*,#6407,.T.);
#3813=ORIENTED_EDGE('',*,*,#6398,.T.);
#3814=ORIENTED_EDGE('',*,*,#6294,.T.);
#3815=ORIENTED_EDGE('',*,*,#6432,.F.);
#3816=CARTESIAN_POINT('',(5.09795267606703E-46,1.35,8.76649924973055E-33));
#3817=DIRECTION('',(-6.28712460779918E-30,-1.0,-1.08114132592841E-16));
#3818=DIRECTION('',(0.0,1.08114132592841E-16,-1.0));
#3819=ORIENTED_EDGE('',*,*,#6426,.F.);
#3820=ORIENTED_EDGE('',*,*,#6315,.T.);
#3821=ORIENTED_EDGE('',*,*,#6423,.F.);
#3822=ORIENTED_EDGE('',*,*,#6034,.F.);
#3823=ORIENTED_EDGE('',*,*,#5771,.F.);
#3824=ORIENTED_EDGE('',*,*,#6030,.F.);
#3825=CARTESIAN_POINT('',(1.65749999999998,0.95,2.05));
#3826=DIRECTION('',(0.0,-1.0,-2.50200501342809E-16));
#3827=DIRECTION('',(0.0,2.50200501342809E-16,-1.0));
#3828=ORIENTED_EDGE('',*,*,#6424,.F.);
#3829=ORIENTED_EDGE('',*,*,#6248,.F.);
#3830=ORIENTED_EDGE('',*,*,#6425,.T.);
#3831=ORIENTED_EDGE('',*,*,#6184,.F.);
#3832=CARTESIAN_POINT('',(6.775,0.200000000000001,-24.03));
#3833=DIRECTION('',(1.0,5.50705865389463E-16,0.0));
#3834=DIRECTION('',(-5.50705865389463E-16,1.0,0.0));
#3835=ORIENTED_EDGE('',*,*,#6291,.T.);
#3836=ORIENTED_EDGE('',*,*,#6137,.F.);
#3837=ORIENTED_EDGE('',*,*,#6320,.T.);
#3838=ORIENTED_EDGE('',*,*,#6433,.T.);
#3839=CARTESIAN_POINT('',(1.65749999999998,2.3,0.3));
#3840=DIRECTION('',(0.0,-0.263117405792109,0.964763821237732));
#3841=DIRECTION('',(-1.0,0.0,0.0));
#3842=ORIENTED_EDGE('',*,*,#6287,.T.);
#3843=ORIENTED_EDGE('',*,*,#6433,.F.);
#3844=ORIENTED_EDGE('',*,*,#6319,.T.);
#3845=ORIENTED_EDGE('',*,*,#6417,.F.);
#3846=CARTESIAN_POINT('',(1.65749999999998,1.75,0.15));
#3847=DIRECTION('',(0.0,0.0,1.0));
#3848=DIRECTION('',(1.0,0.0,0.0));
#3849=ORIENTED_EDGE('',*,*,#6267,.T.);
#3850=ORIENTED_EDGE('',*,*,#5756,.T.);
#3851=ORIENTED_EDGE('',*,*,#6016,.T.);
#3852=ORIENTED_EDGE('',*,*,#6428,.T.);
#3853=ORIENTED_EDGE('',*,*,#6258,.F.);
#3854=ORIENTED_EDGE('',*,*,#6429,.F.);
#3855=CARTESIAN_POINT('',(-1.65749999999998,0.95,2.05));
#3856=DIRECTION('',(0.0,1.0,2.50200501342809E-16));
#3857=DIRECTION('',(0.0,2.50200501342809E-16,-1.0));
#3858=ORIENTED_EDGE('',*,*,#6430,.T.);
#3859=ORIENTED_EDGE('',*,*,#6242,.T.);
#3860=ORIENTED_EDGE('',*,*,#6427,.T.);
#3861=ORIENTED_EDGE('',*,*,#6191,.F.);
#3862=CARTESIAN_POINT('',(-6.775,0.200000000000001,-24.03));
#3863=DIRECTION('',(-1.0,5.50705865389463E-16,0.0));
#3864=DIRECTION('',(0.0,0.0,1.0));
#3865=ORIENTED_EDGE('',*,*,#6434,.F.);
#3866=ORIENTED_EDGE('',*,*,#6253,.F.);
#3867=ORIENTED_EDGE('',*,*,#6154,.T.);
#3868=ORIENTED_EDGE('',*,*,#6304,.F.);
#3869=CARTESIAN_POINT('',(-1.65749999999998,2.3,0.3));
#3870=DIRECTION('',(0.0,0.263117405792109,-0.964763821237732));
#3871=DIRECTION('',(-1.0,0.0,0.0));
#3872=ORIENTED_EDGE('',*,*,#6260,.T.);
#3873=ORIENTED_EDGE('',*,*,#6254,.F.);
#3874=ORIENTED_EDGE('',*,*,#6434,.T.);
#3875=ORIENTED_EDGE('',*,*,#6307,.F.);
#3876=CARTESIAN_POINT('',(-1.65749999999998,1.75,0.15));
#3877=DIRECTION('',(0.0,0.0,-1.0));
#3878=DIRECTION('',(0.0,-1.0,0.0));
#3879=ORIENTED_EDGE('',*,*,#6277,.T.);
#3880=ORIENTED_EDGE('',*,*,#6435,.T.);
#3881=ORIENTED_EDGE('',*,*,#6141,.F.);
#3882=ORIENTED_EDGE('',*,*,#6308,.F.);
#3883=CARTESIAN_POINT('',(7.35,2.73000000000001,2.97000000000003));
#3884=DIRECTION('',(-2.62836890299516E-16,-1.0,0.0));
#3885=DIRECTION('',(-1.0,2.62836890299516E-16,0.0));
#3886=ORIENTED_EDGE('',*,*,#6436,.F.);
#3887=ORIENTED_EDGE('',*,*,#6271,.T.);
#3888=ORIENTED_EDGE('',*,*,#6437,.T.);
#3889=ORIENTED_EDGE('',*,*,#6147,.F.);
#3890=CARTESIAN_POINT('',(5.7,3.87000000000001,2.97000000000003));
#3891=DIRECTION('',(4.56506177888633E-16,1.0,0.0));
#3892=DIRECTION('',(1.0,-4.56506177888633E-16,0.0));
#3893=ORIENTED_EDGE('',*,*,#6437,.F.);
#3894=ORIENTED_EDGE('',*,*,#6270,.T.);
#3895=ORIENTED_EDGE('',*,*,#6251,.F.);
#3896=ORIENTED_EDGE('',*,*,#6148,.F.);
#3897=CARTESIAN_POINT('',(6.65,3.87000000000001,2.97000000000003));
#3898=DIRECTION('',(-1.0,-2.01712032090327E-15,0.0));
#3899=DIRECTION('',(-2.01712032090327E-15,1.0,0.0));
#3900=ORIENTED_EDGE('',*,*,#6435,.F.);
#3901=ORIENTED_EDGE('',*,*,#6276,.T.);
#3902=ORIENTED_EDGE('',*,*,#6438,.T.);
#3903=ORIENTED_EDGE('',*,*,#6142,.F.);
#3904=CARTESIAN_POINT('',(5.7,2.73000000000001,2.97000000000003));
#3905=DIRECTION('',(-1.0,0.0,0.0));
#3906=DIRECTION('',(0.0,0.0,1.0));
#3907=ORIENTED_EDGE('',*,*,#6438,.F.);
#3908=ORIENTED_EDGE('',*,*,#6275,.T.);
#3909=ORIENTED_EDGE('',*,*,#6439,.T.);
#3910=ORIENTED_EDGE('',*,*,#6143,.F.);
#3911=CARTESIAN_POINT('',(5.7,2.9,2.97000000000003));
#3912=DIRECTION('',(9.63735264431562E-16,-1.0,0.0));
#3913=DIRECTION('',(0.0,0.0,-1.0));
#3914=ORIENTED_EDGE('',*,*,#6440,.F.);
#3915=ORIENTED_EDGE('',*,*,#6272,.T.);
#3916=ORIENTED_EDGE('',*,*,#6436,.T.);
#3917=ORIENTED_EDGE('',*,*,#6146,.F.);
#3918=CARTESIAN_POINT('',(5.7,3.70000000000001,2.97000000000003));
#3919=DIRECTION('',(-1.0,0.0,0.0));
#3920=DIRECTION('',(0.0,0.0,1.0));
#3921=ORIENTED_EDGE('',*,*,#6439,.F.);
#3922=ORIENTED_EDGE('',*,*,#6274,.T.);
#3923=ORIENTED_EDGE('',*,*,#6441,.T.);
#3924=ORIENTED_EDGE('',*,*,#6144,.F.);
#3925=CARTESIAN_POINT('',(5.25,2.9,2.97000000000003));
#3926=DIRECTION('',(-1.0,-1.0842021724855E-15,0.0));
#3927=DIRECTION('',(-1.0842021724855E-15,1.0,0.0));
#3928=ORIENTED_EDGE('',*,*,#6441,.F.);
#3929=ORIENTED_EDGE('',*,*,#6273,.T.);
#3930=ORIENTED_EDGE('',*,*,#6440,.T.);
#3931=ORIENTED_EDGE('',*,*,#6145,.F.);
#3932=CARTESIAN_POINT('',(5.25,3.70000000000001,2.97000000000003));
#3933=DIRECTION('',(-9.6373526443156E-16,1.0,0.0));
#3934=DIRECTION('',(1.0,9.6373526443156E-16,-0.0));
#3935=ORIENTED_EDGE('',*,*,#6164,.F.);
#3936=ORIENTED_EDGE('',*,*,#6442,.F.);
#3937=ORIENTED_EDGE('',*,*,#6280,.T.);
#3938=ORIENTED_EDGE('',*,*,#6297,.F.);
#3939=CARTESIAN_POINT('',(-5.7,2.73000000000001,2.97000000000003));
#3940=DIRECTION('',(2.62836890299516E-16,-1.0,0.0));
#3941=DIRECTION('',(0.0,0.0,-1.0));
#3942=ORIENTED_EDGE('',*,*,#6239,.T.);
#3943=ORIENTED_EDGE('',*,*,#6269,.T.);
#3944=ORIENTED_EDGE('',*,*,#6443,.T.);
#3945=ORIENTED_EDGE('',*,*,#6157,.F.);
#3946=CARTESIAN_POINT('',(-6.65,4.30000000000001,2.97000000000003));
#3947=DIRECTION('',(1.0,-2.01712032090327E-15,0.0));
#3948=DIRECTION('',(-2.01712032090327E-15,-1.0,0.0));
#3949=ORIENTED_EDGE('',*,*,#6443,.F.);
#3950=ORIENTED_EDGE('',*,*,#6286,.T.);
#3951=ORIENTED_EDGE('',*,*,#6444,.T.);
#3952=ORIENTED_EDGE('',*,*,#6158,.F.);
#3953=CARTESIAN_POINT('',(-6.65,3.87000000000001,2.97000000000003));
#3954=DIRECTION('',(-4.56506177888633E-16,1.0,0.0));
#3955=DIRECTION('',(1.0,4.56506177888633E-16,-0.0));
#3956=ORIENTED_EDGE('',*,*,#6444,.F.);
#3957=ORIENTED_EDGE('',*,*,#6285,.T.);
#3958=ORIENTED_EDGE('',*,*,#6445,.T.);
#3959=ORIENTED_EDGE('',*,*,#6159,.F.);
#3960=CARTESIAN_POINT('',(-5.7,3.87000000000001,2.97000000000003));
#3961=DIRECTION('',(1.0,0.0,0.0));
#3962=DIRECTION('',(0.0,1.0,0.0));
#3963=ORIENTED_EDGE('',*,*,#6445,.F.);
#3964=ORIENTED_EDGE('',*,*,#6284,.T.);
#3965=ORIENTED_EDGE('',*,*,#6446,.T.);
#3966=ORIENTED_EDGE('',*,*,#6160,.F.);
#3967=CARTESIAN_POINT('',(-5.7,3.70000000000001,2.97000000000003));
#3968=DIRECTION('',(1.34922937020418E-14,1.0,0.0));
#3969=DIRECTION('',(1.0,-1.34922937020418E-14,0.0));
#3970=ORIENTED_EDGE('',*,*,#6446,.F.);
#3971=ORIENTED_EDGE('',*,*,#6283,.T.);
#3972=ORIENTED_EDGE('',*,*,#6447,.T.);
#3973=ORIENTED_EDGE('',*,*,#6161,.F.);
#3974=CARTESIAN_POINT('',(-5.25,3.70000000000001,2.97000000000003));
#3975=DIRECTION('',(1.0,-1.0842021724855E-15,0.0));
#3976=DIRECTION('',(-1.0842021724855E-15,-1.0,0.0));
#3977=ORIENTED_EDGE('',*,*,#6447,.F.);
#3978=ORIENTED_EDGE('',*,*,#6282,.T.);
#3979=ORIENTED_EDGE('',*,*,#6448,.T.);
#3980=ORIENTED_EDGE('',*,*,#6162,.F.);
#3981=CARTESIAN_POINT('',(-5.25,2.9,2.97000000000003));
#3982=DIRECTION('',(-9.63735264431562E-16,-1.0,0.0));
#3983=DIRECTION('',(-1.0,9.63735264431562E-16,0.0));
#3984=ORIENTED_EDGE('',*,*,#6448,.F.);
#3985=ORIENTED_EDGE('',*,*,#6281,.T.);
#3986=ORIENTED_EDGE('',*,*,#6442,.T.);
#3987=ORIENTED_EDGE('',*,*,#6163,.F.);
#3988=CARTESIAN_POINT('',(-5.7,2.9,2.97000000000003));
#3989=DIRECTION('',(1.0,0.0,0.0));
#3990=DIRECTION('',(0.0,1.0,0.0));
#3991=ORIENTED_EDGE('',*,*,#6187,.F.);
#3992=ORIENTED_EDGE('',*,*,#6195,.T.);
#3993=ORIENTED_EDGE('',*,*,#5782,.F.);
#3994=ORIENTED_EDGE('',*,*,#6414,.F.);
#3995=CARTESIAN_POINT('',(-6.47499999999994,34.65,1.95000000000016));
#3996=DIRECTION('',(-1.24683249835834E-14,0.0,-1.0));
#3997=DIRECTION('',(-1.0,0.0,1.24683249835834E-14));
#3998=ORIENTED_EDGE('',*,*,#6180,.F.);
#3999=ORIENTED_EDGE('',*,*,#6173,.T.);
#4000=ORIENTED_EDGE('',*,*,#5797,.F.);
#4001=ORIENTED_EDGE('',*,*,#6292,.F.);
#4002=CARTESIAN_POINT('',(6.075,34.65,1.95));
#4003=DIRECTION('',(-1.46367293285544E-14,0.0,-1.0));
#4004=DIRECTION('',(-1.0,0.0,1.46367293285544E-14));
#4005=ORIENTED_EDGE('',*,*,#6322,.T.);
#4006=ORIENTED_EDGE('',*,*,#6382,.F.);
#4007=ORIENTED_EDGE('',*,*,#6449,.T.);
#4008=ORIENTED_EDGE('',*,*,#6178,.T.);
#4009=CARTESIAN_POINT('',(6.475,0.799999999999958,2.44999999999999));
#4010=DIRECTION('',(6.2530729948001E-15,1.0,0.0));
#4011=DIRECTION('',(1.0,-6.2530729948001E-15,0.0));
#4012=ORIENTED_EDGE('',*,*,#6381,.T.);
#4013=ORIENTED_EDGE('',*,*,#6025,.T.);
#4014=ORIENTED_EDGE('',*,*,#5799,.T.);
#4015=ORIENTED_EDGE('',*,*,#6172,.T.);
#4016=ORIENTED_EDGE('',*,*,#6449,.F.);
#4017=CARTESIAN_POINT('',(0.0,0.0,2.44999999999999));
#4018=DIRECTION('',(0.0,0.0,1.0));
#4019=DIRECTION('',(1.0,0.0,0.0));
#4020=ORIENTED_EDGE('',*,*,#6327,.T.);
#4021=ORIENTED_EDGE('',*,*,#6412,.F.);
#4022=ORIENTED_EDGE('',*,*,#6450,.T.);
#4023=ORIENTED_EDGE('',*,*,#6383,.T.);
#4024=CARTESIAN_POINT('',(-5.39999999999999,0.800000000000026,2.44999999999999));
#4025=DIRECTION('',(5.04280080225815E-15,1.0,0.0));
#4026=DIRECTION('',(1.0,-5.04280080225815E-15,0.0));
#4027=ORIENTED_EDGE('',*,*,#6411,.T.);
#4028=ORIENTED_EDGE('',*,*,#5780,.T.);
#4029=ORIENTED_EDGE('',*,*,#6024,.T.);
#4030=ORIENTED_EDGE('',*,*,#6384,.T.);
#4031=ORIENTED_EDGE('',*,*,#6450,.F.);
#4032=CARTESIAN_POINT('',(0.0,0.0,2.44999999999999));
#4033=DIRECTION('',(0.0,0.0,1.0));
#4034=DIRECTION('',(1.0,0.0,0.0));
#4035=ORIENTED_EDGE('',*,*,#5744,.T.);
#4036=ORIENTED_EDGE('',*,*,#6451,.F.);
#4037=ORIENTED_EDGE('',*,*,#6452,.T.);
#4038=ORIENTED_EDGE('',*,*,#6453,.T.);
#4039=CARTESIAN_POINT('',(4.66,0.450000000000001,1.7));
#4040=DIRECTION('',(1.0,-0.0,0.0));
#4041=DIRECTION('',(0.0,0.0,1.0));
#4042=ORIENTED_EDGE('',*,*,#6454,.T.);
#4043=ORIENTED_EDGE('',*,*,#6455,.F.);
#4044=ORIENTED_EDGE('',*,*,#6456,.F.);
#4045=ORIENTED_EDGE('',*,*,#5746,.T.);
#4046=CARTESIAN_POINT('',(4.66,0.550000000000001,1.7));
#4047=DIRECTION('',(0.0,-1.0,0.0));
#4048=DIRECTION('',(0.0,0.0,-1.0));
#4049=ORIENTED_EDGE('',*,*,#6373,.F.);
#4050=ORIENTED_EDGE('',*,*,#6457,.T.);
#4051=ORIENTED_EDGE('',*,*,#6451,.T.);
#4052=ORIENTED_EDGE('',*,*,#5747,.T.);
#4053=ORIENTED_EDGE('',*,*,#6456,.T.);
#4054=ORIENTED_EDGE('',*,*,#6458,.T.);
#4055=CARTESIAN_POINT('',(4.66,0.1,1.99999999999999));
#4056=DIRECTION('',(1.0,0.0,0.0));
#4057=DIRECTION('',(0.0,1.0,0.0));
#4058=ORIENTED_EDGE('',*,*,#6459,.F.);
#4059=ORIENTED_EDGE('',*,*,#6375,.T.);
#4060=ORIENTED_EDGE('',*,*,#6460,.F.);
#4061=ORIENTED_EDGE('',*,*,#6454,.F.);
#4062=ORIENTED_EDGE('',*,*,#5745,.F.);
#4063=ORIENTED_EDGE('',*,*,#6453,.F.);
#4064=CARTESIAN_POINT('',(4.34,0.1,1.99999999999999));
#4065=DIRECTION('',(1.0,0.0,0.0));
#4066=DIRECTION('',(0.0,1.0,0.0));
#4067=ORIENTED_EDGE('',*,*,#6460,.T.);
#4068=ORIENTED_EDGE('',*,*,#6374,.T.);
#4069=ORIENTED_EDGE('',*,*,#6458,.F.);
#4070=ORIENTED_EDGE('',*,*,#6455,.T.);
#4071=CARTESIAN_POINT('',(4.66,0.550000000000001,1.76999999999999));
#4072=DIRECTION('',(0.0,-0.0627046641347963,0.998032126284391));
#4073=DIRECTION('',(-1.0,0.0,0.0));
#4074=ORIENTED_EDGE('',*,*,#6457,.F.);
#4075=ORIENTED_EDGE('',*,*,#6372,.T.);
#4076=ORIENTED_EDGE('',*,*,#6459,.T.);
#4077=ORIENTED_EDGE('',*,*,#6452,.F.);
#4078=CARTESIAN_POINT('',(4.66,0.0349208626544031,1.92407433976346));
#4079=DIRECTION('',(0.0,0.650791373455967,0.759256602365298));
#4080=DIRECTION('',(1.0,-0.0,0.0));
#4081=ORIENTED_EDGE('',*,*,#6461,.F.);
#4082=ORIENTED_EDGE('',*,*,#6235,.T.);
#4083=ORIENTED_EDGE('',*,*,#6462,.T.);
#4084=ORIENTED_EDGE('',*,*,#6463,.F.);
#4085=CARTESIAN_POINT('',(4.66,4.25,0.349999999999997));
#4086=DIRECTION('',(1.0,-0.0,0.0));
#4087=DIRECTION('',(0.0,0.0,1.0));
#4088=ORIENTED_EDGE('',*,*,#6464,.T.);
#4089=ORIENTED_EDGE('',*,*,#6237,.T.);
#4090=ORIENTED_EDGE('',*,*,#6465,.F.);
#4091=ORIENTED_EDGE('',*,*,#6466,.T.);
#4092=CARTESIAN_POINT('',(4.66,4.7,0.929999999999996));
#4093=DIRECTION('',(0.0,0.0,-1.0));
#4094=DIRECTION('',(0.0,-1.0,0.0));
#4095=ORIENTED_EDGE('',*,*,#6236,.F.);
#4096=ORIENTED_EDGE('',*,*,#6461,.T.);
#4097=ORIENTED_EDGE('',*,*,#6467,.T.);
#4098=ORIENTED_EDGE('',*,*,#6468,.T.);
#4099=ORIENTED_EDGE('',*,*,#6469,.T.);
#4100=ORIENTED_EDGE('',*,*,#6470,.T.);
#4101=ORIENTED_EDGE('',*,*,#6471,.T.);
#4102=ORIENTED_EDGE('',*,*,#6472,.T.);
#4103=ORIENTED_EDGE('',*,*,#6473,.T.);
#4104=ORIENTED_EDGE('',*,*,#6465,.T.);
#4105=CARTESIAN_POINT('',(4.66,0.1,1.99999999999999));
#4106=DIRECTION('',(1.0,0.0,0.0));
#4107=DIRECTION('',(0.0,1.0,0.0));
#4108=ORIENTED_EDGE('',*,*,#6462,.F.);
#4109=ORIENTED_EDGE('',*,*,#6238,.T.);
#4110=ORIENTED_EDGE('',*,*,#6464,.F.);
#4111=ORIENTED_EDGE('',*,*,#6474,.F.);
#4112=ORIENTED_EDGE('',*,*,#6475,.F.);
#4113=ORIENTED_EDGE('',*,*,#6476,.F.);
#4114=ORIENTED_EDGE('',*,*,#6477,.F.);
#4115=ORIENTED_EDGE('',*,*,#6478,.F.);
#4116=ORIENTED_EDGE('',*,*,#6479,.F.);
#4117=ORIENTED_EDGE('',*,*,#6480,.F.);
#4118=CARTESIAN_POINT('',(4.34,0.1,1.99999999999999));
#4119=DIRECTION('',(1.0,0.0,0.0));
#4120=DIRECTION('',(0.0,1.0,0.0));
#4121=ORIENTED_EDGE('',*,*,#6480,.T.);
#4122=ORIENTED_EDGE('',*,*,#6481,.F.);
#4123=ORIENTED_EDGE('',*,*,#6467,.F.);
#4124=ORIENTED_EDGE('',*,*,#6463,.T.);
#4125=CARTESIAN_POINT('',(4.66,4.4,0.349999999999996));
#4126=DIRECTION('',(-0.0,1.0,0.0));
#4127=DIRECTION('',(1.0,0.0,0.0));
#4128=ORIENTED_EDGE('',*,*,#6479,.T.);
#4129=ORIENTED_EDGE('',*,*,#6482,.F.);
#4130=ORIENTED_EDGE('',*,*,#6468,.F.);
#4131=ORIENTED_EDGE('',*,*,#6481,.T.);
#4132=CARTESIAN_POINT('',(4.66,4.4,0.149999999999996));
#4133=DIRECTION('',(0.0,0.707106781186545,0.70710678118655));
#4134=DIRECTION('',(1.0,-0.0,0.0));
#4135=ORIENTED_EDGE('',*,*,#6478,.T.);
#4136=ORIENTED_EDGE('',*,*,#6483,.F.);
#4137=ORIENTED_EDGE('',*,*,#6469,.F.);
#4138=ORIENTED_EDGE('',*,*,#6482,.T.);
#4139=CARTESIAN_POINT('',(4.66,4.55,-4.38538094726937E-15));
#4140=DIRECTION('',(0.0,-3.80647894157197E-16,1.0));
#4141=DIRECTION('',(0.0,-1.0,-3.80647894157197E-16));
#4142=ORIENTED_EDGE('',*,*,#6477,.T.);
#4143=ORIENTED_EDGE('',*,*,#6484,.F.);
#4144=ORIENTED_EDGE('',*,*,#6470,.F.);
#4145=ORIENTED_EDGE('',*,*,#6483,.T.);
#4146=CARTESIAN_POINT('',(4.66,6.3,-3.71924713249427E-15));
#4147=DIRECTION('',(0.0,-1.0,5.78241158658937E-15));
#4148=DIRECTION('',(-1.0,0.0,0.0));
#4149=ORIENTED_EDGE('',*,*,#6476,.T.);
#4150=ORIENTED_EDGE('',*,*,#6485,.F.);
#4151=ORIENTED_EDGE('',*,*,#6471,.F.);
#4152=ORIENTED_EDGE('',*,*,#6484,.T.);
#4153=CARTESIAN_POINT('',(4.66,6.3,0.299999999999996));
#4154=DIRECTION('',(0.0,1.93607530800983E-16,-1.0));
#4155=DIRECTION('',(-1.0,0.0,0.0));
#4156=ORIENTED_EDGE('',*,*,#6475,.T.);
#4157=ORIENTED_EDGE('',*,*,#6486,.F.);
#4158=ORIENTED_EDGE('',*,*,#6472,.F.);
#4159=ORIENTED_EDGE('',*,*,#6485,.T.);
#4160=CARTESIAN_POINT('',(4.66,4.9,0.299999999999995));
#4161=DIRECTION('',(0.0,-1.0,0.0));
#4162=DIRECTION('',(0.0,0.0,-1.0));
#4163=ORIENTED_EDGE('',*,*,#6474,.T.);
#4164=ORIENTED_EDGE('',*,*,#6466,.F.);
#4165=ORIENTED_EDGE('',*,*,#6473,.F.);
#4166=ORIENTED_EDGE('',*,*,#6486,.T.);
#4167=CARTESIAN_POINT('',(4.66,4.9,0.729999999999995));
#4168=DIRECTION('',(0.0,-0.707106781186547,-0.707106781186548));
#4169=DIRECTION('',(0.0,-0.707106781186548,0.707106781186547));
#4170=ORIENTED_EDGE('',*,*,#5740,.T.);
#4171=ORIENTED_EDGE('',*,*,#6487,.F.);
#4172=ORIENTED_EDGE('',*,*,#6488,.T.);
#4173=ORIENTED_EDGE('',*,*,#6489,.T.);
#4174=CARTESIAN_POINT('',(-4.34,0.450000000000001,1.7));
#4175=DIRECTION('',(1.0,-0.0,0.0));
#4176=DIRECTION('',(0.0,0.0,1.0));
#4177=ORIENTED_EDGE('',*,*,#6490,.T.);
#4178=ORIENTED_EDGE('',*,*,#6491,.F.);
#4179=ORIENTED_EDGE('',*,*,#6492,.F.);
#4180=ORIENTED_EDGE('',*,*,#5742,.T.);
#4181=CARTESIAN_POINT('',(-4.34,0.550000000000001,1.7));
#4182=DIRECTION('',(0.0,-1.0,0.0));
#4183=DIRECTION('',(0.0,0.0,-1.0));
#4184=ORIENTED_EDGE('',*,*,#6369,.F.);
#4185=ORIENTED_EDGE('',*,*,#6493,.T.);
#4186=ORIENTED_EDGE('',*,*,#6487,.T.);
#4187=ORIENTED_EDGE('',*,*,#5743,.T.);
#4188=ORIENTED_EDGE('',*,*,#6492,.T.);
#4189=ORIENTED_EDGE('',*,*,#6494,.T.);
#4190=CARTESIAN_POINT('',(-4.34,0.1,1.99999999999999));
#4191=DIRECTION('',(1.0,0.0,0.0));
#4192=DIRECTION('',(0.0,1.0,0.0));
#4193=ORIENTED_EDGE('',*,*,#6495,.F.);
#4194=ORIENTED_EDGE('',*,*,#6371,.T.);
#4195=ORIENTED_EDGE('',*,*,#6496,.F.);
#4196=ORIENTED_EDGE('',*,*,#6490,.F.);
#4197=ORIENTED_EDGE('',*,*,#5741,.F.);
#4198=ORIENTED_EDGE('',*,*,#6489,.F.);
#4199=CARTESIAN_POINT('',(-4.66,0.1,1.99999999999999));
#4200=DIRECTION('',(1.0,0.0,0.0));
#4201=DIRECTION('',(0.0,1.0,0.0));
#4202=ORIENTED_EDGE('',*,*,#6496,.T.);
#4203=ORIENTED_EDGE('',*,*,#6370,.T.);
#4204=ORIENTED_EDGE('',*,*,#6494,.F.);
#4205=ORIENTED_EDGE('',*,*,#6491,.T.);
#4206=CARTESIAN_POINT('',(-4.34,0.550000000000001,1.76999999999999));
#4207=DIRECTION('',(0.0,-0.0627046641347963,0.998032126284391));
#4208=DIRECTION('',(-1.0,0.0,0.0));
#4209=ORIENTED_EDGE('',*,*,#6493,.F.);
#4210=ORIENTED_EDGE('',*,*,#6368,.T.);
#4211=ORIENTED_EDGE('',*,*,#6495,.T.);
#4212=ORIENTED_EDGE('',*,*,#6488,.F.);
#4213=CARTESIAN_POINT('',(-4.34,0.0349208626544031,1.92407433976346));
#4214=DIRECTION('',(0.0,0.650791373455967,0.759256602365298));
#4215=DIRECTION('',(1.0,-0.0,0.0));
#4216=ORIENTED_EDGE('',*,*,#5736,.T.);
#4217=ORIENTED_EDGE('',*,*,#6497,.F.);
#4218=ORIENTED_EDGE('',*,*,#6498,.T.);
#4219=ORIENTED_EDGE('',*,*,#6499,.T.);
#4220=CARTESIAN_POINT('',(-3.34,0.450000000000001,1.7));
#4221=DIRECTION('',(1.0,-0.0,0.0));
#4222=DIRECTION('',(0.0,0.0,1.0));
#4223=ORIENTED_EDGE('',*,*,#6500,.T.);
#4224=ORIENTED_EDGE('',*,*,#6501,.F.);
#4225=ORIENTED_EDGE('',*,*,#6502,.F.);
#4226=ORIENTED_EDGE('',*,*,#5738,.T.);
#4227=CARTESIAN_POINT('',(-3.34,0.550000000000001,1.7));
#4228=DIRECTION('',(0.0,-1.0,0.0));
#4229=DIRECTION('',(0.0,0.0,-1.0));
#4230=ORIENTED_EDGE('',*,*,#6365,.F.);
#4231=ORIENTED_EDGE('',*,*,#6503,.T.);
#4232=ORIENTED_EDGE('',*,*,#6497,.T.);
#4233=ORIENTED_EDGE('',*,*,#5739,.T.);
#4234=ORIENTED_EDGE('',*,*,#6502,.T.);
#4235=ORIENTED_EDGE('',*,*,#6504,.T.);
#4236=CARTESIAN_POINT('',(-3.34,0.1,1.99999999999999));
#4237=DIRECTION('',(1.0,0.0,0.0));
#4238=DIRECTION('',(0.0,1.0,0.0));
#4239=ORIENTED_EDGE('',*,*,#6505,.F.);
#4240=ORIENTED_EDGE('',*,*,#6367,.T.);
#4241=ORIENTED_EDGE('',*,*,#6506,.F.);
#4242=ORIENTED_EDGE('',*,*,#6500,.F.);
#4243=ORIENTED_EDGE('',*,*,#5737,.F.);
#4244=ORIENTED_EDGE('',*,*,#6499,.F.);
#4245=CARTESIAN_POINT('',(-3.66,0.1,1.99999999999999));
#4246=DIRECTION('',(1.0,0.0,0.0));
#4247=DIRECTION('',(0.0,1.0,0.0));
#4248=ORIENTED_EDGE('',*,*,#6506,.T.);
#4249=ORIENTED_EDGE('',*,*,#6366,.T.);
#4250=ORIENTED_EDGE('',*,*,#6504,.F.);
#4251=ORIENTED_EDGE('',*,*,#6501,.T.);
#4252=CARTESIAN_POINT('',(-3.34,0.550000000000001,1.76999999999999));
#4253=DIRECTION('',(0.0,-0.0627046641347963,0.998032126284391));
#4254=DIRECTION('',(-1.0,0.0,0.0));
#4255=ORIENTED_EDGE('',*,*,#6503,.F.);
#4256=ORIENTED_EDGE('',*,*,#6364,.T.);
#4257=ORIENTED_EDGE('',*,*,#6505,.T.);
#4258=ORIENTED_EDGE('',*,*,#6498,.F.);
#4259=CARTESIAN_POINT('',(-3.34,0.0349208626544031,1.92407433976346));
#4260=DIRECTION('',(0.0,0.650791373455967,0.759256602365298));
#4261=DIRECTION('',(1.0,-0.0,0.0));
#4262=ORIENTED_EDGE('',*,*,#5732,.T.);
#4263=ORIENTED_EDGE('',*,*,#6507,.F.);
#4264=ORIENTED_EDGE('',*,*,#6508,.T.);
#4265=ORIENTED_EDGE('',*,*,#6509,.T.);
#4266=CARTESIAN_POINT('',(-2.34,0.450000000000001,1.7));
#4267=DIRECTION('',(1.0,-0.0,0.0));
#4268=DIRECTION('',(0.0,0.0,1.0));
#4269=ORIENTED_EDGE('',*,*,#6510,.T.);
#4270=ORIENTED_EDGE('',*,*,#6511,.F.);
#4271=ORIENTED_EDGE('',*,*,#6512,.F.);
#4272=ORIENTED_EDGE('',*,*,#5734,.T.);
#4273=CARTESIAN_POINT('',(-2.34,0.550000000000001,1.7));
#4274=DIRECTION('',(0.0,-1.0,0.0));
#4275=DIRECTION('',(0.0,0.0,-1.0));
#4276=ORIENTED_EDGE('',*,*,#6361,.F.);
#4277=ORIENTED_EDGE('',*,*,#6513,.T.);
#4278=ORIENTED_EDGE('',*,*,#6507,.T.);
#4279=ORIENTED_EDGE('',*,*,#5735,.T.);
#4280=ORIENTED_EDGE('',*,*,#6512,.T.);
#4281=ORIENTED_EDGE('',*,*,#6514,.T.);
#4282=CARTESIAN_POINT('',(-2.34,0.1,1.99999999999999));
#4283=DIRECTION('',(1.0,0.0,0.0));
#4284=DIRECTION('',(0.0,1.0,0.0));
#4285=ORIENTED_EDGE('',*,*,#6515,.F.);
#4286=ORIENTED_EDGE('',*,*,#6363,.T.);
#4287=ORIENTED_EDGE('',*,*,#6516,.F.);
#4288=ORIENTED_EDGE('',*,*,#6510,.F.);
#4289=ORIENTED_EDGE('',*,*,#5733,.F.);
#4290=ORIENTED_EDGE('',*,*,#6509,.F.);
#4291=CARTESIAN_POINT('',(-2.66,0.1,1.99999999999999));
#4292=DIRECTION('',(1.0,0.0,0.0));
#4293=DIRECTION('',(0.0,1.0,0.0));
#4294=ORIENTED_EDGE('',*,*,#6516,.T.);
#4295=ORIENTED_EDGE('',*,*,#6362,.T.);
#4296=ORIENTED_EDGE('',*,*,#6514,.F.);
#4297=ORIENTED_EDGE('',*,*,#6511,.T.);
#4298=CARTESIAN_POINT('',(-2.34,0.550000000000001,1.76999999999999));
#4299=DIRECTION('',(0.0,-0.0627046641347963,0.998032126284391));
#4300=DIRECTION('',(-1.0,0.0,0.0));
#4301=ORIENTED_EDGE('',*,*,#6513,.F.);
#4302=ORIENTED_EDGE('',*,*,#6360,.T.);
#4303=ORIENTED_EDGE('',*,*,#6515,.T.);
#4304=ORIENTED_EDGE('',*,*,#6508,.F.);
#4305=CARTESIAN_POINT('',(-2.34,0.0349208626544031,1.92407433976346));
#4306=DIRECTION('',(0.0,0.650791373455967,0.759256602365298));
#4307=DIRECTION('',(1.0,-0.0,0.0));
#4308=ORIENTED_EDGE('',*,*,#5728,.T.);
#4309=ORIENTED_EDGE('',*,*,#6517,.F.);
#4310=ORIENTED_EDGE('',*,*,#6518,.T.);
#4311=ORIENTED_EDGE('',*,*,#6519,.T.);
#4312=CARTESIAN_POINT('',(-1.34,0.450000000000001,1.7));
#4313=DIRECTION('',(1.0,-0.0,0.0));
#4314=DIRECTION('',(0.0,0.0,1.0));
#4315=ORIENTED_EDGE('',*,*,#6520,.T.);
#4316=ORIENTED_EDGE('',*,*,#6521,.F.);
#4317=ORIENTED_EDGE('',*,*,#6522,.F.);
#4318=ORIENTED_EDGE('',*,*,#5730,.T.);
#4319=CARTESIAN_POINT('',(-1.34,0.550000000000001,1.7));
#4320=DIRECTION('',(0.0,-1.0,0.0));
#4321=DIRECTION('',(0.0,0.0,-1.0));
#4322=ORIENTED_EDGE('',*,*,#6357,.F.);
#4323=ORIENTED_EDGE('',*,*,#6523,.T.);
#4324=ORIENTED_EDGE('',*,*,#6517,.T.);
#4325=ORIENTED_EDGE('',*,*,#5731,.T.);
#4326=ORIENTED_EDGE('',*,*,#6522,.T.);
#4327=ORIENTED_EDGE('',*,*,#6524,.T.);
#4328=CARTESIAN_POINT('',(-1.34,0.1,1.99999999999999));
#4329=DIRECTION('',(1.0,0.0,0.0));
#4330=DIRECTION('',(0.0,1.0,0.0));
#4331=ORIENTED_EDGE('',*,*,#6525,.F.);
#4332=ORIENTED_EDGE('',*,*,#6359,.T.);
#4333=ORIENTED_EDGE('',*,*,#6526,.F.);
#4334=ORIENTED_EDGE('',*,*,#6520,.F.);
#4335=ORIENTED_EDGE('',*,*,#5729,.F.);
#4336=ORIENTED_EDGE('',*,*,#6519,.F.);
#4337=CARTESIAN_POINT('',(-1.66,0.1,1.99999999999999));
#4338=DIRECTION('',(1.0,0.0,0.0));
#4339=DIRECTION('',(0.0,1.0,0.0));
#4340=ORIENTED_EDGE('',*,*,#6526,.T.);
#4341=ORIENTED_EDGE('',*,*,#6358,.T.);
#4342=ORIENTED_EDGE('',*,*,#6524,.F.);
#4343=ORIENTED_EDGE('',*,*,#6521,.T.);
#4344=CARTESIAN_POINT('',(-1.34,0.550000000000001,1.76999999999999));
#4345=DIRECTION('',(0.0,-0.0627046641347963,0.998032126284391));
#4346=DIRECTION('',(-1.0,0.0,0.0));
#4347=ORIENTED_EDGE('',*,*,#6523,.F.);
#4348=ORIENTED_EDGE('',*,*,#6356,.T.);
#4349=ORIENTED_EDGE('',*,*,#6525,.T.);
#4350=ORIENTED_EDGE('',*,*,#6518,.F.);
#4351=CARTESIAN_POINT('',(-1.34,0.0349208626544031,1.92407433976346));
#4352=DIRECTION('',(0.0,0.650791373455967,0.759256602365298));
#4353=DIRECTION('',(1.0,-0.0,0.0));
#4354=ORIENTED_EDGE('',*,*,#5724,.T.);
#4355=ORIENTED_EDGE('',*,*,#6527,.F.);
#4356=ORIENTED_EDGE('',*,*,#6528,.T.);
#4357=ORIENTED_EDGE('',*,*,#6529,.T.);
#4358=CARTESIAN_POINT('',(-0.339999999999998,0.450000000000001,1.7));
#4359=DIRECTION('',(1.0,-0.0,0.0));
#4360=DIRECTION('',(0.0,0.0,1.0));
#4361=ORIENTED_EDGE('',*,*,#6530,.T.);
#4362=ORIENTED_EDGE('',*,*,#6531,.F.);
#4363=ORIENTED_EDGE('',*,*,#6532,.F.);
#4364=ORIENTED_EDGE('',*,*,#5726,.T.);
#4365=CARTESIAN_POINT('',(-0.339999999999998,0.550000000000001,1.7));
#4366=DIRECTION('',(0.0,-1.0,0.0));
#4367=DIRECTION('',(0.0,0.0,-1.0));
#4368=ORIENTED_EDGE('',*,*,#6353,.F.);
#4369=ORIENTED_EDGE('',*,*,#6533,.T.);
#4370=ORIENTED_EDGE('',*,*,#6527,.T.);
#4371=ORIENTED_EDGE('',*,*,#5727,.T.);
#4372=ORIENTED_EDGE('',*,*,#6532,.T.);
#4373=ORIENTED_EDGE('',*,*,#6534,.T.);
#4374=CARTESIAN_POINT('',(-0.339999999999998,0.1,1.99999999999999));
#4375=DIRECTION('',(1.0,0.0,0.0));
#4376=DIRECTION('',(0.0,1.0,0.0));
#4377=ORIENTED_EDGE('',*,*,#6535,.F.);
#4378=ORIENTED_EDGE('',*,*,#6355,.T.);
#4379=ORIENTED_EDGE('',*,*,#6536,.F.);
#4380=ORIENTED_EDGE('',*,*,#6530,.F.);
#4381=ORIENTED_EDGE('',*,*,#5725,.F.);
#4382=ORIENTED_EDGE('',*,*,#6529,.F.);
#4383=CARTESIAN_POINT('',(-0.659999999999998,0.1,1.99999999999999));
#4384=DIRECTION('',(1.0,0.0,0.0));
#4385=DIRECTION('',(0.0,1.0,0.0));
#4386=ORIENTED_EDGE('',*,*,#6536,.T.);
#4387=ORIENTED_EDGE('',*,*,#6354,.T.);
#4388=ORIENTED_EDGE('',*,*,#6534,.F.);
#4389=ORIENTED_EDGE('',*,*,#6531,.T.);
#4390=CARTESIAN_POINT('',(-0.339999999999998,0.550000000000001,1.76999999999999));
#4391=DIRECTION('',(0.0,-0.0627046641347963,0.998032126284391));
#4392=DIRECTION('',(-1.0,0.0,0.0));
#4393=ORIENTED_EDGE('',*,*,#6533,.F.);
#4394=ORIENTED_EDGE('',*,*,#6352,.T.);
#4395=ORIENTED_EDGE('',*,*,#6535,.T.);
#4396=ORIENTED_EDGE('',*,*,#6528,.F.);
#4397=CARTESIAN_POINT('',(-0.339999999999998,0.0349208626544031,1.92407433976346));
#4398=DIRECTION('',(0.0,0.650791373455967,0.759256602365298));
#4399=DIRECTION('',(1.0,-0.0,0.0));
#4400=ORIENTED_EDGE('',*,*,#5720,.T.);
#4401=ORIENTED_EDGE('',*,*,#6537,.F.);
#4402=ORIENTED_EDGE('',*,*,#6538,.T.);
#4403=ORIENTED_EDGE('',*,*,#6539,.T.);
#4404=CARTESIAN_POINT('',(0.660000000000002,0.450000000000001,1.7));
#4405=DIRECTION('',(1.0,-0.0,0.0));
#4406=DIRECTION('',(0.0,0.0,1.0));
#4407=ORIENTED_EDGE('',*,*,#6540,.T.);
#4408=ORIENTED_EDGE('',*,*,#6541,.F.);
#4409=ORIENTED_EDGE('',*,*,#6542,.F.);
#4410=ORIENTED_EDGE('',*,*,#5722,.T.);
#4411=CARTESIAN_POINT('',(0.660000000000002,0.550000000000001,1.7));
#4412=DIRECTION('',(0.0,-1.0,0.0));
#4413=DIRECTION('',(0.0,0.0,-1.0));
#4414=ORIENTED_EDGE('',*,*,#6349,.F.);
#4415=ORIENTED_EDGE('',*,*,#6543,.T.);
#4416=ORIENTED_EDGE('',*,*,#6537,.T.);
#4417=ORIENTED_EDGE('',*,*,#5723,.T.);
#4418=ORIENTED_EDGE('',*,*,#6542,.T.);
#4419=ORIENTED_EDGE('',*,*,#6544,.T.);
#4420=CARTESIAN_POINT('',(0.660000000000002,0.1,1.99999999999999));
#4421=DIRECTION('',(1.0,0.0,0.0));
#4422=DIRECTION('',(0.0,1.0,0.0));
#4423=ORIENTED_EDGE('',*,*,#6545,.F.);
#4424=ORIENTED_EDGE('',*,*,#6351,.T.);
#4425=ORIENTED_EDGE('',*,*,#6546,.F.);
#4426=ORIENTED_EDGE('',*,*,#6540,.F.);
#4427=ORIENTED_EDGE('',*,*,#5721,.F.);
#4428=ORIENTED_EDGE('',*,*,#6539,.F.);
#4429=CARTESIAN_POINT('',(0.340000000000002,0.1,1.99999999999999));
#4430=DIRECTION('',(1.0,0.0,0.0));
#4431=DIRECTION('',(0.0,1.0,0.0));
#4432=ORIENTED_EDGE('',*,*,#6546,.T.);
#4433=ORIENTED_EDGE('',*,*,#6350,.T.);
#4434=ORIENTED_EDGE('',*,*,#6544,.F.);
#4435=ORIENTED_EDGE('',*,*,#6541,.T.);
#4436=CARTESIAN_POINT('',(0.660000000000002,0.550000000000001,1.76999999999999));
#4437=DIRECTION('',(0.0,-0.0627046641347963,0.998032126284391));
#4438=DIRECTION('',(-1.0,0.0,0.0));
#4439=ORIENTED_EDGE('',*,*,#6543,.F.);
#4440=ORIENTED_EDGE('',*,*,#6348,.T.);
#4441=ORIENTED_EDGE('',*,*,#6545,.T.);
#4442=ORIENTED_EDGE('',*,*,#6538,.F.);
#4443=CARTESIAN_POINT('',(0.660000000000002,0.0349208626544031,1.92407433976346));
#4444=DIRECTION('',(0.0,0.650791373455967,0.759256602365298));
#4445=DIRECTION('',(1.0,-0.0,0.0));
#4446=ORIENTED_EDGE('',*,*,#5716,.T.);
#4447=ORIENTED_EDGE('',*,*,#6547,.F.);
#4448=ORIENTED_EDGE('',*,*,#6548,.T.);
#4449=ORIENTED_EDGE('',*,*,#6549,.T.);
#4450=CARTESIAN_POINT('',(1.66,0.450000000000001,1.7));
#4451=DIRECTION('',(1.0,-0.0,0.0));
#4452=DIRECTION('',(0.0,0.0,1.0));
#4453=ORIENTED_EDGE('',*,*,#6550,.T.);
#4454=ORIENTED_EDGE('',*,*,#6551,.F.);
#4455=ORIENTED_EDGE('',*,*,#6552,.F.);
#4456=ORIENTED_EDGE('',*,*,#5718,.T.);
#4457=CARTESIAN_POINT('',(1.66,0.550000000000001,1.7));
#4458=DIRECTION('',(0.0,-1.0,0.0));
#4459=DIRECTION('',(0.0,0.0,-1.0));
#4460=ORIENTED_EDGE('',*,*,#6345,.F.);
#4461=ORIENTED_EDGE('',*,*,#6553,.T.);
#4462=ORIENTED_EDGE('',*,*,#6547,.T.);
#4463=ORIENTED_EDGE('',*,*,#5719,.T.);
#4464=ORIENTED_EDGE('',*,*,#6552,.T.);
#4465=ORIENTED_EDGE('',*,*,#6554,.T.);
#4466=CARTESIAN_POINT('',(1.66,0.1,1.99999999999999));
#4467=DIRECTION('',(1.0,0.0,0.0));
#4468=DIRECTION('',(0.0,1.0,0.0));
#4469=ORIENTED_EDGE('',*,*,#6555,.F.);
#4470=ORIENTED_EDGE('',*,*,#6347,.T.);
#4471=ORIENTED_EDGE('',*,*,#6556,.F.);
#4472=ORIENTED_EDGE('',*,*,#6550,.F.);
#4473=ORIENTED_EDGE('',*,*,#5717,.F.);
#4474=ORIENTED_EDGE('',*,*,#6549,.F.);
#4475=CARTESIAN_POINT('',(1.34,0.1,1.99999999999999));
#4476=DIRECTION('',(1.0,0.0,0.0));
#4477=DIRECTION('',(0.0,1.0,0.0));
#4478=ORIENTED_EDGE('',*,*,#6556,.T.);
#4479=ORIENTED_EDGE('',*,*,#6346,.T.);
#4480=ORIENTED_EDGE('',*,*,#6554,.F.);
#4481=ORIENTED_EDGE('',*,*,#6551,.T.);
#4482=CARTESIAN_POINT('',(1.66,0.550000000000001,1.76999999999999));
#4483=DIRECTION('',(0.0,-0.0627046641347963,0.998032126284391));
#4484=DIRECTION('',(-1.0,0.0,0.0));
#4485=ORIENTED_EDGE('',*,*,#6553,.F.);
#4486=ORIENTED_EDGE('',*,*,#6344,.T.);
#4487=ORIENTED_EDGE('',*,*,#6555,.T.);
#4488=ORIENTED_EDGE('',*,*,#6548,.F.);
#4489=CARTESIAN_POINT('',(1.66,0.0349208626544031,1.92407433976346));
#4490=DIRECTION('',(0.0,0.650791373455967,0.759256602365298));
#4491=DIRECTION('',(1.0,-0.0,0.0));
#4492=ORIENTED_EDGE('',*,*,#5712,.T.);
#4493=ORIENTED_EDGE('',*,*,#6557,.F.);
#4494=ORIENTED_EDGE('',*,*,#6558,.T.);
#4495=ORIENTED_EDGE('',*,*,#6559,.T.);
#4496=CARTESIAN_POINT('',(2.66,0.450000000000001,1.7));
#4497=DIRECTION('',(1.0,-0.0,0.0));
#4498=DIRECTION('',(0.0,0.0,1.0));
#4499=ORIENTED_EDGE('',*,*,#6560,.T.);
#4500=ORIENTED_EDGE('',*,*,#6561,.F.);
#4501=ORIENTED_EDGE('',*,*,#6562,.F.);
#4502=ORIENTED_EDGE('',*,*,#5714,.T.);
#4503=CARTESIAN_POINT('',(2.66,0.550000000000001,1.7));
#4504=DIRECTION('',(0.0,-1.0,0.0));
#4505=DIRECTION('',(0.0,0.0,-1.0));
#4506=ORIENTED_EDGE('',*,*,#6341,.F.);
#4507=ORIENTED_EDGE('',*,*,#6563,.T.);
#4508=ORIENTED_EDGE('',*,*,#6557,.T.);
#4509=ORIENTED_EDGE('',*,*,#5715,.T.);
#4510=ORIENTED_EDGE('',*,*,#6562,.T.);
#4511=ORIENTED_EDGE('',*,*,#6564,.T.);
#4512=CARTESIAN_POINT('',(2.66,0.1,1.99999999999999));
#4513=DIRECTION('',(1.0,0.0,0.0));
#4514=DIRECTION('',(0.0,1.0,0.0));
#4515=ORIENTED_EDGE('',*,*,#6565,.F.);
#4516=ORIENTED_EDGE('',*,*,#6343,.T.);
#4517=ORIENTED_EDGE('',*,*,#6566,.F.);
#4518=ORIENTED_EDGE('',*,*,#6560,.F.);
#4519=ORIENTED_EDGE('',*,*,#5713,.F.);
#4520=ORIENTED_EDGE('',*,*,#6559,.F.);
#4521=CARTESIAN_POINT('',(2.34,0.1,1.99999999999999));
#4522=DIRECTION('',(1.0,0.0,0.0));
#4523=DIRECTION('',(0.0,1.0,0.0));
#4524=ORIENTED_EDGE('',*,*,#6566,.T.);
#4525=ORIENTED_EDGE('',*,*,#6342,.T.);
#4526=ORIENTED_EDGE('',*,*,#6564,.F.);
#4527=ORIENTED_EDGE('',*,*,#6561,.T.);
#4528=CARTESIAN_POINT('',(2.66,0.550000000000001,1.76999999999999));
#4529=DIRECTION('',(0.0,-0.0627046641347963,0.998032126284391));
#4530=DIRECTION('',(-1.0,0.0,0.0));
#4531=ORIENTED_EDGE('',*,*,#6563,.F.);
#4532=ORIENTED_EDGE('',*,*,#6340,.T.);
#4533=ORIENTED_EDGE('',*,*,#6565,.T.);
#4534=ORIENTED_EDGE('',*,*,#6558,.F.);
#4535=CARTESIAN_POINT('',(2.66,0.0349208626544031,1.92407433976346));
#4536=DIRECTION('',(0.0,0.650791373455967,0.759256602365298));
#4537=DIRECTION('',(1.0,-0.0,0.0));
#4538=ORIENTED_EDGE('',*,*,#5708,.T.);
#4539=ORIENTED_EDGE('',*,*,#6567,.F.);
#4540=ORIENTED_EDGE('',*,*,#6568,.T.);
#4541=ORIENTED_EDGE('',*,*,#6569,.T.);
#4542=CARTESIAN_POINT('',(3.66,0.450000000000001,1.7));
#4543=DIRECTION('',(1.0,-0.0,0.0));
#4544=DIRECTION('',(0.0,0.0,1.0));
#4545=ORIENTED_EDGE('',*,*,#6570,.T.);
#4546=ORIENTED_EDGE('',*,*,#6571,.F.);
#4547=ORIENTED_EDGE('',*,*,#6572,.F.);
#4548=ORIENTED_EDGE('',*,*,#5710,.T.);
#4549=CARTESIAN_POINT('',(3.66,0.550000000000001,1.7));
#4550=DIRECTION('',(0.0,-1.0,0.0));
#4551=DIRECTION('',(0.0,0.0,-1.0));
#4552=ORIENTED_EDGE('',*,*,#6337,.F.);
#4553=ORIENTED_EDGE('',*,*,#6573,.T.);
#4554=ORIENTED_EDGE('',*,*,#6567,.T.);
#4555=ORIENTED_EDGE('',*,*,#5711,.T.);
#4556=ORIENTED_EDGE('',*,*,#6572,.T.);
#4557=ORIENTED_EDGE('',*,*,#6574,.T.);
#4558=CARTESIAN_POINT('',(3.66,0.1,1.99999999999999));
#4559=DIRECTION('',(1.0,0.0,0.0));
#4560=DIRECTION('',(0.0,1.0,0.0));
#4561=ORIENTED_EDGE('',*,*,#6575,.F.);
#4562=ORIENTED_EDGE('',*,*,#6339,.T.);
#4563=ORIENTED_EDGE('',*,*,#6576,.F.);
#4564=ORIENTED_EDGE('',*,*,#6570,.F.);
#4565=ORIENTED_EDGE('',*,*,#5709,.F.);
#4566=ORIENTED_EDGE('',*,*,#6569,.F.);
#4567=CARTESIAN_POINT('',(3.34,0.1,1.99999999999999));
#4568=DIRECTION('',(1.0,0.0,0.0));
#4569=DIRECTION('',(0.0,1.0,0.0));
#4570=ORIENTED_EDGE('',*,*,#6576,.T.);
#4571=ORIENTED_EDGE('',*,*,#6338,.T.);
#4572=ORIENTED_EDGE('',*,*,#6574,.F.);
#4573=ORIENTED_EDGE('',*,*,#6571,.T.);
#4574=CARTESIAN_POINT('',(3.66,0.550000000000001,1.76999999999999));
#4575=DIRECTION('',(0.0,-0.0627046641347963,0.998032126284391));
#4576=DIRECTION('',(-1.0,0.0,0.0));
#4577=ORIENTED_EDGE('',*,*,#6573,.F.);
#4578=ORIENTED_EDGE('',*,*,#6336,.T.);
#4579=ORIENTED_EDGE('',*,*,#6575,.T.);
#4580=ORIENTED_EDGE('',*,*,#6568,.F.);
#4581=CARTESIAN_POINT('',(3.66,0.0349208626544031,1.92407433976346));
#4582=DIRECTION('',(0.0,0.650791373455967,0.759256602365298));
#4583=DIRECTION('',(1.0,-0.0,0.0));
#4584=ORIENTED_EDGE('',*,*,#6577,.F.);
#4585=ORIENTED_EDGE('',*,*,#6231,.T.);
#4586=ORIENTED_EDGE('',*,*,#6578,.T.);
#4587=ORIENTED_EDGE('',*,*,#6579,.F.);
#4588=CARTESIAN_POINT('',(-4.34,4.25,0.349999999999997));
#4589=DIRECTION('',(1.0,-0.0,0.0));
#4590=DIRECTION('',(0.0,0.0,1.0));
#4591=ORIENTED_EDGE('',*,*,#6580,.T.);
#4592=ORIENTED_EDGE('',*,*,#6233,.T.);
#4593=ORIENTED_EDGE('',*,*,#6581,.F.);
#4594=ORIENTED_EDGE('',*,*,#6582,.T.);
#4595=CARTESIAN_POINT('',(-4.34,4.7,0.929999999999996));
#4596=DIRECTION('',(0.0,0.0,-1.0));
#4597=DIRECTION('',(0.0,-1.0,0.0));
#4598=ORIENTED_EDGE('',*,*,#6232,.F.);
#4599=ORIENTED_EDGE('',*,*,#6577,.T.);
#4600=ORIENTED_EDGE('',*,*,#6583,.T.);
#4601=ORIENTED_EDGE('',*,*,#6584,.T.);
#4602=ORIENTED_EDGE('',*,*,#6585,.T.);
#4603=ORIENTED_EDGE('',*,*,#6586,.T.);
#4604=ORIENTED_EDGE('',*,*,#6587,.T.);
#4605=ORIENTED_EDGE('',*,*,#6588,.T.);
#4606=ORIENTED_EDGE('',*,*,#6589,.T.);
#4607=ORIENTED_EDGE('',*,*,#6581,.T.);
#4608=CARTESIAN_POINT('',(-4.34,0.1,1.99999999999999));
#4609=DIRECTION('',(1.0,0.0,0.0));
#4610=DIRECTION('',(0.0,1.0,0.0));
#4611=ORIENTED_EDGE('',*,*,#6578,.F.);
#4612=ORIENTED_EDGE('',*,*,#6234,.T.);
#4613=ORIENTED_EDGE('',*,*,#6580,.F.);
#4614=ORIENTED_EDGE('',*,*,#6590,.F.);
#4615=ORIENTED_EDGE('',*,*,#6591,.F.);
#4616=ORIENTED_EDGE('',*,*,#6592,.F.);
#4617=ORIENTED_EDGE('',*,*,#6593,.F.);
#4618=ORIENTED_EDGE('',*,*,#6594,.F.);
#4619=ORIENTED_EDGE('',*,*,#6595,.F.);
#4620=ORIENTED_EDGE('',*,*,#6596,.F.);
#4621=CARTESIAN_POINT('',(-4.66,0.1,1.99999999999999));
#4622=DIRECTION('',(1.0,0.0,0.0));
#4623=DIRECTION('',(0.0,1.0,0.0));
#4624=ORIENTED_EDGE('',*,*,#6596,.T.);
#4625=ORIENTED_EDGE('',*,*,#6597,.F.);
#4626=ORIENTED_EDGE('',*,*,#6583,.F.);
#4627=ORIENTED_EDGE('',*,*,#6579,.T.);
#4628=CARTESIAN_POINT('',(-4.34,4.4,0.349999999999996));
#4629=DIRECTION('',(-0.0,1.0,0.0));
#4630=DIRECTION('',(1.0,0.0,0.0));
#4631=ORIENTED_EDGE('',*,*,#6595,.T.);
#4632=ORIENTED_EDGE('',*,*,#6598,.F.);
#4633=ORIENTED_EDGE('',*,*,#6584,.F.);
#4634=ORIENTED_EDGE('',*,*,#6597,.T.);
#4635=CARTESIAN_POINT('',(-4.34,4.4,0.149999999999996));
#4636=DIRECTION('',(0.0,0.707106781186545,0.70710678118655));
#4637=DIRECTION('',(1.0,-0.0,0.0));
#4638=ORIENTED_EDGE('',*,*,#6594,.T.);
#4639=ORIENTED_EDGE('',*,*,#6599,.F.);
#4640=ORIENTED_EDGE('',*,*,#6585,.F.);
#4641=ORIENTED_EDGE('',*,*,#6598,.T.);
#4642=CARTESIAN_POINT('',(-4.34,4.55,-4.38538094726937E-15));
#4643=DIRECTION('',(0.0,-3.80647894157197E-16,1.0));
#4644=DIRECTION('',(0.0,-1.0,-3.80647894157197E-16));
#4645=ORIENTED_EDGE('',*,*,#6593,.T.);
#4646=ORIENTED_EDGE('',*,*,#6600,.F.);
#4647=ORIENTED_EDGE('',*,*,#6586,.F.);
#4648=ORIENTED_EDGE('',*,*,#6599,.T.);
#4649=CARTESIAN_POINT('',(-4.34,6.3,-3.71924713249427E-15));
#4650=DIRECTION('',(0.0,-1.0,5.78241158658937E-15));
#4651=DIRECTION('',(-1.0,0.0,0.0));
#4652=ORIENTED_EDGE('',*,*,#6592,.T.);
#4653=ORIENTED_EDGE('',*,*,#6601,.F.);
#4654=ORIENTED_EDGE('',*,*,#6587,.F.);
#4655=ORIENTED_EDGE('',*,*,#6600,.T.);
#4656=CARTESIAN_POINT('',(-4.34,6.3,0.299999999999996));
#4657=DIRECTION('',(0.0,1.93607530800983E-16,-1.0));
#4658=DIRECTION('',(-1.0,0.0,0.0));
#4659=ORIENTED_EDGE('',*,*,#6591,.T.);
#4660=ORIENTED_EDGE('',*,*,#6602,.F.);
#4661=ORIENTED_EDGE('',*,*,#6588,.F.);
#4662=ORIENTED_EDGE('',*,*,#6601,.T.);
#4663=CARTESIAN_POINT('',(-4.34,4.9,0.299999999999995));
#4664=DIRECTION('',(0.0,-1.0,0.0));
#4665=DIRECTION('',(0.0,0.0,-1.0));
#4666=ORIENTED_EDGE('',*,*,#6590,.T.);
#4667=ORIENTED_EDGE('',*,*,#6582,.F.);
#4668=ORIENTED_EDGE('',*,*,#6589,.F.);
#4669=ORIENTED_EDGE('',*,*,#6602,.T.);
#4670=CARTESIAN_POINT('',(-4.34,4.9,0.729999999999995));
#4671=DIRECTION('',(0.0,-0.707106781186547,-0.707106781186548));
#4672=DIRECTION('',(0.0,-0.707106781186548,0.707106781186547));
#4673=ORIENTED_EDGE('',*,*,#6603,.F.);
#4674=ORIENTED_EDGE('',*,*,#6227,.T.);
#4675=ORIENTED_EDGE('',*,*,#6604,.T.);
#4676=ORIENTED_EDGE('',*,*,#6605,.F.);
#4677=CARTESIAN_POINT('',(-3.34,4.25,0.349999999999997));
#4678=DIRECTION('',(1.0,-0.0,0.0));
#4679=DIRECTION('',(0.0,0.0,1.0));
#4680=ORIENTED_EDGE('',*,*,#6606,.T.);
#4681=ORIENTED_EDGE('',*,*,#6229,.T.);
#4682=ORIENTED_EDGE('',*,*,#6607,.F.);
#4683=ORIENTED_EDGE('',*,*,#6608,.T.);
#4684=CARTESIAN_POINT('',(-3.34,4.7,0.929999999999996));
#4685=DIRECTION('',(0.0,0.0,-1.0));
#4686=DIRECTION('',(0.0,-1.0,0.0));
#4687=ORIENTED_EDGE('',*,*,#6228,.F.);
#4688=ORIENTED_EDGE('',*,*,#6603,.T.);
#4689=ORIENTED_EDGE('',*,*,#6609,.T.);
#4690=ORIENTED_EDGE('',*,*,#6610,.T.);
#4691=ORIENTED_EDGE('',*,*,#6611,.T.);
#4692=ORIENTED_EDGE('',*,*,#6612,.T.);
#4693=ORIENTED_EDGE('',*,*,#6613,.T.);
#4694=ORIENTED_EDGE('',*,*,#6614,.T.);
#4695=ORIENTED_EDGE('',*,*,#6615,.T.);
#4696=ORIENTED_EDGE('',*,*,#6607,.T.);
#4697=CARTESIAN_POINT('',(-3.34,0.1,1.99999999999999));
#4698=DIRECTION('',(1.0,0.0,0.0));
#4699=DIRECTION('',(0.0,1.0,0.0));
#4700=ORIENTED_EDGE('',*,*,#6604,.F.);
#4701=ORIENTED_EDGE('',*,*,#6230,.T.);
#4702=ORIENTED_EDGE('',*,*,#6606,.F.);
#4703=ORIENTED_EDGE('',*,*,#6616,.F.);
#4704=ORIENTED_EDGE('',*,*,#6617,.F.);
#4705=ORIENTED_EDGE('',*,*,#6618,.F.);
#4706=ORIENTED_EDGE('',*,*,#6619,.F.);
#4707=ORIENTED_EDGE('',*,*,#6620,.F.);
#4708=ORIENTED_EDGE('',*,*,#6621,.F.);
#4709=ORIENTED_EDGE('',*,*,#6622,.F.);
#4710=CARTESIAN_POINT('',(-3.66,0.1,1.99999999999999));
#4711=DIRECTION('',(1.0,0.0,0.0));
#4712=DIRECTION('',(0.0,1.0,0.0));
#4713=ORIENTED_EDGE('',*,*,#6622,.T.);
#4714=ORIENTED_EDGE('',*,*,#6623,.F.);
#4715=ORIENTED_EDGE('',*,*,#6609,.F.);
#4716=ORIENTED_EDGE('',*,*,#6605,.T.);
#4717=CARTESIAN_POINT('',(-3.34,4.4,0.349999999999996));
#4718=DIRECTION('',(-0.0,1.0,0.0));
#4719=DIRECTION('',(1.0,0.0,0.0));
#4720=ORIENTED_EDGE('',*,*,#6621,.T.);
#4721=ORIENTED_EDGE('',*,*,#6624,.F.);
#4722=ORIENTED_EDGE('',*,*,#6610,.F.);
#4723=ORIENTED_EDGE('',*,*,#6623,.T.);
#4724=CARTESIAN_POINT('',(-3.34,4.4,0.149999999999996));
#4725=DIRECTION('',(0.0,0.707106781186545,0.70710678118655));
#4726=DIRECTION('',(1.0,-0.0,0.0));
#4727=ORIENTED_EDGE('',*,*,#6620,.T.);
#4728=ORIENTED_EDGE('',*,*,#6625,.F.);
#4729=ORIENTED_EDGE('',*,*,#6611,.F.);
#4730=ORIENTED_EDGE('',*,*,#6624,.T.);
#4731=CARTESIAN_POINT('',(-3.34,4.55,-4.38538094726937E-15));
#4732=DIRECTION('',(0.0,-3.80647894157197E-16,1.0));
#4733=DIRECTION('',(0.0,-1.0,-3.80647894157197E-16));
#4734=ORIENTED_EDGE('',*,*,#6619,.T.);
#4735=ORIENTED_EDGE('',*,*,#6626,.F.);
#4736=ORIENTED_EDGE('',*,*,#6612,.F.);
#4737=ORIENTED_EDGE('',*,*,#6625,.T.);
#4738=CARTESIAN_POINT('',(-3.34,6.3,-3.71924713249427E-15));
#4739=DIRECTION('',(0.0,-1.0,5.78241158658937E-15));
#4740=DIRECTION('',(-1.0,0.0,0.0));
#4741=ORIENTED_EDGE('',*,*,#6618,.T.);
#4742=ORIENTED_EDGE('',*,*,#6627,.F.);
#4743=ORIENTED_EDGE('',*,*,#6613,.F.);
#4744=ORIENTED_EDGE('',*,*,#6626,.T.);
#4745=CARTESIAN_POINT('',(-3.34,6.3,0.299999999999996));
#4746=DIRECTION('',(0.0,1.93607530800983E-16,-1.0));
#4747=DIRECTION('',(-1.0,0.0,0.0));
#4748=ORIENTED_EDGE('',*,*,#6617,.T.);
#4749=ORIENTED_EDGE('',*,*,#6628,.F.);
#4750=ORIENTED_EDGE('',*,*,#6614,.F.);
#4751=ORIENTED_EDGE('',*,*,#6627,.T.);
#4752=CARTESIAN_POINT('',(-3.34,4.9,0.299999999999995));
#4753=DIRECTION('',(0.0,-1.0,0.0));
#4754=DIRECTION('',(0.0,0.0,-1.0));
#4755=ORIENTED_EDGE('',*,*,#6616,.T.);
#4756=ORIENTED_EDGE('',*,*,#6608,.F.);
#4757=ORIENTED_EDGE('',*,*,#6615,.F.);
#4758=ORIENTED_EDGE('',*,*,#6628,.T.);
#4759=CARTESIAN_POINT('',(-3.34,4.9,0.729999999999995));
#4760=DIRECTION('',(0.0,-0.707106781186547,-0.707106781186548));
#4761=DIRECTION('',(0.0,-0.707106781186548,0.707106781186547));
#4762=ORIENTED_EDGE('',*,*,#6629,.F.);
#4763=ORIENTED_EDGE('',*,*,#6223,.T.);
#4764=ORIENTED_EDGE('',*,*,#6630,.T.);
#4765=ORIENTED_EDGE('',*,*,#6631,.F.);
#4766=CARTESIAN_POINT('',(-2.34,4.25,0.349999999999997));
#4767=DIRECTION('',(1.0,-0.0,0.0));
#4768=DIRECTION('',(0.0,0.0,1.0));
#4769=ORIENTED_EDGE('',*,*,#6632,.T.);
#4770=ORIENTED_EDGE('',*,*,#6225,.T.);
#4771=ORIENTED_EDGE('',*,*,#6633,.F.);
#4772=ORIENTED_EDGE('',*,*,#6634,.T.);
#4773=CARTESIAN_POINT('',(-2.34,4.7,0.929999999999996));
#4774=DIRECTION('',(0.0,0.0,-1.0));
#4775=DIRECTION('',(0.0,-1.0,0.0));
#4776=ORIENTED_EDGE('',*,*,#6224,.F.);
#4777=ORIENTED_EDGE('',*,*,#6629,.T.);
#4778=ORIENTED_EDGE('',*,*,#6635,.T.);
#4779=ORIENTED_EDGE('',*,*,#6636,.T.);
#4780=ORIENTED_EDGE('',*,*,#6637,.T.);
#4781=ORIENTED_EDGE('',*,*,#6638,.T.);
#4782=ORIENTED_EDGE('',*,*,#6639,.T.);
#4783=ORIENTED_EDGE('',*,*,#6640,.T.);
#4784=ORIENTED_EDGE('',*,*,#6641,.T.);
#4785=ORIENTED_EDGE('',*,*,#6633,.T.);
#4786=CARTESIAN_POINT('',(-2.34,0.1,1.99999999999999));
#4787=DIRECTION('',(1.0,0.0,0.0));
#4788=DIRECTION('',(0.0,1.0,0.0));
#4789=ORIENTED_EDGE('',*,*,#6630,.F.);
#4790=ORIENTED_EDGE('',*,*,#6226,.T.);
#4791=ORIENTED_EDGE('',*,*,#6632,.F.);
#4792=ORIENTED_EDGE('',*,*,#6642,.F.);
#4793=ORIENTED_EDGE('',*,*,#6643,.F.);
#4794=ORIENTED_EDGE('',*,*,#6644,.F.);
#4795=ORIENTED_EDGE('',*,*,#6645,.F.);
#4796=ORIENTED_EDGE('',*,*,#6646,.F.);
#4797=ORIENTED_EDGE('',*,*,#6647,.F.);
#4798=ORIENTED_EDGE('',*,*,#6648,.F.);
#4799=CARTESIAN_POINT('',(-2.66,0.1,1.99999999999999));
#4800=DIRECTION('',(1.0,0.0,0.0));
#4801=DIRECTION('',(0.0,1.0,0.0));
#4802=ORIENTED_EDGE('',*,*,#6648,.T.);
#4803=ORIENTED_EDGE('',*,*,#6649,.F.);
#4804=ORIENTED_EDGE('',*,*,#6635,.F.);
#4805=ORIENTED_EDGE('',*,*,#6631,.T.);
#4806=CARTESIAN_POINT('',(-2.34,4.4,0.349999999999996));
#4807=DIRECTION('',(-0.0,1.0,0.0));
#4808=DIRECTION('',(1.0,0.0,0.0));
#4809=ORIENTED_EDGE('',*,*,#6647,.T.);
#4810=ORIENTED_EDGE('',*,*,#6650,.F.);
#4811=ORIENTED_EDGE('',*,*,#6636,.F.);
#4812=ORIENTED_EDGE('',*,*,#6649,.T.);
#4813=CARTESIAN_POINT('',(-2.34,4.4,0.149999999999996));
#4814=DIRECTION('',(0.0,0.707106781186545,0.70710678118655));
#4815=DIRECTION('',(1.0,-0.0,0.0));
#4816=ORIENTED_EDGE('',*,*,#6646,.T.);
#4817=ORIENTED_EDGE('',*,*,#6651,.F.);
#4818=ORIENTED_EDGE('',*,*,#6637,.F.);
#4819=ORIENTED_EDGE('',*,*,#6650,.T.);
#4820=CARTESIAN_POINT('',(-2.34,4.55,-4.38538094726937E-15));
#4821=DIRECTION('',(0.0,-3.80647894157197E-16,1.0));
#4822=DIRECTION('',(0.0,-1.0,-3.80647894157197E-16));
#4823=ORIENTED_EDGE('',*,*,#6645,.T.);
#4824=ORIENTED_EDGE('',*,*,#6652,.F.);
#4825=ORIENTED_EDGE('',*,*,#6638,.F.);
#4826=ORIENTED_EDGE('',*,*,#6651,.T.);
#4827=CARTESIAN_POINT('',(-2.34,6.3,-3.71924713249427E-15));
#4828=DIRECTION('',(0.0,-1.0,5.78241158658937E-15));
#4829=DIRECTION('',(-1.0,0.0,0.0));
#4830=ORIENTED_EDGE('',*,*,#6644,.T.);
#4831=ORIENTED_EDGE('',*,*,#6653,.F.);
#4832=ORIENTED_EDGE('',*,*,#6639,.F.);
#4833=ORIENTED_EDGE('',*,*,#6652,.T.);
#4834=CARTESIAN_POINT('',(-2.34,6.3,0.299999999999996));
#4835=DIRECTION('',(0.0,1.93607530800983E-16,-1.0));
#4836=DIRECTION('',(-1.0,0.0,0.0));
#4837=ORIENTED_EDGE('',*,*,#6643,.T.);
#4838=ORIENTED_EDGE('',*,*,#6654,.F.);
#4839=ORIENTED_EDGE('',*,*,#6640,.F.);
#4840=ORIENTED_EDGE('',*,*,#6653,.T.);
#4841=CARTESIAN_POINT('',(-2.34,4.9,0.299999999999995));
#4842=DIRECTION('',(0.0,-1.0,0.0));
#4843=DIRECTION('',(0.0,0.0,-1.0));
#4844=ORIENTED_EDGE('',*,*,#6642,.T.);
#4845=ORIENTED_EDGE('',*,*,#6634,.F.);
#4846=ORIENTED_EDGE('',*,*,#6641,.F.);
#4847=ORIENTED_EDGE('',*,*,#6654,.T.);
#4848=CARTESIAN_POINT('',(-2.34,4.9,0.729999999999995));
#4849=DIRECTION('',(0.0,-0.707106781186547,-0.707106781186548));
#4850=DIRECTION('',(0.0,-0.707106781186548,0.707106781186547));
#4851=ORIENTED_EDGE('',*,*,#6655,.F.);
#4852=ORIENTED_EDGE('',*,*,#6219,.T.);
#4853=ORIENTED_EDGE('',*,*,#6656,.T.);
#4854=ORIENTED_EDGE('',*,*,#6657,.F.);
#4855=CARTESIAN_POINT('',(-1.34,4.25,0.349999999999997));
#4856=DIRECTION('',(1.0,-0.0,0.0));
#4857=DIRECTION('',(0.0,0.0,1.0));
#4858=ORIENTED_EDGE('',*,*,#6658,.T.);
#4859=ORIENTED_EDGE('',*,*,#6221,.T.);
#4860=ORIENTED_EDGE('',*,*,#6659,.F.);
#4861=ORIENTED_EDGE('',*,*,#6660,.T.);
#4862=CARTESIAN_POINT('',(-1.34,4.7,0.929999999999996));
#4863=DIRECTION('',(0.0,0.0,-1.0));
#4864=DIRECTION('',(0.0,-1.0,0.0));
#4865=ORIENTED_EDGE('',*,*,#6220,.F.);
#4866=ORIENTED_EDGE('',*,*,#6655,.T.);
#4867=ORIENTED_EDGE('',*,*,#6661,.T.);
#4868=ORIENTED_EDGE('',*,*,#6662,.T.);
#4869=ORIENTED_EDGE('',*,*,#6663,.T.);
#4870=ORIENTED_EDGE('',*,*,#6664,.T.);
#4871=ORIENTED_EDGE('',*,*,#6665,.T.);
#4872=ORIENTED_EDGE('',*,*,#6666,.T.);
#4873=ORIENTED_EDGE('',*,*,#6667,.T.);
#4874=ORIENTED_EDGE('',*,*,#6659,.T.);
#4875=CARTESIAN_POINT('',(-1.34,0.1,1.99999999999999));
#4876=DIRECTION('',(1.0,0.0,0.0));
#4877=DIRECTION('',(0.0,1.0,0.0));
#4878=ORIENTED_EDGE('',*,*,#6656,.F.);
#4879=ORIENTED_EDGE('',*,*,#6222,.T.);
#4880=ORIENTED_EDGE('',*,*,#6658,.F.);
#4881=ORIENTED_EDGE('',*,*,#6668,.F.);
#4882=ORIENTED_EDGE('',*,*,#6669,.F.);
#4883=ORIENTED_EDGE('',*,*,#6670,.F.);
#4884=ORIENTED_EDGE('',*,*,#6671,.F.);
#4885=ORIENTED_EDGE('',*,*,#6672,.F.);
#4886=ORIENTED_EDGE('',*,*,#6673,.F.);
#4887=ORIENTED_EDGE('',*,*,#6674,.F.);
#4888=CARTESIAN_POINT('',(-1.66,0.1,1.99999999999999));
#4889=DIRECTION('',(1.0,0.0,0.0));
#4890=DIRECTION('',(0.0,1.0,0.0));
#4891=ORIENTED_EDGE('',*,*,#6674,.T.);
#4892=ORIENTED_EDGE('',*,*,#6675,.F.);
#4893=ORIENTED_EDGE('',*,*,#6661,.F.);
#4894=ORIENTED_EDGE('',*,*,#6657,.T.);
#4895=CARTESIAN_POINT('',(-1.34,4.4,0.349999999999996));
#4896=DIRECTION('',(-0.0,1.0,0.0));
#4897=DIRECTION('',(1.0,0.0,0.0));
#4898=ORIENTED_EDGE('',*,*,#6673,.T.);
#4899=ORIENTED_EDGE('',*,*,#6676,.F.);
#4900=ORIENTED_EDGE('',*,*,#6662,.F.);
#4901=ORIENTED_EDGE('',*,*,#6675,.T.);
#4902=CARTESIAN_POINT('',(-1.34,4.4,0.149999999999996));
#4903=DIRECTION('',(0.0,0.707106781186545,0.70710678118655));
#4904=DIRECTION('',(1.0,-0.0,0.0));
#4905=ORIENTED_EDGE('',*,*,#6672,.T.);
#4906=ORIENTED_EDGE('',*,*,#6677,.F.);
#4907=ORIENTED_EDGE('',*,*,#6663,.F.);
#4908=ORIENTED_EDGE('',*,*,#6676,.T.);
#4909=CARTESIAN_POINT('',(-1.34,4.55,-4.38538094726937E-15));
#4910=DIRECTION('',(0.0,-3.80647894157197E-16,1.0));
#4911=DIRECTION('',(0.0,-1.0,-3.80647894157197E-16));
#4912=ORIENTED_EDGE('',*,*,#6671,.T.);
#4913=ORIENTED_EDGE('',*,*,#6678,.F.);
#4914=ORIENTED_EDGE('',*,*,#6664,.F.);
#4915=ORIENTED_EDGE('',*,*,#6677,.T.);
#4916=CARTESIAN_POINT('',(-1.34,6.3,-3.71924713249427E-15));
#4917=DIRECTION('',(0.0,-1.0,5.78241158658937E-15));
#4918=DIRECTION('',(-1.0,0.0,0.0));
#4919=ORIENTED_EDGE('',*,*,#6670,.T.);
#4920=ORIENTED_EDGE('',*,*,#6679,.F.);
#4921=ORIENTED_EDGE('',*,*,#6665,.F.);
#4922=ORIENTED_EDGE('',*,*,#6678,.T.);
#4923=CARTESIAN_POINT('',(-1.34,6.3,0.299999999999996));
#4924=DIRECTION('',(0.0,1.93607530800983E-16,-1.0));
#4925=DIRECTION('',(-1.0,0.0,0.0));
#4926=ORIENTED_EDGE('',*,*,#6669,.T.);
#4927=ORIENTED_EDGE('',*,*,#6680,.F.);
#4928=ORIENTED_EDGE('',*,*,#6666,.F.);
#4929=ORIENTED_EDGE('',*,*,#6679,.T.);
#4930=CARTESIAN_POINT('',(-1.34,4.9,0.299999999999995));
#4931=DIRECTION('',(0.0,-1.0,0.0));
#4932=DIRECTION('',(0.0,0.0,-1.0));
#4933=ORIENTED_EDGE('',*,*,#6668,.T.);
#4934=ORIENTED_EDGE('',*,*,#6660,.F.);
#4935=ORIENTED_EDGE('',*,*,#6667,.F.);
#4936=ORIENTED_EDGE('',*,*,#6680,.T.);
#4937=CARTESIAN_POINT('',(-1.34,4.9,0.729999999999995));
#4938=DIRECTION('',(0.0,-0.707106781186547,-0.707106781186548));
#4939=DIRECTION('',(0.0,-0.707106781186548,0.707106781186547));
#4940=ORIENTED_EDGE('',*,*,#6681,.F.);
#4941=ORIENTED_EDGE('',*,*,#6215,.T.);
#4942=ORIENTED_EDGE('',*,*,#6682,.T.);
#4943=ORIENTED_EDGE('',*,*,#6683,.F.);
#4944=CARTESIAN_POINT('',(-0.339999999999998,4.25,0.349999999999997));
#4945=DIRECTION('',(1.0,-0.0,0.0));
#4946=DIRECTION('',(0.0,0.0,1.0));
#4947=ORIENTED_EDGE('',*,*,#6684,.T.);
#4948=ORIENTED_EDGE('',*,*,#6217,.T.);
#4949=ORIENTED_EDGE('',*,*,#6685,.F.);
#4950=ORIENTED_EDGE('',*,*,#6686,.T.);
#4951=CARTESIAN_POINT('',(-0.339999999999998,4.7,0.929999999999996));
#4952=DIRECTION('',(0.0,0.0,-1.0));
#4953=DIRECTION('',(0.0,-1.0,0.0));
#4954=ORIENTED_EDGE('',*,*,#6216,.F.);
#4955=ORIENTED_EDGE('',*,*,#6681,.T.);
#4956=ORIENTED_EDGE('',*,*,#6687,.T.);
#4957=ORIENTED_EDGE('',*,*,#6688,.T.);
#4958=ORIENTED_EDGE('',*,*,#6689,.T.);
#4959=ORIENTED_EDGE('',*,*,#6690,.T.);
#4960=ORIENTED_EDGE('',*,*,#6691,.T.);
#4961=ORIENTED_EDGE('',*,*,#6692,.T.);
#4962=ORIENTED_EDGE('',*,*,#6693,.T.);
#4963=ORIENTED_EDGE('',*,*,#6685,.T.);
#4964=CARTESIAN_POINT('',(-0.339999999999998,0.1,1.99999999999999));
#4965=DIRECTION('',(1.0,0.0,0.0));
#4966=DIRECTION('',(0.0,1.0,0.0));
#4967=ORIENTED_EDGE('',*,*,#6682,.F.);
#4968=ORIENTED_EDGE('',*,*,#6218,.T.);
#4969=ORIENTED_EDGE('',*,*,#6684,.F.);
#4970=ORIENTED_EDGE('',*,*,#6694,.F.);
#4971=ORIENTED_EDGE('',*,*,#6695,.F.);
#4972=ORIENTED_EDGE('',*,*,#6696,.F.);
#4973=ORIENTED_EDGE('',*,*,#6697,.F.);
#4974=ORIENTED_EDGE('',*,*,#6698,.F.);
#4975=ORIENTED_EDGE('',*,*,#6699,.F.);
#4976=ORIENTED_EDGE('',*,*,#6700,.F.);
#4977=CARTESIAN_POINT('',(-0.659999999999998,0.1,1.99999999999999));
#4978=DIRECTION('',(1.0,0.0,0.0));
#4979=DIRECTION('',(0.0,1.0,0.0));
#4980=ORIENTED_EDGE('',*,*,#6700,.T.);
#4981=ORIENTED_EDGE('',*,*,#6701,.F.);
#4982=ORIENTED_EDGE('',*,*,#6687,.F.);
#4983=ORIENTED_EDGE('',*,*,#6683,.T.);
#4984=CARTESIAN_POINT('',(-0.339999999999998,4.4,0.349999999999996));
#4985=DIRECTION('',(-0.0,1.0,0.0));
#4986=DIRECTION('',(1.0,0.0,0.0));
#4987=ORIENTED_EDGE('',*,*,#6699,.T.);
#4988=ORIENTED_EDGE('',*,*,#6702,.F.);
#4989=ORIENTED_EDGE('',*,*,#6688,.F.);
#4990=ORIENTED_EDGE('',*,*,#6701,.T.);
#4991=CARTESIAN_POINT('',(-0.339999999999998,4.4,0.149999999999996));
#4992=DIRECTION('',(0.0,0.707106781186545,0.70710678118655));
#4993=DIRECTION('',(1.0,-0.0,0.0));
#4994=ORIENTED_EDGE('',*,*,#6698,.T.);
#4995=ORIENTED_EDGE('',*,*,#6703,.F.);
#4996=ORIENTED_EDGE('',*,*,#6689,.F.);
#4997=ORIENTED_EDGE('',*,*,#6702,.T.);
#4998=CARTESIAN_POINT('',(-0.339999999999998,4.55,-4.38538094726937E-15));
#4999=DIRECTION('',(0.0,-3.80647894157197E-16,1.0));
#5000=DIRECTION('',(0.0,-1.0,-3.80647894157197E-16));
#5001=ORIENTED_EDGE('',*,*,#6697,.T.);
#5002=ORIENTED_EDGE('',*,*,#6704,.F.);
#5003=ORIENTED_EDGE('',*,*,#6690,.F.);
#5004=ORIENTED_EDGE('',*,*,#6703,.T.);
#5005=CARTESIAN_POINT('',(-0.339999999999998,6.3,-3.71924713249427E-15));
#5006=DIRECTION('',(0.0,-1.0,5.78241158658937E-15));
#5007=DIRECTION('',(-1.0,0.0,0.0));
#5008=ORIENTED_EDGE('',*,*,#6696,.T.);
#5009=ORIENTED_EDGE('',*,*,#6705,.F.);
#5010=ORIENTED_EDGE('',*,*,#6691,.F.);
#5011=ORIENTED_EDGE('',*,*,#6704,.T.);
#5012=CARTESIAN_POINT('',(-0.339999999999998,6.3,0.299999999999996));
#5013=DIRECTION('',(0.0,1.93607530800983E-16,-1.0));
#5014=DIRECTION('',(-1.0,0.0,0.0));
#5015=ORIENTED_EDGE('',*,*,#6695,.T.);
#5016=ORIENTED_EDGE('',*,*,#6706,.F.);
#5017=ORIENTED_EDGE('',*,*,#6692,.F.);
#5018=ORIENTED_EDGE('',*,*,#6705,.T.);
#5019=CARTESIAN_POINT('',(-0.339999999999998,4.9,0.299999999999995));
#5020=DIRECTION('',(0.0,-1.0,0.0));
#5021=DIRECTION('',(0.0,0.0,-1.0));
#5022=ORIENTED_EDGE('',*,*,#6694,.T.);
#5023=ORIENTED_EDGE('',*,*,#6686,.F.);
#5024=ORIENTED_EDGE('',*,*,#6693,.F.);
#5025=ORIENTED_EDGE('',*,*,#6706,.T.);
#5026=CARTESIAN_POINT('',(-0.339999999999998,4.9,0.729999999999995));
#5027=DIRECTION('',(0.0,-0.707106781186547,-0.707106781186548));
#5028=DIRECTION('',(0.0,-0.707106781186548,0.707106781186547));
#5029=ORIENTED_EDGE('',*,*,#6707,.F.);
#5030=ORIENTED_EDGE('',*,*,#6211,.T.);
#5031=ORIENTED_EDGE('',*,*,#6708,.T.);
#5032=ORIENTED_EDGE('',*,*,#6709,.F.);
#5033=CARTESIAN_POINT('',(0.660000000000002,4.25,0.349999999999997));
#5034=DIRECTION('',(1.0,-0.0,0.0));
#5035=DIRECTION('',(0.0,0.0,1.0));
#5036=ORIENTED_EDGE('',*,*,#6710,.T.);
#5037=ORIENTED_EDGE('',*,*,#6213,.T.);
#5038=ORIENTED_EDGE('',*,*,#6711,.F.);
#5039=ORIENTED_EDGE('',*,*,#6712,.T.);
#5040=CARTESIAN_POINT('',(0.660000000000002,4.7,0.929999999999996));
#5041=DIRECTION('',(0.0,0.0,-1.0));
#5042=DIRECTION('',(0.0,-1.0,0.0));
#5043=ORIENTED_EDGE('',*,*,#6212,.F.);
#5044=ORIENTED_EDGE('',*,*,#6707,.T.);
#5045=ORIENTED_EDGE('',*,*,#6713,.T.);
#5046=ORIENTED_EDGE('',*,*,#6714,.T.);
#5047=ORIENTED_EDGE('',*,*,#6715,.T.);
#5048=ORIENTED_EDGE('',*,*,#6716,.T.);
#5049=ORIENTED_EDGE('',*,*,#6717,.T.);
#5050=ORIENTED_EDGE('',*,*,#6718,.T.);
#5051=ORIENTED_EDGE('',*,*,#6719,.T.);
#5052=ORIENTED_EDGE('',*,*,#6711,.T.);
#5053=CARTESIAN_POINT('',(0.660000000000002,0.1,1.99999999999999));
#5054=DIRECTION('',(1.0,0.0,0.0));
#5055=DIRECTION('',(0.0,1.0,0.0));
#5056=ORIENTED_EDGE('',*,*,#6708,.F.);
#5057=ORIENTED_EDGE('',*,*,#6214,.T.);
#5058=ORIENTED_EDGE('',*,*,#6710,.F.);
#5059=ORIENTED_EDGE('',*,*,#6720,.F.);
#5060=ORIENTED_EDGE('',*,*,#6721,.F.);
#5061=ORIENTED_EDGE('',*,*,#6722,.F.);
#5062=ORIENTED_EDGE('',*,*,#6723,.F.);
#5063=ORIENTED_EDGE('',*,*,#6724,.F.);
#5064=ORIENTED_EDGE('',*,*,#6725,.F.);
#5065=ORIENTED_EDGE('',*,*,#6726,.F.);
#5066=CARTESIAN_POINT('',(0.340000000000002,0.1,1.99999999999999));
#5067=DIRECTION('',(1.0,0.0,0.0));
#5068=DIRECTION('',(0.0,1.0,0.0));
#5069=ORIENTED_EDGE('',*,*,#6726,.T.);
#5070=ORIENTED_EDGE('',*,*,#6727,.F.);
#5071=ORIENTED_EDGE('',*,*,#6713,.F.);
#5072=ORIENTED_EDGE('',*,*,#6709,.T.);
#5073=CARTESIAN_POINT('',(0.660000000000002,4.4,0.349999999999996));
#5074=DIRECTION('',(-0.0,1.0,0.0));
#5075=DIRECTION('',(1.0,0.0,0.0));
#5076=ORIENTED_EDGE('',*,*,#6725,.T.);
#5077=ORIENTED_EDGE('',*,*,#6728,.F.);
#5078=ORIENTED_EDGE('',*,*,#6714,.F.);
#5079=ORIENTED_EDGE('',*,*,#6727,.T.);
#5080=CARTESIAN_POINT('',(0.660000000000002,4.4,0.149999999999996));
#5081=DIRECTION('',(0.0,0.707106781186545,0.70710678118655));
#5082=DIRECTION('',(1.0,-0.0,0.0));
#5083=ORIENTED_EDGE('',*,*,#6724,.T.);
#5084=ORIENTED_EDGE('',*,*,#6729,.F.);
#5085=ORIENTED_EDGE('',*,*,#6715,.F.);
#5086=ORIENTED_EDGE('',*,*,#6728,.T.);
#5087=CARTESIAN_POINT('',(0.660000000000002,4.55,-4.38538094726937E-15));
#5088=DIRECTION('',(0.0,-3.80647894157197E-16,1.0));
#5089=DIRECTION('',(0.0,-1.0,-3.80647894157197E-16));
#5090=ORIENTED_EDGE('',*,*,#6723,.T.);
#5091=ORIENTED_EDGE('',*,*,#6730,.F.);
#5092=ORIENTED_EDGE('',*,*,#6716,.F.);
#5093=ORIENTED_EDGE('',*,*,#6729,.T.);
#5094=CARTESIAN_POINT('',(0.660000000000002,6.3,-3.71924713249427E-15));
#5095=DIRECTION('',(0.0,-1.0,5.78241158658937E-15));
#5096=DIRECTION('',(-1.0,0.0,0.0));
#5097=ORIENTED_EDGE('',*,*,#6722,.T.);
#5098=ORIENTED_EDGE('',*,*,#6731,.F.);
#5099=ORIENTED_EDGE('',*,*,#6717,.F.);
#5100=ORIENTED_EDGE('',*,*,#6730,.T.);
#5101=CARTESIAN_POINT('',(0.660000000000002,6.3,0.299999999999996));
#5102=DIRECTION('',(0.0,1.93607530800983E-16,-1.0));
#5103=DIRECTION('',(-1.0,0.0,0.0));
#5104=ORIENTED_EDGE('',*,*,#6721,.T.);
#5105=ORIENTED_EDGE('',*,*,#6732,.F.);
#5106=ORIENTED_EDGE('',*,*,#6718,.F.);
#5107=ORIENTED_EDGE('',*,*,#6731,.T.);
#5108=CARTESIAN_POINT('',(0.660000000000002,4.9,0.299999999999995));
#5109=DIRECTION('',(0.0,-1.0,0.0));
#5110=DIRECTION('',(0.0,0.0,-1.0));
#5111=ORIENTED_EDGE('',*,*,#6720,.T.);
#5112=ORIENTED_EDGE('',*,*,#6712,.F.);
#5113=ORIENTED_EDGE('',*,*,#6719,.F.);
#5114=ORIENTED_EDGE('',*,*,#6732,.T.);
#5115=CARTESIAN_POINT('',(0.660000000000002,4.9,0.729999999999995));
#5116=DIRECTION('',(0.0,-0.707106781186547,-0.707106781186548));
#5117=DIRECTION('',(0.0,-0.707106781186548,0.707106781186547));
#5118=ORIENTED_EDGE('',*,*,#6733,.F.);
#5119=ORIENTED_EDGE('',*,*,#6207,.T.);
#5120=ORIENTED_EDGE('',*,*,#6734,.T.);
#5121=ORIENTED_EDGE('',*,*,#6735,.F.);
#5122=CARTESIAN_POINT('',(1.66,4.25,0.349999999999997));
#5123=DIRECTION('',(1.0,-0.0,0.0));
#5124=DIRECTION('',(0.0,0.0,1.0));
#5125=ORIENTED_EDGE('',*,*,#6736,.T.);
#5126=ORIENTED_EDGE('',*,*,#6209,.T.);
#5127=ORIENTED_EDGE('',*,*,#6737,.F.);
#5128=ORIENTED_EDGE('',*,*,#6738,.T.);
#5129=CARTESIAN_POINT('',(1.66,4.7,0.929999999999996));
#5130=DIRECTION('',(0.0,0.0,-1.0));
#5131=DIRECTION('',(0.0,-1.0,0.0));
#5132=ORIENTED_EDGE('',*,*,#6208,.F.);
#5133=ORIENTED_EDGE('',*,*,#6733,.T.);
#5134=ORIENTED_EDGE('',*,*,#6739,.T.);
#5135=ORIENTED_EDGE('',*,*,#6740,.T.);
#5136=ORIENTED_EDGE('',*,*,#6741,.T.);
#5137=ORIENTED_EDGE('',*,*,#6742,.T.);
#5138=ORIENTED_EDGE('',*,*,#6743,.T.);
#5139=ORIENTED_EDGE('',*,*,#6744,.T.);
#5140=ORIENTED_EDGE('',*,*,#6745,.T.);
#5141=ORIENTED_EDGE('',*,*,#6737,.T.);
#5142=CARTESIAN_POINT('',(1.66,0.1,1.99999999999999));
#5143=DIRECTION('',(1.0,0.0,0.0));
#5144=DIRECTION('',(0.0,1.0,0.0));
#5145=ORIENTED_EDGE('',*,*,#6734,.F.);
#5146=ORIENTED_EDGE('',*,*,#6210,.T.);
#5147=ORIENTED_EDGE('',*,*,#6736,.F.);
#5148=ORIENTED_EDGE('',*,*,#6746,.F.);
#5149=ORIENTED_EDGE('',*,*,#6747,.F.);
#5150=ORIENTED_EDGE('',*,*,#6748,.F.);
#5151=ORIENTED_EDGE('',*,*,#6749,.F.);
#5152=ORIENTED_EDGE('',*,*,#6750,.F.);
#5153=ORIENTED_EDGE('',*,*,#6751,.F.);
#5154=ORIENTED_EDGE('',*,*,#6752,.F.);
#5155=CARTESIAN_POINT('',(1.34,0.1,1.99999999999999));
#5156=DIRECTION('',(1.0,0.0,0.0));
#5157=DIRECTION('',(0.0,1.0,0.0));
#5158=ORIENTED_EDGE('',*,*,#6752,.T.);
#5159=ORIENTED_EDGE('',*,*,#6753,.F.);
#5160=ORIENTED_EDGE('',*,*,#6739,.F.);
#5161=ORIENTED_EDGE('',*,*,#6735,.T.);
#5162=CARTESIAN_POINT('',(1.66,4.4,0.349999999999996));
#5163=DIRECTION('',(-0.0,1.0,0.0));
#5164=DIRECTION('',(1.0,0.0,0.0));
#5165=ORIENTED_EDGE('',*,*,#6751,.T.);
#5166=ORIENTED_EDGE('',*,*,#6754,.F.);
#5167=ORIENTED_EDGE('',*,*,#6740,.F.);
#5168=ORIENTED_EDGE('',*,*,#6753,.T.);
#5169=CARTESIAN_POINT('',(1.66,4.4,0.149999999999996));
#5170=DIRECTION('',(0.0,0.707106781186545,0.70710678118655));
#5171=DIRECTION('',(1.0,-0.0,0.0));
#5172=ORIENTED_EDGE('',*,*,#6750,.T.);
#5173=ORIENTED_EDGE('',*,*,#6755,.F.);
#5174=ORIENTED_EDGE('',*,*,#6741,.F.);
#5175=ORIENTED_EDGE('',*,*,#6754,.T.);
#5176=CARTESIAN_POINT('',(1.66,4.55,-4.38538094726937E-15));
#5177=DIRECTION('',(0.0,-3.80647894157197E-16,1.0));
#5178=DIRECTION('',(0.0,-1.0,-3.80647894157197E-16));
#5179=ORIENTED_EDGE('',*,*,#6749,.T.);
#5180=ORIENTED_EDGE('',*,*,#6756,.F.);
#5181=ORIENTED_EDGE('',*,*,#6742,.F.);
#5182=ORIENTED_EDGE('',*,*,#6755,.T.);
#5183=CARTESIAN_POINT('',(1.66,6.3,-3.71924713249427E-15));
#5184=DIRECTION('',(0.0,-1.0,5.78241158658937E-15));
#5185=DIRECTION('',(-1.0,0.0,0.0));
#5186=ORIENTED_EDGE('',*,*,#6748,.T.);
#5187=ORIENTED_EDGE('',*,*,#6757,.F.);
#5188=ORIENTED_EDGE('',*,*,#6743,.F.);
#5189=ORIENTED_EDGE('',*,*,#6756,.T.);
#5190=CARTESIAN_POINT('',(1.66,6.3,0.299999999999996));
#5191=DIRECTION('',(0.0,1.93607530800983E-16,-1.0));
#5192=DIRECTION('',(-1.0,0.0,0.0));
#5193=ORIENTED_EDGE('',*,*,#6747,.T.);
#5194=ORIENTED_EDGE('',*,*,#6758,.F.);
#5195=ORIENTED_EDGE('',*,*,#6744,.F.);
#5196=ORIENTED_EDGE('',*,*,#6757,.T.);
#5197=CARTESIAN_POINT('',(1.66,4.9,0.299999999999995));
#5198=DIRECTION('',(0.0,-1.0,0.0));
#5199=DIRECTION('',(0.0,0.0,-1.0));
#5200=ORIENTED_EDGE('',*,*,#6746,.T.);
#5201=ORIENTED_EDGE('',*,*,#6738,.F.);
#5202=ORIENTED_EDGE('',*,*,#6745,.F.);
#5203=ORIENTED_EDGE('',*,*,#6758,.T.);
#5204=CARTESIAN_POINT('',(1.66,4.9,0.729999999999995));
#5205=DIRECTION('',(0.0,-0.707106781186547,-0.707106781186548));
#5206=DIRECTION('',(0.0,-0.707106781186548,0.707106781186547));
#5207=ORIENTED_EDGE('',*,*,#6759,.F.);
#5208=ORIENTED_EDGE('',*,*,#6203,.T.);
#5209=ORIENTED_EDGE('',*,*,#6760,.T.);
#5210=ORIENTED_EDGE('',*,*,#6761,.F.);
#5211=CARTESIAN_POINT('',(2.66,4.25,0.349999999999997));
#5212=DIRECTION('',(1.0,-0.0,0.0));
#5213=DIRECTION('',(0.0,0.0,1.0));
#5214=ORIENTED_EDGE('',*,*,#6762,.T.);
#5215=ORIENTED_EDGE('',*,*,#6205,.T.);
#5216=ORIENTED_EDGE('',*,*,#6763,.F.);
#5217=ORIENTED_EDGE('',*,*,#6764,.T.);
#5218=CARTESIAN_POINT('',(2.66,4.7,0.929999999999996));
#5219=DIRECTION('',(0.0,0.0,-1.0));
#5220=DIRECTION('',(0.0,-1.0,0.0));
#5221=ORIENTED_EDGE('',*,*,#6204,.F.);
#5222=ORIENTED_EDGE('',*,*,#6759,.T.);
#5223=ORIENTED_EDGE('',*,*,#6765,.T.);
#5224=ORIENTED_EDGE('',*,*,#6766,.T.);
#5225=ORIENTED_EDGE('',*,*,#6767,.T.);
#5226=ORIENTED_EDGE('',*,*,#6768,.T.);
#5227=ORIENTED_EDGE('',*,*,#6769,.T.);
#5228=ORIENTED_EDGE('',*,*,#6770,.T.);
#5229=ORIENTED_EDGE('',*,*,#6771,.T.);
#5230=ORIENTED_EDGE('',*,*,#6763,.T.);
#5231=CARTESIAN_POINT('',(2.66,0.1,1.99999999999999));
#5232=DIRECTION('',(1.0,0.0,0.0));
#5233=DIRECTION('',(0.0,1.0,0.0));
#5234=ORIENTED_EDGE('',*,*,#6760,.F.);
#5235=ORIENTED_EDGE('',*,*,#6206,.T.);
#5236=ORIENTED_EDGE('',*,*,#6762,.F.);
#5237=ORIENTED_EDGE('',*,*,#6772,.F.);
#5238=ORIENTED_EDGE('',*,*,#6773,.F.);
#5239=ORIENTED_EDGE('',*,*,#6774,.F.);
#5240=ORIENTED_EDGE('',*,*,#6775,.F.);
#5241=ORIENTED_EDGE('',*,*,#6776,.F.);
#5242=ORIENTED_EDGE('',*,*,#6777,.F.);
#5243=ORIENTED_EDGE('',*,*,#6778,.F.);
#5244=CARTESIAN_POINT('',(2.34,0.1,1.99999999999999));
#5245=DIRECTION('',(1.0,0.0,0.0));
#5246=DIRECTION('',(0.0,1.0,0.0));
#5247=ORIENTED_EDGE('',*,*,#6778,.T.);
#5248=ORIENTED_EDGE('',*,*,#6779,.F.);
#5249=ORIENTED_EDGE('',*,*,#6765,.F.);
#5250=ORIENTED_EDGE('',*,*,#6761,.T.);
#5251=CARTESIAN_POINT('',(2.66,4.4,0.349999999999996));
#5252=DIRECTION('',(-0.0,1.0,0.0));
#5253=DIRECTION('',(1.0,0.0,0.0));
#5254=ORIENTED_EDGE('',*,*,#6777,.T.);
#5255=ORIENTED_EDGE('',*,*,#6780,.F.);
#5256=ORIENTED_EDGE('',*,*,#6766,.F.);
#5257=ORIENTED_EDGE('',*,*,#6779,.T.);
#5258=CARTESIAN_POINT('',(2.66,4.4,0.149999999999996));
#5259=DIRECTION('',(0.0,0.707106781186545,0.70710678118655));
#5260=DIRECTION('',(1.0,-0.0,0.0));
#5261=ORIENTED_EDGE('',*,*,#6776,.T.);
#5262=ORIENTED_EDGE('',*,*,#6781,.F.);
#5263=ORIENTED_EDGE('',*,*,#6767,.F.);
#5264=ORIENTED_EDGE('',*,*,#6780,.T.);
#5265=CARTESIAN_POINT('',(2.66,4.55,-4.38538094726937E-15));
#5266=DIRECTION('',(0.0,-3.80647894157197E-16,1.0));
#5267=DIRECTION('',(0.0,-1.0,-3.80647894157197E-16));
#5268=ORIENTED_EDGE('',*,*,#6775,.T.);
#5269=ORIENTED_EDGE('',*,*,#6782,.F.);
#5270=ORIENTED_EDGE('',*,*,#6768,.F.);
#5271=ORIENTED_EDGE('',*,*,#6781,.T.);
#5272=CARTESIAN_POINT('',(2.66,6.3,-3.71924713249427E-15));
#5273=DIRECTION('',(0.0,-1.0,5.78241158658937E-15));
#5274=DIRECTION('',(-1.0,0.0,0.0));
#5275=ORIENTED_EDGE('',*,*,#6774,.T.);
#5276=ORIENTED_EDGE('',*,*,#6783,.F.);
#5277=ORIENTED_EDGE('',*,*,#6769,.F.);
#5278=ORIENTED_EDGE('',*,*,#6782,.T.);
#5279=CARTESIAN_POINT('',(2.66,6.3,0.299999999999996));
#5280=DIRECTION('',(0.0,1.93607530800983E-16,-1.0));
#5281=DIRECTION('',(-1.0,0.0,0.0));
#5282=ORIENTED_EDGE('',*,*,#6773,.T.);
#5283=ORIENTED_EDGE('',*,*,#6784,.F.);
#5284=ORIENTED_EDGE('',*,*,#6770,.F.);
#5285=ORIENTED_EDGE('',*,*,#6783,.T.);
#5286=CARTESIAN_POINT('',(2.66,4.9,0.299999999999995));
#5287=DIRECTION('',(0.0,-1.0,0.0));
#5288=DIRECTION('',(0.0,0.0,-1.0));
#5289=ORIENTED_EDGE('',*,*,#6772,.T.);
#5290=ORIENTED_EDGE('',*,*,#6764,.F.);
#5291=ORIENTED_EDGE('',*,*,#6771,.F.);
#5292=ORIENTED_EDGE('',*,*,#6784,.T.);
#5293=CARTESIAN_POINT('',(2.66,4.9,0.729999999999995));
#5294=DIRECTION('',(0.0,-0.707106781186547,-0.707106781186548));
#5295=DIRECTION('',(0.0,-0.707106781186548,0.707106781186547));
#5296=ORIENTED_EDGE('',*,*,#6785,.F.);
#5297=ORIENTED_EDGE('',*,*,#6199,.T.);
#5298=ORIENTED_EDGE('',*,*,#6786,.T.);
#5299=ORIENTED_EDGE('',*,*,#6787,.F.);
#5300=CARTESIAN_POINT('',(3.66,4.25,0.349999999999997));
#5301=DIRECTION('',(1.0,-0.0,0.0));
#5302=DIRECTION('',(0.0,0.0,1.0));
#5303=ORIENTED_EDGE('',*,*,#6788,.T.);
#5304=ORIENTED_EDGE('',*,*,#6201,.T.);
#5305=ORIENTED_EDGE('',*,*,#6789,.F.);
#5306=ORIENTED_EDGE('',*,*,#6790,.T.);
#5307=CARTESIAN_POINT('',(3.66,4.7,0.929999999999996));
#5308=DIRECTION('',(0.0,0.0,-1.0));
#5309=DIRECTION('',(0.0,-1.0,0.0));
#5310=ORIENTED_EDGE('',*,*,#6200,.F.);
#5311=ORIENTED_EDGE('',*,*,#6785,.T.);
#5312=ORIENTED_EDGE('',*,*,#6791,.T.);
#5313=ORIENTED_EDGE('',*,*,#6792,.T.);
#5314=ORIENTED_EDGE('',*,*,#6793,.T.);
#5315=ORIENTED_EDGE('',*,*,#6794,.T.);
#5316=ORIENTED_EDGE('',*,*,#6795,.T.);
#5317=ORIENTED_EDGE('',*,*,#6796,.T.);
#5318=ORIENTED_EDGE('',*,*,#6797,.T.);
#5319=ORIENTED_EDGE('',*,*,#6789,.T.);
#5320=CARTESIAN_POINT('',(3.66,0.1,1.99999999999999));
#5321=DIRECTION('',(1.0,0.0,0.0));
#5322=DIRECTION('',(0.0,1.0,0.0));
#5323=ORIENTED_EDGE('',*,*,#6786,.F.);
#5324=ORIENTED_EDGE('',*,*,#6202,.T.);
#5325=ORIENTED_EDGE('',*,*,#6788,.F.);
#5326=ORIENTED_EDGE('',*,*,#6798,.F.);
#5327=ORIENTED_EDGE('',*,*,#6799,.F.);
#5328=ORIENTED_EDGE('',*,*,#6800,.F.);
#5329=ORIENTED_EDGE('',*,*,#6801,.F.);
#5330=ORIENTED_EDGE('',*,*,#6802,.F.);
#5331=ORIENTED_EDGE('',*,*,#6803,.F.);
#5332=ORIENTED_EDGE('',*,*,#6804,.F.);
#5333=CARTESIAN_POINT('',(3.34,0.1,1.99999999999999));
#5334=DIRECTION('',(1.0,0.0,0.0));
#5335=DIRECTION('',(0.0,1.0,0.0));
#5336=ORIENTED_EDGE('',*,*,#6804,.T.);
#5337=ORIENTED_EDGE('',*,*,#6805,.F.);
#5338=ORIENTED_EDGE('',*,*,#6791,.F.);
#5339=ORIENTED_EDGE('',*,*,#6787,.T.);
#5340=CARTESIAN_POINT('',(3.66,4.4,0.349999999999996));
#5341=DIRECTION('',(-0.0,1.0,0.0));
#5342=DIRECTION('',(1.0,0.0,0.0));
#5343=ORIENTED_EDGE('',*,*,#6803,.T.);
#5344=ORIENTED_EDGE('',*,*,#6806,.F.);
#5345=ORIENTED_EDGE('',*,*,#6792,.F.);
#5346=ORIENTED_EDGE('',*,*,#6805,.T.);
#5347=CARTESIAN_POINT('',(3.66,4.4,0.149999999999996));
#5348=DIRECTION('',(0.0,0.707106781186545,0.70710678118655));
#5349=DIRECTION('',(1.0,-0.0,0.0));
#5350=ORIENTED_EDGE('',*,*,#6802,.T.);
#5351=ORIENTED_EDGE('',*,*,#6807,.F.);
#5352=ORIENTED_EDGE('',*,*,#6793,.F.);
#5353=ORIENTED_EDGE('',*,*,#6806,.T.);
#5354=CARTESIAN_POINT('',(3.66,4.55,-4.38538094726937E-15));
#5355=DIRECTION('',(0.0,-3.80647894157197E-16,1.0));
#5356=DIRECTION('',(0.0,-1.0,-3.80647894157197E-16));
#5357=ORIENTED_EDGE('',*,*,#6801,.T.);
#5358=ORIENTED_EDGE('',*,*,#6808,.F.);
#5359=ORIENTED_EDGE('',*,*,#6794,.F.);
#5360=ORIENTED_EDGE('',*,*,#6807,.T.);
#5361=CARTESIAN_POINT('',(3.66,6.3,-3.71924713249427E-15));
#5362=DIRECTION('',(0.0,-1.0,5.78241158658937E-15));
#5363=DIRECTION('',(-1.0,0.0,0.0));
#5364=ORIENTED_EDGE('',*,*,#6800,.T.);
#5365=ORIENTED_EDGE('',*,*,#6809,.F.);
#5366=ORIENTED_EDGE('',*,*,#6795,.F.);
#5367=ORIENTED_EDGE('',*,*,#6808,.T.);
#5368=CARTESIAN_POINT('',(3.66,6.3,0.299999999999996));
#5369=DIRECTION('',(0.0,1.93607530800983E-16,-1.0));
#5370=DIRECTION('',(-1.0,0.0,0.0));
#5371=ORIENTED_EDGE('',*,*,#6799,.T.);
#5372=ORIENTED_EDGE('',*,*,#6810,.F.);
#5373=ORIENTED_EDGE('',*,*,#6796,.F.);
#5374=ORIENTED_EDGE('',*,*,#6809,.T.);
#5375=CARTESIAN_POINT('',(3.66,4.9,0.299999999999995));
#5376=DIRECTION('',(0.0,-1.0,0.0));
#5377=DIRECTION('',(0.0,0.0,-1.0));
#5378=ORIENTED_EDGE('',*,*,#6798,.T.);
#5379=ORIENTED_EDGE('',*,*,#6790,.F.);
#5380=ORIENTED_EDGE('',*,*,#6797,.F.);
#5381=ORIENTED_EDGE('',*,*,#6810,.T.);
#5382=CARTESIAN_POINT('',(3.66,4.9,0.729999999999995));
#5383=DIRECTION('',(0.0,-0.707106781186547,-0.707106781186548));
#5384=DIRECTION('',(0.0,-0.707106781186548,0.707106781186547));
#5385=ORIENTED_EDGE('',*,*,#6811,.T.);
#5386=ORIENTED_EDGE('',*,*,#6812,.F.);
#5387=ORIENTED_EDGE('',*,*,#6813,.F.);
#5388=ORIENTED_EDGE('',*,*,#6814,.F.);
#5389=ORIENTED_EDGE('',*,*,#6815,.F.);
#5390=ORIENTED_EDGE('',*,*,#6816,.T.);
#5391=ORIENTED_EDGE('',*,*,#6817,.T.);
#5392=ORIENTED_EDGE('',*,*,#6818,.T.);
#5393=ORIENTED_EDGE('',*,*,#6819,.T.);
#5394=ORIENTED_EDGE('',*,*,#6820,.T.);
#5395=ORIENTED_EDGE('',*,*,#6821,.F.);
#5396=ORIENTED_EDGE('',*,*,#6822,.F.);
#5397=CARTESIAN_POINT('',(-7.75,2.3,0.249999999999997));
#5398=DIRECTION('',(1.5713074963558E-16,0.0,1.0));
#5399=DIRECTION('',(1.0,0.0,-1.5713074963558E-16));
#5400=ORIENTED_EDGE('',*,*,#6823,.T.);
#5401=ORIENTED_EDGE('',*,*,#6170,.T.);
#5402=ORIENTED_EDGE('',*,*,#6824,.F.);
#5403=ORIENTED_EDGE('',*,*,#6816,.F.);
#5404=CARTESIAN_POINT('',(-5.68,2.3,0.399999999999997));
#5405=DIRECTION('',(0.0,-1.0,0.0));
#5406=DIRECTION('',(0.0,0.0,1.0));
#5407=ORIENTED_EDGE('',*,*,#6825,.F.);
#5408=ORIENTED_EDGE('',*,*,#6168,.T.);
#5409=ORIENTED_EDGE('',*,*,#6826,.T.);
#5410=ORIENTED_EDGE('',*,*,#6827,.T.);
#5411=CARTESIAN_POINT('',(-5.68,2.3,0.399999999999997));
#5412=DIRECTION('',(0.0,-1.0,0.0));
#5413=DIRECTION('',(0.0,0.0,1.0));
#5414=ORIENTED_EDGE('',*,*,#6828,.T.);
#5415=ORIENTED_EDGE('',*,*,#6829,.T.);
#5416=ORIENTED_EDGE('',*,*,#6830,.T.);
#5417=ORIENTED_EDGE('',*,*,#6831,.T.);
#5418=ORIENTED_EDGE('',*,*,#6832,.F.);
#5419=ORIENTED_EDGE('',*,*,#6833,.F.);
#5420=ORIENTED_EDGE('',*,*,#6834,.F.);
#5421=ORIENTED_EDGE('',*,*,#6835,.F.);
#5422=ORIENTED_EDGE('',*,*,#6836,.F.);
#5423=ORIENTED_EDGE('',*,*,#6827,.F.);
#5424=ORIENTED_EDGE('',*,*,#6837,.T.);
#5425=ORIENTED_EDGE('',*,*,#6838,.T.);
#5426=CARTESIAN_POINT('',(-5.68,2.3,-3.5527136788005E-15));
#5427=DIRECTION('',(0.0,0.0,-1.0));
#5428=DIRECTION('',(0.0,-1.0,0.0));
#5429=ORIENTED_EDGE('',*,*,#6839,.F.);
#5430=ORIENTED_EDGE('',*,*,#6840,.F.);
#5431=ORIENTED_EDGE('',*,*,#6841,.T.);
#5432=ORIENTED_EDGE('',*,*,#6842,.T.);
#5433=CARTESIAN_POINT('',(-8.15,2.3,0.399999999999997));
#5434=DIRECTION('',(-1.0,0.0,0.0));
#5435=DIRECTION('',(0.0,0.0,1.0));
#5436=ORIENTED_EDGE('',*,*,#6843,.F.);
#5437=ORIENTED_EDGE('',*,*,#6842,.F.);
#5438=ORIENTED_EDGE('',*,*,#6844,.T.);
#5439=ORIENTED_EDGE('',*,*,#6845,.T.);
#5440=CARTESIAN_POINT('',(-8.15,2.3,2.0));
#5441=DIRECTION('',(0.0,0.0,1.0));
#5442=DIRECTION('',(1.0,0.0,0.0));
#5443=ORIENTED_EDGE('',*,*,#6846,.F.);
#5444=ORIENTED_EDGE('',*,*,#6845,.F.);
#5445=ORIENTED_EDGE('',*,*,#6847,.T.);
#5446=ORIENTED_EDGE('',*,*,#6848,.T.);
#5447=CARTESIAN_POINT('',(-7.9,2.3,2.0));
#5448=DIRECTION('',(1.0,0.0,0.0));
#5449=DIRECTION('',(0.0,1.0,0.0));
#5450=ORIENTED_EDGE('',*,*,#6849,.F.);
#5451=ORIENTED_EDGE('',*,*,#6848,.F.);
#5452=ORIENTED_EDGE('',*,*,#6850,.T.);
#5453=ORIENTED_EDGE('',*,*,#6822,.T.);
#5454=CARTESIAN_POINT('',(-7.75,2.3,0.399999999999996));
#5455=DIRECTION('',(0.0,-1.0,0.0));
#5456=DIRECTION('',(0.0,0.0,1.0));
#5457=ORIENTED_EDGE('',*,*,#6851,.F.);
#5458=ORIENTED_EDGE('',*,*,#6831,.F.);
#5459=ORIENTED_EDGE('',*,*,#6852,.T.);
#5460=ORIENTED_EDGE('',*,*,#6840,.T.);
#5461=CARTESIAN_POINT('',(-7.75,2.3,0.399999999999997));
#5462=DIRECTION('',(0.0,-1.0,0.0));
#5463=DIRECTION('',(0.0,0.0,1.0));
#5464=ORIENTED_EDGE('',*,*,#6853,.F.);
#5465=ORIENTED_EDGE('',*,*,#6811,.F.);
#5466=ORIENTED_EDGE('',*,*,#6850,.F.);
#5467=ORIENTED_EDGE('',*,*,#6847,.F.);
#5468=ORIENTED_EDGE('',*,*,#6844,.F.);
#5469=ORIENTED_EDGE('',*,*,#6841,.F.);
#5470=ORIENTED_EDGE('',*,*,#6852,.F.);
#5471=ORIENTED_EDGE('',*,*,#6830,.F.);
#5472=CARTESIAN_POINT('',(-7.75,2.3,0.399999999999996));
#5473=DIRECTION('',(0.0,-1.0,0.0));
#5474=DIRECTION('',(0.0,0.0,-1.0));
#5475=ORIENTED_EDGE('',*,*,#6821,.T.);
#5476=ORIENTED_EDGE('',*,*,#6854,.T.);
#5477=ORIENTED_EDGE('',*,*,#6832,.T.);
#5478=ORIENTED_EDGE('',*,*,#6851,.T.);
#5479=ORIENTED_EDGE('',*,*,#6839,.T.);
#5480=ORIENTED_EDGE('',*,*,#6843,.T.);
#5481=ORIENTED_EDGE('',*,*,#6846,.T.);
#5482=ORIENTED_EDGE('',*,*,#6849,.T.);
#5483=CARTESIAN_POINT('',(-7.75,4.3,0.399999999999996));
#5484=DIRECTION('',(0.0,-1.0,0.0));
#5485=DIRECTION('',(0.0,0.0,-1.0));
#5486=ORIENTED_EDGE('',*,*,#6820,.F.);
#5487=ORIENTED_EDGE('',*,*,#6855,.F.);
#5488=ORIENTED_EDGE('',*,*,#6833,.T.);
#5489=ORIENTED_EDGE('',*,*,#6854,.F.);
#5490=CARTESIAN_POINT('',(-6.85,3.8,0.499999999999996));
#5491=DIRECTION('',(-0.707106781186553,-0.707106781186542,0.0));
#5492=DIRECTION('',(-0.707106781186542,0.707106781186553,0.0));
#5493=ORIENTED_EDGE('',*,*,#6169,.F.);
#5494=ORIENTED_EDGE('',*,*,#6825,.T.);
#5495=ORIENTED_EDGE('',*,*,#6836,.T.);
#5496=ORIENTED_EDGE('',*,*,#6856,.T.);
#5497=ORIENTED_EDGE('',*,*,#6817,.F.);
#5498=ORIENTED_EDGE('',*,*,#6824,.T.);
#5499=CARTESIAN_POINT('',(-5.25,3.69,0.499999999999996));
#5500=DIRECTION('',(0.0,-1.0,0.0));
#5501=DIRECTION('',(0.0,0.0,-1.0));
#5502=ORIENTED_EDGE('',*,*,#6818,.F.);
#5503=ORIENTED_EDGE('',*,*,#6856,.F.);
#5504=ORIENTED_EDGE('',*,*,#6835,.T.);
#5505=ORIENTED_EDGE('',*,*,#6857,.T.);
#5506=CARTESIAN_POINT('',(-5.9,3.69,0.499999999999996));
#5507=DIRECTION('',(-0.707106781186548,-0.707106781186548,0.0));
#5508=DIRECTION('',(-0.707106781186548,0.707106781186548,0.0));
#5509=ORIENTED_EDGE('',*,*,#6819,.F.);
#5510=ORIENTED_EDGE('',*,*,#6857,.F.);
#5511=ORIENTED_EDGE('',*,*,#6834,.T.);
#5512=ORIENTED_EDGE('',*,*,#6855,.T.);
#5513=CARTESIAN_POINT('',(-6.01,3.8,0.499999999999996));
#5514=DIRECTION('',(0.0,-1.0,0.0));
#5515=DIRECTION('',(0.0,0.0,-1.0));
#5516=ORIENTED_EDGE('',*,*,#6853,.T.);
#5517=ORIENTED_EDGE('',*,*,#6829,.F.);
#5518=ORIENTED_EDGE('',*,*,#6858,.T.);
#5519=ORIENTED_EDGE('',*,*,#6812,.T.);
#5520=CARTESIAN_POINT('',(-6.85,2.8,0.499999999999996));
#5521=DIRECTION('',(0.707106781186549,-0.707106781186546,0.0));
#5522=DIRECTION('',(0.0,0.0,-1.0));
#5523=ORIENTED_EDGE('',*,*,#6826,.F.);
#5524=ORIENTED_EDGE('',*,*,#6171,.T.);
#5525=ORIENTED_EDGE('',*,*,#6823,.F.);
#5526=ORIENTED_EDGE('',*,*,#6815,.T.);
#5527=ORIENTED_EDGE('',*,*,#6859,.F.);
#5528=ORIENTED_EDGE('',*,*,#6837,.F.);
#5529=CARTESIAN_POINT('',(-5.25,2.91,0.499999999999996));
#5530=DIRECTION('',(0.0,-1.0,0.0));
#5531=DIRECTION('',(0.0,0.0,-1.0));
#5532=ORIENTED_EDGE('',*,*,#6860,.F.);
#5533=ORIENTED_EDGE('',*,*,#6838,.F.);
#5534=ORIENTED_EDGE('',*,*,#6859,.T.);
#5535=ORIENTED_EDGE('',*,*,#6814,.T.);
#5536=CARTESIAN_POINT('',(-5.9,2.91,0.499999999999996));
#5537=DIRECTION('',(0.707106781186548,-0.707106781186548,0.0));
#5538=DIRECTION('',(0.0,0.0,-1.0));
#5539=ORIENTED_EDGE('',*,*,#6858,.F.);
#5540=ORIENTED_EDGE('',*,*,#6828,.F.);
#5541=ORIENTED_EDGE('',*,*,#6860,.T.);
#5542=ORIENTED_EDGE('',*,*,#6813,.T.);
#5543=CARTESIAN_POINT('',(-6.01,2.8,0.499999999999996));
#5544=DIRECTION('',(0.0,-1.0,0.0));
#5545=DIRECTION('',(0.0,0.0,-1.0));
#5546=ORIENTED_EDGE('',*,*,#6151,.F.);
#5547=ORIENTED_EDGE('',*,*,#6861,.F.);
#5548=ORIENTED_EDGE('',*,*,#6862,.F.);
#5549=ORIENTED_EDGE('',*,*,#6863,.T.);
#5550=CARTESIAN_POINT('',(5.68,2.3,0.399999999999997));
#5551=DIRECTION('',(0.0,-1.0,0.0));
#5552=DIRECTION('',(0.0,0.0,1.0));
#5553=ORIENTED_EDGE('',*,*,#6153,.F.);
#5554=ORIENTED_EDGE('',*,*,#6864,.T.);
#5555=ORIENTED_EDGE('',*,*,#6865,.T.);
#5556=ORIENTED_EDGE('',*,*,#6866,.F.);
#5557=CARTESIAN_POINT('',(5.68,2.3,0.399999999999997));
#5558=DIRECTION('',(0.0,-1.0,0.0));
#5559=DIRECTION('',(0.0,0.0,1.0));
#5560=ORIENTED_EDGE('',*,*,#6861,.T.);
#5561=ORIENTED_EDGE('',*,*,#6150,.T.);
#5562=ORIENTED_EDGE('',*,*,#6866,.T.);
#5563=ORIENTED_EDGE('',*,*,#6867,.T.);
#5564=ORIENTED_EDGE('',*,*,#6868,.F.);
#5565=ORIENTED_EDGE('',*,*,#6869,.T.);
#5566=CARTESIAN_POINT('',(5.9,3.69,0.499999999999996));
#5567=DIRECTION('',(0.0,-1.0,0.0));
#5568=DIRECTION('',(0.0,0.0,-1.0));
#5569=ORIENTED_EDGE('',*,*,#6152,.F.);
#5570=ORIENTED_EDGE('',*,*,#6863,.F.);
#5571=ORIENTED_EDGE('',*,*,#6870,.F.);
#5572=ORIENTED_EDGE('',*,*,#6871,.T.);
#5573=ORIENTED_EDGE('',*,*,#6872,.F.);
#5574=ORIENTED_EDGE('',*,*,#6864,.F.);
#5575=CARTESIAN_POINT('',(5.9,2.91,0.499999999999996));
#5576=DIRECTION('',(0.0,-1.0,0.0));
#5577=DIRECTION('',(0.0,0.0,-1.0));
#5578=ORIENTED_EDGE('',*,*,#6865,.F.);
#5579=ORIENTED_EDGE('',*,*,#6872,.T.);
#5580=ORIENTED_EDGE('',*,*,#6873,.T.);
#5581=ORIENTED_EDGE('',*,*,#6874,.T.);
#5582=ORIENTED_EDGE('',*,*,#6875,.T.);
#5583=ORIENTED_EDGE('',*,*,#6876,.T.);
#5584=ORIENTED_EDGE('',*,*,#6877,.T.);
#5585=ORIENTED_EDGE('',*,*,#6878,.F.);
#5586=ORIENTED_EDGE('',*,*,#6879,.F.);
#5587=ORIENTED_EDGE('',*,*,#6880,.F.);
#5588=ORIENTED_EDGE('',*,*,#6881,.F.);
#5589=ORIENTED_EDGE('',*,*,#6867,.F.);
#5590=CARTESIAN_POINT('',(5.68,2.3,0.249999999999996));
#5591=DIRECTION('',(-1.5713074963558E-16,0.0,1.0));
#5592=DIRECTION('',(1.0,-0.0,1.5713074963558E-16));
#5593=ORIENTED_EDGE('',*,*,#6882,.T.);
#5594=ORIENTED_EDGE('',*,*,#6870,.T.);
#5595=ORIENTED_EDGE('',*,*,#6862,.T.);
#5596=ORIENTED_EDGE('',*,*,#6869,.F.);
#5597=ORIENTED_EDGE('',*,*,#6883,.F.);
#5598=ORIENTED_EDGE('',*,*,#6884,.F.);
#5599=ORIENTED_EDGE('',*,*,#6885,.F.);
#5600=ORIENTED_EDGE('',*,*,#6886,.F.);
#5601=ORIENTED_EDGE('',*,*,#6887,.F.);
#5602=ORIENTED_EDGE('',*,*,#6888,.T.);
#5603=ORIENTED_EDGE('',*,*,#6889,.T.);
#5604=ORIENTED_EDGE('',*,*,#6890,.T.);
#5605=CARTESIAN_POINT('',(7.75,2.3,-3.27515792264421E-15));
#5606=DIRECTION('',(1.34084906355695E-16,0.0,-1.0));
#5607=DIRECTION('',(0.0,-1.0,0.0));
#5608=ORIENTED_EDGE('',*,*,#6876,.F.);
#5609=ORIENTED_EDGE('',*,*,#6891,.T.);
#5610=ORIENTED_EDGE('',*,*,#6888,.F.);
#5611=ORIENTED_EDGE('',*,*,#6892,.F.);
#5612=ORIENTED_EDGE('',*,*,#6893,.F.);
#5613=ORIENTED_EDGE('',*,*,#6894,.F.);
#5614=ORIENTED_EDGE('',*,*,#6895,.F.);
#5615=ORIENTED_EDGE('',*,*,#6896,.F.);
#5616=CARTESIAN_POINT('',(7.75,2.3,0.399999999999998));
#5617=DIRECTION('',(0.0,-1.0,0.0));
#5618=DIRECTION('',(0.0,0.0,-1.0));
#5619=ORIENTED_EDGE('',*,*,#6897,.F.);
#5620=ORIENTED_EDGE('',*,*,#6878,.T.);
#5621=ORIENTED_EDGE('',*,*,#6898,.T.);
#5622=ORIENTED_EDGE('',*,*,#6899,.T.);
#5623=ORIENTED_EDGE('',*,*,#6900,.T.);
#5624=ORIENTED_EDGE('',*,*,#6901,.T.);
#5625=ORIENTED_EDGE('',*,*,#6902,.T.);
#5626=ORIENTED_EDGE('',*,*,#6886,.T.);
#5627=CARTESIAN_POINT('',(7.75,4.3,0.399999999999998));
#5628=DIRECTION('',(0.0,-1.0,0.0));
#5629=DIRECTION('',(0.0,0.0,-1.0));
#5630=ORIENTED_EDGE('',*,*,#6898,.F.);
#5631=ORIENTED_EDGE('',*,*,#6877,.F.);
#5632=ORIENTED_EDGE('',*,*,#6896,.T.);
#5633=ORIENTED_EDGE('',*,*,#6903,.T.);
#5634=CARTESIAN_POINT('',(7.75,2.3,0.399999999999998));
#5635=DIRECTION('',(0.0,-1.0,0.0));
#5636=DIRECTION('',(0.0,0.0,1.0));
#5637=ORIENTED_EDGE('',*,*,#6899,.F.);
#5638=ORIENTED_EDGE('',*,*,#6903,.F.);
#5639=ORIENTED_EDGE('',*,*,#6895,.T.);
#5640=ORIENTED_EDGE('',*,*,#6904,.T.);
#5641=CARTESIAN_POINT('',(7.9,2.3,0.399999999999997));
#5642=DIRECTION('',(-1.0,0.0,0.0));
#5643=DIRECTION('',(0.0,0.0,1.0));
#5644=ORIENTED_EDGE('',*,*,#6900,.F.);
#5645=ORIENTED_EDGE('',*,*,#6904,.F.);
#5646=ORIENTED_EDGE('',*,*,#6894,.T.);
#5647=ORIENTED_EDGE('',*,*,#6905,.T.);
#5648=CARTESIAN_POINT('',(7.9,2.3,2.0));
#5649=DIRECTION('',(0.0,0.0,1.0));
#5650=DIRECTION('',(1.0,0.0,0.0));
#5651=ORIENTED_EDGE('',*,*,#6901,.F.);
#5652=ORIENTED_EDGE('',*,*,#6905,.F.);
#5653=ORIENTED_EDGE('',*,*,#6893,.T.);
#5654=ORIENTED_EDGE('',*,*,#6906,.T.);
#5655=CARTESIAN_POINT('',(8.15,2.3,2.0));
#5656=DIRECTION('',(1.0,0.0,0.0));
#5657=DIRECTION('',(0.0,1.0,0.0));
#5658=ORIENTED_EDGE('',*,*,#6902,.F.);
#5659=ORIENTED_EDGE('',*,*,#6906,.F.);
#5660=ORIENTED_EDGE('',*,*,#6892,.T.);
#5661=ORIENTED_EDGE('',*,*,#6887,.T.);
#5662=CARTESIAN_POINT('',(7.75,2.3,0.399999999999997));
#5663=DIRECTION('',(0.0,-1.0,0.0));
#5664=DIRECTION('',(0.0,0.0,1.0));
#5665=ORIENTED_EDGE('',*,*,#6880,.T.);
#5666=ORIENTED_EDGE('',*,*,#6907,.F.);
#5667=ORIENTED_EDGE('',*,*,#6884,.T.);
#5668=ORIENTED_EDGE('',*,*,#6908,.T.);
#5669=CARTESIAN_POINT('',(6.85,3.8,0.499999999999996));
#5670=DIRECTION('',(0.0,-1.0,0.0));
#5671=DIRECTION('',(0.0,0.0,-1.0));
#5672=ORIENTED_EDGE('',*,*,#6881,.T.);
#5673=ORIENTED_EDGE('',*,*,#6908,.F.);
#5674=ORIENTED_EDGE('',*,*,#6883,.T.);
#5675=ORIENTED_EDGE('',*,*,#6868,.T.);
#5676=CARTESIAN_POINT('',(6.01,3.8,0.499999999999996));
#5677=DIRECTION('',(0.707106781186548,-0.707106781186548,0.0));
#5678=DIRECTION('',(0.0,0.0,-1.0));
#5679=ORIENTED_EDGE('',*,*,#6879,.T.);
#5680=ORIENTED_EDGE('',*,*,#6897,.T.);
#5681=ORIENTED_EDGE('',*,*,#6885,.T.);
#5682=ORIENTED_EDGE('',*,*,#6907,.T.);
#5683=CARTESIAN_POINT('',(7.35,4.3,0.499999999999996));
#5684=DIRECTION('',(0.707106781186548,-0.707106781186547,0.0));
#5685=DIRECTION('',(0.0,0.0,-1.0));
#5686=ORIENTED_EDGE('',*,*,#6909,.F.);
#5687=ORIENTED_EDGE('',*,*,#6890,.F.);
#5688=ORIENTED_EDGE('',*,*,#6910,.T.);
#5689=ORIENTED_EDGE('',*,*,#6874,.F.);
#5690=CARTESIAN_POINT('',(6.85,2.8,0.499999999999996));
#5691=DIRECTION('',(0.0,-1.0,0.0));
#5692=DIRECTION('',(0.0,0.0,-1.0));
#5693=ORIENTED_EDGE('',*,*,#6871,.F.);
#5694=ORIENTED_EDGE('',*,*,#6882,.F.);
#5695=ORIENTED_EDGE('',*,*,#6909,.T.);
#5696=ORIENTED_EDGE('',*,*,#6873,.F.);
#5697=CARTESIAN_POINT('',(6.01,2.8,0.499999999999996));
#5698=DIRECTION('',(-0.707106781186548,-0.707106781186548,0.0));
#5699=DIRECTION('',(-0.707106781186548,0.707106781186548,0.0));
#5700=ORIENTED_EDGE('',*,*,#6910,.F.);
#5701=ORIENTED_EDGE('',*,*,#6889,.F.);
#5702=ORIENTED_EDGE('',*,*,#6891,.F.);
#5703=ORIENTED_EDGE('',*,*,#6875,.F.);
#5704=CARTESIAN_POINT('',(7.35,2.3,0.499999999999996));
#5705=DIRECTION('',(-0.707106781186549,-0.707106781186546,0.0));
#5706=DIRECTION('',(-0.707106781186546,0.707106781186549,0.0));
#5707=COLOUR_RGB('',0.596063196659088,0.666666686534882,0.686259269714355);
#5708=EDGE_CURVE('',#6911,#6912,#6913,.T.);
#5709=EDGE_CURVE('',#6911,#6914,#6915,.T.);
#5710=EDGE_CURVE('',#6916,#6914,#6917,.T.);
#5711=EDGE_CURVE('',#6912,#6916,#6918,.T.);
#5712=EDGE_CURVE('',#6919,#6920,#6921,.T.);
#5713=EDGE_CURVE('',#6919,#6922,#6923,.T.);
#5714=EDGE_CURVE('',#6924,#6922,#6925,.T.);
#5715=EDGE_CURVE('',#6920,#6924,#6926,.T.);
#5716=EDGE_CURVE('',#6927,#6928,#6929,.T.);
#5717=EDGE_CURVE('',#6927,#6930,#6931,.T.);
#5718=EDGE_CURVE('',#6932,#6930,#6933,.T.);
#5719=EDGE_CURVE('',#6928,#6932,#6934,.T.);
#5720=EDGE_CURVE('',#6935,#6936,#6937,.T.);
#5721=EDGE_CURVE('',#6935,#6938,#6939,.T.);
#5722=EDGE_CURVE('',#6940,#6938,#6941,.T.);
#5723=EDGE_CURVE('',#6936,#6940,#6942,.T.);
#5724=EDGE_CURVE('',#6943,#6944,#6945,.T.);
#5725=EDGE_CURVE('',#6943,#6946,#6947,.T.);
#5726=EDGE_CURVE('',#6948,#6946,#6949,.T.);
#5727=EDGE_CURVE('',#6944,#6948,#6950,.T.);
#5728=EDGE_CURVE('',#6951,#6952,#6953,.T.);
#5729=EDGE_CURVE('',#6951,#6954,#6955,.T.);
#5730=EDGE_CURVE('',#6956,#6954,#6957,.T.);
#5731=EDGE_CURVE('',#6952,#6956,#6958,.T.);
#5732=EDGE_CURVE('',#6959,#6960,#6961,.T.);
#5733=EDGE_CURVE('',#6959,#6962,#6963,.T.);
#5734=EDGE_CURVE('',#6964,#6962,#6965,.T.);
#5735=EDGE_CURVE('',#6960,#6964,#6966,.T.);
#5736=EDGE_CURVE('',#6967,#6968,#6969,.T.);
#5737=EDGE_CURVE('',#6967,#6970,#6971,.T.);
#5738=EDGE_CURVE('',#6972,#6970,#6973,.T.);
#5739=EDGE_CURVE('',#6968,#6972,#6974,.T.);
#5740=EDGE_CURVE('',#6975,#6976,#6977,.T.);
#5741=EDGE_CURVE('',#6975,#6978,#6979,.T.);
#5742=EDGE_CURVE('',#6980,#6978,#6981,.T.);
#5743=EDGE_CURVE('',#6976,#6980,#6982,.T.);
#5744=EDGE_CURVE('',#6983,#6984,#6985,.T.);
#5745=EDGE_CURVE('',#6983,#6986,#6987,.T.);
#5746=EDGE_CURVE('',#6988,#6986,#6989,.T.);
#5747=EDGE_CURVE('',#6984,#6988,#6990,.T.);
#5748=EDGE_CURVE('',#6991,#6992,#6993,.T.);
#5749=EDGE_CURVE('',#6991,#6994,#6995,.T.);
#5750=EDGE_CURVE('',#6996,#6994,#6997,.T.);
#5751=EDGE_CURVE('',#6992,#6996,#6998,.T.);
#5752=EDGE_CURVE('',#6999,#7000,#7001,.T.);
#5753=EDGE_CURVE('',#6999,#7002,#7003,.T.);
#5754=EDGE_CURVE('',#7002,#7004,#7005,.T.);
#5755=EDGE_CURVE('',#7000,#7004,#7006,.T.);
#5756=EDGE_CURVE('',#7007,#7008,#7009,.T.);
#5757=EDGE_CURVE('',#7010,#7007,#7011,.T.);
#5758=EDGE_CURVE('',#7012,#7010,#7013,.T.);
#5759=EDGE_CURVE('',#7014,#7012,#7015,.T.);
#5760=EDGE_CURVE('',#7014,#7016,#7017,.T.);
#5761=EDGE_CURVE('',#7018,#7016,#7019,.T.);
#5762=EDGE_CURVE('',#7020,#7018,#7021,.T.);
#5763=EDGE_CURVE('',#7022,#7020,#7023,.T.);
#5764=EDGE_CURVE('',#7024,#7022,#7025,.T.);
#5765=EDGE_CURVE('',#7008,#7024,#7026,.T.);
#5766=EDGE_CURVE('',#7027,#7028,#7029,.T.);
#5767=EDGE_CURVE('',#7030,#7027,#7031,.T.);
#5768=EDGE_CURVE('',#7032,#7030,#7033,.T.);
#5769=EDGE_CURVE('',#7028,#7032,#7034,.T.);
#5770=EDGE_CURVE('',#7035,#7036,#7037,.T.);
#5771=EDGE_CURVE('',#7036,#7038,#7039,.T.);
#5772=EDGE_CURVE('',#7038,#7040,#7041,.T.);
#5773=EDGE_CURVE('',#7040,#7042,#7043,.T.);
#5774=EDGE_CURVE('',#7042,#7044,#7045,.T.);
#5775=EDGE_CURVE('',#7044,#7046,#7047,.T.);
#5776=EDGE_CURVE('',#7046,#7048,#7049,.T.);
#5777=EDGE_CURVE('',#7050,#7048,#7051,.T.);
#5778=EDGE_CURVE('',#7050,#7052,#7053,.T.);
#5779=EDGE_CURVE('',#7052,#7035,#7054,.T.);
#5780=EDGE_CURVE('',#7055,#7056,#7057,.T.);
#5781=EDGE_CURVE('',#7058,#7055,#7059,.T.);
#5782=EDGE_CURVE('',#7058,#7060,#7061,.T.);
#5783=EDGE_CURVE('',#7062,#7060,#7063,.T.);
#5784=EDGE_CURVE('',#7064,#7062,#7065,.T.);
#5785=EDGE_CURVE('',#7066,#7064,#7067,.T.);
#5786=EDGE_CURVE('',#7068,#7066,#7069,.T.);
#5787=EDGE_CURVE('',#7070,#7068,#7071,.T.);
#5788=EDGE_CURVE('',#7032,#7070,#7072,.T.);
#5789=EDGE_CURVE('',#7073,#7030,#7074,.T.);
#5790=EDGE_CURVE('',#7075,#7073,#7076,.T.);
#5791=EDGE_CURVE('',#7075,#7077,#7078,.T.);
#5792=EDGE_CURVE('',#7077,#7079,#7080,.T.);
#5793=EDGE_CURVE('',#7081,#7079,#7082,.T.);
#5794=EDGE_CURVE('',#7083,#7081,#7084,.T.);
#5795=EDGE_CURVE('',#7085,#7083,#7086,.T.);
#5796=EDGE_CURVE('',#7087,#7085,#7088,.T.);
#5797=EDGE_CURVE('',#7087,#7089,#7090,.T.);
#5798=EDGE_CURVE('',#7089,#7091,#7092,.T.);
#5799=EDGE_CURVE('',#7093,#7091,#7094,.T.);
#5800=EDGE_CURVE('',#7095,#7093,#7096,.T.);
#5801=EDGE_CURVE('',#7097,#7095,#7098,.T.);
#5802=EDGE_CURVE('',#7099,#7097,#7100,.T.);
#5803=EDGE_CURVE('',#7101,#7099,#7102,.T.);
#5804=EDGE_CURVE('',#7101,#7103,#7104,.T.);
#5805=EDGE_CURVE('',#7103,#7105,#7106,.T.);
#5806=EDGE_CURVE('',#7107,#7105,#7108,.T.);
#5807=EDGE_CURVE('',#7109,#7107,#7110,.T.);
#5808=EDGE_CURVE('',#7111,#7109,#7112,.T.);
#5809=EDGE_CURVE('',#7113,#7111,#7114,.T.);
#5810=EDGE_CURVE('',#7056,#7113,#7115,.T.);
#5811=EDGE_CURVE('',#7116,#7117,#7118,.T.);
#5812=EDGE_CURVE('',#7116,#7119,#7120,.T.);
#5813=EDGE_CURVE('',#7121,#7119,#7122,.T.);
#5814=EDGE_CURVE('',#7111,#7121,#7123,.T.);
#5815=EDGE_CURVE('',#7109,#7124,#7125,.T.);
#5816=EDGE_CURVE('',#7126,#7124,#7127,.T.);
#5817=EDGE_CURVE('',#7126,#7128,#7129,.T.);
#5818=EDGE_CURVE('',#7128,#7130,#7131,.T.);
#5819=EDGE_CURVE('',#7130,#7117,#7132,.T.);
#5820=EDGE_CURVE('',#7133,#7134,#7135,.T.);
#5821=EDGE_CURVE('',#7134,#7136,#7137,.T.);
#5822=EDGE_CURVE('',#7138,#7136,#7139,.T.);
#5823=EDGE_CURVE('',#7140,#7138,#7141,.T.);
#5824=EDGE_CURVE('',#7140,#7142,#7143,.T.);
#5825=EDGE_CURVE('',#7142,#7144,#7145,.T.);
#5826=EDGE_CURVE('',#7099,#7144,#7146,.T.);
#5827=EDGE_CURVE('',#7097,#7147,#7148,.T.);
#5828=EDGE_CURVE('',#7133,#7147,#7149,.T.);
#5829=EDGE_CURVE('',#7150,#7151,#7152,.T.);
#5830=EDGE_CURVE('',#7150,#7075,#7153,.T.);
#5831=EDGE_CURVE('',#7073,#7151,#7154,.T.);
#5832=EDGE_CURVE('',#7155,#7156,#7157,.T.);
#5833=EDGE_CURVE('',#7158,#7156,#7159,.T.);
#5834=EDGE_CURVE('',#7160,#7158,#7161,.T.);
#5835=EDGE_CURVE('',#7162,#7160,#7163,.T.);
#5836=EDGE_CURVE('',#7164,#7162,#7165,.T.);
#5837=EDGE_CURVE('',#7164,#7166,#7167,.T.);
#5838=EDGE_CURVE('',#7040,#7166,#7168,.T.);
#5839=EDGE_CURVE('',#7151,#7038,#7169,.T.);
#5840=EDGE_CURVE('',#7027,#7008,#7170,.T.);
#5841=EDGE_CURVE('',#7024,#7171,#7172,.T.);
#5842=EDGE_CURVE('',#7173,#7171,#7174,.T.);
#5843=EDGE_CURVE('',#7175,#7173,#7176,.T.);
#5844=EDGE_CURVE('',#7177,#7175,#7178,.T.);
#5845=EDGE_CURVE('',#7179,#7177,#7180,.T.);
#5846=EDGE_CURVE('',#7181,#7179,#7182,.T.);
#5847=EDGE_CURVE('',#7183,#7181,#7184,.T.);
#5848=EDGE_CURVE('',#7183,#7185,#7186,.T.);
#5849=EDGE_CURVE('',#7187,#7185,#7188,.T.);
#5850=EDGE_CURVE('',#7189,#7187,#7190,.T.);
#5851=EDGE_CURVE('',#7191,#7189,#7192,.T.);
#5852=EDGE_CURVE('',#7191,#7193,#7194,.T.);
#5853=EDGE_CURVE('',#7195,#7193,#7196,.T.);
#5854=EDGE_CURVE('',#7197,#7195,#7198,.T.);
#5855=EDGE_CURVE('',#7199,#7197,#7200,.T.);
#5856=EDGE_CURVE('',#7199,#7201,#7202,.T.);
#5857=EDGE_CURVE('',#7203,#7201,#7204,.T.);
#5858=EDGE_CURVE('',#7205,#7203,#7206,.T.);
#5859=EDGE_CURVE('',#7207,#7205,#7208,.T.);
#5860=EDGE_CURVE('',#7207,#7209,#7210,.T.);
#5861=EDGE_CURVE('',#7211,#7209,#7212,.T.);
#5862=EDGE_CURVE('',#7211,#7213,#7214,.T.);
#5863=EDGE_CURVE('',#7213,#7215,#7216,.T.);
#5864=EDGE_CURVE('',#7217,#7215,#7218,.T.);
#5865=EDGE_CURVE('',#7219,#7217,#7220,.T.);
#5866=EDGE_CURVE('',#7219,#7221,#7222,.T.);
#5867=EDGE_CURVE('',#7221,#7223,#7224,.T.);
#5868=EDGE_CURVE('',#7225,#7223,#7226,.T.);
#5869=EDGE_CURVE('',#7227,#7225,#7228,.T.);
#5870=EDGE_CURVE('',#7227,#7229,#7230,.T.);
#5871=EDGE_CURVE('',#7229,#7231,#7232,.T.);
#5872=EDGE_CURVE('',#7233,#7231,#7234,.T.);
#5873=EDGE_CURVE('',#7235,#7233,#7236,.T.);
#5874=EDGE_CURVE('',#7235,#7237,#7238,.T.);
#5875=EDGE_CURVE('',#7237,#7239,#7240,.T.);
#5876=EDGE_CURVE('',#7241,#7239,#7242,.T.);
#5877=EDGE_CURVE('',#7243,#7241,#7244,.T.);
#5878=EDGE_CURVE('',#7243,#7245,#7246,.T.);
#5879=EDGE_CURVE('',#7245,#7247,#7248,.T.);
#5880=EDGE_CURVE('',#7249,#7247,#7250,.T.);
#5881=EDGE_CURVE('',#7251,#7249,#7252,.T.);
#5882=EDGE_CURVE('',#7251,#7155,#7253,.T.);
#5883=EDGE_CURVE('',#7254,#7158,#7255,.T.);
#5884=EDGE_CURVE('',#7254,#7256,#7257,.T.);
#5885=EDGE_CURVE('',#7256,#7251,#7258,.T.);
#5886=EDGE_CURVE('',#7259,#7249,#7260,.T.);
#5887=EDGE_CURVE('',#7259,#7261,#7262,.T.);
#5888=EDGE_CURVE('',#7261,#7243,#7263,.T.);
#5889=EDGE_CURVE('',#7264,#7241,#7265,.T.);
#5890=EDGE_CURVE('',#7264,#7266,#7267,.T.);
#5891=EDGE_CURVE('',#7266,#7235,#7268,.T.);
#5892=EDGE_CURVE('',#7269,#7233,#7270,.T.);
#5893=EDGE_CURVE('',#7269,#7271,#7272,.T.);
#5894=EDGE_CURVE('',#7271,#7227,#7273,.T.);
#5895=EDGE_CURVE('',#7274,#7225,#7275,.T.);
#5896=EDGE_CURVE('',#7274,#7276,#7277,.T.);
#5897=EDGE_CURVE('',#7276,#7219,#7278,.T.);
#5898=EDGE_CURVE('',#7279,#7217,#7280,.T.);
#5899=EDGE_CURVE('',#7279,#7281,#7282,.T.);
#5900=EDGE_CURVE('',#7281,#7211,#7283,.T.);
#5901=EDGE_CURVE('',#7209,#7284,#7285,.T.);
#5902=EDGE_CURVE('',#7286,#7284,#7287,.T.);
#5903=EDGE_CURVE('',#7203,#7286,#7288,.T.);
#5904=EDGE_CURVE('',#7201,#7289,#7290,.T.);
#5905=EDGE_CURVE('',#7291,#7289,#7292,.T.);
#5906=EDGE_CURVE('',#7195,#7291,#7293,.T.);
#5907=EDGE_CURVE('',#7193,#7294,#7295,.T.);
#5908=EDGE_CURVE('',#7296,#7294,#7297,.T.);
#5909=EDGE_CURVE('',#7187,#7296,#7298,.T.);
#5910=EDGE_CURVE('',#7185,#7299,#7300,.T.);
#5911=EDGE_CURVE('',#7301,#7299,#7302,.T.);
#5912=EDGE_CURVE('',#7179,#7301,#7303,.T.);
#5913=EDGE_CURVE('',#7177,#7304,#7305,.T.);
#5914=EDGE_CURVE('',#7306,#7304,#7307,.T.);
#5915=EDGE_CURVE('',#7160,#7306,#7308,.T.);
#5916=EDGE_CURVE('',#7309,#7310,#7311,.T.);
#5917=EDGE_CURVE('',#7309,#7312,#7313,.T.);
#5918=EDGE_CURVE('',#7312,#7117,#7314,.T.);
#5919=EDGE_CURVE('',#7130,#7315,#7316,.T.);
#5920=EDGE_CURVE('',#7315,#7317,#7318,.T.);
#5921=EDGE_CURVE('',#7317,#7124,#7319,.T.);
#5922=EDGE_CURVE('',#7107,#7101,#7320,.T.);
#5923=EDGE_CURVE('',#7144,#7321,#7322,.T.);
#5924=EDGE_CURVE('',#7321,#7323,#7324,.T.);
#5925=EDGE_CURVE('',#7323,#7138,#7325,.T.);
#5926=EDGE_CURVE('',#7136,#7326,#7327,.T.);
#5927=EDGE_CURVE('',#7326,#7310,#7328,.T.);
#5928=EDGE_CURVE('',#7147,#7329,#7330,.T.);
#5929=EDGE_CURVE('',#7095,#7329,#7331,.T.);
#5930=EDGE_CURVE('',#7329,#7332,#7333,.T.);
#5931=EDGE_CURVE('',#7093,#7083,#7334,.T.);
#5932=EDGE_CURVE('',#7081,#7332,#7335,.T.);
#5933=EDGE_CURVE('',#7306,#7336,#7337,.T.);
#5934=EDGE_CURVE('',#7338,#7304,#7339,.T.);
#5935=EDGE_CURVE('',#7340,#7338,#7341,.T.);
#5936=EDGE_CURVE('',#7340,#7068,#7342,.T.);
#5937=EDGE_CURVE('',#7066,#7343,#7344,.T.);
#5938=EDGE_CURVE('',#7332,#7343,#7345,.T.);
#5939=EDGE_CURVE('',#7346,#7079,#7347,.T.);
#5940=EDGE_CURVE('',#7336,#7346,#7348,.T.);
#5941=EDGE_CURVE('',#7343,#7349,#7350,.T.);
#5942=EDGE_CURVE('',#7064,#7056,#7351,.T.);
#5943=EDGE_CURVE('',#7113,#7349,#7352,.T.);
#5944=EDGE_CURVE('',#7353,#7354,#7355,.T.);
#5945=EDGE_CURVE('',#7356,#7353,#7357,.T.);
#5946=EDGE_CURVE('',#7354,#7356,#7358,.T.);
#5947=EDGE_CURVE('',#7349,#7121,#7359,.T.);
#5948=EDGE_CURVE('',#7119,#7360,#7361,.T.);
#5949=EDGE_CURVE('',#7360,#7309,#7362,.T.);
#5950=EDGE_CURVE('',#7363,#7310,#7364,.T.);
#5951=EDGE_CURVE('',#7363,#7133,#7365,.T.);
#5952=EDGE_CURVE('',#7173,#7340,#7366,.T.);
#5953=EDGE_CURVE('',#7338,#7175,#7367,.T.);
#5954=EDGE_CURVE('',#7336,#7162,#7368,.T.);
#5955=EDGE_CURVE('',#7164,#7346,#7369,.T.);
#5956=EDGE_CURVE('',#7370,#7077,#7371,.T.);
#5957=EDGE_CURVE('',#7166,#7370,#7372,.T.);
#5958=EDGE_CURVE('',#7373,#7370,#7374,.T.);
#5959=EDGE_CURVE('',#7375,#7373,#7376,.T.);
#5960=EDGE_CURVE('',#7375,#7042,#7377,.T.);
#5961=EDGE_CURVE('',#7036,#7150,#7378,.T.);
#5962=EDGE_CURVE('',#7035,#7379,#7380,.T.);
#5963=EDGE_CURVE('',#7379,#7000,#7381,.T.);
#5964=EDGE_CURVE('',#7004,#7048,#7382,.T.);
#5965=EDGE_CURVE('',#7046,#7383,#7384,.T.);
#5966=EDGE_CURVE('',#7383,#7373,#7385,.T.);
#5967=EDGE_CURVE('',#7044,#7386,#7387,.T.);
#5968=EDGE_CURVE('',#7386,#7383,#7388,.T.);
#5969=EDGE_CURVE('',#7386,#7375,#7389,.T.);
#5970=EDGE_CURVE('',#7052,#7390,#7391,.T.);
#5971=EDGE_CURVE('',#7390,#7379,#7392,.T.);
#5972=EDGE_CURVE('',#7390,#6999,#7393,.T.);
#5973=EDGE_CURVE('',#7002,#7050,#7394,.T.);
#5974=EDGE_CURVE('',#7171,#7395,#7396,.T.);
#5975=EDGE_CURVE('',#7395,#7070,#7397,.T.);
#5976=EDGE_CURVE('',#7398,#7022,#7399,.T.);
#5977=EDGE_CURVE('',#7398,#7400,#7401,.T.);
#5978=EDGE_CURVE('',#7400,#7395,#7402,.T.);
#5979=EDGE_CURVE('',#7403,#7400,#7404,.T.);
#5980=EDGE_CURVE('',#7018,#7403,#7405,.T.);
#5981=EDGE_CURVE('',#6994,#7016,#7406,.T.);
#5982=EDGE_CURVE('',#7407,#6991,#7408,.T.);
#5983=EDGE_CURVE('',#7010,#7407,#7409,.T.);
#5984=EDGE_CURVE('',#7007,#7028,#7410,.T.);
#5985=EDGE_CURVE('',#7411,#7403,#7412,.T.);
#5986=EDGE_CURVE('',#7020,#7411,#7413,.T.);
#5987=EDGE_CURVE('',#7411,#7398,#7414,.T.);
#5988=EDGE_CURVE('',#7415,#7407,#7416,.T.);
#5989=EDGE_CURVE('',#7012,#7415,#7417,.T.);
#5990=EDGE_CURVE('',#7415,#6992,#7418,.T.);
#5991=EDGE_CURVE('',#6996,#7014,#7419,.T.);
#5992=EDGE_CURVE('',#7420,#7323,#7421,.T.);
#5993=EDGE_CURVE('',#7420,#7140,#7422,.T.);
#5994=EDGE_CURVE('',#7423,#7420,#7424,.T.);
#5995=EDGE_CURVE('',#7142,#7423,#7425,.T.);
#5996=EDGE_CURVE('',#7423,#7321,#7426,.T.);
#5997=EDGE_CURVE('',#7427,#7363,#7428,.T.);
#5998=EDGE_CURVE('',#7134,#7427,#7429,.T.);
#5999=EDGE_CURVE('',#7427,#7326,#7430,.T.);
#6000=EDGE_CURVE('',#7431,#7315,#7432,.T.);
#6001=EDGE_CURVE('',#7128,#7431,#7433,.T.);
#6002=EDGE_CURVE('',#7431,#7434,#7435,.T.);
#6003=EDGE_CURVE('',#7434,#7126,#7436,.T.);
#6004=EDGE_CURVE('',#7434,#7317,#7437,.T.);
#6005=EDGE_CURVE('',#7360,#7438,#7439,.T.);
#6006=EDGE_CURVE('',#7438,#7116,#7440,.T.);
#6007=EDGE_CURVE('',#7438,#7312,#7441,.T.);
#6008=EDGE_CURVE('',#7354,#7442,#7443,.T.);
#6009=EDGE_CURVE('',#7442,#7444,#7445,.T.);
#6010=EDGE_CURVE('',#7353,#7444,#7446,.T.);
#6011=EDGE_CURVE('',#7356,#7447,#7448,.T.);
#6012=EDGE_CURVE('',#7447,#7442,#7449,.T.);
#6013=EDGE_CURVE('',#7444,#7447,#7450,.T.);
#6014=EDGE_CURVE('',#7451,#7027,#7452,.T.);
#6015=EDGE_CURVE('',#7451,#7453,#7454,.T.);
#6016=EDGE_CURVE('',#7008,#7453,#7455,.T.);
#6017=EDGE_CURVE('',#7456,#7107,#7457,.T.);
#6018=EDGE_CURVE('',#7456,#7458,#7459,.T.);
#6019=EDGE_CURVE('',#7458,#7101,#7460,.T.);
#6020=EDGE_CURVE('',#7461,#7064,#7462,.T.);
#6021=EDGE_CURVE('',#7463,#7461,#7464,.T.);
#6022=EDGE_CURVE('',#7463,#7465,#7466,.T.);
#6023=EDGE_CURVE('',#7465,#7467,#7468,.T.);
#6024=EDGE_CURVE('',#7056,#7467,#7469,.T.);
#6025=EDGE_CURVE('',#7470,#7093,#7471,.T.);
#6026=EDGE_CURVE('',#7472,#7470,#7473,.T.);
#6027=EDGE_CURVE('',#7472,#7474,#7475,.T.);
#6028=EDGE_CURVE('',#7474,#7476,#7477,.T.);
#6029=EDGE_CURVE('',#7083,#7476,#7478,.T.);
#6030=EDGE_CURVE('',#7479,#7036,#7480,.T.);
#6031=EDGE_CURVE('',#7481,#7150,#7482,.T.);
#6032=EDGE_CURVE('',#7481,#7479,#7483,.T.);
#6033=EDGE_CURVE('',#7151,#7484,#7485,.T.);
#6034=EDGE_CURVE('',#7038,#7486,#7487,.T.);
#6035=EDGE_CURVE('',#7484,#7486,#7488,.T.);
#6036=EDGE_CURVE('',#7156,#7489,#7490,.T.);
#6037=EDGE_CURVE('',#7155,#7491,#7492,.T.);
#6038=EDGE_CURVE('',#7489,#7491,#7493,.T.);
#6039=EDGE_CURVE('',#7183,#7494,#7495,.T.);
#6040=EDGE_CURVE('',#7181,#7496,#7497,.T.);
#6041=EDGE_CURVE('',#7494,#7496,#7498,.T.);
#6042=EDGE_CURVE('',#7191,#7499,#7500,.T.);
#6043=EDGE_CURVE('',#7189,#7501,#7502,.T.);
#6044=EDGE_CURVE('',#7499,#7501,#7503,.T.);
#6045=EDGE_CURVE('',#7199,#7504,#7505,.T.);
#6046=EDGE_CURVE('',#7197,#7506,#7507,.T.);
#6047=EDGE_CURVE('',#7504,#7506,#7508,.T.);
#6048=EDGE_CURVE('',#7207,#7509,#7510,.T.);
#6049=EDGE_CURVE('',#7205,#7511,#7512,.T.);
#6050=EDGE_CURVE('',#7509,#7511,#7513,.T.);
#6051=EDGE_CURVE('',#7215,#7514,#7515,.T.);
#6052=EDGE_CURVE('',#7213,#7516,#7517,.T.);
#6053=EDGE_CURVE('',#7514,#7516,#7518,.T.);
#6054=EDGE_CURVE('',#7223,#7519,#7520,.T.);
#6055=EDGE_CURVE('',#7221,#7521,#7522,.T.);
#6056=EDGE_CURVE('',#7519,#7521,#7523,.T.);
#6057=EDGE_CURVE('',#7231,#7524,#7525,.T.);
#6058=EDGE_CURVE('',#7229,#7526,#7527,.T.);
#6059=EDGE_CURVE('',#7524,#7526,#7528,.T.);
#6060=EDGE_CURVE('',#7239,#7529,#7530,.T.);
#6061=EDGE_CURVE('',#7237,#7531,#7532,.T.);
#6062=EDGE_CURVE('',#7529,#7531,#7533,.T.);
#6063=EDGE_CURVE('',#7247,#7534,#7535,.T.);
#6064=EDGE_CURVE('',#7245,#7536,#7537,.T.);
#6065=EDGE_CURVE('',#7534,#7536,#7538,.T.);
#6066=EDGE_CURVE('',#7489,#7539,#7540,.T.);
#6067=EDGE_CURVE('',#7539,#7541,#7542,.T.);
#6068=EDGE_CURVE('',#7541,#7254,#7543,.T.);
#6069=EDGE_CURVE('',#7544,#7256,#7545,.T.);
#6070=EDGE_CURVE('',#7546,#7544,#7547,.T.);
#6071=EDGE_CURVE('',#7491,#7546,#7548,.T.);
#6072=EDGE_CURVE('',#7544,#7541,#7549,.T.);
#6073=EDGE_CURVE('',#7494,#7550,#7551,.T.);
#6074=EDGE_CURVE('',#7550,#7552,#7553,.T.);
#6075=EDGE_CURVE('',#7552,#7299,#7554,.T.);
#6076=EDGE_CURVE('',#7555,#7301,#7556,.T.);
#6077=EDGE_CURVE('',#7557,#7555,#7558,.T.);
#6078=EDGE_CURVE('',#7496,#7557,#7559,.T.);
#6079=EDGE_CURVE('',#7555,#7552,#7560,.T.);
#6080=EDGE_CURVE('',#7499,#7561,#7562,.T.);
#6081=EDGE_CURVE('',#7561,#7563,#7564,.T.);
#6082=EDGE_CURVE('',#7563,#7294,#7565,.T.);
#6083=EDGE_CURVE('',#7566,#7296,#7567,.T.);
#6084=EDGE_CURVE('',#7568,#7566,#7569,.T.);
#6085=EDGE_CURVE('',#7501,#7568,#7570,.T.);
#6086=EDGE_CURVE('',#7566,#7563,#7571,.T.);
#6087=EDGE_CURVE('',#7504,#7572,#7573,.T.);
#6088=EDGE_CURVE('',#7572,#7574,#7575,.T.);
#6089=EDGE_CURVE('',#7574,#7289,#7576,.T.);
#6090=EDGE_CURVE('',#7577,#7291,#7578,.T.);
#6091=EDGE_CURVE('',#7579,#7577,#7580,.T.);
#6092=EDGE_CURVE('',#7506,#7579,#7581,.T.);
#6093=EDGE_CURVE('',#7577,#7574,#7582,.T.);
#6094=EDGE_CURVE('',#7509,#7583,#7584,.T.);
#6095=EDGE_CURVE('',#7583,#7585,#7586,.T.);
#6096=EDGE_CURVE('',#7585,#7284,#7587,.T.);
#6097=EDGE_CURVE('',#7588,#7286,#7589,.T.);
#6098=EDGE_CURVE('',#7590,#7588,#7591,.T.);
#6099=EDGE_CURVE('',#7511,#7590,#7592,.T.);
#6100=EDGE_CURVE('',#7588,#7585,#7593,.T.);
#6101=EDGE_CURVE('',#7514,#7594,#7595,.T.);
#6102=EDGE_CURVE('',#7594,#7596,#7597,.T.);
#6103=EDGE_CURVE('',#7596,#7279,#7598,.T.);
#6104=EDGE_CURVE('',#7599,#7281,#7600,.T.);
#6105=EDGE_CURVE('',#7601,#7599,#7602,.T.);
#6106=EDGE_CURVE('',#7516,#7601,#7603,.T.);
#6107=EDGE_CURVE('',#7599,#7596,#7604,.T.);
#6108=EDGE_CURVE('',#7519,#7605,#7606,.T.);
#6109=EDGE_CURVE('',#7605,#7607,#7608,.T.);
#6110=EDGE_CURVE('',#7607,#7274,#7609,.T.);
#6111=EDGE_CURVE('',#7610,#7276,#7611,.T.);
#6112=EDGE_CURVE('',#7612,#7610,#7613,.T.);
#6113=EDGE_CURVE('',#7521,#7612,#7614,.T.);
#6114=EDGE_CURVE('',#7610,#7607,#7615,.T.);
#6115=EDGE_CURVE('',#7524,#7616,#7617,.T.);
#6116=EDGE_CURVE('',#7616,#7618,#7619,.T.);
#6117=EDGE_CURVE('',#7618,#7269,#7620,.T.);
#6118=EDGE_CURVE('',#7621,#7271,#7622,.T.);
#6119=EDGE_CURVE('',#7623,#7621,#7624,.T.);
#6120=EDGE_CURVE('',#7526,#7623,#7625,.T.);
#6121=EDGE_CURVE('',#7621,#7618,#7626,.T.);
#6122=EDGE_CURVE('',#7529,#7627,#7628,.T.);
#6123=EDGE_CURVE('',#7627,#7629,#7630,.T.);
#6124=EDGE_CURVE('',#7629,#7264,#7631,.T.);
#6125=EDGE_CURVE('',#7632,#7266,#7633,.T.);
#6126=EDGE_CURVE('',#7634,#7632,#7635,.T.);
#6127=EDGE_CURVE('',#7531,#7634,#7636,.T.);
#6128=EDGE_CURVE('',#7632,#7629,#7637,.T.);
#6129=EDGE_CURVE('',#7534,#7638,#7639,.T.);
#6130=EDGE_CURVE('',#7638,#7640,#7641,.T.);
#6131=EDGE_CURVE('',#7640,#7259,#7642,.T.);
#6132=EDGE_CURVE('',#7643,#7261,#7644,.T.);
#6133=EDGE_CURVE('',#7645,#7643,#7646,.T.);
#6134=EDGE_CURVE('',#7536,#7645,#7647,.T.);
#6135=EDGE_CURVE('',#7643,#7640,#7648,.T.);
#6136=EDGE_CURVE('',#7649,#7650,#7651,.T.);
#6137=EDGE_CURVE('',#7650,#7652,#7653,.T.);
#6138=EDGE_CURVE('',#7652,#7654,#7655,.T.);
#6139=EDGE_CURVE('',#7656,#7654,#7657,.T.);
#6140=EDGE_CURVE('',#7656,#7658,#7659,.T.);
#6141=EDGE_CURVE('',#7658,#7660,#7661,.T.);
#6142=EDGE_CURVE('',#7660,#7662,#7663,.T.);
#6143=EDGE_CURVE('',#7662,#7664,#7665,.T.);
#6144=EDGE_CURVE('',#7664,#7666,#7667,.T.);
#6145=EDGE_CURVE('',#7666,#7668,#7669,.T.);
#6146=EDGE_CURVE('',#7668,#7670,#7671,.T.);
#6147=EDGE_CURVE('',#7670,#7672,#7673,.T.);
#6148=EDGE_CURVE('',#7672,#7674,#7675,.T.);
#6149=EDGE_CURVE('',#7674,#7649,#7676,.T.);
#6150=EDGE_CURVE('',#7677,#7678,#7679,.T.);
#6151=EDGE_CURVE('',#7677,#7680,#7681,.T.);
#6152=EDGE_CURVE('',#7680,#7682,#7683,.T.);
#6153=EDGE_CURVE('',#7682,#7678,#7684,.T.);
#6154=EDGE_CURVE('',#7685,#7686,#7687,.T.);
#6155=EDGE_CURVE('',#7688,#7685,#7689,.T.);
#6156=EDGE_CURVE('',#7690,#7688,#7691,.T.);
#6157=EDGE_CURVE('',#7690,#7692,#7693,.T.);
#6158=EDGE_CURVE('',#7692,#7694,#7695,.T.);
#6159=EDGE_CURVE('',#7694,#7696,#7697,.T.);
#6160=EDGE_CURVE('',#7696,#7698,#7699,.T.);
#6161=EDGE_CURVE('',#7698,#7700,#7701,.T.);
#6162=EDGE_CURVE('',#7700,#7702,#7703,.T.);
#6163=EDGE_CURVE('',#7702,#7704,#7705,.T.);
#6164=EDGE_CURVE('',#7704,#7706,#7707,.T.);
#6165=EDGE_CURVE('',#7708,#7706,#7709,.T.);
#6166=EDGE_CURVE('',#7710,#7708,#7711,.T.);
#6167=EDGE_CURVE('',#7686,#7710,#7712,.T.);
#6168=EDGE_CURVE('',#7713,#7714,#7715,.T.);
#6169=EDGE_CURVE('',#7713,#7716,#7717,.T.);
#6170=EDGE_CURVE('',#7718,#7716,#7719,.T.);
#6171=EDGE_CURVE('',#7714,#7718,#7720,.T.);
#6172=EDGE_CURVE('',#7091,#7721,#7722,.T.);
#6173=EDGE_CURVE('',#7723,#7089,#7724,.T.);
#6174=EDGE_CURVE('',#7725,#7723,#7726,.T.);
#6175=EDGE_CURVE('',#7725,#7727,#7728,.T.);
#6176=EDGE_CURVE('',#7729,#7727,#7730,.T.);
#6177=EDGE_CURVE('',#7729,#7731,#7732,.T.);
#6178=EDGE_CURVE('',#7721,#7731,#7733,.T.);
#6179=EDGE_CURVE('',#7725,#7734,#7735,.T.);
#6180=EDGE_CURVE('',#7723,#7736,#7737,.T.);
#6181=EDGE_CURVE('',#7738,#7736,#7739,.T.);
#6182=EDGE_CURVE('',#7738,#7740,#7741,.T.);
#6183=EDGE_CURVE('',#7742,#7740,#7743,.T.);
#6184=EDGE_CURVE('',#7742,#7744,#7745,.T.);
#6185=EDGE_CURVE('',#7734,#7744,#7746,.T.);
#6186=EDGE_CURVE('',#7727,#7734,#7747,.T.);
#6187=EDGE_CURVE('',#7748,#7749,#7750,.T.);
#6188=EDGE_CURVE('',#7749,#7751,#7752,.T.);
#6189=EDGE_CURVE('',#7753,#7751,#7754,.T.);
#6190=EDGE_CURVE('',#7755,#7753,#7756,.T.);
#6191=EDGE_CURVE('',#7755,#7757,#7758,.T.);
#6192=EDGE_CURVE('',#7759,#7757,#7760,.T.);
#6193=EDGE_CURVE('',#7759,#7761,#7762,.T.);
#6194=EDGE_CURVE('',#7748,#7761,#7763,.T.);
#6195=EDGE_CURVE('',#7748,#7060,#7764,.T.);
#6196=EDGE_CURVE('',#7761,#7765,#7766,.T.);
#6197=EDGE_CURVE('',#7767,#7765,#7768,.T.);
#6198=EDGE_CURVE('',#7767,#7062,#7769,.T.);
#6199=EDGE_CURVE('',#7770,#7771,#7772,.T.);
#6200=EDGE_CURVE('',#7770,#7773,#7774,.T.);
#6201=EDGE_CURVE('',#7775,#7773,#7776,.T.);
#6202=EDGE_CURVE('',#7771,#7775,#7777,.T.);
#6203=EDGE_CURVE('',#7778,#7779,#7780,.T.);
#6204=EDGE_CURVE('',#7778,#7781,#7782,.T.);
#6205=EDGE_CURVE('',#7783,#7781,#7784,.T.);
#6206=EDGE_CURVE('',#7779,#7783,#7785,.T.);
#6207=EDGE_CURVE('',#7786,#7787,#7788,.T.);
#6208=EDGE_CURVE('',#7786,#7789,#7790,.T.);
#6209=EDGE_CURVE('',#7791,#7789,#7792,.T.);
#6210=EDGE_CURVE('',#7787,#7791,#7793,.T.);
#6211=EDGE_CURVE('',#7794,#7795,#7796,.T.);
#6212=EDGE_CURVE('',#7794,#7797,#7798,.T.);
#6213=EDGE_CURVE('',#7799,#7797,#7800,.T.);
#6214=EDGE_CURVE('',#7795,#7799,#7801,.T.);
#6215=EDGE_CURVE('',#7802,#7803,#7804,.T.);
#6216=EDGE_CURVE('',#7802,#7805,#7806,.T.);
#6217=EDGE_CURVE('',#7807,#7805,#7808,.T.);
#6218=EDGE_CURVE('',#7803,#7807,#7809,.T.);
#6219=EDGE_CURVE('',#7810,#7811,#7812,.T.);
#6220=EDGE_CURVE('',#7810,#7813,#7814,.T.);
#6221=EDGE_CURVE('',#7815,#7813,#7816,.T.);
#6222=EDGE_CURVE('',#7811,#7815,#7817,.T.);
#6223=EDGE_CURVE('',#7818,#7819,#7820,.T.);
#6224=EDGE_CURVE('',#7818,#7821,#7822,.T.);
#6225=EDGE_CURVE('',#7823,#7821,#7824,.T.);
#6226=EDGE_CURVE('',#7819,#7823,#7825,.T.);
#6227=EDGE_CURVE('',#7826,#7827,#7828,.T.);
#6228=EDGE_CURVE('',#7826,#7829,#7830,.T.);
#6229=EDGE_CURVE('',#7831,#7829,#7832,.T.);
#6230=EDGE_CURVE('',#7827,#7831,#7833,.T.);
#6231=EDGE_CURVE('',#7834,#7835,#7836,.T.);
#6232=EDGE_CURVE('',#7834,#7837,#7838,.T.);
#6233=EDGE_CURVE('',#7839,#7837,#7840,.T.);
#6234=EDGE_CURVE('',#7835,#7839,#7841,.T.);
#6235=EDGE_CURVE('',#7842,#7843,#7844,.T.);
#6236=EDGE_CURVE('',#7842,#7845,#7846,.T.);
#6237=EDGE_CURVE('',#7847,#7845,#7848,.T.);
#6238=EDGE_CURVE('',#7843,#7847,#7849,.T.);
#6239=EDGE_CURVE('',#7690,#7850,#7851,.T.);
#6240=EDGE_CURVE('',#7852,#7688,#7853,.T.);
#6241=EDGE_CURVE('',#7854,#7852,#7855,.T.);
#6242=EDGE_CURVE('',#7856,#7854,#7857,.T.);
#6243=EDGE_CURVE('',#7856,#7858,#7859,.T.);
#6244=EDGE_CURVE('',#7860,#7858,#7861,.T.);
#6245=EDGE_CURVE('',#7862,#7860,#7863,.T.);
#6246=EDGE_CURVE('',#7864,#7862,#7865,.T.);
#6247=EDGE_CURVE('',#7866,#7864,#7867,.T.);
#6248=EDGE_CURVE('',#7866,#7868,#7869,.T.);
#6249=EDGE_CURVE('',#7868,#7870,#7871,.T.);
#6250=EDGE_CURVE('',#7649,#7870,#7872,.T.);
#6251=EDGE_CURVE('',#7674,#7873,#7874,.T.);
#6252=EDGE_CURVE('',#7850,#7873,#7875,.T.);
#6253=EDGE_CURVE('',#7685,#7876,#7877,.T.);
#6254=EDGE_CURVE('',#7876,#7878,#7879,.T.);
#6255=EDGE_CURVE('',#7878,#7880,#7881,.T.);
#6256=EDGE_CURVE('',#7860,#7880,#7882,.T.);
#6257=EDGE_CURVE('',#7858,#7883,#7884,.T.);
#6258=EDGE_CURVE('',#7883,#7885,#7886,.T.);
#6259=EDGE_CURVE('',#7885,#7852,#7887,.T.);
#6260=EDGE_CURVE('',#7888,#7878,#7889,.T.);
#6261=EDGE_CURVE('',#7890,#7888,#7891,.T.);
#6262=EDGE_CURVE('',#7890,#7451,#7892,.T.);
#6263=EDGE_CURVE('',#7028,#7893,#7894,.T.);
#6264=EDGE_CURVE('',#7893,#7895,#7896,.T.);
#6265=EDGE_CURVE('',#7897,#7895,#7898,.T.);
#6266=EDGE_CURVE('',#7897,#7880,#7899,.T.);
#6267=EDGE_CURVE('',#7900,#7007,#7901,.T.);
#6268=EDGE_CURVE('',#7893,#7900,#7902,.T.);
#6269=EDGE_CURVE('',#7850,#7903,#7904,.T.);
#6270=EDGE_CURVE('',#7905,#7873,#7906,.T.);
#6271=EDGE_CURVE('',#7907,#7905,#7908,.T.);
#6272=EDGE_CURVE('',#7909,#7907,#7910,.T.);
#6273=EDGE_CURVE('',#7911,#7909,#7912,.T.);
#6274=EDGE_CURVE('',#7913,#7911,#7914,.T.);
#6275=EDGE_CURVE('',#7915,#7913,#7916,.T.);
#6276=EDGE_CURVE('',#7917,#7915,#7918,.T.);
#6277=EDGE_CURVE('',#7919,#7917,#7920,.T.);
#6278=EDGE_CURVE('',#7919,#7458,#7921,.T.);
#6279=EDGE_CURVE('',#7456,#7922,#7923,.T.);
#6280=EDGE_CURVE('',#7924,#7922,#7925,.T.);
#6281=EDGE_CURVE('',#7926,#7924,#7927,.T.);
#6282=EDGE_CURVE('',#7928,#7926,#7929,.T.);
#6283=EDGE_CURVE('',#7930,#7928,#7931,.T.);
#6284=EDGE_CURVE('',#7932,#7930,#7933,.T.);
#6285=EDGE_CURVE('',#7934,#7932,#7935,.T.);
#6286=EDGE_CURVE('',#7903,#7934,#7936,.T.);
#6287=EDGE_CURVE('',#7937,#7938,#7939,.T.);
#6288=EDGE_CURVE('',#7940,#7937,#7941,.T.);
#6289=EDGE_CURVE('',#7940,#7942,#7943,.T.);
#6290=EDGE_CURVE('',#7942,#7654,#7944,.T.);
#6291=EDGE_CURVE('',#7938,#7652,#7945,.T.);
#6292=EDGE_CURVE('',#7736,#7087,#7946,.T.);
#6293=EDGE_CURVE('',#7947,#7085,#7948,.T.);
#6294=EDGE_CURVE('',#7949,#7947,#7950,.T.);
#6295=EDGE_CURVE('',#7738,#7949,#7951,.T.);
#6296=EDGE_CURVE('',#7952,#7708,#7953,.T.);
#6297=EDGE_CURVE('',#7706,#7922,#7954,.T.);
#6298=EDGE_CURVE('',#7105,#7952,#7955,.T.);
#6299=EDGE_CURVE('',#7956,#7753,#7957,.T.);
#6300=EDGE_CURVE('',#7753,#7958,#7959,.T.);
#6301=EDGE_CURVE('',#7960,#7958,#7961,.T.);
#6302=EDGE_CURVE('',#7960,#7962,#7963,.T.);
#6303=EDGE_CURVE('',#7962,#7956,#7964,.T.);
#6304=EDGE_CURVE('',#7965,#7686,#7966,.T.);
#6305=EDGE_CURVE('',#7967,#7710,#7968,.T.);
#6306=EDGE_CURVE('',#7967,#7890,#7969,.T.);
#6307=EDGE_CURVE('',#7888,#7965,#7970,.T.);
#6308=EDGE_CURVE('',#7919,#7658,#7971,.T.);
#6309=EDGE_CURVE('',#7972,#7656,#7973,.T.);
#6310=EDGE_CURVE('',#7972,#7103,#7974,.T.);
#6311=EDGE_CURVE('',#7734,#7975,#7976,.T.);
#6312=EDGE_CURVE('',#7977,#7975,#7978,.T.);
#6313=EDGE_CURVE('',#7977,#7729,#7979,.T.);
#6314=EDGE_CURVE('',#7980,#7870,#7981,.T.);
#6315=EDGE_CURVE('',#7982,#7980,#7983,.T.);
#6316=EDGE_CURVE('',#7864,#7982,#7984,.T.);
#6317=EDGE_CURVE('',#7862,#7985,#7986,.T.);
#6318=EDGE_CURVE('',#7987,#7985,#7988,.T.);
#6319=EDGE_CURVE('',#7989,#7987,#7990,.T.);
#6320=EDGE_CURVE('',#7650,#7989,#7991,.T.);
#6321=EDGE_CURVE('',#7992,#7993,#7994,.T.);
#6322=EDGE_CURVE('',#7731,#7992,#7995,.T.);
#6323=EDGE_CURVE('',#7996,#7977,#7997,.T.);
#6324=EDGE_CURVE('',#7985,#7996,#7998,.T.);
#6325=EDGE_CURVE('',#7962,#7897,#7999,.T.);
#6326=EDGE_CURVE('',#8000,#7960,#8001,.T.);
#6327=EDGE_CURVE('',#8002,#8000,#8003,.T.);
#6328=EDGE_CURVE('',#8002,#8004,#8005,.T.);
#6329=EDGE_CURVE('',#7993,#8004,#8006,.T.);
#6330=EDGE_CURVE('',#8004,#8007,#8008,.T.);
#6331=EDGE_CURVE('',#8009,#8007,#8010,.T.);
#6332=EDGE_CURVE('',#7993,#8009,#8011,.T.);
#6333=EDGE_CURVE('',#8007,#8012,#8013,.T.);
#6334=EDGE_CURVE('',#8014,#8012,#8015,.T.);
#6335=EDGE_CURVE('',#8009,#8014,#8016,.T.);
#6336=EDGE_CURVE('',#8017,#8018,#8019,.T.);
#6337=EDGE_CURVE('',#8017,#8020,#8021,.T.);
#6338=EDGE_CURVE('',#8022,#8020,#8023,.T.);
#6339=EDGE_CURVE('',#8018,#8022,#8024,.T.);
#6340=EDGE_CURVE('',#8025,#8026,#8027,.T.);
#6341=EDGE_CURVE('',#8025,#8028,#8029,.T.);
#6342=EDGE_CURVE('',#8030,#8028,#8031,.T.);
#6343=EDGE_CURVE('',#8026,#8030,#8032,.T.);
#6344=EDGE_CURVE('',#8033,#8034,#8035,.T.);
#6345=EDGE_CURVE('',#8033,#8036,#8037,.T.);
#6346=EDGE_CURVE('',#8038,#8036,#8039,.T.);
#6347=EDGE_CURVE('',#8034,#8038,#8040,.T.);
#6348=EDGE_CURVE('',#8041,#8042,#8043,.T.);
#6349=EDGE_CURVE('',#8041,#8044,#8045,.T.);
#6350=EDGE_CURVE('',#8046,#8044,#8047,.T.);
#6351=EDGE_CURVE('',#8042,#8046,#8048,.T.);
#6352=EDGE_CURVE('',#8049,#8050,#8051,.T.);
#6353=EDGE_CURVE('',#8049,#8052,#8053,.T.);
#6354=EDGE_CURVE('',#8054,#8052,#8055,.T.);
#6355=EDGE_CURVE('',#8050,#8054,#8056,.T.);
#6356=EDGE_CURVE('',#8057,#8058,#8059,.T.);
#6357=EDGE_CURVE('',#8057,#8060,#8061,.T.);
#6358=EDGE_CURVE('',#8062,#8060,#8063,.T.);
#6359=EDGE_CURVE('',#8058,#8062,#8064,.T.);
#6360=EDGE_CURVE('',#8065,#8066,#8067,.T.);
#6361=EDGE_CURVE('',#8065,#8068,#8069,.T.);
#6362=EDGE_CURVE('',#8070,#8068,#8071,.T.);
#6363=EDGE_CURVE('',#8066,#8070,#8072,.T.);
#6364=EDGE_CURVE('',#8073,#8074,#8075,.T.);
#6365=EDGE_CURVE('',#8073,#8076,#8077,.T.);
#6366=EDGE_CURVE('',#8078,#8076,#8079,.T.);
#6367=EDGE_CURVE('',#8074,#8078,#8080,.T.);
#6368=EDGE_CURVE('',#8081,#8082,#8083,.T.);
#6369=EDGE_CURVE('',#8081,#8084,#8085,.T.);
#6370=EDGE_CURVE('',#8086,#8084,#8087,.T.);
#6371=EDGE_CURVE('',#8082,#8086,#8088,.T.);
#6372=EDGE_CURVE('',#8089,#8090,#8091,.T.);
#6373=EDGE_CURVE('',#8089,#8092,#8093,.T.);
#6374=EDGE_CURVE('',#8094,#8092,#8095,.T.);
#6375=EDGE_CURVE('',#8090,#8094,#8096,.T.);
#6376=EDGE_CURVE('',#8012,#7465,#8097,.T.);
#6377=EDGE_CURVE('',#8098,#7463,#8099,.T.);
#6378=EDGE_CURVE('',#8100,#8098,#8101,.T.);
#6379=EDGE_CURVE('',#8100,#7474,#8102,.T.);
#6380=EDGE_CURVE('',#8014,#7472,#8103,.T.);
#6381=EDGE_CURVE('',#8104,#7470,#8105,.T.);
#6382=EDGE_CURVE('',#8104,#7992,#8106,.T.);
#6383=EDGE_CURVE('',#8107,#8002,#8108,.T.);
#6384=EDGE_CURVE('',#7467,#8107,#8109,.T.);
#6385=EDGE_CURVE('',#7627,#7645,#8110,.T.);
#6386=EDGE_CURVE('',#7616,#7634,#8111,.T.);
#6387=EDGE_CURVE('',#7605,#7623,#8112,.T.);
#6388=EDGE_CURVE('',#7594,#7612,#8113,.T.);
#6389=EDGE_CURVE('',#7583,#7601,#8114,.T.);
#6390=EDGE_CURVE('',#7572,#7590,#8115,.T.);
#6391=EDGE_CURVE('',#7561,#7579,#8116,.T.);
#6392=EDGE_CURVE('',#7550,#7568,#8117,.T.);
#6393=EDGE_CURVE('',#8118,#7557,#8119,.T.);
#6394=EDGE_CURVE('',#8118,#8120,#8121,.T.);
#6395=EDGE_CURVE('',#7765,#8120,#8122,.T.);
#6396=EDGE_CURVE('',#7952,#7759,#8123,.T.);
#6397=EDGE_CURVE('',#7740,#7972,#8124,.T.);
#6398=EDGE_CURVE('',#8125,#7949,#8126,.T.);
#6399=EDGE_CURVE('',#8127,#8125,#8128,.T.);
#6400=EDGE_CURVE('',#7539,#8127,#8129,.T.);
#6401=EDGE_CURVE('',#7638,#7546,#8130,.T.);
#6402=EDGE_CURVE('',#8131,#8127,#8132,.T.);
#6403=EDGE_CURVE('',#8133,#8131,#8134,.T.);
#6404=EDGE_CURVE('',#8133,#8118,#8135,.T.);
#6405=EDGE_CURVE('',#8098,#8133,#8136,.T.);
#6406=EDGE_CURVE('',#8100,#8131,#8137,.T.);
#6407=EDGE_CURVE('',#8138,#8125,#8139,.T.);
#6408=EDGE_CURVE('',#8138,#7476,#8140,.T.);
#6409=EDGE_CURVE('',#8120,#8141,#8142,.T.);
#6410=EDGE_CURVE('',#8141,#7461,#8143,.T.);
#6411=EDGE_CURVE('',#8144,#7055,#8145,.T.);
#6412=EDGE_CURVE('',#8144,#8000,#8146,.T.);
#6413=EDGE_CURVE('',#7958,#7751,#8147,.T.);
#6414=EDGE_CURVE('',#7749,#7058,#8148,.T.);
#6415=EDGE_CURVE('',#7759,#7967,#8149,.T.);
#6416=EDGE_CURVE('',#7895,#7956,#8150,.T.);
#6417=EDGE_CURVE('',#7937,#7987,#8151,.T.);
#6418=EDGE_CURVE('',#7996,#8152,#8153,.T.);
#6419=EDGE_CURVE('',#8152,#7481,#8154,.T.);
#6420=EDGE_CURVE('',#7484,#7940,#8155,.T.);
#6421=EDGE_CURVE('',#7975,#8152,#8156,.T.);
#6422=EDGE_CURVE('',#7942,#7740,#8157,.T.);
#6423=EDGE_CURVE('',#7486,#7980,#8158,.T.);
#6424=EDGE_CURVE('',#7868,#7742,#8159,.T.);
#6425=EDGE_CURVE('',#7866,#7744,#8160,.T.);
#6426=EDGE_CURVE('',#7982,#7479,#8161,.T.);
#6427=EDGE_CURVE('',#7854,#7757,#8162,.T.);
#6428=EDGE_CURVE('',#7453,#7885,#8163,.T.);
#6429=EDGE_CURVE('',#7900,#7883,#8164,.T.);
#6430=EDGE_CURVE('',#7755,#7856,#8165,.T.);
#6431=EDGE_CURVE('',#7767,#8141,#8166,.T.);
#6432=EDGE_CURVE('',#8138,#7947,#8167,.T.);
#6433=EDGE_CURVE('',#7989,#7938,#8168,.T.);
#6434=EDGE_CURVE('',#7876,#7965,#8169,.T.);
#6435=EDGE_CURVE('',#7917,#7660,#8170,.T.);
#6436=EDGE_CURVE('',#7907,#7670,#8171,.T.);
#6437=EDGE_CURVE('',#7905,#7672,#8172,.T.);
#6438=EDGE_CURVE('',#7915,#7662,#8173,.T.);
#6439=EDGE_CURVE('',#7913,#7664,#8174,.T.);
#6440=EDGE_CURVE('',#7909,#7668,#8175,.T.);
#6441=EDGE_CURVE('',#7911,#7666,#8176,.T.);
#6442=EDGE_CURVE('',#7924,#7704,#8177,.T.);
#6443=EDGE_CURVE('',#7903,#7692,#8178,.T.);
#6444=EDGE_CURVE('',#7934,#7694,#8179,.T.);
#6445=EDGE_CURVE('',#7932,#7696,#8180,.T.);
#6446=EDGE_CURVE('',#7930,#7698,#8181,.T.);
#6447=EDGE_CURVE('',#7928,#7700,#8182,.T.);
#6448=EDGE_CURVE('',#7926,#7702,#8183,.T.);
#6449=EDGE_CURVE('',#8104,#7721,#8184,.T.);
#6450=EDGE_CURVE('',#8144,#8107,#8185,.T.);
#6451=EDGE_CURVE('',#8186,#6984,#8187,.T.);
#6452=EDGE_CURVE('',#8186,#8188,#8189,.T.);
#6453=EDGE_CURVE('',#8188,#6983,#8190,.T.);
#6454=EDGE_CURVE('',#6986,#8191,#8192,.T.);
#6455=EDGE_CURVE('',#8193,#8191,#8194,.T.);
#6456=EDGE_CURVE('',#6988,#8193,#8195,.T.);
#6457=EDGE_CURVE('',#8089,#8186,#8196,.T.);
#6458=EDGE_CURVE('',#8193,#8092,#8197,.T.);
#6459=EDGE_CURVE('',#8090,#8188,#8198,.T.);
#6460=EDGE_CURVE('',#8191,#8094,#8199,.T.);
#6461=EDGE_CURVE('',#7842,#8200,#8201,.T.);
#6462=EDGE_CURVE('',#7843,#8202,#8203,.T.);
#6463=EDGE_CURVE('',#8200,#8202,#8204,.T.);
#6464=EDGE_CURVE('',#8205,#7847,#8206,.T.);
#6465=EDGE_CURVE('',#8207,#7845,#8208,.T.);
#6466=EDGE_CURVE('',#8207,#8205,#8209,.T.);
#6467=EDGE_CURVE('',#8200,#8210,#8211,.T.);
#6468=EDGE_CURVE('',#8210,#8212,#8213,.T.);
#6469=EDGE_CURVE('',#8212,#8214,#8215,.T.);
#6470=EDGE_CURVE('',#8214,#8216,#8217,.T.);
#6471=EDGE_CURVE('',#8216,#8218,#8219,.T.);
#6472=EDGE_CURVE('',#8218,#8220,#8221,.T.);
#6473=EDGE_CURVE('',#8220,#8207,#8222,.T.);
#6474=EDGE_CURVE('',#8223,#8205,#8224,.T.);
#6475=EDGE_CURVE('',#8225,#8223,#8226,.T.);
#6476=EDGE_CURVE('',#8227,#8225,#8228,.T.);
#6477=EDGE_CURVE('',#8229,#8227,#8230,.T.);
#6478=EDGE_CURVE('',#8231,#8229,#8232,.T.);
#6479=EDGE_CURVE('',#8233,#8231,#8234,.T.);
#6480=EDGE_CURVE('',#8202,#8233,#8235,.T.);
#6481=EDGE_CURVE('',#8210,#8233,#8236,.T.);
#6482=EDGE_CURVE('',#8212,#8231,#8237,.T.);
#6483=EDGE_CURVE('',#8214,#8229,#8238,.T.);
#6484=EDGE_CURVE('',#8216,#8227,#8239,.T.);
#6485=EDGE_CURVE('',#8218,#8225,#8240,.T.);
#6486=EDGE_CURVE('',#8220,#8223,#8241,.T.);
#6487=EDGE_CURVE('',#8242,#6976,#8243,.T.);
#6488=EDGE_CURVE('',#8242,#8244,#8245,.T.);
#6489=EDGE_CURVE('',#8244,#6975,#8246,.T.);
#6490=EDGE_CURVE('',#6978,#8247,#8248,.T.);
#6491=EDGE_CURVE('',#8249,#8247,#8250,.T.);
#6492=EDGE_CURVE('',#6980,#8249,#8251,.T.);
#6493=EDGE_CURVE('',#8081,#8242,#8252,.T.);
#6494=EDGE_CURVE('',#8249,#8084,#8253,.T.);
#6495=EDGE_CURVE('',#8082,#8244,#8254,.T.);
#6496=EDGE_CURVE('',#8247,#8086,#8255,.T.);
#6497=EDGE_CURVE('',#8256,#6968,#8257,.T.);
#6498=EDGE_CURVE('',#8256,#8258,#8259,.T.);
#6499=EDGE_CURVE('',#8258,#6967,#8260,.T.);
#6500=EDGE_CURVE('',#6970,#8261,#8262,.T.);
#6501=EDGE_CURVE('',#8263,#8261,#8264,.T.);
#6502=EDGE_CURVE('',#6972,#8263,#8265,.T.);
#6503=EDGE_CURVE('',#8073,#8256,#8266,.T.);
#6504=EDGE_CURVE('',#8263,#8076,#8267,.T.);
#6505=EDGE_CURVE('',#8074,#8258,#8268,.T.);
#6506=EDGE_CURVE('',#8261,#8078,#8269,.T.);
#6507=EDGE_CURVE('',#8270,#6960,#8271,.T.);
#6508=EDGE_CURVE('',#8270,#8272,#8273,.T.);
#6509=EDGE_CURVE('',#8272,#6959,#8274,.T.);
#6510=EDGE_CURVE('',#6962,#8275,#8276,.T.);
#6511=EDGE_CURVE('',#8277,#8275,#8278,.T.);
#6512=EDGE_CURVE('',#6964,#8277,#8279,.T.);
#6513=EDGE_CURVE('',#8065,#8270,#8280,.T.);
#6514=EDGE_CURVE('',#8277,#8068,#8281,.T.);
#6515=EDGE_CURVE('',#8066,#8272,#8282,.T.);
#6516=EDGE_CURVE('',#8275,#8070,#8283,.T.);
#6517=EDGE_CURVE('',#8284,#6952,#8285,.T.);
#6518=EDGE_CURVE('',#8284,#8286,#8287,.T.);
#6519=EDGE_CURVE('',#8286,#6951,#8288,.T.);
#6520=EDGE_CURVE('',#6954,#8289,#8290,.T.);
#6521=EDGE_CURVE('',#8291,#8289,#8292,.T.);
#6522=EDGE_CURVE('',#6956,#8291,#8293,.T.);
#6523=EDGE_CURVE('',#8057,#8284,#8294,.T.);
#6524=EDGE_CURVE('',#8291,#8060,#8295,.T.);
#6525=EDGE_CURVE('',#8058,#8286,#8296,.T.);
#6526=EDGE_CURVE('',#8289,#8062,#8297,.T.);
#6527=EDGE_CURVE('',#8298,#6944,#8299,.T.);
#6528=EDGE_CURVE('',#8298,#8300,#8301,.T.);
#6529=EDGE_CURVE('',#8300,#6943,#8302,.T.);
#6530=EDGE_CURVE('',#6946,#8303,#8304,.T.);
#6531=EDGE_CURVE('',#8305,#8303,#8306,.T.);
#6532=EDGE_CURVE('',#6948,#8305,#8307,.T.);
#6533=EDGE_CURVE('',#8049,#8298,#8308,.T.);
#6534=EDGE_CURVE('',#8305,#8052,#8309,.T.);
#6535=EDGE_CURVE('',#8050,#8300,#8310,.T.);
#6536=EDGE_CURVE('',#8303,#8054,#8311,.T.);
#6537=EDGE_CURVE('',#8312,#6936,#8313,.T.);
#6538=EDGE_CURVE('',#8312,#8314,#8315,.T.);
#6539=EDGE_CURVE('',#8314,#6935,#8316,.T.);
#6540=EDGE_CURVE('',#6938,#8317,#8318,.T.);
#6541=EDGE_CURVE('',#8319,#8317,#8320,.T.);
#6542=EDGE_CURVE('',#6940,#8319,#8321,.T.);
#6543=EDGE_CURVE('',#8041,#8312,#8322,.T.);
#6544=EDGE_CURVE('',#8319,#8044,#8323,.T.);
#6545=EDGE_CURVE('',#8042,#8314,#8324,.T.);
#6546=EDGE_CURVE('',#8317,#8046,#8325,.T.);
#6547=EDGE_CURVE('',#8326,#6928,#8327,.T.);
#6548=EDGE_CURVE('',#8326,#8328,#8329,.T.);
#6549=EDGE_CURVE('',#8328,#6927,#8330,.T.);
#6550=EDGE_CURVE('',#6930,#8331,#8332,.T.);
#6551=EDGE_CURVE('',#8333,#8331,#8334,.T.);
#6552=EDGE_CURVE('',#6932,#8333,#8335,.T.);
#6553=EDGE_CURVE('',#8033,#8326,#8336,.T.);
#6554=EDGE_CURVE('',#8333,#8036,#8337,.T.);
#6555=EDGE_CURVE('',#8034,#8328,#8338,.T.);
#6556=EDGE_CURVE('',#8331,#8038,#8339,.T.);
#6557=EDGE_CURVE('',#8340,#6920,#8341,.T.);
#6558=EDGE_CURVE('',#8340,#8342,#8343,.T.);
#6559=EDGE_CURVE('',#8342,#6919,#8344,.T.);
#6560=EDGE_CURVE('',#6922,#8345,#8346,.T.);
#6561=EDGE_CURVE('',#8347,#8345,#8348,.T.);
#6562=EDGE_CURVE('',#6924,#8347,#8349,.T.);
#6563=EDGE_CURVE('',#8025,#8340,#8350,.T.);
#6564=EDGE_CURVE('',#8347,#8028,#8351,.T.);
#6565=EDGE_CURVE('',#8026,#8342,#8352,.T.);
#6566=EDGE_CURVE('',#8345,#8030,#8353,.T.);
#6567=EDGE_CURVE('',#8354,#6912,#8355,.T.);
#6568=EDGE_CURVE('',#8354,#8356,#8357,.T.);
#6569=EDGE_CURVE('',#8356,#6911,#8358,.T.);
#6570=EDGE_CURVE('',#6914,#8359,#8360,.T.);
#6571=EDGE_CURVE('',#8361,#8359,#8362,.T.);
#6572=EDGE_CURVE('',#6916,#8361,#8363,.T.);
#6573=EDGE_CURVE('',#8017,#8354,#8364,.T.);
#6574=EDGE_CURVE('',#8361,#8020,#8365,.T.);
#6575=EDGE_CURVE('',#8018,#8356,#8366,.T.);
#6576=EDGE_CURVE('',#8359,#8022,#8367,.T.);
#6577=EDGE_CURVE('',#7834,#8368,#8369,.T.);
#6578=EDGE_CURVE('',#7835,#8370,#8371,.T.);
#6579=EDGE_CURVE('',#8368,#8370,#8372,.T.);
#6580=EDGE_CURVE('',#8373,#7839,#8374,.T.);
#6581=EDGE_CURVE('',#8375,#7837,#8376,.T.);
#6582=EDGE_CURVE('',#8375,#8373,#8377,.T.);
#6583=EDGE_CURVE('',#8368,#8378,#8379,.T.);
#6584=EDGE_CURVE('',#8378,#8380,#8381,.T.);
#6585=EDGE_CURVE('',#8380,#8382,#8383,.T.);
#6586=EDGE_CURVE('',#8382,#8384,#8385,.T.);
#6587=EDGE_CURVE('',#8384,#8386,#8387,.T.);
#6588=EDGE_CURVE('',#8386,#8388,#8389,.T.);
#6589=EDGE_CURVE('',#8388,#8375,#8390,.T.);
#6590=EDGE_CURVE('',#8391,#8373,#8392,.T.);
#6591=EDGE_CURVE('',#8393,#8391,#8394,.T.);
#6592=EDGE_CURVE('',#8395,#8393,#8396,.T.);
#6593=EDGE_CURVE('',#8397,#8395,#8398,.T.);
#6594=EDGE_CURVE('',#8399,#8397,#8400,.T.);
#6595=EDGE_CURVE('',#8401,#8399,#8402,.T.);
#6596=EDGE_CURVE('',#8370,#8401,#8403,.T.);
#6597=EDGE_CURVE('',#8378,#8401,#8404,.T.);
#6598=EDGE_CURVE('',#8380,#8399,#8405,.T.);
#6599=EDGE_CURVE('',#8382,#8397,#8406,.T.);
#6600=EDGE_CURVE('',#8384,#8395,#8407,.T.);
#6601=EDGE_CURVE('',#8386,#8393,#8408,.T.);
#6602=EDGE_CURVE('',#8388,#8391,#8409,.T.);
#6603=EDGE_CURVE('',#7826,#8410,#8411,.T.);
#6604=EDGE_CURVE('',#7827,#8412,#8413,.T.);
#6605=EDGE_CURVE('',#8410,#8412,#8414,.T.);
#6606=EDGE_CURVE('',#8415,#7831,#8416,.T.);
#6607=EDGE_CURVE('',#8417,#7829,#8418,.T.);
#6608=EDGE_CURVE('',#8417,#8415,#8419,.T.);
#6609=EDGE_CURVE('',#8410,#8420,#8421,.T.);
#6610=EDGE_CURVE('',#8420,#8422,#8423,.T.);
#6611=EDGE_CURVE('',#8422,#8424,#8425,.T.);
#6612=EDGE_CURVE('',#8424,#8426,#8427,.T.);
#6613=EDGE_CURVE('',#8426,#8428,#8429,.T.);
#6614=EDGE_CURVE('',#8428,#8430,#8431,.T.);
#6615=EDGE_CURVE('',#8430,#8417,#8432,.T.);
#6616=EDGE_CURVE('',#8433,#8415,#8434,.T.);
#6617=EDGE_CURVE('',#8435,#8433,#8436,.T.);
#6618=EDGE_CURVE('',#8437,#8435,#8438,.T.);
#6619=EDGE_CURVE('',#8439,#8437,#8440,.T.);
#6620=EDGE_CURVE('',#8441,#8439,#8442,.T.);
#6621=EDGE_CURVE('',#8443,#8441,#8444,.T.);
#6622=EDGE_CURVE('',#8412,#8443,#8445,.T.);
#6623=EDGE_CURVE('',#8420,#8443,#8446,.T.);
#6624=EDGE_CURVE('',#8422,#8441,#8447,.T.);
#6625=EDGE_CURVE('',#8424,#8439,#8448,.T.);
#6626=EDGE_CURVE('',#8426,#8437,#8449,.T.);
#6627=EDGE_CURVE('',#8428,#8435,#8450,.T.);
#6628=EDGE_CURVE('',#8430,#8433,#8451,.T.);
#6629=EDGE_CURVE('',#7818,#8452,#8453,.T.);
#6630=EDGE_CURVE('',#7819,#8454,#8455,.T.);
#6631=EDGE_CURVE('',#8452,#8454,#8456,.T.);
#6632=EDGE_CURVE('',#8457,#7823,#8458,.T.);
#6633=EDGE_CURVE('',#8459,#7821,#8460,.T.);
#6634=EDGE_CURVE('',#8459,#8457,#8461,.T.);
#6635=EDGE_CURVE('',#8452,#8462,#8463,.T.);
#6636=EDGE_CURVE('',#8462,#8464,#8465,.T.);
#6637=EDGE_CURVE('',#8464,#8466,#8467,.T.);
#6638=EDGE_CURVE('',#8466,#8468,#8469,.T.);
#6639=EDGE_CURVE('',#8468,#8470,#8471,.T.);
#6640=EDGE_CURVE('',#8470,#8472,#8473,.T.);
#6641=EDGE_CURVE('',#8472,#8459,#8474,.T.);
#6642=EDGE_CURVE('',#8475,#8457,#8476,.T.);
#6643=EDGE_CURVE('',#8477,#8475,#8478,.T.);
#6644=EDGE_CURVE('',#8479,#8477,#8480,.T.);
#6645=EDGE_CURVE('',#8481,#8479,#8482,.T.);
#6646=EDGE_CURVE('',#8483,#8481,#8484,.T.);
#6647=EDGE_CURVE('',#8485,#8483,#8486,.T.);
#6648=EDGE_CURVE('',#8454,#8485,#8487,.T.);
#6649=EDGE_CURVE('',#8462,#8485,#8488,.T.);
#6650=EDGE_CURVE('',#8464,#8483,#8489,.T.);
#6651=EDGE_CURVE('',#8466,#8481,#8490,.T.);
#6652=EDGE_CURVE('',#8468,#8479,#8491,.T.);
#6653=EDGE_CURVE('',#8470,#8477,#8492,.T.);
#6654=EDGE_CURVE('',#8472,#8475,#8493,.T.);
#6655=EDGE_CURVE('',#7810,#8494,#8495,.T.);
#6656=EDGE_CURVE('',#7811,#8496,#8497,.T.);
#6657=EDGE_CURVE('',#8494,#8496,#8498,.T.);
#6658=EDGE_CURVE('',#8499,#7815,#8500,.T.);
#6659=EDGE_CURVE('',#8501,#7813,#8502,.T.);
#6660=EDGE_CURVE('',#8501,#8499,#8503,.T.);
#6661=EDGE_CURVE('',#8494,#8504,#8505,.T.);
#6662=EDGE_CURVE('',#8504,#8506,#8507,.T.);
#6663=EDGE_CURVE('',#8506,#8508,#8509,.T.);
#6664=EDGE_CURVE('',#8508,#8510,#8511,.T.);
#6665=EDGE_CURVE('',#8510,#8512,#8513,.T.);
#6666=EDGE_CURVE('',#8512,#8514,#8515,.T.);
#6667=EDGE_CURVE('',#8514,#8501,#8516,.T.);
#6668=EDGE_CURVE('',#8517,#8499,#8518,.T.);
#6669=EDGE_CURVE('',#8519,#8517,#8520,.T.);
#6670=EDGE_CURVE('',#8521,#8519,#8522,.T.);
#6671=EDGE_CURVE('',#8523,#8521,#8524,.T.);
#6672=EDGE_CURVE('',#8525,#8523,#8526,.T.);
#6673=EDGE_CURVE('',#8527,#8525,#8528,.T.);
#6674=EDGE_CURVE('',#8496,#8527,#8529,.T.);
#6675=EDGE_CURVE('',#8504,#8527,#8530,.T.);
#6676=EDGE_CURVE('',#8506,#8525,#8531,.T.);
#6677=EDGE_CURVE('',#8508,#8523,#8532,.T.);
#6678=EDGE_CURVE('',#8510,#8521,#8533,.T.);
#6679=EDGE_CURVE('',#8512,#8519,#8534,.T.);
#6680=EDGE_CURVE('',#8514,#8517,#8535,.T.);
#6681=EDGE_CURVE('',#7802,#8536,#8537,.T.);
#6682=EDGE_CURVE('',#7803,#8538,#8539,.T.);
#6683=EDGE_CURVE('',#8536,#8538,#8540,.T.);
#6684=EDGE_CURVE('',#8541,#7807,#8542,.T.);
#6685=EDGE_CURVE('',#8543,#7805,#8544,.T.);
#6686=EDGE_CURVE('',#8543,#8541,#8545,.T.);
#6687=EDGE_CURVE('',#8536,#8546,#8547,.T.);
#6688=EDGE_CURVE('',#8546,#8548,#8549,.T.);
#6689=EDGE_CURVE('',#8548,#8550,#8551,.T.);
#6690=EDGE_CURVE('',#8550,#8552,#8553,.T.);
#6691=EDGE_CURVE('',#8552,#8554,#8555,.T.);
#6692=EDGE_CURVE('',#8554,#8556,#8557,.T.);
#6693=EDGE_CURVE('',#8556,#8543,#8558,.T.);
#6694=EDGE_CURVE('',#8559,#8541,#8560,.T.);
#6695=EDGE_CURVE('',#8561,#8559,#8562,.T.);
#6696=EDGE_CURVE('',#8563,#8561,#8564,.T.);
#6697=EDGE_CURVE('',#8565,#8563,#8566,.T.);
#6698=EDGE_CURVE('',#8567,#8565,#8568,.T.);
#6699=EDGE_CURVE('',#8569,#8567,#8570,.T.);
#6700=EDGE_CURVE('',#8538,#8569,#8571,.T.);
#6701=EDGE_CURVE('',#8546,#8569,#8572,.T.);
#6702=EDGE_CURVE('',#8548,#8567,#8573,.T.);
#6703=EDGE_CURVE('',#8550,#8565,#8574,.T.);
#6704=EDGE_CURVE('',#8552,#8563,#8575,.T.);
#6705=EDGE_CURVE('',#8554,#8561,#8576,.T.);
#6706=EDGE_CURVE('',#8556,#8559,#8577,.T.);
#6707=EDGE_CURVE('',#7794,#8578,#8579,.T.);
#6708=EDGE_CURVE('',#7795,#8580,#8581,.T.);
#6709=EDGE_CURVE('',#8578,#8580,#8582,.T.);
#6710=EDGE_CURVE('',#8583,#7799,#8584,.T.);
#6711=EDGE_CURVE('',#8585,#7797,#8586,.T.);
#6712=EDGE_CURVE('',#8585,#8583,#8587,.T.);
#6713=EDGE_CURVE('',#8578,#8588,#8589,.T.);
#6714=EDGE_CURVE('',#8588,#8590,#8591,.T.);
#6715=EDGE_CURVE('',#8590,#8592,#8593,.T.);
#6716=EDGE_CURVE('',#8592,#8594,#8595,.T.);
#6717=EDGE_CURVE('',#8594,#8596,#8597,.T.);
#6718=EDGE_CURVE('',#8596,#8598,#8599,.T.);
#6719=EDGE_CURVE('',#8598,#8585,#8600,.T.);
#6720=EDGE_CURVE('',#8601,#8583,#8602,.T.);
#6721=EDGE_CURVE('',#8603,#8601,#8604,.T.);
#6722=EDGE_CURVE('',#8605,#8603,#8606,.T.);
#6723=EDGE_CURVE('',#8607,#8605,#8608,.T.);
#6724=EDGE_CURVE('',#8609,#8607,#8610,.T.);
#6725=EDGE_CURVE('',#8611,#8609,#8612,.T.);
#6726=EDGE_CURVE('',#8580,#8611,#8613,.T.);
#6727=EDGE_CURVE('',#8588,#8611,#8614,.T.);
#6728=EDGE_CURVE('',#8590,#8609,#8615,.T.);
#6729=EDGE_CURVE('',#8592,#8607,#8616,.T.);
#6730=EDGE_CURVE('',#8594,#8605,#8617,.T.);
#6731=EDGE_CURVE('',#8596,#8603,#8618,.T.);
#6732=EDGE_CURVE('',#8598,#8601,#8619,.T.);
#6733=EDGE_CURVE('',#7786,#8620,#8621,.T.);
#6734=EDGE_CURVE('',#7787,#8622,#8623,.T.);
#6735=EDGE_CURVE('',#8620,#8622,#8624,.T.);
#6736=EDGE_CURVE('',#8625,#7791,#8626,.T.);
#6737=EDGE_CURVE('',#8627,#7789,#8628,.T.);
#6738=EDGE_CURVE('',#8627,#8625,#8629,.T.);
#6739=EDGE_CURVE('',#8620,#8630,#8631,.T.);
#6740=EDGE_CURVE('',#8630,#8632,#8633,.T.);
#6741=EDGE_CURVE('',#8632,#8634,#8635,.T.);
#6742=EDGE_CURVE('',#8634,#8636,#8637,.T.);
#6743=EDGE_CURVE('',#8636,#8638,#8639,.T.);
#6744=EDGE_CURVE('',#8638,#8640,#8641,.T.);
#6745=EDGE_CURVE('',#8640,#8627,#8642,.T.);
#6746=EDGE_CURVE('',#8643,#8625,#8644,.T.);
#6747=EDGE_CURVE('',#8645,#8643,#8646,.T.);
#6748=EDGE_CURVE('',#8647,#8645,#8648,.T.);
#6749=EDGE_CURVE('',#8649,#8647,#8650,.T.);
#6750=EDGE_CURVE('',#8651,#8649,#8652,.T.);
#6751=EDGE_CURVE('',#8653,#8651,#8654,.T.);
#6752=EDGE_CURVE('',#8622,#8653,#8655,.T.);
#6753=EDGE_CURVE('',#8630,#8653,#8656,.T.);
#6754=EDGE_CURVE('',#8632,#8651,#8657,.T.);
#6755=EDGE_CURVE('',#8634,#8649,#8658,.T.);
#6756=EDGE_CURVE('',#8636,#8647,#8659,.T.);
#6757=EDGE_CURVE('',#8638,#8645,#8660,.T.);
#6758=EDGE_CURVE('',#8640,#8643,#8661,.T.);
#6759=EDGE_CURVE('',#7778,#8662,#8663,.T.);
#6760=EDGE_CURVE('',#7779,#8664,#8665,.T.);
#6761=EDGE_CURVE('',#8662,#8664,#8666,.T.);
#6762=EDGE_CURVE('',#8667,#7783,#8668,.T.);
#6763=EDGE_CURVE('',#8669,#7781,#8670,.T.);
#6764=EDGE_CURVE('',#8669,#8667,#8671,.T.);
#6765=EDGE_CURVE('',#8662,#8672,#8673,.T.);
#6766=EDGE_CURVE('',#8672,#8674,#8675,.T.);
#6767=EDGE_CURVE('',#8674,#8676,#8677,.T.);
#6768=EDGE_CURVE('',#8676,#8678,#8679,.T.);
#6769=EDGE_CURVE('',#8678,#8680,#8681,.T.);
#6770=EDGE_CURVE('',#8680,#8682,#8683,.T.);
#6771=EDGE_CURVE('',#8682,#8669,#8684,.T.);
#6772=EDGE_CURVE('',#8685,#8667,#8686,.T.);
#6773=EDGE_CURVE('',#8687,#8685,#8688,.T.);
#6774=EDGE_CURVE('',#8689,#8687,#8690,.T.);
#6775=EDGE_CURVE('',#8691,#8689,#8692,.T.);
#6776=EDGE_CURVE('',#8693,#8691,#8694,.T.);
#6777=EDGE_CURVE('',#8695,#8693,#8696,.T.);
#6778=EDGE_CURVE('',#8664,#8695,#8697,.T.);
#6779=EDGE_CURVE('',#8672,#8695,#8698,.T.);
#6780=EDGE_CURVE('',#8674,#8693,#8699,.T.);
#6781=EDGE_CURVE('',#8676,#8691,#8700,.T.);
#6782=EDGE_CURVE('',#8678,#8689,#8701,.T.);
#6783=EDGE_CURVE('',#8680,#8687,#8702,.T.);
#6784=EDGE_CURVE('',#8682,#8685,#8703,.T.);
#6785=EDGE_CURVE('',#7770,#8704,#8705,.T.);
#6786=EDGE_CURVE('',#7771,#8706,#8707,.T.);
#6787=EDGE_CURVE('',#8704,#8706,#8708,.T.);
#6788=EDGE_CURVE('',#8709,#7775,#8710,.T.);
#6789=EDGE_CURVE('',#8711,#7773,#8712,.T.);
#6790=EDGE_CURVE('',#8711,#8709,#8713,.T.);
#6791=EDGE_CURVE('',#8704,#8714,#8715,.T.);
#6792=EDGE_CURVE('',#8714,#8716,#8717,.T.);
#6793=EDGE_CURVE('',#8716,#8718,#8719,.T.);
#6794=EDGE_CURVE('',#8718,#8720,#8721,.T.);
#6795=EDGE_CURVE('',#8720,#8722,#8723,.T.);
#6796=EDGE_CURVE('',#8722,#8724,#8725,.T.);
#6797=EDGE_CURVE('',#8724,#8711,#8726,.T.);
#6798=EDGE_CURVE('',#8727,#8709,#8728,.T.);
#6799=EDGE_CURVE('',#8729,#8727,#8730,.T.);
#6800=EDGE_CURVE('',#8731,#8729,#8732,.T.);
#6801=EDGE_CURVE('',#8733,#8731,#8734,.T.);
#6802=EDGE_CURVE('',#8735,#8733,#8736,.T.);
#6803=EDGE_CURVE('',#8737,#8735,#8738,.T.);
#6804=EDGE_CURVE('',#8706,#8737,#8739,.T.);
#6805=EDGE_CURVE('',#8714,#8737,#8740,.T.);
#6806=EDGE_CURVE('',#8716,#8735,#8741,.T.);
#6807=EDGE_CURVE('',#8718,#8733,#8742,.T.);
#6808=EDGE_CURVE('',#8720,#8731,#8743,.T.);
#6809=EDGE_CURVE('',#8722,#8729,#8744,.T.);
#6810=EDGE_CURVE('',#8724,#8727,#8745,.T.);
#6811=EDGE_CURVE('',#8746,#8747,#8748,.T.);
#6812=EDGE_CURVE('',#8749,#8747,#8750,.T.);
#6813=EDGE_CURVE('',#8751,#8749,#8752,.T.);
#6814=EDGE_CURVE('',#8753,#8751,#8754,.T.);
#6815=EDGE_CURVE('',#8755,#8753,#8756,.T.);
#6816=EDGE_CURVE('',#8755,#8757,#8758,.T.);
#6817=EDGE_CURVE('',#8757,#8759,#8760,.T.);
#6818=EDGE_CURVE('',#8759,#8761,#8762,.T.);
#6819=EDGE_CURVE('',#8761,#8763,#8764,.T.);
#6820=EDGE_CURVE('',#8763,#8765,#8766,.T.);
#6821=EDGE_CURVE('',#8767,#8765,#8768,.T.);
#6822=EDGE_CURVE('',#8746,#8767,#8769,.T.);
#6823=EDGE_CURVE('',#8755,#7718,#8770,.T.);
#6824=EDGE_CURVE('',#8757,#7716,#8771,.T.);
#6825=EDGE_CURVE('',#7713,#8772,#8773,.T.);
#6826=EDGE_CURVE('',#7714,#8774,#8775,.T.);
#6827=EDGE_CURVE('',#8774,#8772,#8776,.T.);
#6828=EDGE_CURVE('',#8777,#8778,#8779,.T.);
#6829=EDGE_CURVE('',#8778,#8780,#8781,.T.);
#6830=EDGE_CURVE('',#8780,#8782,#8783,.T.);
#6831=EDGE_CURVE('',#8782,#8784,#8785,.T.);
#6832=EDGE_CURVE('',#8786,#8784,#8787,.T.);
#6833=EDGE_CURVE('',#8788,#8786,#8789,.T.);
#6834=EDGE_CURVE('',#8790,#8788,#8791,.T.);
#6835=EDGE_CURVE('',#8792,#8790,#8793,.T.);
#6836=EDGE_CURVE('',#8772,#8792,#8794,.T.);
#6837=EDGE_CURVE('',#8774,#8795,#8796,.T.);
#6838=EDGE_CURVE('',#8795,#8777,#8797,.T.);
#6839=EDGE_CURVE('',#8798,#8799,#8800,.T.);
#6840=EDGE_CURVE('',#8801,#8798,#8802,.T.);
#6841=EDGE_CURVE('',#8801,#8803,#8804,.T.);
#6842=EDGE_CURVE('',#8803,#8799,#8805,.T.);
#6843=EDGE_CURVE('',#8799,#8806,#8807,.T.);
#6844=EDGE_CURVE('',#8803,#8808,#8809,.T.);
#6845=EDGE_CURVE('',#8808,#8806,#8810,.T.);
#6846=EDGE_CURVE('',#8806,#8811,#8812,.T.);
#6847=EDGE_CURVE('',#8808,#8813,#8814,.T.);
#6848=EDGE_CURVE('',#8813,#8811,#8815,.T.);
#6849=EDGE_CURVE('',#8811,#8767,#8816,.T.);
#6850=EDGE_CURVE('',#8813,#8746,#8817,.T.);
#6851=EDGE_CURVE('',#8784,#8798,#8818,.T.);
#6852=EDGE_CURVE('',#8782,#8801,#8819,.T.);
#6853=EDGE_CURVE('',#8747,#8780,#8820,.T.);
#6854=EDGE_CURVE('',#8765,#8786,#8821,.T.);
#6855=EDGE_CURVE('',#8788,#8763,#8822,.T.);
#6856=EDGE_CURVE('',#8792,#8759,#8823,.T.);
#6857=EDGE_CURVE('',#8790,#8761,#8824,.T.);
#6858=EDGE_CURVE('',#8778,#8749,#8825,.T.);
#6859=EDGE_CURVE('',#8795,#8753,#8826,.T.);
#6860=EDGE_CURVE('',#8777,#8751,#8827,.T.);
#6861=EDGE_CURVE('',#8828,#7677,#8829,.T.);
#6862=EDGE_CURVE('',#8830,#8828,#8831,.T.);
#6863=EDGE_CURVE('',#8830,#7680,#8832,.T.);
#6864=EDGE_CURVE('',#7682,#8833,#8834,.T.);
#6865=EDGE_CURVE('',#8833,#8835,#8836,.T.);
#6866=EDGE_CURVE('',#7678,#8835,#8837,.T.);
#6867=EDGE_CURVE('',#8835,#8838,#8839,.T.);
#6868=EDGE_CURVE('',#8840,#8838,#8841,.T.);
#6869=EDGE_CURVE('',#8840,#8828,#8842,.T.);
#6870=EDGE_CURVE('',#8843,#8830,#8844,.T.);
#6871=EDGE_CURVE('',#8843,#8845,#8846,.T.);
#6872=EDGE_CURVE('',#8833,#8845,#8847,.T.);
#6873=EDGE_CURVE('',#8845,#8848,#8849,.T.);
#6874=EDGE_CURVE('',#8848,#8850,#8851,.T.);
#6875=EDGE_CURVE('',#8850,#8852,#8853,.T.);
#6876=EDGE_CURVE('',#8852,#8854,#8855,.T.);
#6877=EDGE_CURVE('',#8854,#8856,#8857,.T.);
#6878=EDGE_CURVE('',#8858,#8856,#8859,.T.);
#6879=EDGE_CURVE('',#8860,#8858,#8861,.T.);
#6880=EDGE_CURVE('',#8862,#8860,#8863,.T.);
#6881=EDGE_CURVE('',#8838,#8862,#8864,.T.);
#6882=EDGE_CURVE('',#8865,#8843,#8866,.T.);
#6883=EDGE_CURVE('',#8867,#8840,#8868,.T.);
#6884=EDGE_CURVE('',#8869,#8867,#8870,.T.);
#6885=EDGE_CURVE('',#8871,#8869,#8872,.T.);
#6886=EDGE_CURVE('',#8873,#8871,#8874,.T.);
#6887=EDGE_CURVE('',#8875,#8873,#8876,.T.);
#6888=EDGE_CURVE('',#8875,#8877,#8878,.T.);
#6889=EDGE_CURVE('',#8877,#8879,#8880,.T.);
#6890=EDGE_CURVE('',#8879,#8865,#8881,.T.);
#6891=EDGE_CURVE('',#8852,#8877,#8882,.T.);
#6892=EDGE_CURVE('',#8883,#8875,#8884,.T.);
#6893=EDGE_CURVE('',#8885,#8883,#8886,.T.);
#6894=EDGE_CURVE('',#8887,#8885,#8888,.T.);
#6895=EDGE_CURVE('',#8889,#8887,#8890,.T.);
#6896=EDGE_CURVE('',#8854,#8889,#8891,.T.);
#6897=EDGE_CURVE('',#8858,#8871,#8892,.T.);
#6898=EDGE_CURVE('',#8856,#8893,#8894,.T.);
#6899=EDGE_CURVE('',#8893,#8895,#8896,.T.);
#6900=EDGE_CURVE('',#8895,#8897,#8898,.T.);
#6901=EDGE_CURVE('',#8897,#8899,#8900,.T.);
#6902=EDGE_CURVE('',#8899,#8873,#8901,.T.);
#6903=EDGE_CURVE('',#8889,#8893,#8902,.T.);
#6904=EDGE_CURVE('',#8887,#8895,#8903,.T.);
#6905=EDGE_CURVE('',#8885,#8897,#8904,.T.);
#6906=EDGE_CURVE('',#8883,#8899,#8905,.T.);
#6907=EDGE_CURVE('',#8869,#8860,#8906,.T.);
#6908=EDGE_CURVE('',#8867,#8862,#8907,.T.);
#6909=EDGE_CURVE('',#8865,#8848,#8908,.T.);
#6910=EDGE_CURVE('',#8879,#8850,#8909,.T.);
#6911=VERTEX_POINT('',#8910);
#6912=VERTEX_POINT('',#8911);
#6913=LINE('',#8912,#8913);
#6914=VERTEX_POINT('',#8914);
#6915=CIRCLE('',#8915,0.1);
#6916=VERTEX_POINT('',#8916);
#6917=LINE('',#8917,#8918);
#6918=CIRCLE('',#8919,0.1);
#6919=VERTEX_POINT('',#8920);
#6920=VERTEX_POINT('',#8921);
#6921=LINE('',#8922,#8923);
#6922=VERTEX_POINT('',#8924);
#6923=CIRCLE('',#8925,0.1);
#6924=VERTEX_POINT('',#8926);
#6925=LINE('',#8927,#8928);
#6926=CIRCLE('',#8929,0.1);
#6927=VERTEX_POINT('',#8930);
#6928=VERTEX_POINT('',#8931);
#6929=LINE('',#8932,#8933);
#6930=VERTEX_POINT('',#8934);
#6931=CIRCLE('',#8935,0.1);
#6932=VERTEX_POINT('',#8936);
#6933=LINE('',#8937,#8938);
#6934=CIRCLE('',#8939,0.1);
#6935=VERTEX_POINT('',#8940);
#6936=VERTEX_POINT('',#8941);
#6937=LINE('',#8942,#8943);
#6938=VERTEX_POINT('',#8944);
#6939=CIRCLE('',#8945,0.1);
#6940=VERTEX_POINT('',#8946);
#6941=LINE('',#8947,#8948);
#6942=CIRCLE('',#8949,0.1);
#6943=VERTEX_POINT('',#8950);
#6944=VERTEX_POINT('',#8951);
#6945=LINE('',#8952,#8953);
#6946=VERTEX_POINT('',#8954);
#6947=CIRCLE('',#8955,0.1);
#6948=VERTEX_POINT('',#8956);
#6949=LINE('',#8957,#8958);
#6950=CIRCLE('',#8959,0.1);
#6951=VERTEX_POINT('',#8960);
#6952=VERTEX_POINT('',#8961);
#6953=LINE('',#8962,#8963);
#6954=VERTEX_POINT('',#8964);
#6955=CIRCLE('',#8965,0.1);
#6956=VERTEX_POINT('',#8966);
#6957=LINE('',#8967,#8968);
#6958=CIRCLE('',#8969,0.1);
#6959=VERTEX_POINT('',#8970);
#6960=VERTEX_POINT('',#8971);
#6961=LINE('',#8972,#8973);
#6962=VERTEX_POINT('',#8974);
#6963=CIRCLE('',#8975,0.1);
#6964=VERTEX_POINT('',#8976);
#6965=LINE('',#8977,#8978);
#6966=CIRCLE('',#8979,0.1);
#6967=VERTEX_POINT('',#8980);
#6968=VERTEX_POINT('',#8981);
#6969=LINE('',#8982,#8983);
#6970=VERTEX_POINT('',#8984);
#6971=CIRCLE('',#8985,0.1);
#6972=VERTEX_POINT('',#8986);
#6973=LINE('',#8987,#8988);
#6974=CIRCLE('',#8989,0.1);
#6975=VERTEX_POINT('',#8990);
#6976=VERTEX_POINT('',#8991);
#6977=LINE('',#8992,#8993);
#6978=VERTEX_POINT('',#8994);
#6979=CIRCLE('',#8995,0.1);
#6980=VERTEX_POINT('',#8996);
#6981=LINE('',#8997,#8998);
#6982=CIRCLE('',#8999,0.1);
#6983=VERTEX_POINT('',#9000);
#6984=VERTEX_POINT('',#9001);
#6985=LINE('',#9002,#9003);
#6986=VERTEX_POINT('',#9004);
#6987=CIRCLE('',#9005,0.1);
#6988=VERTEX_POINT('',#9006);
#6989=LINE('',#9007,#9008);
#6990=CIRCLE('',#9009,0.1);
#6991=VERTEX_POINT('',#9010);
#6992=VERTEX_POINT('',#9011);
#6993=LINE('',#9012,#9013);
#6994=VERTEX_POINT('',#9014);
#6995=CIRCLE('',#9015,0.199999999999999);
#6996=VERTEX_POINT('',#9016);
#6997=LINE('',#9017,#9018);
#6998=CIRCLE('',#9019,0.199999999999999);
#6999=VERTEX_POINT('',#9020);
#7000=VERTEX_POINT('',#9021);
#7001=LINE('',#9022,#9023);
#7002=VERTEX_POINT('',#9024);
#7003=CIRCLE('',#9025,0.199999999999999);
#7004=VERTEX_POINT('',#9026);
#7005=LINE('',#9027,#9028);
#7006=CIRCLE('',#9029,0.199999999999999);
#7007=VERTEX_POINT('',#9030);
#7008=VERTEX_POINT('',#9031);
#7009=LINE('',#9032,#9033);
#7010=VERTEX_POINT('',#9034);
#7011=LINE('',#9035,#9036);
#7012=VERTEX_POINT('',#9037);
#7013=LINE('',#9038,#9039);
#7014=VERTEX_POINT('',#9040);
#7015=LINE('',#9041,#9042);
#7016=VERTEX_POINT('',#9043);
#7017=LINE('',#9044,#9045);
#7018=VERTEX_POINT('',#9046);
#7019=LINE('',#9047,#9048);
#7020=VERTEX_POINT('',#9049);
#7021=LINE('',#9050,#9051);
#7022=VERTEX_POINT('',#9052);
#7023=LINE('',#9053,#9054);
#7024=VERTEX_POINT('',#9055);
#7025=LINE('',#9056,#9057);
#7026=LINE('',#9058,#9059);
#7027=VERTEX_POINT('',#9060);
#7028=VERTEX_POINT('',#9061);
#7029=LINE('',#9062,#9063);
#7030=VERTEX_POINT('',#9064);
#7031=LINE('',#9065,#9066);
#7032=VERTEX_POINT('',#9067);
#7033=LINE('',#9068,#9069);
#7034=LINE('',#9070,#9071);
#7035=VERTEX_POINT('',#9072);
#7036=VERTEX_POINT('',#9073);
#7037=LINE('',#9074,#9075);
#7038=VERTEX_POINT('',#9076);
#7039=LINE('',#9077,#9078);
#7040=VERTEX_POINT('',#9079);
#7041=LINE('',#9080,#9081);
#7042=VERTEX_POINT('',#9082);
#7043=LINE('',#9083,#9084);
#7044=VERTEX_POINT('',#9085);
#7045=LINE('',#9086,#9087);
#7046=VERTEX_POINT('',#9088);
#7047=LINE('',#9089,#9090);
#7048=VERTEX_POINT('',#9091);
#7049=LINE('',#9092,#9093);
#7050=VERTEX_POINT('',#9094);
#7051=LINE('',#9095,#9096);
#7052=VERTEX_POINT('',#9097);
#7053=LINE('',#9098,#9099);
#7054=LINE('',#9100,#9101);
#7055=VERTEX_POINT('',#9102);
#7056=VERTEX_POINT('',#9103);
#7057=LINE('',#9104,#9105);
#7058=VERTEX_POINT('',#9106);
#7059=LINE('',#9107,#9108);
#7060=VERTEX_POINT('',#9109);
#7061=LINE('',#9110,#9111);
#7062=VERTEX_POINT('',#9112);
#7063=LINE('',#9113,#9114);
#7064=VERTEX_POINT('',#9115);
#7065=LINE('',#9116,#9117);
#7066=VERTEX_POINT('',#9118);
#7067=LINE('',#9119,#9120);
#7068=VERTEX_POINT('',#9121);
#7069=LINE('',#9122,#9123);
#7070=VERTEX_POINT('',#9124);
#7071=LINE('',#9125,#9126);
#7072=LINE('',#9127,#9128);
#7073=VERTEX_POINT('',#9129);
#7074=LINE('',#9130,#9131);
#7075=VERTEX_POINT('',#9132);
#7076=LINE('',#9133,#9134);
#7077=VERTEX_POINT('',#9135);
#7078=LINE('',#9136,#9137);
#7079=VERTEX_POINT('',#9138);
#7080=LINE('',#9139,#9140);
#7081=VERTEX_POINT('',#9141);
#7082=LINE('',#9142,#9143);
#7083=VERTEX_POINT('',#9144);
#7084=LINE('',#9145,#9146);
#7085=VERTEX_POINT('',#9147);
#7086=LINE('',#9148,#9149);
#7087=VERTEX_POINT('',#9150);
#7088=LINE('',#9151,#9152);
#7089=VERTEX_POINT('',#9153);
#7090=LINE('',#9154,#9155);
#7091=VERTEX_POINT('',#9156);
#7092=LINE('',#9157,#9158);
#7093=VERTEX_POINT('',#9159);
#7094=LINE('',#9160,#9161);
#7095=VERTEX_POINT('',#9162);
#7096=LINE('',#9163,#9164);
#7097=VERTEX_POINT('',#9165);
#7098=LINE('',#9166,#9167);
#7099=VERTEX_POINT('',#9168);
#7100=LINE('',#9169,#9170);
#7101=VERTEX_POINT('',#9171);
#7102=LINE('',#9172,#9173);
#7103=VERTEX_POINT('',#9174);
#7104=LINE('',#9175,#9176);
#7105=VERTEX_POINT('',#9177);
#7106=LINE('',#9178,#9179);
#7107=VERTEX_POINT('',#9180);
#7108=LINE('',#9181,#9182);
#7109=VERTEX_POINT('',#9183);
#7110=LINE('',#9184,#9185);
#7111=VERTEX_POINT('',#9186);
#7112=LINE('',#9187,#9188);
#7113=VERTEX_POINT('',#9189);
#7114=LINE('',#9190,#9191);
#7115=LINE('',#9192,#9193);
#7116=VERTEX_POINT('',#9194);
#7117=VERTEX_POINT('',#9195);
#7118=LINE('',#9196,#9197);
#7119=VERTEX_POINT('',#9198);
#7120=LINE('',#9199,#9200);
#7121=VERTEX_POINT('',#9201);
#7122=LINE('',#9202,#9203);
#7123=LINE('',#9204,#9205);
#7124=VERTEX_POINT('',#9206);
#7125=LINE('',#9207,#9208);
#7126=VERTEX_POINT('',#9209);
#7127=LINE('',#9210,#9211);
#7128=VERTEX_POINT('',#9212);
#7129=LINE('',#9213,#9214);
#7130=VERTEX_POINT('',#9215);
#7131=LINE('',#9216,#9217);
#7132=LINE('',#9218,#9219);
#7133=VERTEX_POINT('',#9220);
#7134=VERTEX_POINT('',#9221);
#7135=LINE('',#9222,#9223);
#7136=VERTEX_POINT('',#9224);
#7137=LINE('',#9225,#9226);
#7138=VERTEX_POINT('',#9227);
#7139=LINE('',#9228,#9229);
#7140=VERTEX_POINT('',#9230);
#7141=LINE('',#9231,#9232);
#7142=VERTEX_POINT('',#9233);
#7143=LINE('',#9234,#9235);
#7144=VERTEX_POINT('',#9236);
#7145=LINE('',#9237,#9238);
#7146=LINE('',#9239,#9240);
#7147=VERTEX_POINT('',#9241);
#7148=LINE('',#9242,#9243);
#7149=LINE('',#9244,#9245);
#7150=VERTEX_POINT('',#9246);
#7151=VERTEX_POINT('',#9247);
#7152=LINE('',#9248,#9249);
#7153=LINE('',#9250,#9251);
#7154=LINE('',#9252,#9253);
#7155=VERTEX_POINT('',#9254);
#7156=VERTEX_POINT('',#9255);
#7157=LINE('',#9256,#9257);
#7158=VERTEX_POINT('',#9258);
#7159=LINE('',#9259,#9260);
#7160=VERTEX_POINT('',#9261);
#7161=LINE('',#9262,#9263);
#7162=VERTEX_POINT('',#9264);
#7163=LINE('',#9265,#9266);
#7164=VERTEX_POINT('',#9267);
#7165=LINE('',#9268,#9269);
#7166=VERTEX_POINT('',#9270);
#7167=LINE('',#9271,#9272);
#7168=LINE('',#9273,#9274);
#7169=LINE('',#9275,#9276);
#7170=LINE('',#9277,#9278);
#7171=VERTEX_POINT('',#9279);
#7172=LINE('',#9280,#9281);
#7173=VERTEX_POINT('',#9282);
#7174=LINE('',#9283,#9284);
#7175=VERTEX_POINT('',#9285);
#7176=LINE('',#9286,#9287);
#7177=VERTEX_POINT('',#9288);
#7178=LINE('',#9289,#9290);
#7179=VERTEX_POINT('',#9291);
#7180=LINE('',#9292,#9293);
#7181=VERTEX_POINT('',#9294);
#7182=LINE('',#9295,#9296);
#7183=VERTEX_POINT('',#9297);
#7184=LINE('',#9298,#9299);
#7185=VERTEX_POINT('',#9300);
#7186=LINE('',#9301,#9302);
#7187=VERTEX_POINT('',#9303);
#7188=LINE('',#9304,#9305);
#7189=VERTEX_POINT('',#9306);
#7190=LINE('',#9307,#9308);
#7191=VERTEX_POINT('',#9309);
#7192=LINE('',#9310,#9311);
#7193=VERTEX_POINT('',#9312);
#7194=LINE('',#9313,#9314);
#7195=VERTEX_POINT('',#9315);
#7196=LINE('',#9316,#9317);
#7197=VERTEX_POINT('',#9318);
#7198=LINE('',#9319,#9320);
#7199=VERTEX_POINT('',#9321);
#7200=LINE('',#9322,#9323);
#7201=VERTEX_POINT('',#9324);
#7202=LINE('',#9325,#9326);
#7203=VERTEX_POINT('',#9327);
#7204=LINE('',#9328,#9329);
#7205=VERTEX_POINT('',#9330);
#7206=LINE('',#9331,#9332);
#7207=VERTEX_POINT('',#9333);
#7208=LINE('',#9334,#9335);
#7209=VERTEX_POINT('',#9336);
#7210=LINE('',#9337,#9338);
#7211=VERTEX_POINT('',#9339);
#7212=LINE('',#9340,#9341);
#7213=VERTEX_POINT('',#9342);
#7214=LINE('',#9343,#9344);
#7215=VERTEX_POINT('',#9345);
#7216=LINE('',#9346,#9347);
#7217=VERTEX_POINT('',#9348);
#7218=LINE('',#9349,#9350);
#7219=VERTEX_POINT('',#9351);
#7220=LINE('',#9352,#9353);
#7221=VERTEX_POINT('',#9354);
#7222=LINE('',#9355,#9356);
#7223=VERTEX_POINT('',#9357);
#7224=LINE('',#9358,#9359);
#7225=VERTEX_POINT('',#9360);
#7226=LINE('',#9361,#9362);
#7227=VERTEX_POINT('',#9363);
#7228=LINE('',#9364,#9365);
#7229=VERTEX_POINT('',#9366);
#7230=LINE('',#9367,#9368);
#7231=VERTEX_POINT('',#9369);
#7232=LINE('',#9370,#9371);
#7233=VERTEX_POINT('',#9372);
#7234=LINE('',#9373,#9374);
#7235=VERTEX_POINT('',#9375);
#7236=LINE('',#9376,#9377);
#7237=VERTEX_POINT('',#9378);
#7238=LINE('',#9379,#9380);
#7239=VERTEX_POINT('',#9381);
#7240=LINE('',#9382,#9383);
#7241=VERTEX_POINT('',#9384);
#7242=LINE('',#9385,#9386);
#7243=VERTEX_POINT('',#9387);
#7244=LINE('',#9388,#9389);
#7245=VERTEX_POINT('',#9390);
#7246=LINE('',#9391,#9392);
#7247=VERTEX_POINT('',#9393);
#7248=LINE('',#9394,#9395);
#7249=VERTEX_POINT('',#9396);
#7250=LINE('',#9397,#9398);
#7251=VERTEX_POINT('',#9399);
#7252=LINE('',#9400,#9401);
#7253=LINE('',#9402,#9403);
#7254=VERTEX_POINT('',#9404);
#7255=LINE('',#9405,#9406);
#7256=VERTEX_POINT('',#9407);
#7257=LINE('',#9408,#9409);
#7258=LINE('',#9410,#9411);
#7259=VERTEX_POINT('',#9412);
#7260=LINE('',#9413,#9414);
#7261=VERTEX_POINT('',#9415);
#7262=LINE('',#9416,#9417);
#7263=LINE('',#9418,#9419);
#7264=VERTEX_POINT('',#9420);
#7265=LINE('',#9421,#9422);
#7266=VERTEX_POINT('',#9423);
#7267=LINE('',#9424,#9425);
#7268=LINE('',#9426,#9427);
#7269=VERTEX_POINT('',#9428);
#7270=LINE('',#9429,#9430);
#7271=VERTEX_POINT('',#9431);
#7272=LINE('',#9432,#9433);
#7273=LINE('',#9434,#9435);
#7274=VERTEX_POINT('',#9436);
#7275=LINE('',#9437,#9438);
#7276=VERTEX_POINT('',#9439);
#7277=LINE('',#9440,#9441);
#7278=LINE('',#9442,#9443);
#7279=VERTEX_POINT('',#9444);
#7280=LINE('',#9445,#9446);
#7281=VERTEX_POINT('',#9447);
#7282=LINE('',#9448,#9449);
#7283=LINE('',#9450,#9451);
#7284=VERTEX_POINT('',#9452);
#7285=LINE('',#9453,#9454);
#7286=VERTEX_POINT('',#9455);
#7287=LINE('',#9456,#9457);
#7288=LINE('',#9458,#9459);
#7289=VERTEX_POINT('',#9460);
#7290=LINE('',#9461,#9462);
#7291=VERTEX_POINT('',#9463);
#7292=LINE('',#9464,#9465);
#7293=LINE('',#9466,#9467);
#7294=VERTEX_POINT('',#9468);
#7295=LINE('',#9469,#9470);
#7296=VERTEX_POINT('',#9471);
#7297=LINE('',#9472,#9473);
#7298=LINE('',#9474,#9475);
#7299=VERTEX_POINT('',#9476);
#7300=LINE('',#9477,#9478);
#7301=VERTEX_POINT('',#9479);
#7302=LINE('',#9480,#9481);
#7303=LINE('',#9482,#9483);
#7304=VERTEX_POINT('',#9484);
#7305=LINE('',#9485,#9486);
#7306=VERTEX_POINT('',#9487);
#7307=LINE('',#9488,#9489);
#7308=LINE('',#9490,#9491);
#7309=VERTEX_POINT('',#9492);
#7310=VERTEX_POINT('',#9493);
#7311=LINE('',#9494,#9495);
#7312=VERTEX_POINT('',#9496);
#7313=LINE('',#9497,#9498);
#7314=LINE('',#9499,#9500);
#7315=VERTEX_POINT('',#9501);
#7316=LINE('',#9502,#9503);
#7317=VERTEX_POINT('',#9504);
#7318=LINE('',#9505,#9506);
#7319=LINE('',#9507,#9508);
#7320=LINE('',#9509,#9510);
#7321=VERTEX_POINT('',#9511);
#7322=LINE('',#9512,#9513);
#7323=VERTEX_POINT('',#9514);
#7324=LINE('',#9515,#9516);
#7325=LINE('',#9517,#9518);
#7326=VERTEX_POINT('',#9519);
#7327=LINE('',#9520,#9521);
#7328=LINE('',#9522,#9523);
#7329=VERTEX_POINT('',#9524);
#7330=LINE('',#9525,#9526);
#7331=LINE('',#9527,#9528);
#7332=VERTEX_POINT('',#9529);
#7333=LINE('',#9530,#9531);
#7334=LINE('',#9532,#9533);
#7335=LINE('',#9534,#9535);
#7336=VERTEX_POINT('',#9536);
#7337=LINE('',#9537,#9538);
#7338=VERTEX_POINT('',#9539);
#7339=LINE('',#9540,#9541);
#7340=VERTEX_POINT('',#9542);
#7341=LINE('',#9543,#9544);
#7342=LINE('',#9545,#9546);
#7343=VERTEX_POINT('',#9547);
#7344=LINE('',#9548,#9549);
#7345=LINE('',#9550,#9551);
#7346=VERTEX_POINT('',#9552);
#7347=LINE('',#9553,#9554);
#7348=LINE('',#9555,#9556);
#7349=VERTEX_POINT('',#9557);
#7350=LINE('',#9558,#9559);
#7351=LINE('',#9560,#9561);
#7352=LINE('',#9562,#9563);
#7353=VERTEX_POINT('',#9564);
#7354=VERTEX_POINT('',#9565);
#7355=LINE('',#9566,#9567);
#7356=VERTEX_POINT('',#9568);
#7357=LINE('',#9569,#9570);
#7358=LINE('',#9571,#9572);
#7359=LINE('',#9573,#9574);
#7360=VERTEX_POINT('',#9575);
#7361=LINE('',#9576,#9577);
#7362=LINE('',#9578,#9579);
#7363=VERTEX_POINT('',#9580);
#7364=LINE('',#9581,#9582);
#7365=LINE('',#9583,#9584);
#7366=LINE('',#9585,#9586);
#7367=LINE('',#9587,#9588);
#7368=LINE('',#9589,#9590);
#7369=LINE('',#9591,#9592);
#7370=VERTEX_POINT('',#9593);
#7371=LINE('',#9594,#9595);
#7372=LINE('',#9596,#9597);
#7373=VERTEX_POINT('',#9598);
#7374=LINE('',#9599,#9600);
#7375=VERTEX_POINT('',#9601);
#7376=LINE('',#9602,#9603);
#7377=LINE('',#9604,#9605);
#7378=LINE('',#9606,#9607);
#7379=VERTEX_POINT('',#9608);
#7380=LINE('',#9609,#9610);
#7381=CIRCLE('',#9611,0.199999999999999);
#7382=LINE('',#9612,#9613);
#7383=VERTEX_POINT('',#9614);
#7384=LINE('',#9615,#9616);
#7385=LINE('',#9617,#9618);
#7386=VERTEX_POINT('',#9619);
#7387=LINE('',#9620,#9621);
#7388=LINE('',#9622,#9623);
#7389=LINE('',#9624,#9625);
#7390=VERTEX_POINT('',#9626);
#7391=LINE('',#9627,#9628);
#7392=LINE('',#9629,#9630);
#7393=CIRCLE('',#9631,0.199999999999999);
#7394=LINE('',#9632,#9633);
#7395=VERTEX_POINT('',#9634);
#7396=LINE('',#9635,#9636);
#7397=LINE('',#9637,#9638);
#7398=VERTEX_POINT('',#9639);
#7399=LINE('',#9640,#9641);
#7400=VERTEX_POINT('',#9642);
#7401=LINE('',#9643,#9644);
#7402=LINE('',#9645,#9646);
#7403=VERTEX_POINT('',#9647);
#7404=LINE('',#9648,#9649);
#7405=LINE('',#9650,#9651);
#7406=LINE('',#9652,#9653);
#7407=VERTEX_POINT('',#9654);
#7408=CIRCLE('',#9655,0.199999999999999);
#7409=LINE('',#9656,#9657);
#7410=LINE('',#9658,#9659);
#7411=VERTEX_POINT('',#9660);
#7412=LINE('',#9661,#9662);
#7413=LINE('',#9663,#9664);
#7414=LINE('',#9665,#9666);
#7415=VERTEX_POINT('',#9667);
#7416=LINE('',#9668,#9669);
#7417=LINE('',#9670,#9671);
#7418=CIRCLE('',#9672,0.199999999999999);
#7419=LINE('',#9673,#9674);
#7420=VERTEX_POINT('',#9675);
#7421=LINE('',#9676,#9677);
#7422=LINE('',#9678,#9679);
#7423=VERTEX_POINT('',#9680);
#7424=LINE('',#9681,#9682);
#7425=LINE('',#9683,#9684);
#7426=LINE('',#9685,#9686);
#7427=VERTEX_POINT('',#9687);
#7428=LINE('',#9688,#9689);
#7429=LINE('',#9690,#9691);
#7430=LINE('',#9692,#9693);
#7431=VERTEX_POINT('',#9694);
#7432=LINE('',#9695,#9696);
#7433=LINE('',#9697,#9698);
#7434=VERTEX_POINT('',#9699);
#7435=LINE('',#9700,#9701);
#7436=LINE('',#9702,#9703);
#7437=LINE('',#9704,#9705);
#7438=VERTEX_POINT('',#9706);
#7439=LINE('',#9707,#9708);
#7440=LINE('',#9709,#9710);
#7441=LINE('',#9711,#9712);
#7442=VERTEX_POINT('',#9713);
#7443=LINE('',#9714,#9715);
#7444=VERTEX_POINT('',#9716);
#7445=LINE('',#9717,#9718);
#7446=LINE('',#9719,#9720);
#7447=VERTEX_POINT('',#9721);
#7448=LINE('',#9722,#9723);
#7449=LINE('',#9724,#9725);
#7450=LINE('',#9726,#9727);
#7451=VERTEX_POINT('',#9728);
#7452=LINE('',#9729,#9730);
#7453=VERTEX_POINT('',#9731);
#7454=LINE('',#9732,#9733);
#7455=LINE('',#9734,#9735);
#7456=VERTEX_POINT('',#9736);
#7457=LINE('',#9737,#9738);
#7458=VERTEX_POINT('',#9739);
#7459=LINE('',#9740,#9741);
#7460=LINE('',#9742,#9743);
#7461=VERTEX_POINT('',#9744);
#7462=LINE('',#9745,#9746);
#7463=VERTEX_POINT('',#9747);
#7464=LINE('',#9748,#9749);
#7465=VERTEX_POINT('',#9750);
#7466=LINE('',#9751,#9752);
#7467=VERTEX_POINT('',#9753);
#7468=LINE('',#9754,#9755);
#7469=LINE('',#9756,#9757);
#7470=VERTEX_POINT('',#9758);
#7471=LINE('',#9759,#9760);
#7472=VERTEX_POINT('',#9761);
#7473=LINE('',#9762,#9763);
#7474=VERTEX_POINT('',#9764);
#7475=LINE('',#9765,#9766);
#7476=VERTEX_POINT('',#9767);
#7477=LINE('',#9768,#9769);
#7478=LINE('',#9770,#9771);
#7479=VERTEX_POINT('',#9772);
#7480=LINE('',#9773,#9774);
#7481=VERTEX_POINT('',#9775);
#7482=LINE('',#9776,#9777);
#7483=LINE('',#9778,#9779);
#7484=VERTEX_POINT('',#9780);
#7485=LINE('',#9781,#9782);
#7486=VERTEX_POINT('',#9783);
#7487=LINE('',#9784,#9785);
#7488=LINE('',#9786,#9787);
#7489=VERTEX_POINT('',#9788);
#7490=CIRCLE('',#9789,0.15);
#7491=VERTEX_POINT('',#9790);
#7492=CIRCLE('',#9791,0.15);
#7493=LINE('',#9792,#9793);
#7494=VERTEX_POINT('',#9794);
#7495=CIRCLE('',#9795,0.15);
#7496=VERTEX_POINT('',#9796);
#7497=CIRCLE('',#9797,0.15);
#7498=LINE('',#9798,#9799);
#7499=VERTEX_POINT('',#9800);
#7500=CIRCLE('',#9801,0.15);
#7501=VERTEX_POINT('',#9802);
#7502=CIRCLE('',#9803,0.15);
#7503=LINE('',#9804,#9805);
#7504=VERTEX_POINT('',#9806);
#7505=CIRCLE('',#9807,0.15);
#7506=VERTEX_POINT('',#9808);
#7507=CIRCLE('',#9809,0.15);
#7508=LINE('',#9810,#9811);
#7509=VERTEX_POINT('',#9812);
#7510=CIRCLE('',#9813,0.15);
#7511=VERTEX_POINT('',#9814);
#7512=CIRCLE('',#9815,0.15);
#7513=LINE('',#9816,#9817);
#7514=VERTEX_POINT('',#9818);
#7515=CIRCLE('',#9819,0.15);
#7516=VERTEX_POINT('',#9820);
#7517=CIRCLE('',#9821,0.15);
#7518=LINE('',#9822,#9823);
#7519=VERTEX_POINT('',#9824);
#7520=CIRCLE('',#9825,0.15);
#7521=VERTEX_POINT('',#9826);
#7522=CIRCLE('',#9827,0.15);
#7523=LINE('',#9828,#9829);
#7524=VERTEX_POINT('',#9830);
#7525=CIRCLE('',#9831,0.15);
#7526=VERTEX_POINT('',#9832);
#7527=CIRCLE('',#9833,0.15);
#7528=LINE('',#9834,#9835);
#7529=VERTEX_POINT('',#9836);
#7530=CIRCLE('',#9837,0.15);
#7531=VERTEX_POINT('',#9838);
#7532=CIRCLE('',#9839,0.15);
#7533=LINE('',#9840,#9841);
#7534=VERTEX_POINT('',#9842);
#7535=CIRCLE('',#9843,0.15);
#7536=VERTEX_POINT('',#9844);
#7537=CIRCLE('',#9845,0.15);
#7538=LINE('',#9846,#9847);
#7539=VERTEX_POINT('',#9848);
#7540=LINE('',#9849,#9850);
#7541=VERTEX_POINT('',#9851);
#7542=LINE('',#9852,#9853);
#7543=LINE('',#9854,#9855);
#7544=VERTEX_POINT('',#9856);
#7545=LINE('',#9857,#9858);
#7546=VERTEX_POINT('',#9859);
#7547=LINE('',#9860,#9861);
#7548=LINE('',#9862,#9863);
#7549=LINE('',#9864,#9865);
#7550=VERTEX_POINT('',#9866);
#7551=LINE('',#9867,#9868);
#7552=VERTEX_POINT('',#9869);
#7553=LINE('',#9870,#9871);
#7554=LINE('',#9872,#9873);
#7555=VERTEX_POINT('',#9874);
#7556=LINE('',#9875,#9876);
#7557=VERTEX_POINT('',#9877);
#7558=LINE('',#9878,#9879);
#7559=LINE('',#9880,#9881);
#7560=LINE('',#9882,#9883);
#7561=VERTEX_POINT('',#9884);
#7562=LINE('',#9885,#9886);
#7563=VERTEX_POINT('',#9887);
#7564=LINE('',#9888,#9889);
#7565=LINE('',#9890,#9891);
#7566=VERTEX_POINT('',#9892);
#7567=LINE('',#9893,#9894);
#7568=VERTEX_POINT('',#9895);
#7569=LINE('',#9896,#9897);
#7570=LINE('',#9898,#9899);
#7571=LINE('',#9900,#9901);
#7572=VERTEX_POINT('',#9902);
#7573=LINE('',#9903,#9904);
#7574=VERTEX_POINT('',#9905);
#7575=LINE('',#9906,#9907);
#7576=LINE('',#9908,#9909);
#7577=VERTEX_POINT('',#9910);
#7578=LINE('',#9911,#9912);
#7579=VERTEX_POINT('',#9913);
#7580=LINE('',#9914,#9915);
#7581=LINE('',#9916,#9917);
#7582=LINE('',#9918,#9919);
#7583=VERTEX_POINT('',#9920);
#7584=LINE('',#9921,#9922);
#7585=VERTEX_POINT('',#9923);
#7586=LINE('',#9924,#9925);
#7587=LINE('',#9926,#9927);
#7588=VERTEX_POINT('',#9928);
#7589=LINE('',#9929,#9930);
#7590=VERTEX_POINT('',#9931);
#7591=LINE('',#9932,#9933);
#7592=LINE('',#9934,#9935);
#7593=LINE('',#9936,#9937);
#7594=VERTEX_POINT('',#9938);
#7595=LINE('',#9939,#9940);
#7596=VERTEX_POINT('',#9941);
#7597=LINE('',#9942,#9943);
#7598=LINE('',#9944,#9945);
#7599=VERTEX_POINT('',#9946);
#7600=LINE('',#9947,#9948);
#7601=VERTEX_POINT('',#9949);
#7602=LINE('',#9950,#9951);
#7603=LINE('',#9952,#9953);
#7604=LINE('',#9954,#9955);
#7605=VERTEX_POINT('',#9956);
#7606=LINE('',#9957,#9958);
#7607=VERTEX_POINT('',#9959);
#7608=LINE('',#9960,#9961);
#7609=LINE('',#9962,#9963);
#7610=VERTEX_POINT('',#9964);
#7611=LINE('',#9965,#9966);
#7612=VERTEX_POINT('',#9967);
#7613=LINE('',#9968,#9969);
#7614=LINE('',#9970,#9971);
#7615=LINE('',#9972,#9973);
#7616=VERTEX_POINT('',#9974);
#7617=LINE('',#9975,#9976);
#7618=VERTEX_POINT('',#9977);
#7619=LINE('',#9978,#9979);
#7620=LINE('',#9980,#9981);
#7621=VERTEX_POINT('',#9982);
#7622=LINE('',#9983,#9984);
#7623=VERTEX_POINT('',#9985);
#7624=LINE('',#9986,#9987);
#7625=LINE('',#9988,#9989);
#7626=LINE('',#9990,#9991);
#7627=VERTEX_POINT('',#9992);
#7628=LINE('',#9993,#9994);
#7629=VERTEX_POINT('',#9995);
#7630=LINE('',#9996,#9997);
#7631=LINE('',#9998,#9999);
#7632=VERTEX_POINT('',#10000);
#7633=LINE('',#10001,#10002);
#7634=VERTEX_POINT('',#10003);
#7635=LINE('',#10004,#10005);
#7636=LINE('',#10006,#10007);
#7637=LINE('',#10008,#10009);
#7638=VERTEX_POINT('',#10010);
#7639=LINE('',#10011,#10012);
#7640=VERTEX_POINT('',#10013);
#7641=LINE('',#10014,#10015);
#7642=LINE('',#10016,#10017);
#7643=VERTEX_POINT('',#10018);
#7644=LINE('',#10019,#10020);
#7645=VERTEX_POINT('',#10021);
#7646=LINE('',#10022,#10023);
#7647=LINE('',#10024,#10025);
#7648=LINE('',#10026,#10027);
#7649=VERTEX_POINT('',#10028);
#7650=VERTEX_POINT('',#10029);
#7651=LINE('',#10030,#10031);
#7652=VERTEX_POINT('',#10032);
#7653=LINE('',#10033,#10034);
#7654=VERTEX_POINT('',#10035);
#7655=LINE('',#10036,#10037);
#7656=VERTEX_POINT('',#10038);
#7657=CIRCLE('',#10039,0.15);
#7658=VERTEX_POINT('',#10040);
#7659=LINE('',#10041,#10042);
#7660=VERTEX_POINT('',#10043);
#7661=LINE('',#10044,#10045);
#7662=VERTEX_POINT('',#10046);
#7663=LINE('',#10047,#10048);
#7664=VERTEX_POINT('',#10049);
#7665=LINE('',#10050,#10051);
#7666=VERTEX_POINT('',#10052);
#7667=LINE('',#10053,#10054);
#7668=VERTEX_POINT('',#10055);
#7669=LINE('',#10056,#10057);
#7670=VERTEX_POINT('',#10058);
#7671=LINE('',#10059,#10060);
#7672=VERTEX_POINT('',#10061);
#7673=LINE('',#10062,#10063);
#7674=VERTEX_POINT('',#10064);
#7675=LINE('',#10065,#10066);
#7676=LINE('',#10067,#10068);
#7677=VERTEX_POINT('',#10069);
#7678=VERTEX_POINT('',#10070);
#7679=LINE('',#10071,#10072);
#7680=VERTEX_POINT('',#10073);
#7681=LINE('',#10074,#10075);
#7682=VERTEX_POINT('',#10076);
#7683=LINE('',#10077,#10078);
#7684=LINE('',#10079,#10080);
#7685=VERTEX_POINT('',#10081);
#7686=VERTEX_POINT('',#10082);
#7687=LINE('',#10083,#10084);
#7688=VERTEX_POINT('',#10085);
#7689=LINE('',#10086,#10087);
#7690=VERTEX_POINT('',#10088);
#7691=LINE('',#10089,#10090);
#7692=VERTEX_POINT('',#10091);
#7693=LINE('',#10092,#10093);
#7694=VERTEX_POINT('',#10094);
#7695=LINE('',#10095,#10096);
#7696=VERTEX_POINT('',#10097);
#7697=LINE('',#10098,#10099);
#7698=VERTEX_POINT('',#10100);
#7699=LINE('',#10101,#10102);
#7700=VERTEX_POINT('',#10103);
#7701=LINE('',#10104,#10105);
#7702=VERTEX_POINT('',#10106);
#7703=LINE('',#10107,#10108);
#7704=VERTEX_POINT('',#10109);
#7705=LINE('',#10110,#10111);
#7706=VERTEX_POINT('',#10112);
#7707=LINE('',#10113,#10114);
#7708=VERTEX_POINT('',#10115);
#7709=LINE('',#10116,#10117);
#7710=VERTEX_POINT('',#10118);
#7711=CIRCLE('',#10119,0.15);
#7712=LINE('',#10120,#10121);
#7713=VERTEX_POINT('',#10122);
#7714=VERTEX_POINT('',#10123);
#7715=LINE('',#10124,#10125);
#7716=VERTEX_POINT('',#10126);
#7717=LINE('',#10127,#10128);
#7718=VERTEX_POINT('',#10129);
#7719=LINE('',#10130,#10131);
#7720=LINE('',#10132,#10133);
#7721=VERTEX_POINT('',#10134);
#7722=LINE('',#10135,#10136);
#7723=VERTEX_POINT('',#10137);
#7724=LINE('',#10138,#10139);
#7725=VERTEX_POINT('',#10140);
#7726=LINE('',#10141,#10142);
#7727=VERTEX_POINT('',#10143);
#7728=LINE('',#10144,#10145);
#7729=VERTEX_POINT('',#10146);
#7730=LINE('',#10147,#10148);
#7731=VERTEX_POINT('',#10149);
#7732=LINE('',#10150,#10151);
#7733=LINE('',#10152,#10153);
#7734=VERTEX_POINT('',#10154);
#7735=LINE('',#10155,#10156);
#7736=VERTEX_POINT('',#10157);
#7737=LINE('',#10158,#10159);
#7738=VERTEX_POINT('',#10160);
#7739=LINE('',#10161,#10162);
#7740=VERTEX_POINT('',#10163);
#7741=LINE('',#10164,#10165);
#7742=VERTEX_POINT('',#10166);
#7743=LINE('',#10167,#10168);
#7744=VERTEX_POINT('',#10169);
#7745=LINE('',#10170,#10171);
#7746=LINE('',#10172,#10173);
#7747=CIRCLE('',#10174,0.15);
#7748=VERTEX_POINT('',#10175);
#7749=VERTEX_POINT('',#10176);
#7750=LINE('',#10177,#10178);
#7751=VERTEX_POINT('',#10179);
#7752=LINE('',#10180,#10181);
#7753=VERTEX_POINT('',#10182);
#7754=LINE('',#10183,#10184);
#7755=VERTEX_POINT('',#10185);
#7756=LINE('',#10186,#10187);
#7757=VERTEX_POINT('',#10188);
#7758=LINE('',#10189,#10190);
#7759=VERTEX_POINT('',#10191);
#7760=LINE('',#10192,#10193);
#7761=VERTEX_POINT('',#10194);
#7762=LINE('',#10195,#10196);
#7763=LINE('',#10197,#10198);
#7764=LINE('',#10199,#10200);
#7765=VERTEX_POINT('',#10201);
#7766=LINE('',#10202,#10203);
#7767=VERTEX_POINT('',#10204);
#7768=LINE('',#10205,#10206);
#7769=LINE('',#10207,#10208);
#7770=VERTEX_POINT('',#10209);
#7771=VERTEX_POINT('',#10210);
#7772=LINE('',#10211,#10212);
#7773=VERTEX_POINT('',#10213);
#7774=LINE('',#10214,#10215);
#7775=VERTEX_POINT('',#10216);
#7776=LINE('',#10217,#10218);
#7777=LINE('',#10219,#10220);
#7778=VERTEX_POINT('',#10221);
#7779=VERTEX_POINT('',#10222);
#7780=LINE('',#10223,#10224);
#7781=VERTEX_POINT('',#10225);
#7782=LINE('',#10226,#10227);
#7783=VERTEX_POINT('',#10228);
#7784=LINE('',#10229,#10230);
#7785=LINE('',#10231,#10232);
#7786=VERTEX_POINT('',#10233);
#7787=VERTEX_POINT('',#10234);
#7788=LINE('',#10235,#10236);
#7789=VERTEX_POINT('',#10237);
#7790=LINE('',#10238,#10239);
#7791=VERTEX_POINT('',#10240);
#7792=LINE('',#10241,#10242);
#7793=LINE('',#10243,#10244);
#7794=VERTEX_POINT('',#10245);
#7795=VERTEX_POINT('',#10246);
#7796=LINE('',#10247,#10248);
#7797=VERTEX_POINT('',#10249);
#7798=LINE('',#10250,#10251);
#7799=VERTEX_POINT('',#10252);
#7800=LINE('',#10253,#10254);
#7801=LINE('',#10255,#10256);
#7802=VERTEX_POINT('',#10257);
#7803=VERTEX_POINT('',#10258);
#7804=LINE('',#10259,#10260);
#7805=VERTEX_POINT('',#10261);
#7806=LINE('',#10262,#10263);
#7807=VERTEX_POINT('',#10264);
#7808=LINE('',#10265,#10266);
#7809=LINE('',#10267,#10268);
#7810=VERTEX_POINT('',#10269);
#7811=VERTEX_POINT('',#10270);
#7812=LINE('',#10271,#10272);
#7813=VERTEX_POINT('',#10273);
#7814=LINE('',#10274,#10275);
#7815=VERTEX_POINT('',#10276);
#7816=LINE('',#10277,#10278);
#7817=LINE('',#10279,#10280);
#7818=VERTEX_POINT('',#10281);
#7819=VERTEX_POINT('',#10282);
#7820=LINE('',#10283,#10284);
#7821=VERTEX_POINT('',#10285);
#7822=LINE('',#10286,#10287);
#7823=VERTEX_POINT('',#10288);
#7824=LINE('',#10289,#10290);
#7825=LINE('',#10291,#10292);
#7826=VERTEX_POINT('',#10293);
#7827=VERTEX_POINT('',#10294);
#7828=LINE('',#10295,#10296);
#7829=VERTEX_POINT('',#10297);
#7830=LINE('',#10298,#10299);
#7831=VERTEX_POINT('',#10300);
#7832=LINE('',#10301,#10302);
#7833=LINE('',#10303,#10304);
#7834=VERTEX_POINT('',#10305);
#7835=VERTEX_POINT('',#10306);
#7836=LINE('',#10307,#10308);
#7837=VERTEX_POINT('',#10309);
#7838=LINE('',#10310,#10311);
#7839=VERTEX_POINT('',#10312);
#7840=LINE('',#10313,#10314);
#7841=LINE('',#10315,#10316);
#7842=VERTEX_POINT('',#10317);
#7843=VERTEX_POINT('',#10318);
#7844=LINE('',#10319,#10320);
#7845=VERTEX_POINT('',#10321);
#7846=LINE('',#10322,#10323);
#7847=VERTEX_POINT('',#10324);
#7848=LINE('',#10325,#10326);
#7849=LINE('',#10327,#10328);
#7850=VERTEX_POINT('',#10329);
#7851=LINE('',#10330,#10331);
#7852=VERTEX_POINT('',#10332);
#7853=LINE('',#10333,#10334);
#7854=VERTEX_POINT('',#10335);
#7855=LINE('',#10336,#10337);
#7856=VERTEX_POINT('',#10338);
#7857=LINE('',#10339,#10340);
#7858=VERTEX_POINT('',#10341);
#7859=LINE('',#10342,#10343);
#7860=VERTEX_POINT('',#10344);
#7861=LINE('',#10345,#10346);
#7862=VERTEX_POINT('',#10347);
#7863=LINE('',#10348,#10349);
#7864=VERTEX_POINT('',#10350);
#7865=LINE('',#10351,#10352);
#7866=VERTEX_POINT('',#10353);
#7867=LINE('',#10354,#10355);
#7868=VERTEX_POINT('',#10356);
#7869=LINE('',#10357,#10358);
#7870=VERTEX_POINT('',#10359);
#7871=LINE('',#10360,#10361);
#7872=LINE('',#10362,#10363);
#7873=VERTEX_POINT('',#10364);
#7874=LINE('',#10365,#10366);
#7875=LINE('',#10367,#10368);
#7876=VERTEX_POINT('',#10369);
#7877=LINE('',#10370,#10371);
#7878=VERTEX_POINT('',#10372);
#7879=LINE('',#10373,#10374);
#7880=VERTEX_POINT('',#10375);
#7881=LINE('',#10376,#10377);
#7882=LINE('',#10378,#10379);
#7883=VERTEX_POINT('',#10380);
#7884=LINE('',#10381,#10382);
#7885=VERTEX_POINT('',#10383);
#7886=LINE('',#10384,#10385);
#7887=LINE('',#10386,#10387);
#7888=VERTEX_POINT('',#10388);
#7889=LINE('',#10389,#10390);
#7890=VERTEX_POINT('',#10391);
#7891=LINE('',#10392,#10393);
#7892=LINE('',#10394,#10395);
#7893=VERTEX_POINT('',#10396);
#7894=LINE('',#10397,#10398);
#7895=VERTEX_POINT('',#10399);
#7896=LINE('',#10400,#10401);
#7897=VERTEX_POINT('',#10402);
#7898=LINE('',#10403,#10404);
#7899=LINE('',#10405,#10406);
#7900=VERTEX_POINT('',#10407);
#7901=LINE('',#10408,#10409);
#7902=LINE('',#10410,#10411);
#7903=VERTEX_POINT('',#10412);
#7904=LINE('',#10413,#10414);
#7905=VERTEX_POINT('',#10415);
#7906=LINE('',#10416,#10417);
#7907=VERTEX_POINT('',#10418);
#7908=LINE('',#10419,#10420);
#7909=VERTEX_POINT('',#10421);
#7910=LINE('',#10422,#10423);
#7911=VERTEX_POINT('',#10424);
#7912=LINE('',#10425,#10426);
#7913=VERTEX_POINT('',#10427);
#7914=LINE('',#10428,#10429);
#7915=VERTEX_POINT('',#10430);
#7916=LINE('',#10431,#10432);
#7917=VERTEX_POINT('',#10433);
#7918=LINE('',#10434,#10435);
#7919=VERTEX_POINT('',#10436);
#7920=LINE('',#10437,#10438);
#7921=LINE('',#10439,#10440);
#7922=VERTEX_POINT('',#10441);
#7923=LINE('',#10442,#10443);
#7924=VERTEX_POINT('',#10444);
#7925=LINE('',#10445,#10446);
#7926=VERTEX_POINT('',#10447);
#7927=LINE('',#10448,#10449);
#7928=VERTEX_POINT('',#10450);
#7929=LINE('',#10451,#10452);
#7930=VERTEX_POINT('',#10453);
#7931=LINE('',#10454,#10455);
#7932=VERTEX_POINT('',#10456);
#7933=LINE('',#10457,#10458);
#7934=VERTEX_POINT('',#10459);
#7935=LINE('',#10460,#10461);
#7936=LINE('',#10462,#10463);
#7937=VERTEX_POINT('',#10464);
#7938=VERTEX_POINT('',#10465);
#7939=LINE('',#10466,#10467);
#7940=VERTEX_POINT('',#10468);
#7941=LINE('',#10469,#10470);
#7942=VERTEX_POINT('',#10471);
#7943=LINE('',#10472,#10473);
#7944=LINE('',#10474,#10475);
#7945=LINE('',#10476,#10477);
#7946=LINE('',#10478,#10479);
#7947=VERTEX_POINT('',#10480);
#7948=LINE('',#10481,#10482);
#7949=VERTEX_POINT('',#10483);
#7950=LINE('',#10484,#10485);
#7951=LINE('',#10486,#10487);
#7952=VERTEX_POINT('',#10488);
#7953=LINE('',#10489,#10490);
#7954=LINE('',#10491,#10492);
#7955=LINE('',#10493,#10494);
#7956=VERTEX_POINT('',#10495);
#7957=CIRCLE('',#10496,0.15);
#7958=VERTEX_POINT('',#10497);
#7959=CIRCLE('',#10498,0.15);
#7960=VERTEX_POINT('',#10499);
#7961=LINE('',#10500,#10501);
#7962=VERTEX_POINT('',#10502);
#7963=CIRCLE('',#10503,0.15);
#7964=LINE('',#10504,#10505);
#7965=VERTEX_POINT('',#10506);
#7966=LINE('',#10507,#10508);
#7967=VERTEX_POINT('',#10509);
#7968=LINE('',#10510,#10511);
#7969=LINE('',#10512,#10513);
#7970=LINE('',#10514,#10515);
#7971=LINE('',#10516,#10517);
#7972=VERTEX_POINT('',#10518);
#7973=LINE('',#10519,#10520);
#7974=LINE('',#10521,#10522);
#7975=VERTEX_POINT('',#10523);
#7976=CIRCLE('',#10524,0.15);
#7977=VERTEX_POINT('',#10525);
#7978=LINE('',#10526,#10527);
#7979=CIRCLE('',#10528,0.15);
#7980=VERTEX_POINT('',#10529);
#7981=LINE('',#10530,#10531);
#7982=VERTEX_POINT('',#10532);
#7983=LINE('',#10533,#10534);
#7984=LINE('',#10535,#10536);
#7985=VERTEX_POINT('',#10537);
#7986=LINE('',#10538,#10539);
#7987=VERTEX_POINT('',#10540);
#7988=LINE('',#10541,#10542);
#7989=VERTEX_POINT('',#10543);
#7990=LINE('',#10544,#10545);
#7991=LINE('',#10546,#10547);
#7992=VERTEX_POINT('',#10548);
#7993=VERTEX_POINT('',#10549);
#7994=LINE('',#10550,#10551);
#7995=LINE('',#10552,#10553);
#7996=VERTEX_POINT('',#10554);
#7997=LINE('',#10555,#10556);
#7998=LINE('',#10557,#10558);
#7999=LINE('',#10559,#10560);
#8000=VERTEX_POINT('',#10561);
#8001=LINE('',#10562,#10563);
#8002=VERTEX_POINT('',#10564);
#8003=LINE('',#10565,#10566);
#8004=VERTEX_POINT('',#10567);
#8005=LINE('',#10568,#10569);
#8006=LINE('',#10570,#10571);
#8007=VERTEX_POINT('',#10572);
#8008=LINE('',#10573,#10574);
#8009=VERTEX_POINT('',#10575);
#8010=LINE('',#10576,#10577);
#8011=LINE('',#10578,#10579);
#8012=VERTEX_POINT('',#10580);
#8013=LINE('',#10581,#10582);
#8014=VERTEX_POINT('',#10583);
#8015=LINE('',#10584,#10585);
#8016=LINE('',#10586,#10587);
#8017=VERTEX_POINT('',#10588);
#8018=VERTEX_POINT('',#10589);
#8019=LINE('',#10590,#10591);
#8020=VERTEX_POINT('',#10592);
#8021=LINE('',#10593,#10594);
#8022=VERTEX_POINT('',#10595);
#8023=LINE('',#10596,#10597);
#8024=LINE('',#10598,#10599);
#8025=VERTEX_POINT('',#10600);
#8026=VERTEX_POINT('',#10601);
#8027=LINE('',#10602,#10603);
#8028=VERTEX_POINT('',#10604);
#8029=LINE('',#10605,#10606);
#8030=VERTEX_POINT('',#10607);
#8031=LINE('',#10608,#10609);
#8032=LINE('',#10610,#10611);
#8033=VERTEX_POINT('',#10612);
#8034=VERTEX_POINT('',#10613);
#8035=LINE('',#10614,#10615);
#8036=VERTEX_POINT('',#10616);
#8037=LINE('',#10617,#10618);
#8038=VERTEX_POINT('',#10619);
#8039=LINE('',#10620,#10621);
#8040=LINE('',#10622,#10623);
#8041=VERTEX_POINT('',#10624);
#8042=VERTEX_POINT('',#10625);
#8043=LINE('',#10626,#10627);
#8044=VERTEX_POINT('',#10628);
#8045=LINE('',#10629,#10630);
#8046=VERTEX_POINT('',#10631);
#8047=LINE('',#10632,#10633);
#8048=LINE('',#10634,#10635);
#8049=VERTEX_POINT('',#10636);
#8050=VERTEX_POINT('',#10637);
#8051=LINE('',#10638,#10639);
#8052=VERTEX_POINT('',#10640);
#8053=LINE('',#10641,#10642);
#8054=VERTEX_POINT('',#10643);
#8055=LINE('',#10644,#10645);
#8056=LINE('',#10646,#10647);
#8057=VERTEX_POINT('',#10648);
#8058=VERTEX_POINT('',#10649);
#8059=LINE('',#10650,#10651);
#8060=VERTEX_POINT('',#10652);
#8061=LINE('',#10653,#10654);
#8062=VERTEX_POINT('',#10655);
#8063=LINE('',#10656,#10657);
#8064=LINE('',#10658,#10659);
#8065=VERTEX_POINT('',#10660);
#8066=VERTEX_POINT('',#10661);
#8067=LINE('',#10662,#10663);
#8068=VERTEX_POINT('',#10664);
#8069=LINE('',#10665,#10666);
#8070=VERTEX_POINT('',#10667);
#8071=LINE('',#10668,#10669);
#8072=LINE('',#10670,#10671);
#8073=VERTEX_POINT('',#10672);
#8074=VERTEX_POINT('',#10673);
#8075=LINE('',#10674,#10675);
#8076=VERTEX_POINT('',#10676);
#8077=LINE('',#10677,#10678);
#8078=VERTEX_POINT('',#10679);
#8079=LINE('',#10680,#10681);
#8080=LINE('',#10682,#10683);
#8081=VERTEX_POINT('',#10684);
#8082=VERTEX_POINT('',#10685);
#8083=LINE('',#10686,#10687);
#8084=VERTEX_POINT('',#10688);
#8085=LINE('',#10689,#10690);
#8086=VERTEX_POINT('',#10691);
#8087=LINE('',#10692,#10693);
#8088=LINE('',#10694,#10695);
#8089=VERTEX_POINT('',#10696);
#8090=VERTEX_POINT('',#10697);
#8091=LINE('',#10698,#10699);
#8092=VERTEX_POINT('',#10700);
#8093=LINE('',#10701,#10702);
#8094=VERTEX_POINT('',#10703);
#8095=LINE('',#10704,#10705);
#8096=LINE('',#10706,#10707);
#8097=LINE('',#10708,#10709);
#8098=VERTEX_POINT('',#10710);
#8099=LINE('',#10711,#10712);
#8100=VERTEX_POINT('',#10713);
#8101=LINE('',#10714,#10715);
#8102=LINE('',#10716,#10717);
#8103=LINE('',#10718,#10719);
#8104=VERTEX_POINT('',#10720);
#8105=LINE('',#10721,#10722);
#8106=LINE('',#10723,#10724);
#8107=VERTEX_POINT('',#10725);
#8108=LINE('',#10726,#10727);
#8109=LINE('',#10728,#10729);
#8110=LINE('',#10730,#10731);
#8111=LINE('',#10732,#10733);
#8112=LINE('',#10734,#10735);
#8113=LINE('',#10736,#10737);
#8114=LINE('',#10738,#10739);
#8115=LINE('',#10740,#10741);
#8116=LINE('',#10742,#10743);
#8117=LINE('',#10744,#10745);
#8118=VERTEX_POINT('',#10746);
#8119=LINE('',#10747,#10748);
#8120=VERTEX_POINT('',#10749);
#8121=LINE('',#10750,#10751);
#8122=LINE('',#10752,#10753);
#8123=CIRCLE('',#10754,0.15);
#8124=CIRCLE('',#10755,0.15);
#8125=VERTEX_POINT('',#10756);
#8126=LINE('',#10757,#10758);
#8127=VERTEX_POINT('',#10759);
#8128=LINE('',#10760,#10761);
#8129=LINE('',#10762,#10763);
#8130=LINE('',#10764,#10765);
#8131=VERTEX_POINT('',#10766);
#8132=LINE('',#10767,#10768);
#8133=VERTEX_POINT('',#10769);
#8134=LINE('',#10770,#10771);
#8135=LINE('',#10772,#10773);
#8136=LINE('',#10774,#10775);
#8137=LINE('',#10776,#10777);
#8138=VERTEX_POINT('',#10778);
#8139=LINE('',#10779,#10780);
#8140=LINE('',#10781,#10782);
#8141=VERTEX_POINT('',#10783);
#8142=LINE('',#10784,#10785);
#8143=LINE('',#10786,#10787);
#8144=VERTEX_POINT('',#10788);
#8145=LINE('',#10789,#10790);
#8146=LINE('',#10791,#10792);
#8147=LINE('',#10793,#10794);
#8148=LINE('',#10795,#10796);
#8149=CIRCLE('',#10797,0.15);
#8150=LINE('',#10798,#10799);
#8151=LINE('',#10800,#10801);
#8152=VERTEX_POINT('',#10802);
#8153=LINE('',#10803,#10804);
#8154=LINE('',#10805,#10806);
#8155=LINE('',#10807,#10808);
#8156=LINE('',#10809,#10810);
#8157=CIRCLE('',#10811,0.15);
#8158=LINE('',#10812,#10813);
#8159=LINE('',#10814,#10815);
#8160=LINE('',#10816,#10817);
#8161=LINE('',#10818,#10819);
#8162=LINE('',#10820,#10821);
#8163=LINE('',#10822,#10823);
#8164=LINE('',#10824,#10825);
#8165=LINE('',#10826,#10827);
#8166=LINE('',#10828,#10829);
#8167=LINE('',#10830,#10831);
#8168=LINE('',#10832,#10833);
#8169=LINE('',#10834,#10835);
#8170=LINE('',#10836,#10837);
#8171=LINE('',#10838,#10839);
#8172=LINE('',#10840,#10841);
#8173=LINE('',#10842,#10843);
#8174=LINE('',#10844,#10845);
#8175=LINE('',#10846,#10847);
#8176=LINE('',#10848,#10849);
#8177=LINE('',#10850,#10851);
#8178=LINE('',#10852,#10853);
#8179=LINE('',#10854,#10855);
#8180=LINE('',#10856,#10857);
#8181=LINE('',#10858,#10859);
#8182=LINE('',#10860,#10861);
#8183=LINE('',#10862,#10863);
#8184=LINE('',#10864,#10865);
#8185=LINE('',#10866,#10867);
#8186=VERTEX_POINT('',#10868);
#8187=CIRCLE('',#10869,0.1);
#8188=VERTEX_POINT('',#10870);
#8189=LINE('',#10871,#10872);
#8190=CIRCLE('',#10873,0.1);
#8191=VERTEX_POINT('',#10874);
#8192=LINE('',#10875,#10876);
#8193=VERTEX_POINT('',#10877);
#8194=LINE('',#10878,#10879);
#8195=LINE('',#10880,#10881);
#8196=LINE('',#10882,#10883);
#8197=LINE('',#10884,#10885);
#8198=LINE('',#10886,#10887);
#8199=LINE('',#10888,#10889);
#8200=VERTEX_POINT('',#10890);
#8201=CIRCLE('',#10891,0.15);
#8202=VERTEX_POINT('',#10892);
#8203=CIRCLE('',#10893,0.15);
#8204=LINE('',#10894,#10895);
#8205=VERTEX_POINT('',#10896);
#8206=LINE('',#10897,#10898);
#8207=VERTEX_POINT('',#10899);
#8208=LINE('',#10900,#10901);
#8209=LINE('',#10902,#10903);
#8210=VERTEX_POINT('',#10904);
#8211=LINE('',#10905,#10906);
#8212=VERTEX_POINT('',#10907);
#8213=LINE('',#10908,#10909);
#8214=VERTEX_POINT('',#10910);
#8215=LINE('',#10911,#10912);
#8216=VERTEX_POINT('',#10913);
#8217=LINE('',#10914,#10915);
#8218=VERTEX_POINT('',#10916);
#8219=LINE('',#10917,#10918);
#8220=VERTEX_POINT('',#10919);
#8221=LINE('',#10920,#10921);
#8222=LINE('',#10922,#10923);
#8223=VERTEX_POINT('',#10924);
#8224=LINE('',#10925,#10926);
#8225=VERTEX_POINT('',#10927);
#8226=LINE('',#10928,#10929);
#8227=VERTEX_POINT('',#10930);
#8228=LINE('',#10931,#10932);
#8229=VERTEX_POINT('',#10933);
#8230=LINE('',#10934,#10935);
#8231=VERTEX_POINT('',#10936);
#8232=LINE('',#10937,#10938);
#8233=VERTEX_POINT('',#10939);
#8234=LINE('',#10940,#10941);
#8235=LINE('',#10942,#10943);
#8236=LINE('',#10944,#10945);
#8237=LINE('',#10946,#10947);
#8238=LINE('',#10948,#10949);
#8239=LINE('',#10950,#10951);
#8240=LINE('',#10952,#10953);
#8241=LINE('',#10954,#10955);
#8242=VERTEX_POINT('',#10956);
#8243=CIRCLE('',#10957,0.1);
#8244=VERTEX_POINT('',#10958);
#8245=LINE('',#10959,#10960);
#8246=CIRCLE('',#10961,0.1);
#8247=VERTEX_POINT('',#10962);
#8248=LINE('',#10963,#10964);
#8249=VERTEX_POINT('',#10965);
#8250=LINE('',#10966,#10967);
#8251=LINE('',#10968,#10969);
#8252=LINE('',#10970,#10971);
#8253=LINE('',#10972,#10973);
#8254=LINE('',#10974,#10975);
#8255=LINE('',#10976,#10977);
#8256=VERTEX_POINT('',#10978);
#8257=CIRCLE('',#10979,0.1);
#8258=VERTEX_POINT('',#10980);
#8259=LINE('',#10981,#10982);
#8260=CIRCLE('',#10983,0.1);
#8261=VERTEX_POINT('',#10984);
#8262=LINE('',#10985,#10986);
#8263=VERTEX_POINT('',#10987);
#8264=LINE('',#10988,#10989);
#8265=LINE('',#10990,#10991);
#8266=LINE('',#10992,#10993);
#8267=LINE('',#10994,#10995);
#8268=LINE('',#10996,#10997);
#8269=LINE('',#10998,#10999);
#8270=VERTEX_POINT('',#11000);
#8271=CIRCLE('',#11001,0.1);
#8272=VERTEX_POINT('',#11002);
#8273=LINE('',#11003,#11004);
#8274=CIRCLE('',#11005,0.1);
#8275=VERTEX_POINT('',#11006);
#8276=LINE('',#11007,#11008);
#8277=VERTEX_POINT('',#11009);
#8278=LINE('',#11010,#11011);
#8279=LINE('',#11012,#11013);
#8280=LINE('',#11014,#11015);
#8281=LINE('',#11016,#11017);
#8282=LINE('',#11018,#11019);
#8283=LINE('',#11020,#11021);
#8284=VERTEX_POINT('',#11022);
#8285=CIRCLE('',#11023,0.1);
#8286=VERTEX_POINT('',#11024);
#8287=LINE('',#11025,#11026);
#8288=CIRCLE('',#11027,0.1);
#8289=VERTEX_POINT('',#11028);
#8290=LINE('',#11029,#11030);
#8291=VERTEX_POINT('',#11031);
#8292=LINE('',#11032,#11033);
#8293=LINE('',#11034,#11035);
#8294=LINE('',#11036,#11037);
#8295=LINE('',#11038,#11039);
#8296=LINE('',#11040,#11041);
#8297=LINE('',#11042,#11043);
#8298=VERTEX_POINT('',#11044);
#8299=CIRCLE('',#11045,0.1);
#8300=VERTEX_POINT('',#11046);
#8301=LINE('',#11047,#11048);
#8302=CIRCLE('',#11049,0.1);
#8303=VERTEX_POINT('',#11050);
#8304=LINE('',#11051,#11052);
#8305=VERTEX_POINT('',#11053);
#8306=LINE('',#11054,#11055);
#8307=LINE('',#11056,#11057);
#8308=LINE('',#11058,#11059);
#8309=LINE('',#11060,#11061);
#8310=LINE('',#11062,#11063);
#8311=LINE('',#11064,#11065);
#8312=VERTEX_POINT('',#11066);
#8313=CIRCLE('',#11067,0.1);
#8314=VERTEX_POINT('',#11068);
#8315=LINE('',#11069,#11070);
#8316=CIRCLE('',#11071,0.1);
#8317=VERTEX_POINT('',#11072);
#8318=LINE('',#11073,#11074);
#8319=VERTEX_POINT('',#11075);
#8320=LINE('',#11076,#11077);
#8321=LINE('',#11078,#11079);
#8322=LINE('',#11080,#11081);
#8323=LINE('',#11082,#11083);
#8324=LINE('',#11084,#11085);
#8325=LINE('',#11086,#11087);
#8326=VERTEX_POINT('',#11088);
#8327=CIRCLE('',#11089,0.1);
#8328=VERTEX_POINT('',#11090);
#8329=LINE('',#11091,#11092);
#8330=CIRCLE('',#11093,0.1);
#8331=VERTEX_POINT('',#11094);
#8332=LINE('',#11095,#11096);
#8333=VERTEX_POINT('',#11097);
#8334=LINE('',#11098,#11099);
#8335=LINE('',#11100,#11101);
#8336=LINE('',#11102,#11103);
#8337=LINE('',#11104,#11105);
#8338=LINE('',#11106,#11107);
#8339=LINE('',#11108,#11109);
#8340=VERTEX_POINT('',#11110);
#8341=CIRCLE('',#11111,0.1);
#8342=VERTEX_POINT('',#11112);
#8343=LINE('',#11113,#11114);
#8344=CIRCLE('',#11115,0.1);
#8345=VERTEX_POINT('',#11116);
#8346=LINE('',#11117,#11118);
#8347=VERTEX_POINT('',#11119);
#8348=LINE('',#11120,#11121);
#8349=LINE('',#11122,#11123);
#8350=LINE('',#11124,#11125);
#8351=LINE('',#11126,#11127);
#8352=LINE('',#11128,#11129);
#8353=LINE('',#11130,#11131);
#8354=VERTEX_POINT('',#11132);
#8355=CIRCLE('',#11133,0.1);
#8356=VERTEX_POINT('',#11134);
#8357=LINE('',#11135,#11136);
#8358=CIRCLE('',#11137,0.1);
#8359=VERTEX_POINT('',#11138);
#8360=LINE('',#11139,#11140);
#8361=VERTEX_POINT('',#11141);
#8362=LINE('',#11142,#11143);
#8363=LINE('',#11144,#11145);
#8364=LINE('',#11146,#11147);
#8365=LINE('',#11148,#11149);
#8366=LINE('',#11150,#11151);
#8367=LINE('',#11152,#11153);
#8368=VERTEX_POINT('',#11154);
#8369=CIRCLE('',#11155,0.15);
#8370=VERTEX_POINT('',#11156);
#8371=CIRCLE('',#11157,0.15);
#8372=LINE('',#11158,#11159);
#8373=VERTEX_POINT('',#11160);
#8374=LINE('',#11161,#11162);
#8375=VERTEX_POINT('',#11163);
#8376=LINE('',#11164,#11165);
#8377=LINE('',#11166,#11167);
#8378=VERTEX_POINT('',#11168);
#8379=LINE('',#11169,#11170);
#8380=VERTEX_POINT('',#11171);
#8381=LINE('',#11172,#11173);
#8382=VERTEX_POINT('',#11174);
#8383=LINE('',#11175,#11176);
#8384=VERTEX_POINT('',#11177);
#8385=LINE('',#11178,#11179);
#8386=VERTEX_POINT('',#11180);
#8387=LINE('',#11181,#11182);
#8388=VERTEX_POINT('',#11183);
#8389=LINE('',#11184,#11185);
#8390=LINE('',#11186,#11187);
#8391=VERTEX_POINT('',#11188);
#8392=LINE('',#11189,#11190);
#8393=VERTEX_POINT('',#11191);
#8394=LINE('',#11192,#11193);
#8395=VERTEX_POINT('',#11194);
#8396=LINE('',#11195,#11196);
#8397=VERTEX_POINT('',#11197);
#8398=LINE('',#11198,#11199);
#8399=VERTEX_POINT('',#11200);
#8400=LINE('',#11201,#11202);
#8401=VERTEX_POINT('',#11203);
#8402=LINE('',#11204,#11205);
#8403=LINE('',#11206,#11207);
#8404=LINE('',#11208,#11209);
#8405=LINE('',#11210,#11211);
#8406=LINE('',#11212,#11213);
#8407=LINE('',#11214,#11215);
#8408=LINE('',#11216,#11217);
#8409=LINE('',#11218,#11219);
#8410=VERTEX_POINT('',#11220);
#8411=CIRCLE('',#11221,0.15);
#8412=VERTEX_POINT('',#11222);
#8413=CIRCLE('',#11223,0.15);
#8414=LINE('',#11224,#11225);
#8415=VERTEX_POINT('',#11226);
#8416=LINE('',#11227,#11228);
#8417=VERTEX_POINT('',#11229);
#8418=LINE('',#11230,#11231);
#8419=LINE('',#11232,#11233);
#8420=VERTEX_POINT('',#11234);
#8421=LINE('',#11235,#11236);
#8422=VERTEX_POINT('',#11237);
#8423=LINE('',#11238,#11239);
#8424=VERTEX_POINT('',#11240);
#8425=LINE('',#11241,#11242);
#8426=VERTEX_POINT('',#11243);
#8427=LINE('',#11244,#11245);
#8428=VERTEX_POINT('',#11246);
#8429=LINE('',#11247,#11248);
#8430=VERTEX_POINT('',#11249);
#8431=LINE('',#11250,#11251);
#8432=LINE('',#11252,#11253);
#8433=VERTEX_POINT('',#11254);
#8434=LINE('',#11255,#11256);
#8435=VERTEX_POINT('',#11257);
#8436=LINE('',#11258,#11259);
#8437=VERTEX_POINT('',#11260);
#8438=LINE('',#11261,#11262);
#8439=VERTEX_POINT('',#11263);
#8440=LINE('',#11264,#11265);
#8441=VERTEX_POINT('',#11266);
#8442=LINE('',#11267,#11268);
#8443=VERTEX_POINT('',#11269);
#8444=LINE('',#11270,#11271);
#8445=LINE('',#11272,#11273);
#8446=LINE('',#11274,#11275);
#8447=LINE('',#11276,#11277);
#8448=LINE('',#11278,#11279);
#8449=LINE('',#11280,#11281);
#8450=LINE('',#11282,#11283);
#8451=LINE('',#11284,#11285);
#8452=VERTEX_POINT('',#11286);
#8453=CIRCLE('',#11287,0.15);
#8454=VERTEX_POINT('',#11288);
#8455=CIRCLE('',#11289,0.15);
#8456=LINE('',#11290,#11291);
#8457=VERTEX_POINT('',#11292);
#8458=LINE('',#11293,#11294);
#8459=VERTEX_POINT('',#11295);
#8460=LINE('',#11296,#11297);
#8461=LINE('',#11298,#11299);
#8462=VERTEX_POINT('',#11300);
#8463=LINE('',#11301,#11302);
#8464=VERTEX_POINT('',#11303);
#8465=LINE('',#11304,#11305);
#8466=VERTEX_POINT('',#11306);
#8467=LINE('',#11307,#11308);
#8468=VERTEX_POINT('',#11309);
#8469=LINE('',#11310,#11311);
#8470=VERTEX_POINT('',#11312);
#8471=LINE('',#11313,#11314);
#8472=VERTEX_POINT('',#11315);
#8473=LINE('',#11316,#11317);
#8474=LINE('',#11318,#11319);
#8475=VERTEX_POINT('',#11320);
#8476=LINE('',#11321,#11322);
#8477=VERTEX_POINT('',#11323);
#8478=LINE('',#11324,#11325);
#8479=VERTEX_POINT('',#11326);
#8480=LINE('',#11327,#11328);
#8481=VERTEX_POINT('',#11329);
#8482=LINE('',#11330,#11331);
#8483=VERTEX_POINT('',#11332);
#8484=LINE('',#11333,#11334);
#8485=VERTEX_POINT('',#11335);
#8486=LINE('',#11336,#11337);
#8487=LINE('',#11338,#11339);
#8488=LINE('',#11340,#11341);
#8489=LINE('',#11342,#11343);
#8490=LINE('',#11344,#11345);
#8491=LINE('',#11346,#11347);
#8492=LINE('',#11348,#11349);
#8493=LINE('',#11350,#11351);
#8494=VERTEX_POINT('',#11352);
#8495=CIRCLE('',#11353,0.15);
#8496=VERTEX_POINT('',#11354);
#8497=CIRCLE('',#11355,0.15);
#8498=LINE('',#11356,#11357);
#8499=VERTEX_POINT('',#11358);
#8500=LINE('',#11359,#11360);
#8501=VERTEX_POINT('',#11361);
#8502=LINE('',#11362,#11363);
#8503=LINE('',#11364,#11365);
#8504=VERTEX_POINT('',#11366);
#8505=LINE('',#11367,#11368);
#8506=VERTEX_POINT('',#11369);
#8507=LINE('',#11370,#11371);
#8508=VERTEX_POINT('',#11372);
#8509=LINE('',#11373,#11374);
#8510=VERTEX_POINT('',#11375);
#8511=LINE('',#11376,#11377);
#8512=VERTEX_POINT('',#11378);
#8513=LINE('',#11379,#11380);
#8514=VERTEX_POINT('',#11381);
#8515=LINE('',#11382,#11383);
#8516=LINE('',#11384,#11385);
#8517=VERTEX_POINT('',#11386);
#8518=LINE('',#11387,#11388);
#8519=VERTEX_POINT('',#11389);
#8520=LINE('',#11390,#11391);
#8521=VERTEX_POINT('',#11392);
#8522=LINE('',#11393,#11394);
#8523=VERTEX_POINT('',#11395);
#8524=LINE('',#11396,#11397);
#8525=VERTEX_POINT('',#11398);
#8526=LINE('',#11399,#11400);
#8527=VERTEX_POINT('',#11401);
#8528=LINE('',#11402,#11403);
#8529=LINE('',#11404,#11405);
#8530=LINE('',#11406,#11407);
#8531=LINE('',#11408,#11409);
#8532=LINE('',#11410,#11411);
#8533=LINE('',#11412,#11413);
#8534=LINE('',#11414,#11415);
#8535=LINE('',#11416,#11417);
#8536=VERTEX_POINT('',#11418);
#8537=CIRCLE('',#11419,0.15);
#8538=VERTEX_POINT('',#11420);
#8539=CIRCLE('',#11421,0.15);
#8540=LINE('',#11422,#11423);
#8541=VERTEX_POINT('',#11424);
#8542=LINE('',#11425,#11426);
#8543=VERTEX_POINT('',#11427);
#8544=LINE('',#11428,#11429);
#8545=LINE('',#11430,#11431);
#8546=VERTEX_POINT('',#11432);
#8547=LINE('',#11433,#11434);
#8548=VERTEX_POINT('',#11435);
#8549=LINE('',#11436,#11437);
#8550=VERTEX_POINT('',#11438);
#8551=LINE('',#11439,#11440);
#8552=VERTEX_POINT('',#11441);
#8553=LINE('',#11442,#11443);
#8554=VERTEX_POINT('',#11444);
#8555=LINE('',#11445,#11446);
#8556=VERTEX_POINT('',#11447);
#8557=LINE('',#11448,#11449);
#8558=LINE('',#11450,#11451);
#8559=VERTEX_POINT('',#11452);
#8560=LINE('',#11453,#11454);
#8561=VERTEX_POINT('',#11455);
#8562=LINE('',#11456,#11457);
#8563=VERTEX_POINT('',#11458);
#8564=LINE('',#11459,#11460);
#8565=VERTEX_POINT('',#11461);
#8566=LINE('',#11462,#11463);
#8567=VERTEX_POINT('',#11464);
#8568=LINE('',#11465,#11466);
#8569=VERTEX_POINT('',#11467);
#8570=LINE('',#11468,#11469);
#8571=LINE('',#11470,#11471);
#8572=LINE('',#11472,#11473);
#8573=LINE('',#11474,#11475);
#8574=LINE('',#11476,#11477);
#8575=LINE('',#11478,#11479);
#8576=LINE('',#11480,#11481);
#8577=LINE('',#11482,#11483);
#8578=VERTEX_POINT('',#11484);
#8579=CIRCLE('',#11485,0.15);
#8580=VERTEX_POINT('',#11486);
#8581=CIRCLE('',#11487,0.15);
#8582=LINE('',#11488,#11489);
#8583=VERTEX_POINT('',#11490);
#8584=LINE('',#11491,#11492);
#8585=VERTEX_POINT('',#11493);
#8586=LINE('',#11494,#11495);
#8587=LINE('',#11496,#11497);
#8588=VERTEX_POINT('',#11498);
#8589=LINE('',#11499,#11500);
#8590=VERTEX_POINT('',#11501);
#8591=LINE('',#11502,#11503);
#8592=VERTEX_POINT('',#11504);
#8593=LINE('',#11505,#11506);
#8594=VERTEX_POINT('',#11507);
#8595=LINE('',#11508,#11509);
#8596=VERTEX_POINT('',#11510);
#8597=LINE('',#11511,#11512);
#8598=VERTEX_POINT('',#11513);
#8599=LINE('',#11514,#11515);
#8600=LINE('',#11516,#11517);
#8601=VERTEX_POINT('',#11518);
#8602=LINE('',#11519,#11520);
#8603=VERTEX_POINT('',#11521);
#8604=LINE('',#11522,#11523);
#8605=VERTEX_POINT('',#11524);
#8606=LINE('',#11525,#11526);
#8607=VERTEX_POINT('',#11527);
#8608=LINE('',#11528,#11529);
#8609=VERTEX_POINT('',#11530);
#8610=LINE('',#11531,#11532);
#8611=VERTEX_POINT('',#11533);
#8612=LINE('',#11534,#11535);
#8613=LINE('',#11536,#11537);
#8614=LINE('',#11538,#11539);
#8615=LINE('',#11540,#11541);
#8616=LINE('',#11542,#11543);
#8617=LINE('',#11544,#11545);
#8618=LINE('',#11546,#11547);
#8619=LINE('',#11548,#11549);
#8620=VERTEX_POINT('',#11550);
#8621=CIRCLE('',#11551,0.15);
#8622=VERTEX_POINT('',#11552);
#8623=CIRCLE('',#11553,0.15);
#8624=LINE('',#11554,#11555);
#8625=VERTEX_POINT('',#11556);
#8626=LINE('',#11557,#11558);
#8627=VERTEX_POINT('',#11559);
#8628=LINE('',#11560,#11561);
#8629=LINE('',#11562,#11563);
#8630=VERTEX_POINT('',#11564);
#8631=LINE('',#11565,#11566);
#8632=VERTEX_POINT('',#11567);
#8633=LINE('',#11568,#11569);
#8634=VERTEX_POINT('',#11570);
#8635=LINE('',#11571,#11572);
#8636=VERTEX_POINT('',#11573);
#8637=LINE('',#11574,#11575);
#8638=VERTEX_POINT('',#11576);
#8639=LINE('',#11577,#11578);
#8640=VERTEX_POINT('',#11579);
#8641=LINE('',#11580,#11581);
#8642=LINE('',#11582,#11583);
#8643=VERTEX_POINT('',#11584);
#8644=LINE('',#11585,#11586);
#8645=VERTEX_POINT('',#11587);
#8646=LINE('',#11588,#11589);
#8647=VERTEX_POINT('',#11590);
#8648=LINE('',#11591,#11592);
#8649=VERTEX_POINT('',#11593);
#8650=LINE('',#11594,#11595);
#8651=VERTEX_POINT('',#11596);
#8652=LINE('',#11597,#11598);
#8653=VERTEX_POINT('',#11599);
#8654=LINE('',#11600,#11601);
#8655=LINE('',#11602,#11603);
#8656=LINE('',#11604,#11605);
#8657=LINE('',#11606,#11607);
#8658=LINE('',#11608,#11609);
#8659=LINE('',#11610,#11611);
#8660=LINE('',#11612,#11613);
#8661=LINE('',#11614,#11615);
#8662=VERTEX_POINT('',#11616);
#8663=CIRCLE('',#11617,0.15);
#8664=VERTEX_POINT('',#11618);
#8665=CIRCLE('',#11619,0.15);
#8666=LINE('',#11620,#11621);
#8667=VERTEX_POINT('',#11622);
#8668=LINE('',#11623,#11624);
#8669=VERTEX_POINT('',#11625);
#8670=LINE('',#11626,#11627);
#8671=LINE('',#11628,#11629);
#8672=VERTEX_POINT('',#11630);
#8673=LINE('',#11631,#11632);
#8674=VERTEX_POINT('',#11633);
#8675=LINE('',#11634,#11635);
#8676=VERTEX_POINT('',#11636);
#8677=LINE('',#11637,#11638);
#8678=VERTEX_POINT('',#11639);
#8679=LINE('',#11640,#11641);
#8680=VERTEX_POINT('',#11642);
#8681=LINE('',#11643,#11644);
#8682=VERTEX_POINT('',#11645);
#8683=LINE('',#11646,#11647);
#8684=LINE('',#11648,#11649);
#8685=VERTEX_POINT('',#11650);
#8686=LINE('',#11651,#11652);
#8687=VERTEX_POINT('',#11653);
#8688=LINE('',#11654,#11655);
#8689=VERTEX_POINT('',#11656);
#8690=LINE('',#11657,#11658);
#8691=VERTEX_POINT('',#11659);
#8692=LINE('',#11660,#11661);
#8693=VERTEX_POINT('',#11662);
#8694=LINE('',#11663,#11664);
#8695=VERTEX_POINT('',#11665);
#8696=LINE('',#11666,#11667);
#8697=LINE('',#11668,#11669);
#8698=LINE('',#11670,#11671);
#8699=LINE('',#11672,#11673);
#8700=LINE('',#11674,#11675);
#8701=LINE('',#11676,#11677);
#8702=LINE('',#11678,#11679);
#8703=LINE('',#11680,#11681);
#8704=VERTEX_POINT('',#11682);
#8705=CIRCLE('',#11683,0.15);
#8706=VERTEX_POINT('',#11684);
#8707=CIRCLE('',#11685,0.15);
#8708=LINE('',#11686,#11687);
#8709=VERTEX_POINT('',#11688);
#8710=LINE('',#11689,#11690);
#8711=VERTEX_POINT('',#11691);
#8712=LINE('',#11692,#11693);
#8713=LINE('',#11694,#11695);
#8714=VERTEX_POINT('',#11696);
#8715=LINE('',#11697,#11698);
#8716=VERTEX_POINT('',#11699);
#8717=LINE('',#11700,#11701);
#8718=VERTEX_POINT('',#11702);
#8719=LINE('',#11703,#11704);
#8720=VERTEX_POINT('',#11705);
#8721=LINE('',#11706,#11707);
#8722=VERTEX_POINT('',#11708);
#8723=LINE('',#11709,#11710);
#8724=VERTEX_POINT('',#11711);
#8725=LINE('',#11712,#11713);
#8726=LINE('',#11714,#11715);
#8727=VERTEX_POINT('',#11716);
#8728=LINE('',#11717,#11718);
#8729=VERTEX_POINT('',#11719);
#8730=LINE('',#11720,#11721);
#8731=VERTEX_POINT('',#11722);
#8732=LINE('',#11723,#11724);
#8733=VERTEX_POINT('',#11725);
#8734=LINE('',#11726,#11727);
#8735=VERTEX_POINT('',#11728);
#8736=LINE('',#11729,#11730);
#8737=VERTEX_POINT('',#11731);
#8738=LINE('',#11732,#11733);
#8739=LINE('',#11734,#11735);
#8740=LINE('',#11736,#11737);
#8741=LINE('',#11738,#11739);
#8742=LINE('',#11740,#11741);
#8743=LINE('',#11742,#11743);
#8744=LINE('',#11744,#11745);
#8745=LINE('',#11746,#11747);
#8746=VERTEX_POINT('',#11748);
#8747=VERTEX_POINT('',#11749);
#8748=LINE('',#11750,#11751);
#8749=VERTEX_POINT('',#11752);
#8750=LINE('',#11753,#11754);
#8751=VERTEX_POINT('',#11755);
#8752=LINE('',#11756,#11757);
#8753=VERTEX_POINT('',#11758);
#8754=LINE('',#11759,#11760);
#8755=VERTEX_POINT('',#11761);
#8756=LINE('',#11762,#11763);
#8757=VERTEX_POINT('',#11764);
#8758=LINE('',#11765,#11766);
#8759=VERTEX_POINT('',#11767);
#8760=LINE('',#11768,#11769);
#8761=VERTEX_POINT('',#11770);
#8762=LINE('',#11771,#11772);
#8763=VERTEX_POINT('',#11773);
#8764=LINE('',#11774,#11775);
#8765=VERTEX_POINT('',#11776);
#8766=LINE('',#11777,#11778);
#8767=VERTEX_POINT('',#11779);
#8768=LINE('',#11780,#11781);
#8769=LINE('',#11782,#11783);
#8770=CIRCLE('',#11784,0.15);
#8771=CIRCLE('',#11785,0.15);
#8772=VERTEX_POINT('',#11786);
#8773=CIRCLE('',#11787,0.4);
#8774=VERTEX_POINT('',#11788);
#8775=CIRCLE('',#11789,0.4);
#8776=LINE('',#11790,#11791);
#8777=VERTEX_POINT('',#11792);
#8778=VERTEX_POINT('',#11793);
#8779=LINE('',#11794,#11795);
#8780=VERTEX_POINT('',#11796);
#8781=LINE('',#11797,#11798);
#8782=VERTEX_POINT('',#11799);
#8783=LINE('',#11800,#11801);
#8784=VERTEX_POINT('',#11802);
#8785=LINE('',#11803,#11804);
#8786=VERTEX_POINT('',#11805);
#8787=LINE('',#11806,#11807);
#8788=VERTEX_POINT('',#11808);
#8789=LINE('',#11809,#11810);
#8790=VERTEX_POINT('',#11811);
#8791=LINE('',#11812,#11813);
#8792=VERTEX_POINT('',#11814);
#8793=LINE('',#11815,#11816);
#8794=LINE('',#11817,#11818);
#8795=VERTEX_POINT('',#11819);
#8796=LINE('',#11820,#11821);
#8797=LINE('',#11822,#11823);
#8798=VERTEX_POINT('',#11824);
#8799=VERTEX_POINT('',#11825);
#8800=LINE('',#11826,#11827);
#8801=VERTEX_POINT('',#11828);
#8802=LINE('',#11829,#11830);
#8803=VERTEX_POINT('',#11831);
#8804=LINE('',#11832,#11833);
#8805=LINE('',#11834,#11835);
#8806=VERTEX_POINT('',#11836);
#8807=LINE('',#11837,#11838);
#8808=VERTEX_POINT('',#11839);
#8809=LINE('',#11840,#11841);
#8810=LINE('',#11842,#11843);
#8811=VERTEX_POINT('',#11844);
#8812=LINE('',#11845,#11846);
#8813=VERTEX_POINT('',#11847);
#8814=LINE('',#11848,#11849);
#8815=LINE('',#11850,#11851);
#8816=CIRCLE('',#11852,0.15);
#8817=CIRCLE('',#11853,0.15);
#8818=CIRCLE('',#11854,0.4);
#8819=CIRCLE('',#11855,0.4);
#8820=LINE('',#11856,#11857);
#8821=LINE('',#11858,#11859);
#8822=LINE('',#11860,#11861);
#8823=LINE('',#11862,#11863);
#8824=LINE('',#11864,#11865);
#8825=LINE('',#11866,#11867);
#8826=LINE('',#11868,#11869);
#8827=LINE('',#11870,#11871);
#8828=VERTEX_POINT('',#11872);
#8829=CIRCLE('',#11873,0.4);
#8830=VERTEX_POINT('',#11874);
#8831=LINE('',#11875,#11876);
#8832=CIRCLE('',#11877,0.4);
#8833=VERTEX_POINT('',#11878);
#8834=CIRCLE('',#11879,0.15);
#8835=VERTEX_POINT('',#11880);
#8836=LINE('',#11881,#11882);
#8837=CIRCLE('',#11883,0.15);
#8838=VERTEX_POINT('',#11884);
#8839=LINE('',#11885,#11886);
#8840=VERTEX_POINT('',#11887);
#8841=LINE('',#11888,#11889);
#8842=LINE('',#11890,#11891);
#8843=VERTEX_POINT('',#11892);
#8844=LINE('',#11893,#11894);
#8845=VERTEX_POINT('',#11895);
#8846=LINE('',#11896,#11897);
#8847=LINE('',#11898,#11899);
#8848=VERTEX_POINT('',#11900);
#8849=LINE('',#11901,#11902);
#8850=VERTEX_POINT('',#11903);
#8851=LINE('',#11904,#11905);
#8852=VERTEX_POINT('',#11906);
#8853=LINE('',#11907,#11908);
#8854=VERTEX_POINT('',#11909);
#8855=LINE('',#11910,#11911);
#8856=VERTEX_POINT('',#11912);
#8857=LINE('',#11913,#11914);
#8858=VERTEX_POINT('',#11915);
#8859=LINE('',#11916,#11917);
#8860=VERTEX_POINT('',#11918);
#8861=LINE('',#11919,#11920);
#8862=VERTEX_POINT('',#11921);
#8863=LINE('',#11922,#11923);
#8864=LINE('',#11924,#11925);
#8865=VERTEX_POINT('',#11926);
#8866=LINE('',#11927,#11928);
#8867=VERTEX_POINT('',#11929);
#8868=LINE('',#11930,#11931);
#8869=VERTEX_POINT('',#11932);
#8870=LINE('',#11933,#11934);
#8871=VERTEX_POINT('',#11935);
#8872=LINE('',#11936,#11937);
#8873=VERTEX_POINT('',#11938);
#8874=LINE('',#11939,#11940);
#8875=VERTEX_POINT('',#11941);
#8876=LINE('',#11942,#11943);
#8877=VERTEX_POINT('',#11944);
#8878=LINE('',#11945,#11946);
#8879=VERTEX_POINT('',#11947);
#8880=LINE('',#11948,#11949);
#8881=LINE('',#11950,#11951);
#8882=LINE('',#11952,#11953);
#8883=VERTEX_POINT('',#11954);
#8884=CIRCLE('',#11955,0.4);
#8885=VERTEX_POINT('',#11956);
#8886=LINE('',#11957,#11958);
#8887=VERTEX_POINT('',#11959);
#8888=LINE('',#11960,#11961);
#8889=VERTEX_POINT('',#11962);
#8890=LINE('',#11963,#11964);
#8891=CIRCLE('',#11965,0.15);
#8892=LINE('',#11966,#11967);
#8893=VERTEX_POINT('',#11968);
#8894=CIRCLE('',#11969,0.15);
#8895=VERTEX_POINT('',#11970);
#8896=LINE('',#11971,#11972);
#8897=VERTEX_POINT('',#11973);
#8898=LINE('',#11974,#11975);
#8899=VERTEX_POINT('',#11976);
#8900=LINE('',#11977,#11978);
#8901=CIRCLE('',#11979,0.4);
#8902=LINE('',#11980,#11981);
#8903=LINE('',#11982,#11983);
#8904=LINE('',#11984,#11985);
#8905=LINE('',#11986,#11987);
#8906=LINE('',#11988,#11989);
#8907=LINE('',#11990,#11991);
#8908=LINE('',#11992,#11993);
#8909=LINE('',#11994,#11995);
#8910=CARTESIAN_POINT('',(3.34,0.450000000000001,1.6));
#8911=CARTESIAN_POINT('',(3.66,0.450000000000001,1.6));
#8912=CARTESIAN_POINT('',(3.66,0.450000000000001,1.6));
#8913=VECTOR('',#11996,1.0);
#8914=CARTESIAN_POINT('',(3.34,0.550000000000001,1.7));
#8915=AXIS2_PLACEMENT_3D('',#11997,#11998,#11999);
#8916=CARTESIAN_POINT('',(3.66,0.550000000000001,1.7));
#8917=CARTESIAN_POINT('',(3.66,0.550000000000001,1.7));
#8918=VECTOR('',#12000,1.0);
#8919=AXIS2_PLACEMENT_3D('',#12001,#12002,#12003);
#8920=CARTESIAN_POINT('',(2.34,0.450000000000001,1.6));
#8921=CARTESIAN_POINT('',(2.66,0.450000000000001,1.6));
#8922=CARTESIAN_POINT('',(2.66,0.450000000000001,1.6));
#8923=VECTOR('',#12004,1.0);
#8924=CARTESIAN_POINT('',(2.34,0.550000000000001,1.7));
#8925=AXIS2_PLACEMENT_3D('',#12005,#12006,#12007);
#8926=CARTESIAN_POINT('',(2.66,0.550000000000001,1.7));
#8927=CARTESIAN_POINT('',(2.66,0.550000000000001,1.7));
#8928=VECTOR('',#12008,1.0);
#8929=AXIS2_PLACEMENT_3D('',#12009,#12010,#12011);
#8930=CARTESIAN_POINT('',(1.34,0.450000000000001,1.6));
#8931=CARTESIAN_POINT('',(1.66,0.450000000000001,1.6));
#8932=CARTESIAN_POINT('',(1.66,0.450000000000001,1.6));
#8933=VECTOR('',#12012,1.0);
#8934=CARTESIAN_POINT('',(1.34,0.550000000000001,1.7));
#8935=AXIS2_PLACEMENT_3D('',#12013,#12014,#12015);
#8936=CARTESIAN_POINT('',(1.66,0.550000000000001,1.7));
#8937=CARTESIAN_POINT('',(1.66,0.550000000000001,1.7));
#8938=VECTOR('',#12016,1.0);
#8939=AXIS2_PLACEMENT_3D('',#12017,#12018,#12019);
#8940=CARTESIAN_POINT('',(0.340000000000002,0.450000000000001,1.6));
#8941=CARTESIAN_POINT('',(0.660000000000002,0.450000000000001,1.6));
#8942=CARTESIAN_POINT('',(0.660000000000002,0.450000000000001,1.6));
#8943=VECTOR('',#12020,1.0);
#8944=CARTESIAN_POINT('',(0.340000000000002,0.550000000000001,1.7));
#8945=AXIS2_PLACEMENT_3D('',#12021,#12022,#12023);
#8946=CARTESIAN_POINT('',(0.660000000000002,0.550000000000001,1.7));
#8947=CARTESIAN_POINT('',(0.660000000000002,0.550000000000001,1.7));
#8948=VECTOR('',#12024,1.0);
#8949=AXIS2_PLACEMENT_3D('',#12025,#12026,#12027);
#8950=CARTESIAN_POINT('',(-0.659999999999998,0.450000000000001,1.6));
#8951=CARTESIAN_POINT('',(-0.339999999999998,0.450000000000001,1.6));
#8952=CARTESIAN_POINT('',(-0.339999999999998,0.450000000000001,1.6));
#8953=VECTOR('',#12028,1.0);
#8954=CARTESIAN_POINT('',(-0.659999999999998,0.550000000000001,1.7));
#8955=AXIS2_PLACEMENT_3D('',#12029,#12030,#12031);
#8956=CARTESIAN_POINT('',(-0.339999999999998,0.550000000000001,1.7));
#8957=CARTESIAN_POINT('',(-0.339999999999998,0.550000000000001,1.7));
#8958=VECTOR('',#12032,1.0);
#8959=AXIS2_PLACEMENT_3D('',#12033,#12034,#12035);
#8960=CARTESIAN_POINT('',(-1.66,0.450000000000001,1.6));
#8961=CARTESIAN_POINT('',(-1.34,0.450000000000001,1.6));
#8962=CARTESIAN_POINT('',(-1.34,0.450000000000001,1.6));
#8963=VECTOR('',#12036,1.0);
#8964=CARTESIAN_POINT('',(-1.66,0.550000000000001,1.7));
#8965=AXIS2_PLACEMENT_3D('',#12037,#12038,#12039);
#8966=CARTESIAN_POINT('',(-1.34,0.550000000000001,1.7));
#8967=CARTESIAN_POINT('',(-1.34,0.550000000000001,1.7));
#8968=VECTOR('',#12040,1.0);
#8969=AXIS2_PLACEMENT_3D('',#12041,#12042,#12043);
#8970=CARTESIAN_POINT('',(-2.66,0.450000000000001,1.6));
#8971=CARTESIAN_POINT('',(-2.34,0.450000000000001,1.6));
#8972=CARTESIAN_POINT('',(-2.34,0.450000000000001,1.6));
#8973=VECTOR('',#12044,1.0);
#8974=CARTESIAN_POINT('',(-2.66,0.550000000000001,1.7));
#8975=AXIS2_PLACEMENT_3D('',#12045,#12046,#12047);
#8976=CARTESIAN_POINT('',(-2.34,0.550000000000001,1.7));
#8977=CARTESIAN_POINT('',(-2.34,0.550000000000001,1.7));
#8978=VECTOR('',#12048,1.0);
#8979=AXIS2_PLACEMENT_3D('',#12049,#12050,#12051);
#8980=CARTESIAN_POINT('',(-3.66,0.450000000000001,1.6));
#8981=CARTESIAN_POINT('',(-3.34,0.450000000000001,1.6));
#8982=CARTESIAN_POINT('',(-3.34,0.450000000000001,1.6));
#8983=VECTOR('',#12052,1.0);
#8984=CARTESIAN_POINT('',(-3.66,0.550000000000001,1.7));
#8985=AXIS2_PLACEMENT_3D('',#12053,#12054,#12055);
#8986=CARTESIAN_POINT('',(-3.34,0.550000000000001,1.7));
#8987=CARTESIAN_POINT('',(-3.34,0.550000000000001,1.7));
#8988=VECTOR('',#12056,1.0);
#8989=AXIS2_PLACEMENT_3D('',#12057,#12058,#12059);
#8990=CARTESIAN_POINT('',(-4.66,0.450000000000001,1.6));
#8991=CARTESIAN_POINT('',(-4.34,0.450000000000001,1.6));
#8992=CARTESIAN_POINT('',(-4.34,0.450000000000001,1.6));
#8993=VECTOR('',#12060,1.0);
#8994=CARTESIAN_POINT('',(-4.66,0.550000000000001,1.7));
#8995=AXIS2_PLACEMENT_3D('',#12061,#12062,#12063);
#8996=CARTESIAN_POINT('',(-4.34,0.550000000000001,1.7));
#8997=CARTESIAN_POINT('',(-4.34,0.550000000000001,1.7));
#8998=VECTOR('',#12064,1.0);
#8999=AXIS2_PLACEMENT_3D('',#12065,#12066,#12067);
#9000=CARTESIAN_POINT('',(4.34,0.450000000000001,1.6));
#9001=CARTESIAN_POINT('',(4.66,0.450000000000001,1.6));
#9002=CARTESIAN_POINT('',(4.66,0.450000000000001,1.6));
#9003=VECTOR('',#12068,1.0);
#9004=CARTESIAN_POINT('',(4.34,0.550000000000001,1.7));
#9005=AXIS2_PLACEMENT_3D('',#12069,#12070,#12071);
#9006=CARTESIAN_POINT('',(4.66,0.550000000000001,1.7));
#9007=CARTESIAN_POINT('',(4.66,0.550000000000001,1.7));
#9008=VECTOR('',#12072,1.0);
#9009=AXIS2_PLACEMENT_3D('',#12073,#12074,#12075);
#9010=CARTESIAN_POINT('',(-6.995,1.50585062420488,1.92));
#9011=CARTESIAN_POINT('',(-6.995,1.50585062420488,1.32));
#9012=CARTESIAN_POINT('',(-6.995,1.50585062420488,1.62));
#9013=VECTOR('',#12076,1.0);
#9014=CARTESIAN_POINT('',(-6.96277931423174,1.61470879668599,1.92));
#9015=AXIS2_PLACEMENT_3D('',#12077,#12078,#12079);
#9016=CARTESIAN_POINT('',(-6.96277931423174,1.61470879668599,1.32));
#9017=CARTESIAN_POINT('',(-6.96277931423174,1.61470879668599,1.32));
#9018=VECTOR('',#12080,1.0);
#9019=AXIS2_PLACEMENT_3D('',#12081,#12082,#12083);
#9020=CARTESIAN_POINT('',(6.995,1.50585062420488,1.32));
#9021=CARTESIAN_POINT('',(6.995,1.50585062420488,1.92));
#9022=CARTESIAN_POINT('',(6.995,1.50585062420488,1.62));
#9023=VECTOR('',#12084,1.0);
#9024=CARTESIAN_POINT('',(6.96277931423174,1.61470879668599,1.32));
#9025=AXIS2_PLACEMENT_3D('',#12085,#12086,#12087);
#9026=CARTESIAN_POINT('',(6.96277931423174,1.61470879668599,1.92));
#9027=CARTESIAN_POINT('',(6.96277931423174,1.61470879668599,1.32));
#9028=VECTOR('',#12088,1.0);
#9029=AXIS2_PLACEMENT_3D('',#12089,#12090,#12091);
#9030=CARTESIAN_POINT('',(-6.875,0.95,1.92));
#9031=CARTESIAN_POINT('',(-6.875,0.95,0.799999999999998));
#9032=CARTESIAN_POINT('',(-6.875,0.95,2.05));
#9033=VECTOR('',#12092,1.0);
#9034=CARTESIAN_POINT('',(-6.875,1.0,1.92));
#9035=CARTESIAN_POINT('',(-6.875,3.1,1.92));
#9036=VECTOR('',#12093,1.0);
#9037=CARTESIAN_POINT('',(-6.875,1.0,1.32));
#9038=CARTESIAN_POINT('',(-6.875,1.0,1.32));
#9039=VECTOR('',#12094,1.0);
#9040=CARTESIAN_POINT('',(-6.875,1.75,1.32));
#9041=CARTESIAN_POINT('',(-6.875,1.75,1.32));
#9042=VECTOR('',#12095,1.0);
#9043=CARTESIAN_POINT('',(-6.875,1.75,1.92));
#9044=CARTESIAN_POINT('',(-6.875,1.75,1.32));
#9045=VECTOR('',#12096,1.0);
#9046=CARTESIAN_POINT('',(-6.875,2.25,1.92));
#9047=CARTESIAN_POINT('',(-6.875,3.1,1.92));
#9048=VECTOR('',#12097,1.0);
#9049=CARTESIAN_POINT('',(-6.875,2.25,1.32));
#9050=CARTESIAN_POINT('',(-6.875,2.25,1.32));
#9051=VECTOR('',#12098,1.0);
#9052=CARTESIAN_POINT('',(-6.875,3.1,1.32));
#9053=CARTESIAN_POINT('',(-6.875,3.1,1.32));
#9054=VECTOR('',#12099,1.0);
#9055=CARTESIAN_POINT('',(-6.875,3.1,0.799999999999999));
#9056=CARTESIAN_POINT('',(-6.875,3.1,0.799999999999999));
#9057=VECTOR('',#12100,1.0);
#9058=CARTESIAN_POINT('',(-6.875,0.0,0.799999999999998));
#9059=VECTOR('',#12101,1.0);
#9060=CARTESIAN_POINT('',(-6.875,0.2,0.799999999999998));
#9061=CARTESIAN_POINT('',(-6.875,0.199999999999999,1.92));
#9062=CARTESIAN_POINT('',(-6.875,0.199999999999999,-24.03));
#9063=VECTOR('',#12102,1.0);
#9064=CARTESIAN_POINT('',(-6.875,-2.16840434497101E-16,0.799999999999998));
#9065=CARTESIAN_POINT('',(-6.875,0.0,0.799999999999998));
#9066=VECTOR('',#12103,1.0);
#9067=CARTESIAN_POINT('',(-6.875,-6.63212175236606E-16,1.92));
#9068=CARTESIAN_POINT('',(-6.875,-6.63212175236606E-16,1.92));
#9069=VECTOR('',#12104,1.0);
#9070=CARTESIAN_POINT('',(-6.875,3.1,1.92));
#9071=VECTOR('',#12105,1.0);
#9072=CARTESIAN_POINT('',(6.875,1.0,1.92));
#9073=CARTESIAN_POINT('',(6.875,0.95,1.92));
#9074=CARTESIAN_POINT('',(6.875,3.1,1.92));
#9075=VECTOR('',#12106,1.0);
#9076=CARTESIAN_POINT('',(6.875,0.95,0.799999999999998));
#9077=CARTESIAN_POINT('',(6.875,0.95,0.749999999999996));
#9078=VECTOR('',#12107,1.0);
#9079=CARTESIAN_POINT('',(6.875,3.1,0.799999999999999));
#9080=CARTESIAN_POINT('',(6.875,0.0,0.799999999999998));
#9081=VECTOR('',#12108,1.0);
#9082=CARTESIAN_POINT('',(6.875,3.1,1.32));
#9083=CARTESIAN_POINT('',(6.875,3.1,0.799999999999999));
#9084=VECTOR('',#12109,1.0);
#9085=CARTESIAN_POINT('',(6.875,2.25,1.32));
#9086=CARTESIAN_POINT('',(6.875,3.1,1.32));
#9087=VECTOR('',#12110,1.0);
#9088=CARTESIAN_POINT('',(6.875,2.25,1.92));
#9089=CARTESIAN_POINT('',(6.875,2.25,1.32));
#9090=VECTOR('',#12111,1.0);
#9091=CARTESIAN_POINT('',(6.875,1.75,1.92));
#9092=CARTESIAN_POINT('',(6.875,3.1,1.92));
#9093=VECTOR('',#12112,1.0);
#9094=CARTESIAN_POINT('',(6.875,1.75,1.32));
#9095=CARTESIAN_POINT('',(6.875,1.75,1.32));
#9096=VECTOR('',#12113,1.0);
#9097=CARTESIAN_POINT('',(6.875,1.0,1.32));
#9098=CARTESIAN_POINT('',(6.875,1.75,1.32));
#9099=VECTOR('',#12114,1.0);
#9100=CARTESIAN_POINT('',(6.875,1.0,1.32));
#9101=VECTOR('',#12115,1.0);
#9102=CARTESIAN_POINT('',(-6.475,7.15573433840433E-14,2.44999999999999));
#9103=CARTESIAN_POINT('',(-5.6,3.73230275386649E-14,2.44999999999999));
#9104=CARTESIAN_POINT('',(-6.475,7.16443623931911E-14,2.44999999999999));
#9105=VECTOR('',#12116,1.0);
#9106=CARTESIAN_POINT('',(-6.47499999999994,0.0,1.95000000000016));
#9107=CARTESIAN_POINT('',(-6.475,-2.2655965784226E-15,-24.03));
#9108=VECTOR('',#12117,1.0);
#9109=CARTESIAN_POINT('',(-6.07499999999995,-2.16840434497101E-16,1.95000000000016));
#9110=CARTESIAN_POINT('',(-6.47499999999994,0.0,1.95000000000016));
#9111=VECTOR('',#12118,1.0);
#9112=CARTESIAN_POINT('',(-6.075,0.0,1.45000000000013));
#9113=CARTESIAN_POINT('',(-6.075,0.0,0.749999999999996));
#9114=VECTOR('',#12119,1.0);
#9115=CARTESIAN_POINT('',(-5.6,0.0,1.45000000000012));
#9116=CARTESIAN_POINT('',(-5.525,0.0,1.45000000000012));
#9117=VECTOR('',#12120,1.0);
#9118=CARTESIAN_POINT('',(-5.6,-2.22044604925031E-16,1.4));
#9119=CARTESIAN_POINT('',(-5.6,-2.16840434497101E-16,1.4));
#9120=VECTOR('',#12121,1.0);
#9121=CARTESIAN_POINT('',(-6.175,-2.22044604925031E-16,1.4));
#9122=CARTESIAN_POINT('',(6.175,-2.22044604925031E-16,1.4));
#9123=VECTOR('',#12122,1.0);
#9124=CARTESIAN_POINT('',(-6.175,-2.16840434497101E-16,1.92));
#9125=CARTESIAN_POINT('',(-6.175,-6.63212175236606E-16,1.92));
#9126=VECTOR('',#12123,1.0);
#9127=CARTESIAN_POINT('',(-6.875,-6.63212175236606E-16,1.92));
#9128=VECTOR('',#12124,1.0);
#9129=CARTESIAN_POINT('',(6.875,-9.13012355777263E-17,0.799999999999998));
#9130=CARTESIAN_POINT('',(6.175,0.0,0.799999999999997));
#9131=VECTOR('',#12125,1.0);
#9132=CARTESIAN_POINT('',(6.875,-2.16840434497101E-16,1.92));
#9133=CARTESIAN_POINT('',(6.875,-6.63212175236606E-16,1.92));
#9134=VECTOR('',#12126,1.0);
#9135=CARTESIAN_POINT('',(6.175,-6.63212175236606E-16,1.92));
#9136=CARTESIAN_POINT('',(6.875,-6.63212175236606E-16,1.92));
#9137=VECTOR('',#12127,1.0);
#9138=CARTESIAN_POINT('',(6.175,-3.97682096109269E-16,1.4));
#9139=CARTESIAN_POINT('',(6.175,-6.63212175236606E-16,1.92));
#9140=VECTOR('',#12128,1.0);
#9141=CARTESIAN_POINT('',(5.6,-2.22044604925031E-16,1.4));
#9142=CARTESIAN_POINT('',(6.175,-2.22044604925031E-16,1.4));
#9143=VECTOR('',#12129,1.0);
#9144=CARTESIAN_POINT('',(5.6,0.0,1.44999999999997));
#9145=CARTESIAN_POINT('',(5.6,-2.16840434497101E-16,2.6));
#9146=VECTOR('',#12130,1.0);
#9147=CARTESIAN_POINT('',(6.075,0.0,1.44999999999996));
#9148=CARTESIAN_POINT('',(6.075,0.0,1.44999999999996));
#9149=VECTOR('',#12131,1.0);
#9150=CARTESIAN_POINT('',(6.075,0.0,1.95));
#9151=CARTESIAN_POINT('',(6.075,0.0,2.05));
#9152=VECTOR('',#12132,1.0);
#9153=CARTESIAN_POINT('',(6.475,-2.16840434497101E-16,1.94999999999999));
#9154=CARTESIAN_POINT('',(6.075,0.0,1.95));
#9155=VECTOR('',#12133,1.0);
#9156=CARTESIAN_POINT('',(6.475,-2.22044604925032E-15,2.44999999999999));
#9157=CARTESIAN_POINT('',(6.475,-2.16840434497101E-15,-24.03));
#9158=VECTOR('',#12134,1.0);
#9159=CARTESIAN_POINT('',(5.6,-2.65600500331765E-14,2.44999999999999));
#9160=CARTESIAN_POINT('',(5.4,-3.21233880866454E-14,2.44999999999999));
#9161=VECTOR('',#12135,1.0);
#9162=CARTESIAN_POINT('',(5.6,-2.16840434497101E-16,2.6));
#9163=CARTESIAN_POINT('',(5.6,-2.16840434497101E-16,2.6));
#9164=VECTOR('',#12136,1.0);
#9165=CARTESIAN_POINT('',(7.8,-2.16840434497101E-16,2.60000000000001));
#9166=CARTESIAN_POINT('',(7.8,-2.16840434497101E-16,2.60000000000001));
#9167=VECTOR('',#12137,1.0);
#9168=CARTESIAN_POINT('',(7.8,-2.16840434497101E-16,0.299999999999998));
#9169=CARTESIAN_POINT('',(7.8,-2.16840434497101E-16,0.299999999999998));
#9170=VECTOR('',#12138,1.0);
#9171=CARTESIAN_POINT('',(6.475,-2.16840434497101E-15,0.299999999999998));
#9172=CARTESIAN_POINT('',(-7.8,-2.16840434497101E-16,0.299999999999998));
#9173=VECTOR('',#12139,1.0);
#9174=CARTESIAN_POINT('',(6.475,0.0,0.749999999999996));
#9175=CARTESIAN_POINT('',(6.475,-2.16840434497101E-15,-24.03));
#9176=VECTOR('',#12140,1.0);
#9177=CARTESIAN_POINT('',(-6.475,-2.16840434497101E-16,0.749999999999996));
#9178=CARTESIAN_POINT('',(5.525,1.13519839222483E-16,0.749999999999996));
#9179=VECTOR('',#12141,1.0);
#9180=CARTESIAN_POINT('',(-6.475,-2.2655965784226E-15,0.299999999999998));
#9181=CARTESIAN_POINT('',(-6.475,-2.2655965784226E-15,-24.03));
#9182=VECTOR('',#12142,1.0);
#9183=CARTESIAN_POINT('',(-7.8,-2.16840434497101E-16,0.299999999999999));
#9184=CARTESIAN_POINT('',(-7.8,-2.16840434497101E-16,0.299999999999998));
#9185=VECTOR('',#12143,1.0);
#9186=CARTESIAN_POINT('',(-7.8,-2.16840434497101E-16,2.6));
#9187=CARTESIAN_POINT('',(-7.8,-2.16840434497101E-16,2.6));
#9188=VECTOR('',#12144,1.0);
#9189=CARTESIAN_POINT('',(-5.6,-2.16840434497101E-16,2.6));
#9190=CARTESIAN_POINT('',(-5.6,-2.16840434497101E-16,2.6));
#9191=VECTOR('',#12145,1.0);
#9192=CARTESIAN_POINT('',(-5.6,-2.16840434497101E-16,1.4));
#9193=VECTOR('',#12146,1.0);
#9194=CARTESIAN_POINT('',(-7.80000000000003,-0.7,2.29999999999989));
#9195=CARTESIAN_POINT('',(-7.80000000000003,-0.7,0.299999999999998));
#9196=CARTESIAN_POINT('',(-7.80000000000003,-0.7,-20.169999999999));
#9197=VECTOR('',#12147,1.0);
#9198=CARTESIAN_POINT('',(-7.8,-1.3,2.29999999999989));
#9199=CARTESIAN_POINT('',(-7.80000000000003,-1.3,2.29999999999989));
#9200=VECTOR('',#12148,1.0);
#9201=CARTESIAN_POINT('',(-7.8,-1.3,2.6));
#9202=CARTESIAN_POINT('',(-7.8,-1.3,2.6));
#9203=VECTOR('',#12149,1.0);
#9204=CARTESIAN_POINT('',(-7.8,-2.16840434497101E-16,2.6));
#9205=VECTOR('',#12150,1.0);
#9206=CARTESIAN_POINT('',(-7.80000000000003,-0.1,0.299999999999998));
#9207=CARTESIAN_POINT('',(-7.8,-2.16840434497101E-16,0.299999999999999));
#9208=VECTOR('',#12151,1.0);
#9209=CARTESIAN_POINT('',(-7.80000000000003,-0.1,2.29999999999989));
#9210=CARTESIAN_POINT('',(-7.80000000000003,-0.1,-20.169999999999));
#9211=VECTOR('',#12152,1.0);
#9212=CARTESIAN_POINT('',(-7.80000000000003,-0.5,2.29999999999989));
#9213=CARTESIAN_POINT('',(-7.80000000000003,-0.5,2.29999999999989));
#9214=VECTOR('',#12153,1.0);
#9215=CARTESIAN_POINT('',(-7.80000000000003,-0.5,0.299999999999998));
#9216=CARTESIAN_POINT('',(-7.80000000000003,-0.5,-20.169999999999));
#9217=VECTOR('',#12154,1.0);
#9218=CARTESIAN_POINT('',(-7.8,-2.16840434497101E-16,0.299999999999999));
#9219=VECTOR('',#12155,1.0);
#9220=CARTESIAN_POINT('',(7.8,-1.3,2.29999999999989));
#9221=CARTESIAN_POINT('',(7.8,-0.7,2.29999999999989));
#9222=CARTESIAN_POINT('',(7.8,-0.7,2.29999999999989));
#9223=VECTOR('',#12156,1.0);
#9224=CARTESIAN_POINT('',(7.8,-0.7,0.299999999999998));
#9225=CARTESIAN_POINT('',(7.8,-0.7,-20.169999999999));
#9226=VECTOR('',#12157,1.0);
#9227=CARTESIAN_POINT('',(7.8,-0.5,0.299999999999998));
#9228=CARTESIAN_POINT('',(7.8,-2.16840434497101E-16,0.299999999999998));
#9229=VECTOR('',#12158,1.0);
#9230=CARTESIAN_POINT('',(7.8,-0.5,2.29999999999989));
#9231=CARTESIAN_POINT('',(7.8,-0.5,-20.169999999999));
#9232=VECTOR('',#12159,1.0);
#9233=CARTESIAN_POINT('',(7.8,-0.1,2.29999999999989));
#9234=CARTESIAN_POINT('',(7.8,-0.1,2.29999999999989));
#9235=VECTOR('',#12160,1.0);
#9236=CARTESIAN_POINT('',(7.8,-0.1,0.299999999999998));
#9237=CARTESIAN_POINT('',(7.8,-0.1,-20.169999999999));
#9238=VECTOR('',#12161,1.0);
#9239=CARTESIAN_POINT('',(7.8,-2.16840434497101E-16,0.299999999999998));
#9240=VECTOR('',#12162,1.0);
#9241=CARTESIAN_POINT('',(7.8,-1.3,2.60000000000001));
#9242=CARTESIAN_POINT('',(7.8,-2.16840434497101E-16,2.60000000000001));
#9243=VECTOR('',#12163,1.0);
#9244=CARTESIAN_POINT('',(7.8,-1.3,0.299999999999998));
#9245=VECTOR('',#12164,1.0);
#9246=CARTESIAN_POINT('',(6.875,0.199999999999997,1.92));
#9247=CARTESIAN_POINT('',(6.875,0.199999999999999,0.799999999999999));
#9248=CARTESIAN_POINT('',(6.875,0.199999999999999,-24.03));
#9249=VECTOR('',#12165,1.0);
#9250=CARTESIAN_POINT('',(6.875,3.1,1.92));
#9251=VECTOR('',#12166,1.0);
#9252=CARTESIAN_POINT('',(6.875,0.0,0.799999999999998));
#9253=VECTOR('',#12167,1.0);
#9254=CARTESIAN_POINT('',(4.34,0.288196601125013,0.799999999999997));
#9255=CARTESIAN_POINT('',(4.66,0.288196601125013,0.799999999999997));
#9256=CARTESIAN_POINT('',(4.66,0.288196601125013,0.799999999999997));
#9257=VECTOR('',#12168,1.0);
#9258=CARTESIAN_POINT('',(4.66,1.9,0.799999999999998));
#9259=CARTESIAN_POINT('',(4.66,0.0,0.799999999999997));
#9260=VECTOR('',#12169,1.0);
#9261=CARTESIAN_POINT('',(5.425,1.9,0.799999999999998));
#9262=CARTESIAN_POINT('',(6.175,1.9,0.799999999999998));
#9263=VECTOR('',#12170,1.0);
#9264=CARTESIAN_POINT('',(5.425,1.25,0.799999999999998));
#9265=CARTESIAN_POINT('',(5.425,1.9,0.799999999999998));
#9266=VECTOR('',#12171,1.0);
#9267=CARTESIAN_POINT('',(6.175,1.25,0.799999999999999));
#9268=CARTESIAN_POINT('',(5.425,1.25,0.799999999999998));
#9269=VECTOR('',#12172,1.0);
#9270=CARTESIAN_POINT('',(6.175,3.1,0.799999999999999));
#9271=CARTESIAN_POINT('',(6.175,0.0,0.799999999999998));
#9272=VECTOR('',#12173,1.0);
#9273=CARTESIAN_POINT('',(6.875,3.1,0.799999999999999));
#9274=VECTOR('',#12174,1.0);
#9275=CARTESIAN_POINT('',(6.875,0.0,0.799999999999998));
#9276=VECTOR('',#12175,1.0);
#9277=CARTESIAN_POINT('',(-6.875,0.0,0.799999999999998));
#9278=VECTOR('',#12176,1.0);
#9279=CARTESIAN_POINT('',(-6.175,3.1,0.799999999999999));
#9280=CARTESIAN_POINT('',(-6.875,3.1,0.799999999999999));
#9281=VECTOR('',#12177,1.0);
#9282=CARTESIAN_POINT('',(-6.175,1.25,0.799999999999998));
#9283=CARTESIAN_POINT('',(-6.175,0.0,0.799999999999998));
#9284=VECTOR('',#12178,1.0);
#9285=CARTESIAN_POINT('',(-5.425,1.25,0.799999999999998));
#9286=CARTESIAN_POINT('',(-6.175,1.25,0.799999999999998));
#9287=VECTOR('',#12179,1.0);
#9288=CARTESIAN_POINT('',(-5.425,1.9,0.799999999999998));
#9289=CARTESIAN_POINT('',(-5.425,1.25,0.799999999999998));
#9290=VECTOR('',#12180,1.0);
#9291=CARTESIAN_POINT('',(-4.66,1.9,0.799999999999998));
#9292=CARTESIAN_POINT('',(6.175,1.9,0.799999999999998));
#9293=VECTOR('',#12181,1.0);
#9294=CARTESIAN_POINT('',(-4.66,0.288196601125013,0.799999999999997));
#9295=CARTESIAN_POINT('',(-4.66,0.0,0.799999999999997));
#9296=VECTOR('',#12182,1.0);
#9297=CARTESIAN_POINT('',(-4.34,0.288196601125013,0.799999999999997));
#9298=CARTESIAN_POINT('',(-4.34,0.288196601125013,0.799999999999997));
#9299=VECTOR('',#12183,1.0);
#9300=CARTESIAN_POINT('',(-4.34,1.9,0.799999999999998));
#9301=CARTESIAN_POINT('',(-4.34,0.0,0.799999999999997));
#9302=VECTOR('',#12184,1.0);
#9303=CARTESIAN_POINT('',(-3.66,1.9,0.799999999999998));
#9304=CARTESIAN_POINT('',(6.175,1.9,0.799999999999998));
#9305=VECTOR('',#12185,1.0);
#9306=CARTESIAN_POINT('',(-3.66,0.288196601125013,0.799999999999997));
#9307=CARTESIAN_POINT('',(-3.66,0.0,0.799999999999997));
#9308=VECTOR('',#12186,1.0);
#9309=CARTESIAN_POINT('',(-3.34,0.288196601125013,0.799999999999997));
#9310=CARTESIAN_POINT('',(-3.34,0.288196601125013,0.799999999999997));
#9311=VECTOR('',#12187,1.0);
#9312=CARTESIAN_POINT('',(-3.34,1.9,0.799999999999998));
#9313=CARTESIAN_POINT('',(-3.34,0.0,0.799999999999997));
#9314=VECTOR('',#12188,1.0);
#9315=CARTESIAN_POINT('',(-2.66,1.9,0.799999999999998));
#9316=CARTESIAN_POINT('',(6.175,1.9,0.799999999999998));
#9317=VECTOR('',#12189,1.0);
#9318=CARTESIAN_POINT('',(-2.66,0.288196601125013,0.799999999999997));
#9319=CARTESIAN_POINT('',(-2.66,0.0,0.799999999999997));
#9320=VECTOR('',#12190,1.0);
#9321=CARTESIAN_POINT('',(-2.34,0.288196601125013,0.799999999999997));
#9322=CARTESIAN_POINT('',(-2.34,0.288196601125013,0.799999999999997));
#9323=VECTOR('',#12191,1.0);
#9324=CARTESIAN_POINT('',(-2.34,1.9,0.799999999999998));
#9325=CARTESIAN_POINT('',(-2.34,0.0,0.799999999999997));
#9326=VECTOR('',#12192,1.0);
#9327=CARTESIAN_POINT('',(-1.66,1.9,0.799999999999998));
#9328=CARTESIAN_POINT('',(6.175,1.9,0.799999999999998));
#9329=VECTOR('',#12193,1.0);
#9330=CARTESIAN_POINT('',(-1.66,0.288196601125013,0.799999999999997));
#9331=CARTESIAN_POINT('',(-1.66,0.0,0.799999999999997));
#9332=VECTOR('',#12194,1.0);
#9333=CARTESIAN_POINT('',(-1.34,0.288196601125013,0.799999999999997));
#9334=CARTESIAN_POINT('',(-1.34,0.288196601125013,0.799999999999997));
#9335=VECTOR('',#12195,1.0);
#9336=CARTESIAN_POINT('',(-1.34,1.9,0.799999999999998));
#9337=CARTESIAN_POINT('',(-1.34,0.0,0.799999999999997));
#9338=VECTOR('',#12196,1.0);
#9339=CARTESIAN_POINT('',(-0.659999999999998,1.9,0.799999999999998));
#9340=CARTESIAN_POINT('',(6.175,1.9,0.799999999999998));
#9341=VECTOR('',#12197,1.0);
#9342=CARTESIAN_POINT('',(-0.659999999999998,0.288196601125013,0.799999999999997));
#9343=CARTESIAN_POINT('',(-0.659999999999998,0.0,0.799999999999997));
#9344=VECTOR('',#12198,1.0);
#9345=CARTESIAN_POINT('',(-0.339999999999998,0.288196601125013,0.799999999999997));
#9346=CARTESIAN_POINT('',(-0.339999999999998,0.288196601125013,0.799999999999997));
#9347=VECTOR('',#12199,1.0);
#9348=CARTESIAN_POINT('',(-0.339999999999998,1.9,0.799999999999998));
#9349=CARTESIAN_POINT('',(-0.339999999999998,0.0,0.799999999999997));
#9350=VECTOR('',#12200,1.0);
#9351=CARTESIAN_POINT('',(0.340000000000002,1.9,0.799999999999998));
#9352=CARTESIAN_POINT('',(6.175,1.9,0.799999999999998));
#9353=VECTOR('',#12201,1.0);
#9354=CARTESIAN_POINT('',(0.340000000000002,0.288196601125013,0.799999999999997));
#9355=CARTESIAN_POINT('',(0.340000000000002,0.0,0.799999999999997));
#9356=VECTOR('',#12202,1.0);
#9357=CARTESIAN_POINT('',(0.660000000000002,0.288196601125013,0.799999999999997));
#9358=CARTESIAN_POINT('',(0.660000000000002,0.288196601125013,0.799999999999997));
#9359=VECTOR('',#12203,1.0);
#9360=CARTESIAN_POINT('',(0.660000000000002,1.9,0.799999999999998));
#9361=CARTESIAN_POINT('',(0.660000000000002,0.0,0.799999999999997));
#9362=VECTOR('',#12204,1.0);
#9363=CARTESIAN_POINT('',(1.34,1.9,0.799999999999998));
#9364=CARTESIAN_POINT('',(6.175,1.9,0.799999999999998));
#9365=VECTOR('',#12205,1.0);
#9366=CARTESIAN_POINT('',(1.34,0.288196601125013,0.799999999999997));
#9367=CARTESIAN_POINT('',(1.34,0.0,0.799999999999997));
#9368=VECTOR('',#12206,1.0);
#9369=CARTESIAN_POINT('',(1.66,0.288196601125013,0.799999999999997));
#9370=CARTESIAN_POINT('',(1.66,0.288196601125013,0.799999999999997));
#9371=VECTOR('',#12207,1.0);
#9372=CARTESIAN_POINT('',(1.66,1.9,0.799999999999998));
#9373=CARTESIAN_POINT('',(1.66,0.0,0.799999999999997));
#9374=VECTOR('',#12208,1.0);
#9375=CARTESIAN_POINT('',(2.34,1.9,0.799999999999998));
#9376=CARTESIAN_POINT('',(6.175,1.9,0.799999999999998));
#9377=VECTOR('',#12209,1.0);
#9378=CARTESIAN_POINT('',(2.34,0.288196601125013,0.799999999999997));
#9379=CARTESIAN_POINT('',(2.34,0.0,0.799999999999997));
#9380=VECTOR('',#12210,1.0);
#9381=CARTESIAN_POINT('',(2.66,0.288196601125013,0.799999999999997));
#9382=CARTESIAN_POINT('',(2.66,0.288196601125013,0.799999999999997));
#9383=VECTOR('',#12211,1.0);
#9384=CARTESIAN_POINT('',(2.66,1.9,0.799999999999998));
#9385=CARTESIAN_POINT('',(2.66,0.0,0.799999999999997));
#9386=VECTOR('',#12212,1.0);
#9387=CARTESIAN_POINT('',(3.34,1.9,0.799999999999998));
#9388=CARTESIAN_POINT('',(6.175,1.9,0.799999999999998));
#9389=VECTOR('',#12213,1.0);
#9390=CARTESIAN_POINT('',(3.34,0.288196601125013,0.799999999999997));
#9391=CARTESIAN_POINT('',(3.34,0.0,0.799999999999997));
#9392=VECTOR('',#12214,1.0);
#9393=CARTESIAN_POINT('',(3.66,0.288196601125013,0.799999999999997));
#9394=CARTESIAN_POINT('',(3.66,0.288196601125013,0.799999999999997));
#9395=VECTOR('',#12215,1.0);
#9396=CARTESIAN_POINT('',(3.66,1.9,0.799999999999998));
#9397=CARTESIAN_POINT('',(3.66,0.0,0.799999999999997));
#9398=VECTOR('',#12216,1.0);
#9399=CARTESIAN_POINT('',(4.34,1.9,0.799999999999998));
#9400=CARTESIAN_POINT('',(6.175,1.9,0.799999999999998));
#9401=VECTOR('',#12217,1.0);
#9402=CARTESIAN_POINT('',(4.34,0.0,0.799999999999997));
#9403=VECTOR('',#12218,1.0);
#9404=CARTESIAN_POINT('',(4.66,1.9,0.849999999999995));
#9405=CARTESIAN_POINT('',(4.66,1.9,0.799999999999998));
#9406=VECTOR('',#12219,1.0);
#9407=CARTESIAN_POINT('',(4.34,1.9,0.849999999999995));
#9408=CARTESIAN_POINT('',(6.175,1.9,0.849999999999995));
#9409=VECTOR('',#12220,1.0);
#9410=CARTESIAN_POINT('',(4.34,1.9,0.799999999999998));
#9411=VECTOR('',#12221,1.0);
#9412=CARTESIAN_POINT('',(3.66,1.9,0.849999999999995));
#9413=CARTESIAN_POINT('',(3.66,1.9,0.799999999999998));
#9414=VECTOR('',#12222,1.0);
#9415=CARTESIAN_POINT('',(3.34,1.9,0.849999999999995));
#9416=CARTESIAN_POINT('',(6.175,1.9,0.849999999999995));
#9417=VECTOR('',#12223,1.0);
#9418=CARTESIAN_POINT('',(3.34,1.9,0.799999999999998));
#9419=VECTOR('',#12224,1.0);
#9420=CARTESIAN_POINT('',(2.66,1.9,0.849999999999995));
#9421=CARTESIAN_POINT('',(2.66,1.9,0.799999999999998));
#9422=VECTOR('',#12225,1.0);
#9423=CARTESIAN_POINT('',(2.34,1.9,0.849999999999995));
#9424=CARTESIAN_POINT('',(6.175,1.9,0.849999999999995));
#9425=VECTOR('',#12226,1.0);
#9426=CARTESIAN_POINT('',(2.34,1.9,0.799999999999998));
#9427=VECTOR('',#12227,1.0);
#9428=CARTESIAN_POINT('',(1.66,1.9,0.849999999999995));
#9429=CARTESIAN_POINT('',(1.66,1.9,0.799999999999998));
#9430=VECTOR('',#12228,1.0);
#9431=CARTESIAN_POINT('',(1.34,1.9,0.849999999999995));
#9432=CARTESIAN_POINT('',(6.175,1.9,0.849999999999995));
#9433=VECTOR('',#12229,1.0);
#9434=CARTESIAN_POINT('',(1.34,1.9,0.799999999999998));
#9435=VECTOR('',#12230,1.0);
#9436=CARTESIAN_POINT('',(0.660000000000002,1.9,0.849999999999995));
#9437=CARTESIAN_POINT('',(0.660000000000002,1.9,0.799999999999998));
#9438=VECTOR('',#12231,1.0);
#9439=CARTESIAN_POINT('',(0.340000000000002,1.9,0.849999999999995));
#9440=CARTESIAN_POINT('',(6.175,1.9,0.849999999999995));
#9441=VECTOR('',#12232,1.0);
#9442=CARTESIAN_POINT('',(0.340000000000002,1.9,0.799999999999998));
#9443=VECTOR('',#12233,1.0);
#9444=CARTESIAN_POINT('',(-0.339999999999998,1.9,0.849999999999995));
#9445=CARTESIAN_POINT('',(-0.339999999999998,1.9,0.799999999999998));
#9446=VECTOR('',#12234,1.0);
#9447=CARTESIAN_POINT('',(-0.659999999999998,1.9,0.849999999999995));
#9448=CARTESIAN_POINT('',(6.175,1.9,0.849999999999995));
#9449=VECTOR('',#12235,1.0);
#9450=CARTESIAN_POINT('',(-0.659999999999998,1.9,0.799999999999998));
#9451=VECTOR('',#12236,1.0);
#9452=CARTESIAN_POINT('',(-1.34,1.9,0.849999999999995));
#9453=CARTESIAN_POINT('',(-1.34,1.9,0.799999999999998));
#9454=VECTOR('',#12237,1.0);
#9455=CARTESIAN_POINT('',(-1.66,1.9,0.849999999999995));
#9456=CARTESIAN_POINT('',(6.175,1.9,0.849999999999995));
#9457=VECTOR('',#12238,1.0);
#9458=CARTESIAN_POINT('',(-1.66,1.9,0.799999999999998));
#9459=VECTOR('',#12239,1.0);
#9460=CARTESIAN_POINT('',(-2.34,1.9,0.849999999999995));
#9461=CARTESIAN_POINT('',(-2.34,1.9,0.799999999999998));
#9462=VECTOR('',#12240,1.0);
#9463=CARTESIAN_POINT('',(-2.66,1.9,0.849999999999995));
#9464=CARTESIAN_POINT('',(6.175,1.9,0.849999999999995));
#9465=VECTOR('',#12241,1.0);
#9466=CARTESIAN_POINT('',(-2.66,1.9,0.799999999999998));
#9467=VECTOR('',#12242,1.0);
#9468=CARTESIAN_POINT('',(-3.34,1.9,0.849999999999995));
#9469=CARTESIAN_POINT('',(-3.34,1.9,0.799999999999998));
#9470=VECTOR('',#12243,1.0);
#9471=CARTESIAN_POINT('',(-3.66,1.9,0.849999999999995));
#9472=CARTESIAN_POINT('',(6.175,1.9,0.849999999999995));
#9473=VECTOR('',#12244,1.0);
#9474=CARTESIAN_POINT('',(-3.66,1.9,0.799999999999998));
#9475=VECTOR('',#12245,1.0);
#9476=CARTESIAN_POINT('',(-4.34,1.9,0.849999999999995));
#9477=CARTESIAN_POINT('',(-4.34,1.9,0.799999999999998));
#9478=VECTOR('',#12246,1.0);
#9479=CARTESIAN_POINT('',(-4.66,1.9,0.849999999999995));
#9480=CARTESIAN_POINT('',(6.175,1.9,0.849999999999995));
#9481=VECTOR('',#12247,1.0);
#9482=CARTESIAN_POINT('',(-4.66,1.9,0.799999999999998));
#9483=VECTOR('',#12248,1.0);
#9484=CARTESIAN_POINT('',(-5.425,1.9,1.4));
#9485=CARTESIAN_POINT('',(-5.425,1.9,-4.53999999999999));
#9486=VECTOR('',#12249,1.0);
#9487=CARTESIAN_POINT('',(5.425,1.9,1.4));
#9488=CARTESIAN_POINT('',(6.175,1.9,1.4));
#9489=VECTOR('',#12250,1.0);
#9490=CARTESIAN_POINT('',(5.425,1.9,-4.53999999999999));
#9491=VECTOR('',#12251,1.0);
#9492=CARTESIAN_POINT('',(-8.00000000000003,-1.3,0.299999999999998));
#9493=CARTESIAN_POINT('',(8.0,-1.3,0.299999999999998));
#9494=CARTESIAN_POINT('',(-7.8,-1.3,0.299999999999998));
#9495=VECTOR('',#12252,1.0);
#9496=CARTESIAN_POINT('',(-8.00000000000003,-0.7,0.299999999999998));
#9497=CARTESIAN_POINT('',(-8.00000000000003,-0.7,0.299999999999998));
#9498=VECTOR('',#12253,1.0);
#9499=CARTESIAN_POINT('',(-7.80000000000003,-0.7,0.299999999999998));
#9500=VECTOR('',#12254,1.0);
#9501=CARTESIAN_POINT('',(-8.00000000000003,-0.2,0.299999999999998));
#9502=CARTESIAN_POINT('',(-8.00000000000003,-0.2,0.299999999999998));
#9503=VECTOR('',#12255,1.0);
#9504=CARTESIAN_POINT('',(-8.00000000000003,-0.1,0.299999999999998));
#9505=CARTESIAN_POINT('',(-8.00000000000003,-0.1,0.299999999999998));
#9506=VECTOR('',#12256,1.0);
#9507=CARTESIAN_POINT('',(-7.80000000000003,-0.1,0.299999999999998));
#9508=VECTOR('',#12257,1.0);
#9509=CARTESIAN_POINT('',(-7.8,-2.16840434497101E-16,0.299999999999998));
#9510=VECTOR('',#12258,1.0);
#9511=CARTESIAN_POINT('',(8.0,-0.1,0.299999999999998));
#9512=CARTESIAN_POINT('',(8.0,-0.1,0.299999999999998));
#9513=VECTOR('',#12259,1.0);
#9514=CARTESIAN_POINT('',(8.0,-0.2,0.299999999999998));
#9515=CARTESIAN_POINT('',(8.0,-0.2,0.299999999999998));
#9516=VECTOR('',#12260,1.0);
#9517=CARTESIAN_POINT('',(7.8,-0.5,0.299999999999998));
#9518=VECTOR('',#12261,1.0);
#9519=CARTESIAN_POINT('',(8.0,-0.7,0.299999999999998));
#9520=CARTESIAN_POINT('',(8.0,-0.7,0.299999999999998));
#9521=VECTOR('',#12262,1.0);
#9522=CARTESIAN_POINT('',(8.0,-1.3,0.299999999999998));
#9523=VECTOR('',#12263,1.0);
#9524=CARTESIAN_POINT('',(5.6,-1.3,2.6));
#9525=CARTESIAN_POINT('',(7.8,-1.3,2.60000000000001));
#9526=VECTOR('',#12264,1.0);
#9527=CARTESIAN_POINT('',(5.6,-2.16840434497101E-16,2.6));
#9528=VECTOR('',#12265,1.0);
#9529=CARTESIAN_POINT('',(5.6,-1.3,1.4));
#9530=CARTESIAN_POINT('',(5.6,-1.3,2.6));
#9531=VECTOR('',#12266,1.0);
#9532=CARTESIAN_POINT('',(5.6,-2.16840434497101E-16,2.6));
#9533=VECTOR('',#12267,1.0);
#9534=CARTESIAN_POINT('',(5.6,-2.16840434497101E-16,1.4));
#9535=VECTOR('',#12268,1.0);
#9536=CARTESIAN_POINT('',(5.425,1.25,1.4));
#9537=CARTESIAN_POINT('',(5.425,1.9,1.4));
#9538=VECTOR('',#12269,1.0);
#9539=CARTESIAN_POINT('',(-5.425,1.25,1.4));
#9540=CARTESIAN_POINT('',(-5.425,1.25,1.4));
#9541=VECTOR('',#12270,1.0);
#9542=CARTESIAN_POINT('',(-6.175,1.25,1.4));
#9543=CARTESIAN_POINT('',(-6.175,1.25,1.4));
#9544=VECTOR('',#12271,1.0);
#9545=CARTESIAN_POINT('',(-6.175,1.9,1.4));
#9546=VECTOR('',#12272,1.0);
#9547=CARTESIAN_POINT('',(-5.6,-1.3,1.4));
#9548=CARTESIAN_POINT('',(-5.6,-2.16840434497101E-16,1.4));
#9549=VECTOR('',#12273,1.0);
#9550=CARTESIAN_POINT('',(5.6,-1.3,1.4));
#9551=VECTOR('',#12274,1.0);
#9552=CARTESIAN_POINT('',(6.175,1.25,1.4));
#9553=CARTESIAN_POINT('',(6.175,1.9,1.4));
#9554=VECTOR('',#12275,1.0);
#9555=CARTESIAN_POINT('',(5.425,1.25,1.4));
#9556=VECTOR('',#12276,1.0);
#9557=CARTESIAN_POINT('',(-5.6,-1.3,2.6));
#9558=CARTESIAN_POINT('',(-5.6,-1.3,1.4));
#9559=VECTOR('',#12277,1.0);
#9560=CARTESIAN_POINT('',(-5.6,-2.16840434497101E-16,1.4));
#9561=VECTOR('',#12278,1.0);
#9562=CARTESIAN_POINT('',(-5.6,-2.16840434497101E-16,2.6));
#9563=VECTOR('',#12279,1.0);
#9564=CARTESIAN_POINT('',(-6.90000000000003,-0.1,2.6));
#9565=CARTESIAN_POINT('',(-6.50000000000003,-0.792820323027553,2.6));
#9566=CARTESIAN_POINT('',(-6.90000000000003,-0.1,2.6));
#9567=VECTOR('',#12280,1.0);
#9568=CARTESIAN_POINT('',(-6.10000000000003,-0.1,2.6));
#9569=CARTESIAN_POINT('',(-6.10000000000003,-0.1,2.6));
#9570=VECTOR('',#12281,1.0);
#9571=CARTESIAN_POINT('',(-6.50000000000003,-0.792820323027553,2.6));
#9572=VECTOR('',#12282,1.0);
#9573=CARTESIAN_POINT('',(-5.6,-1.3,2.6));
#9574=VECTOR('',#12283,1.0);
#9575=CARTESIAN_POINT('',(-8.00000000000003,-1.3,2.29999999999989));
#9576=CARTESIAN_POINT('',(-8.00000000000003,-1.3,2.29999999999989));
#9577=VECTOR('',#12284,1.0);
#9578=CARTESIAN_POINT('',(-8.00000000000003,-1.3,-20.169999999999));
#9579=VECTOR('',#12285,1.0);
#9580=CARTESIAN_POINT('',(8.0,-1.3,2.29999999999989));
#9581=CARTESIAN_POINT('',(8.0,-1.3,-20.169999999999));
#9582=VECTOR('',#12286,1.0);
#9583=CARTESIAN_POINT('',(7.8,-1.3,2.29999999999989));
#9584=VECTOR('',#12287,1.0);
#9585=CARTESIAN_POINT('',(-6.175,1.25,-4.53999999999999));
#9586=VECTOR('',#12288,1.0);
#9587=CARTESIAN_POINT('',(-5.425,1.25,-4.53999999999999));
#9588=VECTOR('',#12289,1.0);
#9589=CARTESIAN_POINT('',(5.425,1.25,-4.53999999999999));
#9590=VECTOR('',#12290,1.0);
#9591=CARTESIAN_POINT('',(6.175,1.25,-4.53999999999999));
#9592=VECTOR('',#12291,1.0);
#9593=CARTESIAN_POINT('',(6.175,3.1,1.92));
#9594=CARTESIAN_POINT('',(6.175,3.1,1.92));
#9595=VECTOR('',#12292,1.0);
#9596=CARTESIAN_POINT('',(6.175,3.1,0.799999999999999));
#9597=VECTOR('',#12293,1.0);
#9598=CARTESIAN_POINT('',(6.9386363636363,3.1,1.92));
#9599=CARTESIAN_POINT('',(6.875,3.1,1.92));
#9600=VECTOR('',#12294,1.0);
#9601=CARTESIAN_POINT('',(6.9386363636363,3.1,1.32));
#9602=CARTESIAN_POINT('',(6.9386363636363,3.1,1.32));
#9603=VECTOR('',#12295,1.0);
#9604=CARTESIAN_POINT('',(6.9386363636363,3.1,1.32));
#9605=VECTOR('',#12296,1.0);
#9606=CARTESIAN_POINT('',(6.875,3.1,1.92));
#9607=VECTOR('',#12297,1.0);
#9608=CARTESIAN_POINT('',(6.9890591452552,1.45746624508495,1.92));
#9609=CARTESIAN_POINT('',(6.875,1.0,1.92));
#9610=VECTOR('',#12298,1.0);
#9611=AXIS2_PLACEMENT_3D('',#12299,#12300,#12301);
#9612=CARTESIAN_POINT('',(6.96277931423174,1.61470879668599,1.92));
#9613=VECTOR('',#12302,1.0);
#9614=CARTESIAN_POINT('',(7.325,2.25,1.92));
#9615=CARTESIAN_POINT('',(6.875,2.25,1.92));
#9616=VECTOR('',#12303,1.0);
#9617=CARTESIAN_POINT('',(7.325,2.25,1.92));
#9618=VECTOR('',#12304,1.0);
#9619=CARTESIAN_POINT('',(7.325,2.25,1.32));
#9620=CARTESIAN_POINT('',(6.875,2.25,1.32));
#9621=VECTOR('',#12305,1.0);
#9622=CARTESIAN_POINT('',(7.325,2.25,1.32));
#9623=VECTOR('',#12306,1.0);
#9624=CARTESIAN_POINT('',(7.325,2.25,1.32));
#9625=VECTOR('',#12307,1.0);
#9626=CARTESIAN_POINT('',(6.9890591452552,1.45746624508495,1.32));
#9627=CARTESIAN_POINT('',(6.875,1.0,1.32));
#9628=VECTOR('',#12308,1.0);
#9629=CARTESIAN_POINT('',(6.9890591452552,1.45746624508495,1.32));
#9630=VECTOR('',#12309,1.0);
#9631=AXIS2_PLACEMENT_3D('',#12310,#12311,#12312);
#9632=CARTESIAN_POINT('',(6.96277931423174,1.61470879668599,1.32));
#9633=VECTOR('',#12313,1.0);
#9634=CARTESIAN_POINT('',(-6.175,3.1,1.92));
#9635=CARTESIAN_POINT('',(-6.175,3.1,0.799999999999999));
#9636=VECTOR('',#12314,1.0);
#9637=CARTESIAN_POINT('',(-6.175,3.1,1.92));
#9638=VECTOR('',#12315,1.0);
#9639=CARTESIAN_POINT('',(-6.9386363636363,3.1,1.32));
#9640=CARTESIAN_POINT('',(-6.9386363636363,3.1,1.32));
#9641=VECTOR('',#12316,1.0);
#9642=CARTESIAN_POINT('',(-6.9386363636363,3.1,1.92));
#9643=CARTESIAN_POINT('',(-6.9386363636363,3.1,1.32));
#9644=VECTOR('',#12317,1.0);
#9645=CARTESIAN_POINT('',(-6.875,3.1,1.92));
#9646=VECTOR('',#12318,1.0);
#9647=CARTESIAN_POINT('',(-7.325,2.25,1.92));
#9648=CARTESIAN_POINT('',(-7.325,2.25,1.92));
#9649=VECTOR('',#12319,1.0);
#9650=CARTESIAN_POINT('',(-6.875,2.25,1.92));
#9651=VECTOR('',#12320,1.0);
#9652=CARTESIAN_POINT('',(-6.96277931423174,1.61470879668599,1.92));
#9653=VECTOR('',#12321,1.0);
#9654=CARTESIAN_POINT('',(-6.9890591452552,1.45746624508495,1.92));
#9655=AXIS2_PLACEMENT_3D('',#12322,#12323,#12324);
#9656=CARTESIAN_POINT('',(-6.875,1.0,1.92));
#9657=VECTOR('',#12325,1.0);
#9658=CARTESIAN_POINT('',(-6.875,3.1,1.92));
#9659=VECTOR('',#12326,1.0);
#9660=CARTESIAN_POINT('',(-7.325,2.25,1.32));
#9661=CARTESIAN_POINT('',(-7.325,2.25,1.32));
#9662=VECTOR('',#12327,1.0);
#9663=CARTESIAN_POINT('',(-6.875,2.25,1.32));
#9664=VECTOR('',#12328,1.0);
#9665=CARTESIAN_POINT('',(-7.325,2.25,1.32));
#9666=VECTOR('',#12329,1.0);
#9667=CARTESIAN_POINT('',(-6.9890591452552,1.45746624508495,1.32));
#9668=CARTESIAN_POINT('',(-6.9890591452552,1.45746624508495,1.32));
#9669=VECTOR('',#12330,1.0);
#9670=CARTESIAN_POINT('',(-6.875,1.0,1.32));
#9671=VECTOR('',#12331,1.0);
#9672=AXIS2_PLACEMENT_3D('',#12332,#12333,#12334);
#9673=CARTESIAN_POINT('',(-6.96277931423174,1.61470879668599,1.32));
#9674=VECTOR('',#12335,1.0);
#9675=CARTESIAN_POINT('',(8.0,-0.2,2.29999999999989));
#9676=CARTESIAN_POINT('',(8.0,-0.2,-20.169999999999));
#9677=VECTOR('',#12336,1.0);
#9678=CARTESIAN_POINT('',(7.8,-0.5,2.29999999999989));
#9679=VECTOR('',#12337,1.0);
#9680=CARTESIAN_POINT('',(8.0,-0.1,2.29999999999989));
#9681=CARTESIAN_POINT('',(8.0,-0.2,2.29999999999989));
#9682=VECTOR('',#12338,1.0);
#9683=CARTESIAN_POINT('',(8.0,-0.1,2.29999999999989));
#9684=VECTOR('',#12339,1.0);
#9685=CARTESIAN_POINT('',(8.0,-0.1,-20.169999999999));
#9686=VECTOR('',#12340,1.0);
#9687=CARTESIAN_POINT('',(8.0,-0.7,2.29999999999989));
#9688=CARTESIAN_POINT('',(8.0,-1.3,2.29999999999989));
#9689=VECTOR('',#12341,1.0);
#9690=CARTESIAN_POINT('',(8.0,-0.7,2.29999999999989));
#9691=VECTOR('',#12342,1.0);
#9692=CARTESIAN_POINT('',(8.0,-0.7,-20.169999999999));
#9693=VECTOR('',#12343,1.0);
#9694=CARTESIAN_POINT('',(-8.00000000000003,-0.2,2.29999999999989));
#9695=CARTESIAN_POINT('',(-8.00000000000003,-0.2,-20.169999999999));
#9696=VECTOR('',#12344,1.0);
#9697=CARTESIAN_POINT('',(-8.00000000000003,-0.2,2.29999999999989));
#9698=VECTOR('',#12345,1.0);
#9699=CARTESIAN_POINT('',(-8.00000000000003,-0.1,2.29999999999989));
#9700=CARTESIAN_POINT('',(-8.00000000000003,-0.1,2.29999999999989));
#9701=VECTOR('',#12346,1.0);
#9702=CARTESIAN_POINT('',(-7.80000000000003,-0.1,2.29999999999989));
#9703=VECTOR('',#12347,1.0);
#9704=CARTESIAN_POINT('',(-8.00000000000003,-0.1,-20.169999999999));
#9705=VECTOR('',#12348,1.0);
#9706=CARTESIAN_POINT('',(-8.00000000000003,-0.7,2.29999999999989));
#9707=CARTESIAN_POINT('',(-8.00000000000003,-0.7,2.29999999999989));
#9708=VECTOR('',#12349,1.0);
#9709=CARTESIAN_POINT('',(-7.80000000000003,-0.7,2.29999999999989));
#9710=VECTOR('',#12350,1.0);
#9711=CARTESIAN_POINT('',(-8.00000000000003,-0.7,-20.169999999999));
#9712=VECTOR('',#12351,1.0);
#9713=CARTESIAN_POINT('',(-6.50000000000003,-0.792820323027553,2.55));
#9714=CARTESIAN_POINT('',(-6.50000000000003,-0.792820323027553,2.55));
#9715=VECTOR('',#12352,1.0);
#9716=CARTESIAN_POINT('',(-6.90000000000003,-0.1,2.55));
#9717=CARTESIAN_POINT('',(-6.90000000000003,-0.1,2.55));
#9718=VECTOR('',#12353,1.0);
#9719=CARTESIAN_POINT('',(-6.90000000000003,-0.1,2.55));
#9720=VECTOR('',#12354,1.0);
#9721=CARTESIAN_POINT('',(-6.10000000000003,-0.1,2.55));
#9722=CARTESIAN_POINT('',(-6.10000000000003,-0.1,2.55));
#9723=VECTOR('',#12355,1.0);
#9724=CARTESIAN_POINT('',(-6.50000000000003,-0.792820323027553,2.55));
#9725=VECTOR('',#12356,1.0);
#9726=CARTESIAN_POINT('',(-6.10000000000003,-0.1,2.55));
#9727=VECTOR('',#12357,1.0);
#9728=CARTESIAN_POINT('',(-6.875,0.2,0.749999999999996));
#9729=CARTESIAN_POINT('',(-6.875,0.199999999999999,-24.03));
#9730=VECTOR('',#12358,1.0);
#9731=CARTESIAN_POINT('',(-6.875,0.95,0.75));
#9732=CARTESIAN_POINT('',(-6.875,3.5,0.749999999999996));
#9733=VECTOR('',#12359,1.0);
#9734=CARTESIAN_POINT('',(-6.875,0.95,2.05));
#9735=VECTOR('',#12360,1.0);
#9736=CARTESIAN_POINT('',(-6.475,-2.2655965784226E-15,-3.46944695195361E-15));
#9737=CARTESIAN_POINT('',(-6.475,-2.2655965784226E-15,-24.03));
#9738=VECTOR('',#12361,1.0);
#9739=CARTESIAN_POINT('',(6.475,-2.16840434497101E-15,-3.46944695195361E-15));
#9740=CARTESIAN_POINT('',(-7.35,0.0,-3.77475828372553E-15));
#9741=VECTOR('',#12362,1.0);
#9742=CARTESIAN_POINT('',(6.475,-2.16840434497101E-15,-24.03));
#9743=VECTOR('',#12363,1.0);
#9744=CARTESIAN_POINT('',(-5.525,3.78399464074807E-17,1.45000000000012));
#9745=CARTESIAN_POINT('',(-5.525,0.0,1.45000000000012));
#9746=VECTOR('',#12364,1.0);
#9747=CARTESIAN_POINT('',(-5.525,0.0,1.8));
#9748=CARTESIAN_POINT('',(-5.525,0.0,1.8));
#9749=VECTOR('',#12365,1.0);
#9750=CARTESIAN_POINT('',(-5.4,0.0,1.8));
#9751=CARTESIAN_POINT('',(5.525,0.0,1.8));
#9752=VECTOR('',#12366,1.0);
#9753=CARTESIAN_POINT('',(-5.39999999999999,2.94781510004872E-14,2.44999999999999));
#9754=CARTESIAN_POINT('',(-5.4,6.06200165577947E-17,1.8));
#9755=VECTOR('',#12367,1.0);
#9756=CARTESIAN_POINT('',(-6.475,7.16443623931911E-14,2.44999999999999));
#9757=VECTOR('',#12368,1.0);
#9758=CARTESIAN_POINT('',(5.4,-3.20923843055709E-14,2.44999999999999));
#9759=CARTESIAN_POINT('',(5.4,-3.21233880866454E-14,2.44999999999999));
#9760=VECTOR('',#12369,1.0);
#9761=CARTESIAN_POINT('',(5.4,0.0,1.8));
#9762=CARTESIAN_POINT('',(5.4,6.06200165577947E-17,1.8));
#9763=VECTOR('',#12370,1.0);
#9764=CARTESIAN_POINT('',(5.525,0.0,1.8));
#9765=CARTESIAN_POINT('',(5.525,0.0,1.8));
#9766=VECTOR('',#12371,1.0);
#9767=CARTESIAN_POINT('',(5.525,3.78399464074979E-17,1.44999999999996));
#9768=CARTESIAN_POINT('',(5.525,0.0,1.8));
#9769=VECTOR('',#12372,1.0);
#9770=CARTESIAN_POINT('',(6.075,0.0,1.44999999999996));
#9771=VECTOR('',#12373,1.0);
#9772=CARTESIAN_POINT('',(6.875,0.95,2.05));
#9773=CARTESIAN_POINT('',(6.875,0.95,0.749999999999996));
#9774=VECTOR('',#12374,1.0);
#9775=CARTESIAN_POINT('',(6.875,0.2,2.05));
#9776=CARTESIAN_POINT('',(6.875,0.199999999999999,-24.03));
#9777=VECTOR('',#12375,1.0);
#9778=CARTESIAN_POINT('',(6.875,3.5,2.05));
#9779=VECTOR('',#12376,1.0);
#9780=CARTESIAN_POINT('',(6.875,0.2,0.749999999999997));
#9781=CARTESIAN_POINT('',(6.875,0.199999999999999,-24.03));
#9782=VECTOR('',#12377,1.0);
#9783=CARTESIAN_POINT('',(6.875,0.95,0.75));
#9784=CARTESIAN_POINT('',(6.875,0.95,0.749999999999996));
#9785=VECTOR('',#12378,1.0);
#9786=CARTESIAN_POINT('',(6.875,3.5,0.749999999999997));
#9787=VECTOR('',#12379,1.0);
#9788=CARTESIAN_POINT('',(4.66,0.258578643762692,0.749999999999997));
#9789=AXIS2_PLACEMENT_3D('',#12380,#12381,#12382);
#9790=CARTESIAN_POINT('',(4.34,0.258578643762692,0.749999999999997));
#9791=AXIS2_PLACEMENT_3D('',#12383,#12384,#12385);
#9792=CARTESIAN_POINT('',(4.66,0.258578643762692,0.749999999999997));
#9793=VECTOR('',#12386,1.0);
#9794=CARTESIAN_POINT('',(-4.34,0.258578643762692,0.749999999999997));
#9795=AXIS2_PLACEMENT_3D('',#12387,#12388,#12389);
#9796=CARTESIAN_POINT('',(-4.66,0.258578643762692,0.749999999999997));
#9797=AXIS2_PLACEMENT_3D('',#12390,#12391,#12392);
#9798=CARTESIAN_POINT('',(-4.34,0.258578643762692,0.749999999999997));
#9799=VECTOR('',#12393,1.0);
#9800=CARTESIAN_POINT('',(-3.34,0.258578643762692,0.749999999999997));
#9801=AXIS2_PLACEMENT_3D('',#12394,#12395,#12396);
#9802=CARTESIAN_POINT('',(-3.66,0.258578643762692,0.749999999999997));
#9803=AXIS2_PLACEMENT_3D('',#12397,#12398,#12399);
#9804=CARTESIAN_POINT('',(-3.34,0.258578643762692,0.749999999999997));
#9805=VECTOR('',#12400,1.0);
#9806=CARTESIAN_POINT('',(-2.34,0.258578643762692,0.749999999999997));
#9807=AXIS2_PLACEMENT_3D('',#12401,#12402,#12403);
#9808=CARTESIAN_POINT('',(-2.66,0.258578643762692,0.749999999999997));
#9809=AXIS2_PLACEMENT_3D('',#12404,#12405,#12406);
#9810=CARTESIAN_POINT('',(-2.34,0.258578643762692,0.749999999999997));
#9811=VECTOR('',#12407,1.0);
#9812=CARTESIAN_POINT('',(-1.34,0.258578643762692,0.749999999999997));
#9813=AXIS2_PLACEMENT_3D('',#12408,#12409,#12410);
#9814=CARTESIAN_POINT('',(-1.66,0.258578643762692,0.749999999999997));
#9815=AXIS2_PLACEMENT_3D('',#12411,#12412,#12413);
#9816=CARTESIAN_POINT('',(-1.34,0.258578643762692,0.749999999999997));
#9817=VECTOR('',#12414,1.0);
#9818=CARTESIAN_POINT('',(-0.339999999999998,0.258578643762692,0.749999999999997));
#9819=AXIS2_PLACEMENT_3D('',#12415,#12416,#12417);
#9820=CARTESIAN_POINT('',(-0.659999999999998,0.258578643762692,0.749999999999997));
#9821=AXIS2_PLACEMENT_3D('',#12418,#12419,#12420);
#9822=CARTESIAN_POINT('',(-0.339999999999998,0.258578643762692,0.749999999999997));
#9823=VECTOR('',#12421,1.0);
#9824=CARTESIAN_POINT('',(0.660000000000002,0.258578643762692,0.749999999999997));
#9825=AXIS2_PLACEMENT_3D('',#12422,#12423,#12424);
#9826=CARTESIAN_POINT('',(0.340000000000002,0.258578643762692,0.749999999999997));
#9827=AXIS2_PLACEMENT_3D('',#12425,#12426,#12427);
#9828=CARTESIAN_POINT('',(0.660000000000002,0.258578643762692,0.749999999999997));
#9829=VECTOR('',#12428,1.0);
#9830=CARTESIAN_POINT('',(1.66,0.258578643762692,0.749999999999997));
#9831=AXIS2_PLACEMENT_3D('',#12429,#12430,#12431);
#9832=CARTESIAN_POINT('',(1.34,0.258578643762692,0.749999999999997));
#9833=AXIS2_PLACEMENT_3D('',#12432,#12433,#12434);
#9834=CARTESIAN_POINT('',(1.66,0.258578643762692,0.749999999999997));
#9835=VECTOR('',#12435,1.0);
#9836=CARTESIAN_POINT('',(2.66,0.258578643762692,0.749999999999997));
#9837=AXIS2_PLACEMENT_3D('',#12436,#12437,#12438);
#9838=CARTESIAN_POINT('',(2.34,0.258578643762692,0.749999999999997));
#9839=AXIS2_PLACEMENT_3D('',#12439,#12440,#12441);
#9840=CARTESIAN_POINT('',(2.66,0.258578643762692,0.749999999999997));
#9841=VECTOR('',#12442,1.0);
#9842=CARTESIAN_POINT('',(3.66,0.258578643762692,0.749999999999997));
#9843=AXIS2_PLACEMENT_3D('',#12443,#12444,#12445);
#9844=CARTESIAN_POINT('',(3.34,0.258578643762692,0.749999999999997));
#9845=AXIS2_PLACEMENT_3D('',#12446,#12447,#12448);
#9846=CARTESIAN_POINT('',(3.66,0.258578643762692,0.749999999999997));
#9847=VECTOR('',#12449,1.0);
#9848=CARTESIAN_POINT('',(4.66,2.05,0.749999999999997));
#9849=CARTESIAN_POINT('',(4.66,0.0,0.749999999999996));
#9850=VECTOR('',#12450,1.0);
#9851=CARTESIAN_POINT('',(4.66,2.15,0.849999999999995));
#9852=CARTESIAN_POINT('',(4.66,2.05,0.749999999999997));
#9853=VECTOR('',#12451,1.0);
#9854=CARTESIAN_POINT('',(4.66,2.25,0.849999999999995));
#9855=VECTOR('',#12452,1.0);
#9856=CARTESIAN_POINT('',(4.34,2.15,0.849999999999995));
#9857=CARTESIAN_POINT('',(4.34,2.25,0.849999999999995));
#9858=VECTOR('',#12453,1.0);
#9859=CARTESIAN_POINT('',(4.34,2.05,0.749999999999997));
#9860=CARTESIAN_POINT('',(4.34,2.05,0.749999999999997));
#9861=VECTOR('',#12454,1.0);
#9862=CARTESIAN_POINT('',(4.34,0.0,0.749999999999996));
#9863=VECTOR('',#12455,1.0);
#9864=CARTESIAN_POINT('',(5.525,2.15,0.849999999999995));
#9865=VECTOR('',#12456,1.0);
#9866=CARTESIAN_POINT('',(-4.34,2.05,0.749999999999997));
#9867=CARTESIAN_POINT('',(-4.34,0.0,0.749999999999996));
#9868=VECTOR('',#12457,1.0);
#9869=CARTESIAN_POINT('',(-4.34,2.15,0.849999999999995));
#9870=CARTESIAN_POINT('',(-4.34,2.05,0.749999999999997));
#9871=VECTOR('',#12458,1.0);
#9872=CARTESIAN_POINT('',(-4.34,2.25,0.849999999999995));
#9873=VECTOR('',#12459,1.0);
#9874=CARTESIAN_POINT('',(-4.66,2.15,0.849999999999995));
#9875=CARTESIAN_POINT('',(-4.66,2.25,0.849999999999995));
#9876=VECTOR('',#12460,1.0);
#9877=CARTESIAN_POINT('',(-4.66,2.05,0.749999999999997));
#9878=CARTESIAN_POINT('',(-4.66,2.05,0.749999999999997));
#9879=VECTOR('',#12461,1.0);
#9880=CARTESIAN_POINT('',(-4.66,0.0,0.749999999999996));
#9881=VECTOR('',#12462,1.0);
#9882=CARTESIAN_POINT('',(5.525,2.15,0.849999999999995));
#9883=VECTOR('',#12463,1.0);
#9884=CARTESIAN_POINT('',(-3.34,2.05,0.749999999999997));
#9885=CARTESIAN_POINT('',(-3.34,0.0,0.749999999999996));
#9886=VECTOR('',#12464,1.0);
#9887=CARTESIAN_POINT('',(-3.34,2.15,0.849999999999995));
#9888=CARTESIAN_POINT('',(-3.34,2.05,0.749999999999997));
#9889=VECTOR('',#12465,1.0);
#9890=CARTESIAN_POINT('',(-3.34,2.25,0.849999999999995));
#9891=VECTOR('',#12466,1.0);
#9892=CARTESIAN_POINT('',(-3.66,2.15,0.849999999999995));
#9893=CARTESIAN_POINT('',(-3.66,2.25,0.849999999999995));
#9894=VECTOR('',#12467,1.0);
#9895=CARTESIAN_POINT('',(-3.66,2.05,0.749999999999997));
#9896=CARTESIAN_POINT('',(-3.66,2.05,0.749999999999997));
#9897=VECTOR('',#12468,1.0);
#9898=CARTESIAN_POINT('',(-3.66,0.0,0.749999999999996));
#9899=VECTOR('',#12469,1.0);
#9900=CARTESIAN_POINT('',(5.525,2.15,0.849999999999995));
#9901=VECTOR('',#12470,1.0);
#9902=CARTESIAN_POINT('',(-2.34,2.05,0.749999999999997));
#9903=CARTESIAN_POINT('',(-2.34,0.0,0.749999999999996));
#9904=VECTOR('',#12471,1.0);
#9905=CARTESIAN_POINT('',(-2.34,2.15,0.849999999999995));
#9906=CARTESIAN_POINT('',(-2.34,2.05,0.749999999999997));
#9907=VECTOR('',#12472,1.0);
#9908=CARTESIAN_POINT('',(-2.34,2.25,0.849999999999995));
#9909=VECTOR('',#12473,1.0);
#9910=CARTESIAN_POINT('',(-2.66,2.15,0.849999999999995));
#9911=CARTESIAN_POINT('',(-2.66,2.25,0.849999999999995));
#9912=VECTOR('',#12474,1.0);
#9913=CARTESIAN_POINT('',(-2.66,2.05,0.749999999999997));
#9914=CARTESIAN_POINT('',(-2.66,2.05,0.749999999999997));
#9915=VECTOR('',#12475,1.0);
#9916=CARTESIAN_POINT('',(-2.66,0.0,0.749999999999996));
#9917=VECTOR('',#12476,1.0);
#9918=CARTESIAN_POINT('',(5.525,2.15,0.849999999999995));
#9919=VECTOR('',#12477,1.0);
#9920=CARTESIAN_POINT('',(-1.34,2.05,0.749999999999997));
#9921=CARTESIAN_POINT('',(-1.34,0.0,0.749999999999996));
#9922=VECTOR('',#12478,1.0);
#9923=CARTESIAN_POINT('',(-1.34,2.15,0.849999999999995));
#9924=CARTESIAN_POINT('',(-1.34,2.05,0.749999999999997));
#9925=VECTOR('',#12479,1.0);
#9926=CARTESIAN_POINT('',(-1.34,2.25,0.849999999999995));
#9927=VECTOR('',#12480,1.0);
#9928=CARTESIAN_POINT('',(-1.66,2.15,0.849999999999995));
#9929=CARTESIAN_POINT('',(-1.66,2.25,0.849999999999995));
#9930=VECTOR('',#12481,1.0);
#9931=CARTESIAN_POINT('',(-1.66,2.05,0.749999999999997));
#9932=CARTESIAN_POINT('',(-1.66,2.05,0.749999999999997));
#9933=VECTOR('',#12482,1.0);
#9934=CARTESIAN_POINT('',(-1.66,0.0,0.749999999999996));
#9935=VECTOR('',#12483,1.0);
#9936=CARTESIAN_POINT('',(5.525,2.15,0.849999999999995));
#9937=VECTOR('',#12484,1.0);
#9938=CARTESIAN_POINT('',(-0.339999999999998,2.05,0.749999999999997));
#9939=CARTESIAN_POINT('',(-0.339999999999998,0.0,0.749999999999996));
#9940=VECTOR('',#12485,1.0);
#9941=CARTESIAN_POINT('',(-0.339999999999998,2.15,0.849999999999995));
#9942=CARTESIAN_POINT('',(-0.339999999999998,2.05,0.749999999999997));
#9943=VECTOR('',#12486,1.0);
#9944=CARTESIAN_POINT('',(-0.339999999999998,2.25,0.849999999999995));
#9945=VECTOR('',#12487,1.0);
#9946=CARTESIAN_POINT('',(-0.659999999999998,2.15,0.849999999999995));
#9947=CARTESIAN_POINT('',(-0.659999999999998,2.25,0.849999999999995));
#9948=VECTOR('',#12488,1.0);
#9949=CARTESIAN_POINT('',(-0.659999999999998,2.05,0.749999999999997));
#9950=CARTESIAN_POINT('',(-0.659999999999998,2.05,0.749999999999997));
#9951=VECTOR('',#12489,1.0);
#9952=CARTESIAN_POINT('',(-0.659999999999998,0.0,0.749999999999996));
#9953=VECTOR('',#12490,1.0);
#9954=CARTESIAN_POINT('',(5.525,2.15,0.849999999999995));
#9955=VECTOR('',#12491,1.0);
#9956=CARTESIAN_POINT('',(0.660000000000002,2.05,0.749999999999997));
#9957=CARTESIAN_POINT('',(0.660000000000002,0.0,0.749999999999996));
#9958=VECTOR('',#12492,1.0);
#9959=CARTESIAN_POINT('',(0.660000000000002,2.15,0.849999999999995));
#9960=CARTESIAN_POINT('',(0.660000000000002,2.05,0.749999999999997));
#9961=VECTOR('',#12493,1.0);
#9962=CARTESIAN_POINT('',(0.660000000000002,2.25,0.849999999999995));
#9963=VECTOR('',#12494,1.0);
#9964=CARTESIAN_POINT('',(0.340000000000002,2.15,0.849999999999995));
#9965=CARTESIAN_POINT('',(0.340000000000002,2.25,0.849999999999995));
#9966=VECTOR('',#12495,1.0);
#9967=CARTESIAN_POINT('',(0.340000000000002,2.05,0.749999999999997));
#9968=CARTESIAN_POINT('',(0.340000000000002,2.05,0.749999999999997));
#9969=VECTOR('',#12496,1.0);
#9970=CARTESIAN_POINT('',(0.340000000000002,0.0,0.749999999999996));
#9971=VECTOR('',#12497,1.0);
#9972=CARTESIAN_POINT('',(5.525,2.15,0.849999999999995));
#9973=VECTOR('',#12498,1.0);
#9974=CARTESIAN_POINT('',(1.66,2.05,0.749999999999997));
#9975=CARTESIAN_POINT('',(1.66,0.0,0.749999999999996));
#9976=VECTOR('',#12499,1.0);
#9977=CARTESIAN_POINT('',(1.66,2.15,0.849999999999995));
#9978=CARTESIAN_POINT('',(1.66,2.05,0.749999999999997));
#9979=VECTOR('',#12500,1.0);
#9980=CARTESIAN_POINT('',(1.66,2.25,0.849999999999995));
#9981=VECTOR('',#12501,1.0);
#9982=CARTESIAN_POINT('',(1.34,2.15,0.849999999999995));
#9983=CARTESIAN_POINT('',(1.34,2.25,0.849999999999995));
#9984=VECTOR('',#12502,1.0);
#9985=CARTESIAN_POINT('',(1.34,2.05,0.749999999999997));
#9986=CARTESIAN_POINT('',(1.34,2.05,0.749999999999997));
#9987=VECTOR('',#12503,1.0);
#9988=CARTESIAN_POINT('',(1.34,0.0,0.749999999999996));
#9989=VECTOR('',#12504,1.0);
#9990=CARTESIAN_POINT('',(5.525,2.15,0.849999999999995));
#9991=VECTOR('',#12505,1.0);
#9992=CARTESIAN_POINT('',(2.66,2.05,0.749999999999997));
#9993=CARTESIAN_POINT('',(2.66,0.0,0.749999999999996));
#9994=VECTOR('',#12506,1.0);
#9995=CARTESIAN_POINT('',(2.66,2.15,0.849999999999995));
#9996=CARTESIAN_POINT('',(2.66,2.05,0.749999999999997));
#9997=VECTOR('',#12507,1.0);
#9998=CARTESIAN_POINT('',(2.66,2.25,0.849999999999995));
#9999=VECTOR('',#12508,1.0);
#10000=CARTESIAN_POINT('',(2.34,2.15,0.849999999999995));
#10001=CARTESIAN_POINT('',(2.34,2.25,0.849999999999995));
#10002=VECTOR('',#12509,1.0);
#10003=CARTESIAN_POINT('',(2.34,2.05,0.749999999999997));
#10004=CARTESIAN_POINT('',(2.34,2.05,0.749999999999997));
#10005=VECTOR('',#12510,1.0);
#10006=CARTESIAN_POINT('',(2.34,0.0,0.749999999999996));
#10007=VECTOR('',#12511,1.0);
#10008=CARTESIAN_POINT('',(5.525,2.15,0.849999999999995));
#10009=VECTOR('',#12512,1.0);
#10010=CARTESIAN_POINT('',(3.66,2.05,0.749999999999997));
#10011=CARTESIAN_POINT('',(3.66,0.0,0.749999999999996));
#10012=VECTOR('',#12513,1.0);
#10013=CARTESIAN_POINT('',(3.66,2.15,0.849999999999995));
#10014=CARTESIAN_POINT('',(3.66,2.05,0.749999999999997));
#10015=VECTOR('',#12514,1.0);
#10016=CARTESIAN_POINT('',(3.66,2.25,0.849999999999995));
#10017=VECTOR('',#12515,1.0);
#10018=CARTESIAN_POINT('',(3.34,2.15,0.849999999999995));
#10019=CARTESIAN_POINT('',(3.34,2.25,0.849999999999995));
#10020=VECTOR('',#12516,1.0);
#10021=CARTESIAN_POINT('',(3.34,2.05,0.749999999999997));
#10022=CARTESIAN_POINT('',(3.34,2.05,0.749999999999997));
#10023=VECTOR('',#12517,1.0);
#10024=CARTESIAN_POINT('',(3.34,0.0,0.749999999999996));
#10025=VECTOR('',#12518,1.0);
#10026=CARTESIAN_POINT('',(5.525,2.15,0.849999999999995));
#10027=VECTOR('',#12519,1.0);
#10028=CARTESIAN_POINT('',(7.35,4.3,0.3));
#10029=CARTESIAN_POINT('',(7.35,2.3,0.3));
#10030=CARTESIAN_POINT('',(7.35,4.3,0.3));
#10031=VECTOR('',#12520,1.0);
#10032=CARTESIAN_POINT('',(6.775,2.3,0.3));
#10033=CARTESIAN_POINT('',(1.65749999999998,2.3,0.3));
#10034=VECTOR('',#12521,1.0);
#10035=CARTESIAN_POINT('',(6.775,3.35,0.299999999999998));
#10036=CARTESIAN_POINT('',(6.775,4.3,0.3));
#10037=VECTOR('',#12522,1.0);
#10038=CARTESIAN_POINT('',(6.475,3.35,0.299999999999998));
#10039=AXIS2_PLACEMENT_3D('',#12523,#12524,#12525);
#10040=CARTESIAN_POINT('',(6.475,2.73000000000001,0.3));
#10041=CARTESIAN_POINT('',(6.475,3.35,0.299999999999998));
#10042=VECTOR('',#12526,1.0);
#10043=CARTESIAN_POINT('',(5.7,2.73000000000001,0.3));
#10044=CARTESIAN_POINT('',(7.35,2.73000000000001,0.3));
#10045=VECTOR('',#12527,1.0);
#10046=CARTESIAN_POINT('',(5.7,2.9,0.3));
#10047=CARTESIAN_POINT('',(5.7,2.73000000000001,0.3));
#10048=VECTOR('',#12528,1.0);
#10049=CARTESIAN_POINT('',(5.25,2.9,0.3));
#10050=CARTESIAN_POINT('',(5.7,2.9,0.3));
#10051=VECTOR('',#12529,1.0);
#10052=CARTESIAN_POINT('',(5.25,3.70000000000001,0.3));
#10053=CARTESIAN_POINT('',(5.25,2.9,0.3));
#10054=VECTOR('',#12530,1.0);
#10055=CARTESIAN_POINT('',(5.7,3.70000000000001,0.3));
#10056=CARTESIAN_POINT('',(5.25,3.70000000000001,0.3));
#10057=VECTOR('',#12531,1.0);
#10058=CARTESIAN_POINT('',(5.7,3.87000000000001,0.3));
#10059=CARTESIAN_POINT('',(5.7,3.70000000000001,0.3));
#10060=VECTOR('',#12532,1.0);
#10061=CARTESIAN_POINT('',(6.65,3.87000000000001,0.3));
#10062=CARTESIAN_POINT('',(5.7,3.87000000000001,0.3));
#10063=VECTOR('',#12533,1.0);
#10064=CARTESIAN_POINT('',(6.65,4.30000000000001,0.3));
#10065=CARTESIAN_POINT('',(6.65,3.87000000000001,0.3));
#10066=VECTOR('',#12534,1.0);
#10067=CARTESIAN_POINT('',(1.65749999999998,4.3,0.3));
#10068=VECTOR('',#12535,1.0);
#10069=CARTESIAN_POINT('',(5.29270166537926,3.69,0.3));
#10070=CARTESIAN_POINT('',(5.56819660112501,3.69,0.3));
#10071=CARTESIAN_POINT('',(1.65749999999998,3.69,0.3));
#10072=VECTOR('',#12536,1.0);
#10073=CARTESIAN_POINT('',(5.29270166537926,2.91,0.3));
#10074=CARTESIAN_POINT('',(5.29270166537926,2.3,0.3));
#10075=VECTOR('',#12537,1.0);
#10076=CARTESIAN_POINT('',(5.56819660112501,2.91,0.3));
#10077=CARTESIAN_POINT('',(1.65749999999998,2.91,0.3));
#10078=VECTOR('',#12538,1.0);
#10079=CARTESIAN_POINT('',(5.56819660112501,2.3,0.3));
#10080=VECTOR('',#12539,1.0);
#10081=CARTESIAN_POINT('',(-7.35,2.3,0.3));
#10082=CARTESIAN_POINT('',(-6.775,2.3,0.3));
#10083=CARTESIAN_POINT('',(-1.65749999999998,2.3,0.3));
#10084=VECTOR('',#12540,1.0);
#10085=CARTESIAN_POINT('',(-7.35,4.3,0.3));
#10086=CARTESIAN_POINT('',(-7.35,4.3,0.3));
#10087=VECTOR('',#12541,1.0);
#10088=CARTESIAN_POINT('',(-6.65,4.30000000000001,0.3));
#10089=CARTESIAN_POINT('',(-1.65749999999998,4.3,0.3));
#10090=VECTOR('',#12542,1.0);
#10091=CARTESIAN_POINT('',(-6.65,3.87000000000001,0.3));
#10092=CARTESIAN_POINT('',(-6.65,4.30000000000001,0.3));
#10093=VECTOR('',#12543,1.0);
#10094=CARTESIAN_POINT('',(-5.7,3.87000000000001,0.3));
#10095=CARTESIAN_POINT('',(-6.65,3.87000000000001,0.3));
#10096=VECTOR('',#12544,1.0);
#10097=CARTESIAN_POINT('',(-5.7,3.70000000000001,0.3));
#10098=CARTESIAN_POINT('',(-5.7,3.87000000000001,0.3));
#10099=VECTOR('',#12545,1.0);
#10100=CARTESIAN_POINT('',(-5.25,3.70000000000001,0.3));
#10101=CARTESIAN_POINT('',(-5.7,3.70000000000001,0.3));
#10102=VECTOR('',#12546,1.0);
#10103=CARTESIAN_POINT('',(-5.25,2.9,0.3));
#10104=CARTESIAN_POINT('',(-5.25,3.70000000000001,0.3));
#10105=VECTOR('',#12547,1.0);
#10106=CARTESIAN_POINT('',(-5.7,2.9,0.3));
#10107=CARTESIAN_POINT('',(-5.25,2.9,0.3));
#10108=VECTOR('',#12548,1.0);
#10109=CARTESIAN_POINT('',(-5.7,2.73000000000001,0.3));
#10110=CARTESIAN_POINT('',(-5.7,2.9,0.3));
#10111=VECTOR('',#12549,1.0);
#10112=CARTESIAN_POINT('',(-6.475,2.73000000000001,0.3));
#10113=CARTESIAN_POINT('',(-5.7,2.73000000000001,0.3));
#10114=VECTOR('',#12550,1.0);
#10115=CARTESIAN_POINT('',(-6.475,3.35,0.299999999999998));
#10116=CARTESIAN_POINT('',(-6.475,-2.87991202066462E-15,0.299999999999998));
#10117=VECTOR('',#12551,1.0);
#10118=CARTESIAN_POINT('',(-6.775,3.35,0.299999999999998));
#10119=AXIS2_PLACEMENT_3D('',#12552,#12553,#12554);
#10120=CARTESIAN_POINT('',(-6.775,4.3,0.3));
#10121=VECTOR('',#12555,1.0);
#10122=CARTESIAN_POINT('',(-5.29270166537926,3.69,0.3));
#10123=CARTESIAN_POINT('',(-5.29270166537926,2.91,0.3));
#10124=CARTESIAN_POINT('',(-5.29270166537926,2.3,0.3));
#10125=VECTOR('',#12556,1.0);
#10126=CARTESIAN_POINT('',(-5.56819660112501,3.69,0.3));
#10127=CARTESIAN_POINT('',(-1.65749999999998,3.69,0.3));
#10128=VECTOR('',#12557,1.0);
#10129=CARTESIAN_POINT('',(-5.56819660112501,2.91,0.3));
#10130=CARTESIAN_POINT('',(-5.56819660112501,2.3,0.3));
#10131=VECTOR('',#12558,1.0);
#10132=CARTESIAN_POINT('',(-1.65749999999998,2.91,0.3));
#10133=VECTOR('',#12559,1.0);
#10134=CARTESIAN_POINT('',(6.475,0.799999999999958,2.44999999999999));
#10135=CARTESIAN_POINT('',(6.475,-2.22044604925031E-15,2.44999999999999));
#10136=VECTOR('',#12560,1.0);
#10137=CARTESIAN_POINT('',(6.475,3.5,1.94999999999999));
#10138=CARTESIAN_POINT('',(6.475,34.65,1.94999999999999));
#10139=VECTOR('',#12561,1.0);
#10140=CARTESIAN_POINT('',(6.475,3.5,2.04999999999999));
#10141=CARTESIAN_POINT('',(6.475,3.5,1.94999999999999));
#10142=VECTOR('',#12562,1.0);
#10143=CARTESIAN_POINT('',(6.475,3.35,2.05));
#10144=CARTESIAN_POINT('',(6.475,34.65,2.04999999999999));
#10145=VECTOR('',#12563,1.0);
#10146=CARTESIAN_POINT('',(6.475,3.35,2.69999999999999));
#10147=CARTESIAN_POINT('',(6.475,3.35,-24.03));
#10148=VECTOR('',#12564,1.0);
#10149=CARTESIAN_POINT('',(6.475,0.799999999999958,2.69999999999999));
#10150=CARTESIAN_POINT('',(6.475,3.35,2.69999999999999));
#10151=VECTOR('',#12565,1.0);
#10152=CARTESIAN_POINT('',(6.475,0.799999999999958,2.44999999999999));
#10153=VECTOR('',#12566,1.0);
#10154=CARTESIAN_POINT('',(6.625,3.5,2.05));
#10155=CARTESIAN_POINT('',(6.875,3.5,2.05));
#10156=VECTOR('',#12567,1.0);
#10157=CARTESIAN_POINT('',(6.075,3.5,1.95));
#10158=CARTESIAN_POINT('',(6.075,3.5,1.95));
#10159=VECTOR('',#12568,1.0);
#10160=CARTESIAN_POINT('',(6.075,3.5,0.749999999999996));
#10161=CARTESIAN_POINT('',(6.075,3.5,2.05));
#10162=VECTOR('',#12569,1.0);
#10163=CARTESIAN_POINT('',(6.625,3.5,0.749999999999997));
#10164=CARTESIAN_POINT('',(6.075,3.5,0.749999999999996));
#10165=VECTOR('',#12570,1.0);
#10166=CARTESIAN_POINT('',(6.775,3.5,0.75));
#10167=CARTESIAN_POINT('',(6.075,3.5,0.749999999999996));
#10168=VECTOR('',#12571,1.0);
#10169=CARTESIAN_POINT('',(6.775,3.5,2.05));
#10170=CARTESIAN_POINT('',(6.775,3.5,0.0));
#10171=VECTOR('',#12572,1.0);
#10172=CARTESIAN_POINT('',(6.875,3.5,2.05));
#10173=VECTOR('',#12573,1.0);
#10174=AXIS2_PLACEMENT_3D('',#12574,#12575,#12576);
#10175=CARTESIAN_POINT('',(-6.075,3.5,1.95000000000016));
#10176=CARTESIAN_POINT('',(-6.47499999999994,3.5,1.95000000000016));
#10177=CARTESIAN_POINT('',(-6.47499999999994,3.5,1.95000000000016));
#10178=VECTOR('',#12577,1.0);
#10179=CARTESIAN_POINT('',(-6.47499999999994,3.5,2.05));
#10180=CARTESIAN_POINT('',(-6.47499999999994,3.5,2.05000000000016));
#10181=VECTOR('',#12578,1.0);
#10182=CARTESIAN_POINT('',(-6.625,3.5,2.05));
#10183=CARTESIAN_POINT('',(-6.075,3.5,2.05));
#10184=VECTOR('',#12579,1.0);
#10185=CARTESIAN_POINT('',(-6.775,3.5,2.05));
#10186=CARTESIAN_POINT('',(-6.075,3.5,2.05));
#10187=VECTOR('',#12580,1.0);
#10188=CARTESIAN_POINT('',(-6.775,3.5,0.75));
#10189=CARTESIAN_POINT('',(-6.775,3.5,0.0));
#10190=VECTOR('',#12581,1.0);
#10191=CARTESIAN_POINT('',(-6.625,3.5,0.749999999999997));
#10192=CARTESIAN_POINT('',(-6.875,3.5,0.749999999999997));
#10193=VECTOR('',#12582,1.0);
#10194=CARTESIAN_POINT('',(-6.075,3.5,0.749999999999996));
#10195=CARTESIAN_POINT('',(-6.875,3.5,0.749999999999997));
#10196=VECTOR('',#12583,1.0);
#10197=CARTESIAN_POINT('',(-6.075,3.5,0.749999999999996));
#10198=VECTOR('',#12584,1.0);
#10199=CARTESIAN_POINT('',(-6.07499999999995,34.65,1.95000000000016));
#10200=VECTOR('',#12585,1.0);
#10201=CARTESIAN_POINT('',(-6.075,1.35,0.749999999999996));
#10202=CARTESIAN_POINT('',(-6.075,3.5,0.749999999999996));
#10203=VECTOR('',#12586,1.0);
#10204=CARTESIAN_POINT('',(-6.075,1.35,1.45000000000013));
#10205=CARTESIAN_POINT('',(-6.075,1.35,1.45000000000013));
#10206=VECTOR('',#12587,1.0);
#10207=CARTESIAN_POINT('',(-6.075,1.35,1.45000000000013));
#10208=VECTOR('',#12588,1.0);
#10209=CARTESIAN_POINT('',(3.66,4.3,0.491421356237307));
#10210=CARTESIAN_POINT('',(3.34,4.3,0.491421356237307));
#10211=CARTESIAN_POINT('',(3.66,4.3,0.491421356237307));
#10212=VECTOR('',#12589,1.0);
#10213=CARTESIAN_POINT('',(3.66,4.3,0.929999999999996));
#10214=CARTESIAN_POINT('',(3.66,4.3,0.0));
#10215=VECTOR('',#12590,1.0);
#10216=CARTESIAN_POINT('',(3.34,4.3,0.929999999999996));
#10217=CARTESIAN_POINT('',(0.0,4.3,0.929999999999996));
#10218=VECTOR('',#12591,1.0);
#10219=CARTESIAN_POINT('',(3.34,4.3,0.0));
#10220=VECTOR('',#12592,1.0);
#10221=CARTESIAN_POINT('',(2.66,4.3,0.491421356237307));
#10222=CARTESIAN_POINT('',(2.34,4.3,0.491421356237307));
#10223=CARTESIAN_POINT('',(2.66,4.3,0.491421356237307));
#10224=VECTOR('',#12593,1.0);
#10225=CARTESIAN_POINT('',(2.66,4.3,0.929999999999996));
#10226=CARTESIAN_POINT('',(2.66,4.3,0.0));
#10227=VECTOR('',#12594,1.0);
#10228=CARTESIAN_POINT('',(2.34,4.3,0.929999999999996));
#10229=CARTESIAN_POINT('',(0.0,4.3,0.929999999999996));
#10230=VECTOR('',#12595,1.0);
#10231=CARTESIAN_POINT('',(2.34,4.3,0.0));
#10232=VECTOR('',#12596,1.0);
#10233=CARTESIAN_POINT('',(1.66,4.3,0.491421356237307));
#10234=CARTESIAN_POINT('',(1.34,4.3,0.491421356237307));
#10235=CARTESIAN_POINT('',(1.66,4.3,0.491421356237307));
#10236=VECTOR('',#12597,1.0);
#10237=CARTESIAN_POINT('',(1.66,4.3,0.929999999999996));
#10238=CARTESIAN_POINT('',(1.66,4.3,0.0));
#10239=VECTOR('',#12598,1.0);
#10240=CARTESIAN_POINT('',(1.34,4.3,0.929999999999996));
#10241=CARTESIAN_POINT('',(0.0,4.3,0.929999999999996));
#10242=VECTOR('',#12599,1.0);
#10243=CARTESIAN_POINT('',(1.34,4.3,0.0));
#10244=VECTOR('',#12600,1.0);
#10245=CARTESIAN_POINT('',(0.660000000000002,4.3,0.491421356237307));
#10246=CARTESIAN_POINT('',(0.340000000000002,4.3,0.491421356237307));
#10247=CARTESIAN_POINT('',(0.660000000000002,4.3,0.491421356237307));
#10248=VECTOR('',#12601,1.0);
#10249=CARTESIAN_POINT('',(0.660000000000002,4.3,0.929999999999996));
#10250=CARTESIAN_POINT('',(0.660000000000002,4.3,0.0));
#10251=VECTOR('',#12602,1.0);
#10252=CARTESIAN_POINT('',(0.340000000000002,4.3,0.929999999999996));
#10253=CARTESIAN_POINT('',(0.0,4.3,0.929999999999996));
#10254=VECTOR('',#12603,1.0);
#10255=CARTESIAN_POINT('',(0.340000000000002,4.3,0.0));
#10256=VECTOR('',#12604,1.0);
#10257=CARTESIAN_POINT('',(-0.339999999999998,4.3,0.491421356237307));
#10258=CARTESIAN_POINT('',(-0.659999999999998,4.3,0.491421356237307));
#10259=CARTESIAN_POINT('',(-0.339999999999998,4.3,0.491421356237307));
#10260=VECTOR('',#12605,1.0);
#10261=CARTESIAN_POINT('',(-0.339999999999998,4.3,0.929999999999996));
#10262=CARTESIAN_POINT('',(-0.339999999999998,4.3,0.0));
#10263=VECTOR('',#12606,1.0);
#10264=CARTESIAN_POINT('',(-0.659999999999998,4.3,0.929999999999996));
#10265=CARTESIAN_POINT('',(0.0,4.3,0.929999999999996));
#10266=VECTOR('',#12607,1.0);
#10267=CARTESIAN_POINT('',(-0.659999999999998,4.3,0.0));
#10268=VECTOR('',#12608,1.0);
#10269=CARTESIAN_POINT('',(-1.34,4.3,0.491421356237307));
#10270=CARTESIAN_POINT('',(-1.66,4.3,0.491421356237307));
#10271=CARTESIAN_POINT('',(-1.34,4.3,0.491421356237307));
#10272=VECTOR('',#12609,1.0);
#10273=CARTESIAN_POINT('',(-1.34,4.3,0.929999999999996));
#10274=CARTESIAN_POINT('',(-1.34,4.3,0.0));
#10275=VECTOR('',#12610,1.0);
#10276=CARTESIAN_POINT('',(-1.66,4.3,0.929999999999996));
#10277=CARTESIAN_POINT('',(0.0,4.3,0.929999999999996));
#10278=VECTOR('',#12611,1.0);
#10279=CARTESIAN_POINT('',(-1.66,4.3,0.0));
#10280=VECTOR('',#12612,1.0);
#10281=CARTESIAN_POINT('',(-2.34,4.3,0.491421356237307));
#10282=CARTESIAN_POINT('',(-2.66,4.3,0.491421356237307));
#10283=CARTESIAN_POINT('',(-2.34,4.3,0.491421356237307));
#10284=VECTOR('',#12613,1.0);
#10285=CARTESIAN_POINT('',(-2.34,4.3,0.929999999999996));
#10286=CARTESIAN_POINT('',(-2.34,4.3,0.0));
#10287=VECTOR('',#12614,1.0);
#10288=CARTESIAN_POINT('',(-2.66,4.3,0.929999999999996));
#10289=CARTESIAN_POINT('',(0.0,4.3,0.929999999999996));
#10290=VECTOR('',#12615,1.0);
#10291=CARTESIAN_POINT('',(-2.66,4.3,0.0));
#10292=VECTOR('',#12616,1.0);
#10293=CARTESIAN_POINT('',(-3.34,4.3,0.491421356237307));
#10294=CARTESIAN_POINT('',(-3.66,4.3,0.491421356237307));
#10295=CARTESIAN_POINT('',(-3.34,4.3,0.491421356237307));
#10296=VECTOR('',#12617,1.0);
#10297=CARTESIAN_POINT('',(-3.34,4.3,0.929999999999996));
#10298=CARTESIAN_POINT('',(-3.34,4.3,0.0));
#10299=VECTOR('',#12618,1.0);
#10300=CARTESIAN_POINT('',(-3.66,4.3,0.929999999999996));
#10301=CARTESIAN_POINT('',(0.0,4.3,0.929999999999996));
#10302=VECTOR('',#12619,1.0);
#10303=CARTESIAN_POINT('',(-3.66,4.3,0.0));
#10304=VECTOR('',#12620,1.0);
#10305=CARTESIAN_POINT('',(-4.34,4.3,0.491421356237307));
#10306=CARTESIAN_POINT('',(-4.66,4.3,0.491421356237307));
#10307=CARTESIAN_POINT('',(-4.34,4.3,0.491421356237307));
#10308=VECTOR('',#12621,1.0);
#10309=CARTESIAN_POINT('',(-4.34,4.3,0.929999999999996));
#10310=CARTESIAN_POINT('',(-4.34,4.3,0.0));
#10311=VECTOR('',#12622,1.0);
#10312=CARTESIAN_POINT('',(-4.66,4.3,0.929999999999996));
#10313=CARTESIAN_POINT('',(0.0,4.3,0.929999999999996));
#10314=VECTOR('',#12623,1.0);
#10315=CARTESIAN_POINT('',(-4.66,4.3,0.0));
#10316=VECTOR('',#12624,1.0);
#10317=CARTESIAN_POINT('',(4.66,4.3,0.491421356237307));
#10318=CARTESIAN_POINT('',(4.34,4.3,0.491421356237307));
#10319=CARTESIAN_POINT('',(4.66,4.3,0.491421356237307));
#10320=VECTOR('',#12625,1.0);
#10321=CARTESIAN_POINT('',(4.66,4.3,0.929999999999996));
#10322=CARTESIAN_POINT('',(4.66,4.3,0.0));
#10323=VECTOR('',#12626,1.0);
#10324=CARTESIAN_POINT('',(4.34,4.3,0.929999999999996));
#10325=CARTESIAN_POINT('',(0.0,4.3,0.929999999999996));
#10326=VECTOR('',#12627,1.0);
#10327=CARTESIAN_POINT('',(4.34,4.3,0.0));
#10328=VECTOR('',#12628,1.0);
#10329=CARTESIAN_POINT('',(-6.65,4.30000000000001,-3.5527136788005E-15));
#10330=CARTESIAN_POINT('',(-6.65,4.30000000000001,2.97000000000003));
#10331=VECTOR('',#12629,1.0);
#10332=CARTESIAN_POINT('',(-7.35,4.3,0.75));
#10333=CARTESIAN_POINT('',(-7.35,4.3,2.7));
#10334=VECTOR('',#12630,1.0);
#10335=CARTESIAN_POINT('',(-6.775,4.3,0.75));
#10336=CARTESIAN_POINT('',(-1.65749999999998,4.3,0.75));
#10337=VECTOR('',#12631,1.0);
#10338=CARTESIAN_POINT('',(-6.775,4.3,2.05));
#10339=CARTESIAN_POINT('',(-6.775,4.3,0.75));
#10340=VECTOR('',#12632,1.0);
#10341=CARTESIAN_POINT('',(-7.35,4.3,2.05));
#10342=CARTESIAN_POINT('',(-1.65749999999998,4.3,2.05));
#10343=VECTOR('',#12633,1.0);
#10344=CARTESIAN_POINT('',(-7.35,4.3,2.7));
#10345=CARTESIAN_POINT('',(-7.35,4.3,2.7));
#10346=VECTOR('',#12634,1.0);
#10347=CARTESIAN_POINT('',(7.35,4.3,2.7));
#10348=CARTESIAN_POINT('',(7.35,4.3,2.7));
#10349=VECTOR('',#12635,1.0);
#10350=CARTESIAN_POINT('',(7.35,4.3,2.05));
#10351=CARTESIAN_POINT('',(7.35,4.3,-3.5527136788005E-15));
#10352=VECTOR('',#12636,1.0);
#10353=CARTESIAN_POINT('',(6.775,4.3,2.05));
#10354=CARTESIAN_POINT('',(1.65749999999998,4.3,2.05));
#10355=VECTOR('',#12637,1.0);
#10356=CARTESIAN_POINT('',(6.775,4.3,0.75));
#10357=CARTESIAN_POINT('',(6.775,4.3,0.75));
#10358=VECTOR('',#12638,1.0);
#10359=CARTESIAN_POINT('',(7.35,4.3,0.75));
#10360=CARTESIAN_POINT('',(1.65749999999998,4.3,0.75));
#10361=VECTOR('',#12639,1.0);
#10362=CARTESIAN_POINT('',(7.35,4.3,-3.5527136788005E-15));
#10363=VECTOR('',#12640,1.0);
#10364=CARTESIAN_POINT('',(6.65,4.30000000000001,-3.5527136788005E-15));
#10365=CARTESIAN_POINT('',(6.65,4.30000000000001,2.97000000000003));
#10366=VECTOR('',#12641,1.0);
#10367=CARTESIAN_POINT('',(-7.35,4.3,-3.77475828372553E-15));
#10368=VECTOR('',#12642,1.0);
#10369=CARTESIAN_POINT('',(-7.35,1.75,0.15));
#10370=CARTESIAN_POINT('',(-7.35,2.3,0.3));
#10371=VECTOR('',#12643,1.0);
#10372=CARTESIAN_POINT('',(-7.35,0.2,0.15));
#10373=CARTESIAN_POINT('',(-7.35,1.75,0.15));
#10374=VECTOR('',#12644,1.0);
#10375=CARTESIAN_POINT('',(-7.35,0.199999999999994,2.69999999999999));
#10376=CARTESIAN_POINT('',(-7.35,0.199999999999994,-24.03));
#10377=VECTOR('',#12645,1.0);
#10378=CARTESIAN_POINT('',(-7.35,4.3,2.7));
#10379=VECTOR('',#12646,1.0);
#10380=CARTESIAN_POINT('',(-7.35,0.95,2.05));
#10381=CARTESIAN_POINT('',(-7.35,4.3,2.05));
#10382=VECTOR('',#12647,1.0);
#10383=CARTESIAN_POINT('',(-7.35,0.95,0.75));
#10384=CARTESIAN_POINT('',(-7.35,0.95,2.05));
#10385=VECTOR('',#12648,1.0);
#10386=CARTESIAN_POINT('',(-7.35,0.95,0.75));
#10387=VECTOR('',#12649,1.0);
#10388=CARTESIAN_POINT('',(-6.775,0.2,0.15));
#10389=CARTESIAN_POINT('',(-1.65749999999998,0.2,0.15));
#10390=VECTOR('',#12650,1.0);
#10391=CARTESIAN_POINT('',(-6.77500000000001,0.200000000000001,0.749999999999997));
#10392=CARTESIAN_POINT('',(-6.77500000000001,0.200000000000001,-24.03));
#10393=VECTOR('',#12651,1.0);
#10394=CARTESIAN_POINT('',(-6.775,0.200000000000001,0.749999999999997));
#10395=VECTOR('',#12652,1.0);
#10396=CARTESIAN_POINT('',(-6.875,0.2,2.05));
#10397=CARTESIAN_POINT('',(-6.875,0.199999999999999,-24.03));
#10398=VECTOR('',#12653,1.0);
#10399=CARTESIAN_POINT('',(-6.77500000000001,0.200000000000001,2.05));
#10400=CARTESIAN_POINT('',(-6.77500000000001,0.200000000000001,2.05));
#10401=VECTOR('',#12654,1.0);
#10402=CARTESIAN_POINT('',(-6.77500000000001,0.200000000000001,2.69999999999999));
#10403=CARTESIAN_POINT('',(-6.77500000000001,0.200000000000001,-24.03));
#10404=VECTOR('',#12655,1.0);
#10405=CARTESIAN_POINT('',(-6.77500000000001,0.200000000000001,2.69999999999999));
#10406=VECTOR('',#12656,1.0);
#10407=CARTESIAN_POINT('',(-6.875,0.95,2.05));
#10408=CARTESIAN_POINT('',(-6.875,0.95,2.05));
#10409=VECTOR('',#12657,1.0);
#10410=CARTESIAN_POINT('',(-6.875,3.5,2.05));
#10411=VECTOR('',#12658,1.0);
#10412=CARTESIAN_POINT('',(-6.65,3.87000000000001,-3.5527136788005E-15));
#10413=CARTESIAN_POINT('',(-6.65,4.30000000000001,-3.5527136788005E-15));
#10414=VECTOR('',#12659,1.0);
#10415=CARTESIAN_POINT('',(6.65,3.87000000000001,-3.5527136788005E-15));
#10416=CARTESIAN_POINT('',(6.65,3.87000000000001,-3.5527136788005E-15));
#10417=VECTOR('',#12660,1.0);
#10418=CARTESIAN_POINT('',(5.7,3.87000000000001,-3.5527136788005E-15));
#10419=CARTESIAN_POINT('',(5.7,3.87000000000001,-3.5527136788005E-15));
#10420=VECTOR('',#12661,1.0);
#10421=CARTESIAN_POINT('',(5.7,3.70000000000001,-3.5527136788005E-15));
#10422=CARTESIAN_POINT('',(5.7,3.70000000000001,-3.5527136788005E-15));
#10423=VECTOR('',#12662,1.0);
#10424=CARTESIAN_POINT('',(5.25,3.70000000000001,-3.5527136788005E-15));
#10425=CARTESIAN_POINT('',(5.25,3.70000000000001,-3.5527136788005E-15));
#10426=VECTOR('',#12663,1.0);
#10427=CARTESIAN_POINT('',(5.25,2.9,-3.5527136788005E-15));
#10428=CARTESIAN_POINT('',(5.25,2.9,-3.5527136788005E-15));
#10429=VECTOR('',#12664,1.0);
#10430=CARTESIAN_POINT('',(5.7,2.9,-3.5527136788005E-15));
#10431=CARTESIAN_POINT('',(5.7,2.9,-3.5527136788005E-15));
#10432=VECTOR('',#12665,1.0);
#10433=CARTESIAN_POINT('',(5.7,2.73000000000001,-3.5527136788005E-15));
#10434=CARTESIAN_POINT('',(5.7,2.73000000000001,-3.5527136788005E-15));
#10435=VECTOR('',#12666,1.0);
#10436=CARTESIAN_POINT('',(6.475,2.73000000000001,-3.5527136788005E-15));
#10437=CARTESIAN_POINT('',(7.35,2.73000000000001,-3.5527136788005E-15));
#10438=VECTOR('',#12667,1.0);
#10439=CARTESIAN_POINT('',(6.475,3.35,-3.46944695195361E-15));
#10440=VECTOR('',#12668,1.0);
#10441=CARTESIAN_POINT('',(-6.475,2.73000000000001,-3.5527136788005E-15));
#10442=CARTESIAN_POINT('',(-6.475,-2.22044604925031E-15,-3.46944695195361E-15));
#10443=VECTOR('',#12669,1.0);
#10444=CARTESIAN_POINT('',(-5.7,2.73000000000001,-3.5527136788005E-15));
#10445=CARTESIAN_POINT('',(-5.7,2.73000000000001,-3.5527136788005E-15));
#10446=VECTOR('',#12670,1.0);
#10447=CARTESIAN_POINT('',(-5.7,2.9,-3.5527136788005E-15));
#10448=CARTESIAN_POINT('',(-5.7,2.9,-3.5527136788005E-15));
#10449=VECTOR('',#12671,1.0);
#10450=CARTESIAN_POINT('',(-5.25,2.9,-3.5527136788005E-15));
#10451=CARTESIAN_POINT('',(-5.25,2.9,-3.5527136788005E-15));
#10452=VECTOR('',#12672,1.0);
#10453=CARTESIAN_POINT('',(-5.25,3.70000000000001,-3.5527136788005E-15));
#10454=CARTESIAN_POINT('',(-5.25,3.70000000000001,-3.5527136788005E-15));
#10455=VECTOR('',#12673,1.0);
#10456=CARTESIAN_POINT('',(-5.7,3.70000000000001,-3.5527136788005E-15));
#10457=CARTESIAN_POINT('',(-5.7,3.70000000000001,-3.5527136788005E-15));
#10458=VECTOR('',#12674,1.0);
#10459=CARTESIAN_POINT('',(-5.7,3.87000000000001,-3.5527136788005E-15));
#10460=CARTESIAN_POINT('',(-5.7,3.87000000000001,-3.5527136788005E-15));
#10461=VECTOR('',#12675,1.0);
#10462=CARTESIAN_POINT('',(-6.65,3.87000000000001,-3.5527136788005E-15));
#10463=VECTOR('',#12676,1.0);
#10464=CARTESIAN_POINT('',(6.775,0.2,0.15));
#10465=CARTESIAN_POINT('',(6.775,1.75,0.15));
#10466=CARTESIAN_POINT('',(6.775,1.75,0.15));
#10467=VECTOR('',#12677,1.0);
#10468=CARTESIAN_POINT('',(6.775,0.200000000000001,0.749999999999997));
#10469=CARTESIAN_POINT('',(6.775,0.200000000000001,-24.03));
#10470=VECTOR('',#12678,1.0);
#10471=CARTESIAN_POINT('',(6.775,3.35,0.749999999999997));
#10472=CARTESIAN_POINT('',(6.775,0.200000000000001,0.749999999999997));
#10473=VECTOR('',#12679,1.0);
#10474=CARTESIAN_POINT('',(6.775,3.35,-24.03));
#10475=VECTOR('',#12680,1.0);
#10476=CARTESIAN_POINT('',(6.775,2.3,0.3));
#10477=VECTOR('',#12681,1.0);
#10478=CARTESIAN_POINT('',(6.075,34.65,1.95));
#10479=VECTOR('',#12682,1.0);
#10480=CARTESIAN_POINT('',(6.075,1.35,1.44999999999996));
#10481=CARTESIAN_POINT('',(6.075,1.35,1.44999999999996));
#10482=VECTOR('',#12683,1.0);
#10483=CARTESIAN_POINT('',(6.075,1.35,0.749999999999964));
#10484=CARTESIAN_POINT('',(6.075,1.35,0.749999999999996));
#10485=VECTOR('',#12684,1.0);
#10486=CARTESIAN_POINT('',(6.075,3.5,0.749999999999996));
#10487=VECTOR('',#12685,1.0);
#10488=CARTESIAN_POINT('',(-6.475,3.35,0.749999999999997));
#10489=CARTESIAN_POINT('',(-6.475,3.35,-24.03));
#10490=VECTOR('',#12686,1.0);
#10491=CARTESIAN_POINT('',(-6.475,2.73000000000001,-24.03));
#10492=VECTOR('',#12687,1.0);
#10493=CARTESIAN_POINT('',(-6.475,-2.22044604925031E-15,0.749999999999997));
#10494=VECTOR('',#12688,1.0);
#10495=CARTESIAN_POINT('',(-6.775,3.35,2.05));
#10496=AXIS2_PLACEMENT_3D('',#12689,#12690,#12691);
#10497=CARTESIAN_POINT('',(-6.475,3.35,2.05));
#10498=AXIS2_PLACEMENT_3D('',#12692,#12693,#12694);
#10499=CARTESIAN_POINT('',(-6.475,3.35,2.69999999999999));
#10500=CARTESIAN_POINT('',(-6.475,3.35,-24.03));
#10501=VECTOR('',#12695,1.0);
#10502=CARTESIAN_POINT('',(-6.775,3.35,2.7));
#10503=AXIS2_PLACEMENT_3D('',#12696,#12697,#12698);
#10504=CARTESIAN_POINT('',(-6.775,3.35,-24.03));
#10505=VECTOR('',#12699,1.0);
#10506=CARTESIAN_POINT('',(-6.775,1.75,0.15));
#10507=CARTESIAN_POINT('',(-6.775,2.3,0.3));
#10508=VECTOR('',#12700,1.0);
#10509=CARTESIAN_POINT('',(-6.775,3.35,0.749999999999997));
#10510=CARTESIAN_POINT('',(-6.775,3.35,-24.03));
#10511=VECTOR('',#12701,1.0);
#10512=CARTESIAN_POINT('',(-6.775,3.35,0.749999999999997));
#10513=VECTOR('',#12702,1.0);
#10514=CARTESIAN_POINT('',(-6.775,1.75,0.15));
#10515=VECTOR('',#12703,1.0);
#10516=CARTESIAN_POINT('',(6.475,2.73000000000001,-24.03));
#10517=VECTOR('',#12704,1.0);
#10518=CARTESIAN_POINT('',(6.475,3.35,0.749999999999997));
#10519=CARTESIAN_POINT('',(6.475,3.35,-24.03));
#10520=VECTOR('',#12705,1.0);
#10521=CARTESIAN_POINT('',(6.475,3.35,0.749999999999997));
#10522=VECTOR('',#12706,1.0);
#10523=CARTESIAN_POINT('',(6.775,3.35,2.05));
#10524=AXIS2_PLACEMENT_3D('',#12707,#12708,#12709);
#10525=CARTESIAN_POINT('',(6.775,3.35,2.7));
#10526=CARTESIAN_POINT('',(6.775,3.35,-24.03));
#10527=VECTOR('',#12710,1.0);
#10528=AXIS2_PLACEMENT_3D('',#12711,#12712,#12713);
#10529=CARTESIAN_POINT('',(7.35,0.95,0.75));
#10530=CARTESIAN_POINT('',(7.35,0.95,0.75));
#10531=VECTOR('',#12714,1.0);
#10532=CARTESIAN_POINT('',(7.35,0.95,2.05));
#10533=CARTESIAN_POINT('',(7.35,0.95,2.05));
#10534=VECTOR('',#12715,1.0);
#10535=CARTESIAN_POINT('',(7.35,4.3,2.05));
#10536=VECTOR('',#12716,1.0);
#10537=CARTESIAN_POINT('',(7.35,0.199999999999994,2.69999999999999));
#10538=CARTESIAN_POINT('',(7.35,4.3,2.7));
#10539=VECTOR('',#12717,1.0);
#10540=CARTESIAN_POINT('',(7.35,0.2,0.15));
#10541=CARTESIAN_POINT('',(7.35,0.199999999999994,-24.03));
#10542=VECTOR('',#12718,1.0);
#10543=CARTESIAN_POINT('',(7.35,1.75,0.15));
#10544=CARTESIAN_POINT('',(7.35,1.75,0.15));
#10545=VECTOR('',#12719,1.0);
#10546=CARTESIAN_POINT('',(7.35,2.3,0.3));
#10547=VECTOR('',#12720,1.0);
#10548=CARTESIAN_POINT('',(5.4,0.799999999999964,2.69999999999999));
#10549=CARTESIAN_POINT('',(5.4,-1.3,2.7));
#10550=CARTESIAN_POINT('',(5.4,0.0,2.7));
#10551=VECTOR('',#12721,1.0);
#10552=CARTESIAN_POINT('',(6.475,0.799999999999958,2.69999999999999));
#10553=VECTOR('',#12722,1.0);
#10554=CARTESIAN_POINT('',(6.775,0.200000000000001,2.69999999999999));
#10555=CARTESIAN_POINT('',(6.775,0.200000000000001,2.69999999999999));
#10556=VECTOR('',#12723,1.0);
#10557=CARTESIAN_POINT('',(7.35,0.199999999999994,2.69999999999999));
#10558=VECTOR('',#12724,1.0);
#10559=CARTESIAN_POINT('',(-6.775,3.35,2.69999999999999));
#10560=VECTOR('',#12725,1.0);
#10561=CARTESIAN_POINT('',(-6.47499999999999,0.800000000000031,2.69999999999999));
#10562=CARTESIAN_POINT('',(-6.475,-2.22044604925031E-15,2.69999999999999));
#10563=VECTOR('',#12726,1.0);
#10564=CARTESIAN_POINT('',(-5.39999999999999,0.800000000000026,2.69999999999999));
#10565=CARTESIAN_POINT('',(-5.39999999999999,0.800000000000026,2.69999999999999));
#10566=VECTOR('',#12727,1.0);
#10567=CARTESIAN_POINT('',(-5.4,-1.3,2.7));
#10568=CARTESIAN_POINT('',(-5.4,0.0,2.7));
#10569=VECTOR('',#12728,1.0);
#10570=CARTESIAN_POINT('',(5.4,-1.3,2.7));
#10571=VECTOR('',#12729,1.0);
#10572=CARTESIAN_POINT('',(-5.4,-1.3,2.1));
#10573=CARTESIAN_POINT('',(-5.4,-1.3,2.7));
#10574=VECTOR('',#12730,1.0);
#10575=CARTESIAN_POINT('',(5.4,-1.3,2.1));
#10576=CARTESIAN_POINT('',(5.4,-1.3,2.1));
#10577=VECTOR('',#12731,1.0);
#10578=CARTESIAN_POINT('',(5.4,-1.3,2.7));
#10579=VECTOR('',#12732,1.0);
#10580=CARTESIAN_POINT('',(-5.4,-0.4,1.8));
#10581=CARTESIAN_POINT('',(-5.4,-1.3,2.1));
#10582=VECTOR('',#12733,1.0);
#10583=CARTESIAN_POINT('',(5.4,-0.4,1.8));
#10584=CARTESIAN_POINT('',(5.4,-0.4,1.8));
#10585=VECTOR('',#12734,1.0);
#10586=CARTESIAN_POINT('',(5.4,-1.3,2.1));
#10587=VECTOR('',#12735,1.0);
#10588=CARTESIAN_POINT('',(3.66,0.179674259045117,1.8));
#10589=CARTESIAN_POINT('',(3.34,0.179674259045117,1.8));
#10590=CARTESIAN_POINT('',(5.4,0.179674259045117,1.8));
#10591=VECTOR('',#12736,1.0);
#10592=CARTESIAN_POINT('',(3.66,1.02749181343463,1.8));
#10593=CARTESIAN_POINT('',(3.66,-0.4,1.8));
#10594=VECTOR('',#12737,1.0);
#10595=CARTESIAN_POINT('',(3.34,1.02749181343465,1.8));
#10596=CARTESIAN_POINT('',(5.4,1.02749181343463,1.8));
#10597=VECTOR('',#12738,1.0);
#10598=CARTESIAN_POINT('',(3.34,-0.4,1.8));
#10599=VECTOR('',#12739,1.0);
#10600=CARTESIAN_POINT('',(2.66,0.179674259045117,1.8));
#10601=CARTESIAN_POINT('',(2.34,0.179674259045117,1.8));
#10602=CARTESIAN_POINT('',(5.4,0.179674259045117,1.8));
#10603=VECTOR('',#12740,1.0);
#10604=CARTESIAN_POINT('',(2.66,1.02749181343463,1.8));
#10605=CARTESIAN_POINT('',(2.66,-0.4,1.8));
#10606=VECTOR('',#12741,1.0);
#10607=CARTESIAN_POINT('',(2.34,1.02749181343465,1.8));
#10608=CARTESIAN_POINT('',(5.4,1.02749181343463,1.8));
#10609=VECTOR('',#12742,1.0);
#10610=CARTESIAN_POINT('',(2.34,-0.4,1.8));
#10611=VECTOR('',#12743,1.0);
#10612=CARTESIAN_POINT('',(1.66,0.179674259045117,1.8));
#10613=CARTESIAN_POINT('',(1.34,0.179674259045117,1.8));
#10614=CARTESIAN_POINT('',(5.4,0.179674259045117,1.8));
#10615=VECTOR('',#12744,1.0);
#10616=CARTESIAN_POINT('',(1.66,1.02749181343463,1.8));
#10617=CARTESIAN_POINT('',(1.66,-0.4,1.8));
#10618=VECTOR('',#12745,1.0);
#10619=CARTESIAN_POINT('',(1.34,1.02749181343465,1.8));
#10620=CARTESIAN_POINT('',(5.4,1.02749181343463,1.8));
#10621=VECTOR('',#12746,1.0);
#10622=CARTESIAN_POINT('',(1.34,-0.4,1.8));
#10623=VECTOR('',#12747,1.0);
#10624=CARTESIAN_POINT('',(0.660000000000002,0.179674259045117,1.8));
#10625=CARTESIAN_POINT('',(0.340000000000002,0.179674259045117,1.8));
#10626=CARTESIAN_POINT('',(5.4,0.179674259045117,1.8));
#10627=VECTOR('',#12748,1.0);
#10628=CARTESIAN_POINT('',(0.660000000000002,1.02749181343463,1.8));
#10629=CARTESIAN_POINT('',(0.660000000000002,-0.4,1.8));
#10630=VECTOR('',#12749,1.0);
#10631=CARTESIAN_POINT('',(0.340000000000002,1.02749181343465,1.8));
#10632=CARTESIAN_POINT('',(5.4,1.02749181343463,1.8));
#10633=VECTOR('',#12750,1.0);
#10634=CARTESIAN_POINT('',(0.340000000000002,-0.4,1.8));
#10635=VECTOR('',#12751,1.0);
#10636=CARTESIAN_POINT('',(-0.339999999999998,0.179674259045117,1.8));
#10637=CARTESIAN_POINT('',(-0.659999999999998,0.179674259045117,1.8));
#10638=CARTESIAN_POINT('',(5.4,0.179674259045117,1.8));
#10639=VECTOR('',#12752,1.0);
#10640=CARTESIAN_POINT('',(-0.339999999999998,1.02749181343463,1.8));
#10641=CARTESIAN_POINT('',(-0.339999999999998,-0.4,1.8));
#10642=VECTOR('',#12753,1.0);
#10643=CARTESIAN_POINT('',(-0.659999999999998,1.02749181343465,1.8));
#10644=CARTESIAN_POINT('',(5.4,1.02749181343463,1.8));
#10645=VECTOR('',#12754,1.0);
#10646=CARTESIAN_POINT('',(-0.659999999999998,-0.4,1.8));
#10647=VECTOR('',#12755,1.0);
#10648=CARTESIAN_POINT('',(-1.34,0.179674259045117,1.8));
#10649=CARTESIAN_POINT('',(-1.66,0.179674259045117,1.8));
#10650=CARTESIAN_POINT('',(5.4,0.179674259045117,1.8));
#10651=VECTOR('',#12756,1.0);
#10652=CARTESIAN_POINT('',(-1.34,1.02749181343463,1.8));
#10653=CARTESIAN_POINT('',(-1.34,-0.4,1.8));
#10654=VECTOR('',#12757,1.0);
#10655=CARTESIAN_POINT('',(-1.66,1.02749181343465,1.8));
#10656=CARTESIAN_POINT('',(5.4,1.02749181343463,1.8));
#10657=VECTOR('',#12758,1.0);
#10658=CARTESIAN_POINT('',(-1.66,-0.4,1.8));
#10659=VECTOR('',#12759,1.0);
#10660=CARTESIAN_POINT('',(-2.34,0.179674259045117,1.8));
#10661=CARTESIAN_POINT('',(-2.66,0.179674259045117,1.8));
#10662=CARTESIAN_POINT('',(5.4,0.179674259045117,1.8));
#10663=VECTOR('',#12760,1.0);
#10664=CARTESIAN_POINT('',(-2.34,1.02749181343463,1.8));
#10665=CARTESIAN_POINT('',(-2.34,-0.4,1.8));
#10666=VECTOR('',#12761,1.0);
#10667=CARTESIAN_POINT('',(-2.66,1.02749181343465,1.8));
#10668=CARTESIAN_POINT('',(5.4,1.02749181343463,1.8));
#10669=VECTOR('',#12762,1.0);
#10670=CARTESIAN_POINT('',(-2.66,-0.4,1.8));
#10671=VECTOR('',#12763,1.0);
#10672=CARTESIAN_POINT('',(-3.34,0.179674259045117,1.8));
#10673=CARTESIAN_POINT('',(-3.66,0.179674259045117,1.8));
#10674=CARTESIAN_POINT('',(5.4,0.179674259045117,1.8));
#10675=VECTOR('',#12764,1.0);
#10676=CARTESIAN_POINT('',(-3.34,1.02749181343463,1.8));
#10677=CARTESIAN_POINT('',(-3.34,-0.4,1.8));
#10678=VECTOR('',#12765,1.0);
#10679=CARTESIAN_POINT('',(-3.66,1.02749181343465,1.8));
#10680=CARTESIAN_POINT('',(5.4,1.02749181343463,1.8));
#10681=VECTOR('',#12766,1.0);
#10682=CARTESIAN_POINT('',(-3.66,-0.4,1.8));
#10683=VECTOR('',#12767,1.0);
#10684=CARTESIAN_POINT('',(-4.34,0.179674259045117,1.8));
#10685=CARTESIAN_POINT('',(-4.66,0.179674259045117,1.8));
#10686=CARTESIAN_POINT('',(5.4,0.179674259045117,1.8));
#10687=VECTOR('',#12768,1.0);
#10688=CARTESIAN_POINT('',(-4.34,1.02749181343463,1.8));
#10689=CARTESIAN_POINT('',(-4.34,-0.4,1.8));
#10690=VECTOR('',#12769,1.0);
#10691=CARTESIAN_POINT('',(-4.66,1.02749181343465,1.8));
#10692=CARTESIAN_POINT('',(5.4,1.02749181343463,1.8));
#10693=VECTOR('',#12770,1.0);
#10694=CARTESIAN_POINT('',(-4.66,-0.4,1.8));
#10695=VECTOR('',#12771,1.0);
#10696=CARTESIAN_POINT('',(4.66,0.179674259045117,1.8));
#10697=CARTESIAN_POINT('',(4.34,0.179674259045117,1.8));
#10698=CARTESIAN_POINT('',(5.4,0.179674259045117,1.8));
#10699=VECTOR('',#12772,1.0);
#10700=CARTESIAN_POINT('',(4.66,1.02749181343463,1.8));
#10701=CARTESIAN_POINT('',(4.66,-0.4,1.8));
#10702=VECTOR('',#12773,1.0);
#10703=CARTESIAN_POINT('',(4.34,1.02749181343465,1.8));
#10704=CARTESIAN_POINT('',(5.4,1.02749181343463,1.8));
#10705=VECTOR('',#12774,1.0);
#10706=CARTESIAN_POINT('',(4.34,-0.4,1.8));
#10707=VECTOR('',#12775,1.0);
#10708=CARTESIAN_POINT('',(-5.4,-0.4,1.8));
#10709=VECTOR('',#12776,1.0);
#10710=CARTESIAN_POINT('',(-5.525,2.5,1.8));
#10711=CARTESIAN_POINT('',(-5.525,2.5,1.8));
#10712=VECTOR('',#12777,1.0);
#10713=CARTESIAN_POINT('',(5.525,2.5,1.8));
#10714=CARTESIAN_POINT('',(5.525,2.5,1.8));
#10715=VECTOR('',#12778,1.0);
#10716=CARTESIAN_POINT('',(5.525,2.5,1.8));
#10717=VECTOR('',#12779,1.0);
#10718=CARTESIAN_POINT('',(5.4,-0.4,1.8));
#10719=VECTOR('',#12780,1.0);
#10720=CARTESIAN_POINT('',(5.4,0.799999999999964,2.44999999999999));
#10721=CARTESIAN_POINT('',(5.4,0.799999999999964,2.44999999999999));
#10722=VECTOR('',#12781,1.0);
#10723=CARTESIAN_POINT('',(5.4,0.799999999999964,2.44999999999999));
#10724=VECTOR('',#12782,1.0);
#10725=CARTESIAN_POINT('',(-5.39999999999999,0.800000000000026,2.44999999999999));
#10726=CARTESIAN_POINT('',(-5.39999999999999,0.800000000000026,2.44999999999999));
#10727=VECTOR('',#12783,1.0);
#10728=CARTESIAN_POINT('',(-5.39999999999999,2.95319324550292E-14,2.44999999999999));
#10729=VECTOR('',#12784,1.0);
#10730=CARTESIAN_POINT('',(5.525,2.05,0.749999999999997));
#10731=VECTOR('',#12785,1.0);
#10732=CARTESIAN_POINT('',(5.525,2.05,0.749999999999997));
#10733=VECTOR('',#12786,1.0);
#10734=CARTESIAN_POINT('',(5.525,2.05,0.749999999999997));
#10735=VECTOR('',#12787,1.0);
#10736=CARTESIAN_POINT('',(5.525,2.05,0.749999999999997));
#10737=VECTOR('',#12788,1.0);
#10738=CARTESIAN_POINT('',(5.525,2.05,0.749999999999997));
#10739=VECTOR('',#12789,1.0);
#10740=CARTESIAN_POINT('',(5.525,2.05,0.749999999999997));
#10741=VECTOR('',#12790,1.0);
#10742=CARTESIAN_POINT('',(5.525,2.05,0.749999999999997));
#10743=VECTOR('',#12791,1.0);
#10744=CARTESIAN_POINT('',(5.525,2.05,0.749999999999997));
#10745=VECTOR('',#12792,1.0);
#10746=CARTESIAN_POINT('',(-5.525,2.05,0.749999999999997));
#10747=CARTESIAN_POINT('',(5.525,2.05,0.749999999999997));
#10748=VECTOR('',#12793,1.0);
#10749=CARTESIAN_POINT('',(-5.525,1.35,0.750000000000151));
#10750=CARTESIAN_POINT('',(-5.525,0.0,0.749999999999996));
#10751=VECTOR('',#12794,1.0);
#10752=CARTESIAN_POINT('',(-6.075,1.35,0.750000000000134));
#10753=VECTOR('',#12795,1.0);
#10754=AXIS2_PLACEMENT_3D('',#12796,#12797,#12798);
#10755=AXIS2_PLACEMENT_3D('',#12799,#12800,#12801);
#10756=CARTESIAN_POINT('',(5.525,1.35,0.749999999999996));
#10757=CARTESIAN_POINT('',(5.525,1.35,0.749999999999996));
#10758=VECTOR('',#12802,1.0);
#10759=CARTESIAN_POINT('',(5.525,2.05,0.749999999999997));
#10760=CARTESIAN_POINT('',(5.525,0.0,0.749999999999996));
#10761=VECTOR('',#12803,1.0);
#10762=CARTESIAN_POINT('',(5.525,2.05,0.749999999999997));
#10763=VECTOR('',#12804,1.0);
#10764=CARTESIAN_POINT('',(5.525,2.05,0.749999999999997));
#10765=VECTOR('',#12805,1.0);
#10766=CARTESIAN_POINT('',(5.525,2.5,1.2));
#10767=CARTESIAN_POINT('',(5.525,2.05,0.749999999999997));
#10768=VECTOR('',#12806,1.0);
#10769=CARTESIAN_POINT('',(-5.525,2.5,1.2));
#10770=CARTESIAN_POINT('',(5.525,2.5,1.2));
#10771=VECTOR('',#12807,1.0);
#10772=CARTESIAN_POINT('',(-5.525,2.05,0.749999999999997));
#10773=VECTOR('',#12808,1.0);
#10774=CARTESIAN_POINT('',(-5.525,2.5,1.2));
#10775=VECTOR('',#12809,1.0);
#10776=CARTESIAN_POINT('',(5.525,2.5,1.2));
#10777=VECTOR('',#12810,1.0);
#10778=CARTESIAN_POINT('',(5.525,1.35,1.44999999999996));
#10779=CARTESIAN_POINT('',(5.525,1.35,1.44999999999996));
#10780=VECTOR('',#12811,1.0);
#10781=CARTESIAN_POINT('',(5.525,1.35,1.44999999999996));
#10782=VECTOR('',#12812,1.0);
#10783=CARTESIAN_POINT('',(-5.525,1.35,1.45000000000012));
#10784=CARTESIAN_POINT('',(-5.525,1.35,0.749999999999996));
#10785=VECTOR('',#12813,1.0);
#10786=CARTESIAN_POINT('',(-5.525,1.35,1.45000000000012));
#10787=VECTOR('',#12814,1.0);
#10788=CARTESIAN_POINT('',(-6.47499999999999,0.800000000000031,2.44999999999999));
#10789=CARTESIAN_POINT('',(-6.47499999999999,0.800000000000031,2.44999999999999));
#10790=VECTOR('',#12815,1.0);
#10791=CARTESIAN_POINT('',(-6.47499999999999,0.800000000000031,2.44999999999999));
#10792=VECTOR('',#12816,1.0);
#10793=CARTESIAN_POINT('',(-6.47499999999994,34.65,2.05000000000016));
#10794=VECTOR('',#12817,1.0);
#10795=CARTESIAN_POINT('',(-6.47499999999994,34.65,1.95000000000016));
#10796=VECTOR('',#12818,1.0);
#10797=AXIS2_PLACEMENT_3D('',#12819,#12820,#12821);
#10798=CARTESIAN_POINT('',(-6.775,3.35,2.05));
#10799=VECTOR('',#12822,1.0);
#10800=CARTESIAN_POINT('',(1.65749999999998,0.2,0.15));
#10801=VECTOR('',#12823,1.0);
#10802=CARTESIAN_POINT('',(6.775,0.200000000000001,2.05));
#10803=CARTESIAN_POINT('',(6.775,0.200000000000001,-24.03));
#10804=VECTOR('',#12824,1.0);
#10805=CARTESIAN_POINT('',(7.35,0.199999999999994,2.05));
#10806=VECTOR('',#12825,1.0);
#10807=CARTESIAN_POINT('',(7.35,0.199999999999994,0.749999999999997));
#10808=VECTOR('',#12826,1.0);
#10809=CARTESIAN_POINT('',(6.775,0.200000000000001,2.05));
#10810=VECTOR('',#12827,1.0);
#10811=AXIS2_PLACEMENT_3D('',#12828,#12829,#12830);
#10812=CARTESIAN_POINT('',(1.65749999999998,0.95,0.75));
#10813=VECTOR('',#12831,1.0);
#10814=CARTESIAN_POINT('',(6.775,0.950000000000003,0.75));
#10815=VECTOR('',#12832,1.0);
#10816=CARTESIAN_POINT('',(6.775,4.3,2.05));
#10817=VECTOR('',#12833,1.0);
#10818=CARTESIAN_POINT('',(1.65749999999998,0.95,2.05));
#10819=VECTOR('',#12834,1.0);
#10820=CARTESIAN_POINT('',(-6.775,0.950000000000003,0.75));
#10821=VECTOR('',#12835,1.0);
#10822=CARTESIAN_POINT('',(-1.65749999999998,0.95,0.75));
#10823=VECTOR('',#12836,1.0);
#10824=CARTESIAN_POINT('',(-1.65749999999998,0.95,2.05));
#10825=VECTOR('',#12837,1.0);
#10826=CARTESIAN_POINT('',(-6.775,4.3,2.05));
#10827=VECTOR('',#12838,1.0);
#10828=CARTESIAN_POINT('',(-5.525,1.35,1.45000000000012));
#10829=VECTOR('',#12839,1.0);
#10830=CARTESIAN_POINT('',(6.075,1.35,1.44999999999996));
#10831=VECTOR('',#12840,1.0);
#10832=CARTESIAN_POINT('',(1.65749999999998,1.75,0.15));
#10833=VECTOR('',#12841,1.0);
#10834=CARTESIAN_POINT('',(-1.65749999999998,1.75,0.15));
#10835=VECTOR('',#12842,1.0);
#10836=CARTESIAN_POINT('',(5.7,2.73000000000001,2.97000000000003));
#10837=VECTOR('',#12843,1.0);
#10838=CARTESIAN_POINT('',(5.7,3.87000000000001,2.97000000000003));
#10839=VECTOR('',#12844,1.0);
#10840=CARTESIAN_POINT('',(6.65,3.87000000000001,2.97000000000003));
#10841=VECTOR('',#12845,1.0);
#10842=CARTESIAN_POINT('',(5.7,2.9,2.97000000000003));
#10843=VECTOR('',#12846,1.0);
#10844=CARTESIAN_POINT('',(5.25,2.9,2.97000000000003));
#10845=VECTOR('',#12847,1.0);
#10846=CARTESIAN_POINT('',(5.7,3.70000000000001,2.97000000000003));
#10847=VECTOR('',#12848,1.0);
#10848=CARTESIAN_POINT('',(5.25,3.70000000000001,2.97000000000003));
#10849=VECTOR('',#12849,1.0);
#10850=CARTESIAN_POINT('',(-5.7,2.73000000000001,2.97000000000003));
#10851=VECTOR('',#12850,1.0);
#10852=CARTESIAN_POINT('',(-6.65,3.87000000000001,2.97000000000003));
#10853=VECTOR('',#12851,1.0);
#10854=CARTESIAN_POINT('',(-5.7,3.87000000000001,2.97000000000003));
#10855=VECTOR('',#12852,1.0);
#10856=CARTESIAN_POINT('',(-5.7,3.70000000000001,2.97000000000003));
#10857=VECTOR('',#12853,1.0);
#10858=CARTESIAN_POINT('',(-5.25,3.70000000000001,2.97000000000003));
#10859=VECTOR('',#12854,1.0);
#10860=CARTESIAN_POINT('',(-5.25,2.9,2.97000000000003));
#10861=VECTOR('',#12855,1.0);
#10862=CARTESIAN_POINT('',(-5.7,2.9,2.97000000000003));
#10863=VECTOR('',#12856,1.0);
#10864=CARTESIAN_POINT('',(6.475,0.799999999999958,2.44999999999999));
#10865=VECTOR('',#12857,1.0);
#10866=CARTESIAN_POINT('',(-5.39999999999999,0.800000000000026,2.44999999999999));
#10867=VECTOR('',#12858,1.0);
#10868=CARTESIAN_POINT('',(4.66,0.384920862654404,1.62407433976347));
#10869=AXIS2_PLACEMENT_3D('',#12859,#12860,#12861);
#10870=CARTESIAN_POINT('',(4.34,0.384920862654404,1.62407433976347));
#10871=CARTESIAN_POINT('',(4.66,0.384920862654404,1.62407433976347));
#10872=VECTOR('',#12862,1.0);
#10873=AXIS2_PLACEMENT_3D('',#12863,#12864,#12865);
#10874=CARTESIAN_POINT('',(4.34,0.550000000000001,1.76999999999999));
#10875=CARTESIAN_POINT('',(4.34,0.550000000000001,1.7));
#10876=VECTOR('',#12866,1.0);
#10877=CARTESIAN_POINT('',(4.66,0.550000000000001,1.76999999999999));
#10878=CARTESIAN_POINT('',(4.66,0.550000000000001,1.76999999999999));
#10879=VECTOR('',#12867,1.0);
#10880=CARTESIAN_POINT('',(4.66,0.550000000000001,1.7));
#10881=VECTOR('',#12868,1.0);
#10882=CARTESIAN_POINT('',(4.66,0.0349208626544031,1.92407433976346));
#10883=VECTOR('',#12869,1.0);
#10884=CARTESIAN_POINT('',(4.66,0.550000000000001,1.76999999999999));
#10885=VECTOR('',#12870,1.0);
#10886=CARTESIAN_POINT('',(4.34,0.0349208626544031,1.92407433976346));
#10887=VECTOR('',#12871,1.0);
#10888=CARTESIAN_POINT('',(4.34,0.550000000000001,1.76999999999999));
#10889=VECTOR('',#12872,1.0);
#10890=CARTESIAN_POINT('',(4.66,4.4,0.349999999999997));
#10891=AXIS2_PLACEMENT_3D('',#12873,#12874,#12875);
#10892=CARTESIAN_POINT('',(4.34,4.4,0.349999999999997));
#10893=AXIS2_PLACEMENT_3D('',#12876,#12877,#12878);
#10894=CARTESIAN_POINT('',(4.66,4.4,0.349999999999997));
#10895=VECTOR('',#12879,1.0);
#10896=CARTESIAN_POINT('',(4.34,4.7,0.929999999999996));
#10897=CARTESIAN_POINT('',(4.34,4.7,0.929999999999996));
#10898=VECTOR('',#12880,1.0);
#10899=CARTESIAN_POINT('',(4.66,4.7,0.929999999999996));
#10900=CARTESIAN_POINT('',(4.66,4.7,0.929999999999996));
#10901=VECTOR('',#12881,1.0);
#10902=CARTESIAN_POINT('',(4.66,4.7,0.929999999999996));
#10903=VECTOR('',#12882,1.0);
#10904=CARTESIAN_POINT('',(4.66,4.4,0.149999999999996));
#10905=CARTESIAN_POINT('',(4.66,4.4,0.349999999999996));
#10906=VECTOR('',#12883,1.0);
#10907=CARTESIAN_POINT('',(4.66,4.55,-4.41812385287843E-15));
#10908=CARTESIAN_POINT('',(4.66,4.4,0.149999999999996));
#10909=VECTOR('',#12884,1.0);
#10910=CARTESIAN_POINT('',(4.66,6.3,-3.71924713249427E-15));
#10911=CARTESIAN_POINT('',(4.66,4.55,-4.38538094726937E-15));
#10912=VECTOR('',#12885,1.0);
#10913=CARTESIAN_POINT('',(4.66,6.3,0.299999999999996));
#10914=CARTESIAN_POINT('',(4.66,6.3,-3.71924713249427E-15));
#10915=VECTOR('',#12886,1.0);
#10916=CARTESIAN_POINT('',(4.66,4.9,0.299999999999995));
#10917=CARTESIAN_POINT('',(4.66,6.3,0.299999999999996));
#10918=VECTOR('',#12887,1.0);
#10919=CARTESIAN_POINT('',(4.66,4.9,0.729999999999995));
#10920=CARTESIAN_POINT('',(4.66,4.9,0.299999999999995));
#10921=VECTOR('',#12888,1.0);
#10922=CARTESIAN_POINT('',(4.66,4.9,0.729999999999995));
#10923=VECTOR('',#12889,1.0);
#10924=CARTESIAN_POINT('',(4.34,4.9,0.729999999999995));
#10925=CARTESIAN_POINT('',(4.34,4.9,0.729999999999995));
#10926=VECTOR('',#12890,1.0);
#10927=CARTESIAN_POINT('',(4.34,4.9,0.299999999999995));
#10928=CARTESIAN_POINT('',(4.34,4.9,0.299999999999995));
#10929=VECTOR('',#12891,1.0);
#10930=CARTESIAN_POINT('',(4.34,6.3,0.299999999999996));
#10931=CARTESIAN_POINT('',(4.34,6.3,0.299999999999996));
#10932=VECTOR('',#12892,1.0);
#10933=CARTESIAN_POINT('',(4.34,6.3,-3.71924713249427E-15));
#10934=CARTESIAN_POINT('',(4.34,6.3,-3.71924713249427E-15));
#10935=VECTOR('',#12893,1.0);
#10936=CARTESIAN_POINT('',(4.34,4.55,-4.41812385287843E-15));
#10937=CARTESIAN_POINT('',(4.34,4.55,-4.38538094726937E-15));
#10938=VECTOR('',#12894,1.0);
#10939=CARTESIAN_POINT('',(4.34,4.4,0.149999999999996));
#10940=CARTESIAN_POINT('',(4.34,4.4,0.149999999999996));
#10941=VECTOR('',#12895,1.0);
#10942=CARTESIAN_POINT('',(4.34,4.4,0.349999999999996));
#10943=VECTOR('',#12896,1.0);
#10944=CARTESIAN_POINT('',(4.66,4.4,0.149999999999996));
#10945=VECTOR('',#12897,1.0);
#10946=CARTESIAN_POINT('',(4.66,4.55,-4.41812385287843E-15));
#10947=VECTOR('',#12898,1.0);
#10948=CARTESIAN_POINT('',(4.66,6.3,-3.71924713249427E-15));
#10949=VECTOR('',#12899,1.0);
#10950=CARTESIAN_POINT('',(4.66,6.3,0.299999999999996));
#10951=VECTOR('',#12900,1.0);
#10952=CARTESIAN_POINT('',(4.66,4.9,0.299999999999995));
#10953=VECTOR('',#12901,1.0);
#10954=CARTESIAN_POINT('',(4.66,4.9,0.729999999999995));
#10955=VECTOR('',#12902,1.0);
#10956=CARTESIAN_POINT('',(-4.34,0.384920862654404,1.62407433976347));
#10957=AXIS2_PLACEMENT_3D('',#12903,#12904,#12905);
#10958=CARTESIAN_POINT('',(-4.66,0.384920862654404,1.62407433976347));
#10959=CARTESIAN_POINT('',(-4.34,0.384920862654404,1.62407433976347));
#10960=VECTOR('',#12906,1.0);
#10961=AXIS2_PLACEMENT_3D('',#12907,#12908,#12909);
#10962=CARTESIAN_POINT('',(-4.66,0.550000000000001,1.76999999999999));
#10963=CARTESIAN_POINT('',(-4.66,0.550000000000001,1.7));
#10964=VECTOR('',#12910,1.0);
#10965=CARTESIAN_POINT('',(-4.34,0.550000000000001,1.76999999999999));
#10966=CARTESIAN_POINT('',(-4.34,0.550000000000001,1.76999999999999));
#10967=VECTOR('',#12911,1.0);
#10968=CARTESIAN_POINT('',(-4.34,0.550000000000001,1.7));
#10969=VECTOR('',#12912,1.0);
#10970=CARTESIAN_POINT('',(-4.34,0.0349208626544031,1.92407433976346));
#10971=VECTOR('',#12913,1.0);
#10972=CARTESIAN_POINT('',(-4.34,0.550000000000001,1.76999999999999));
#10973=VECTOR('',#12914,1.0);
#10974=CARTESIAN_POINT('',(-4.66,0.0349208626544031,1.92407433976346));
#10975=VECTOR('',#12915,1.0);
#10976=CARTESIAN_POINT('',(-4.66,0.550000000000001,1.76999999999999));
#10977=VECTOR('',#12916,1.0);
#10978=CARTESIAN_POINT('',(-3.34,0.384920862654404,1.62407433976347));
#10979=AXIS2_PLACEMENT_3D('',#12917,#12918,#12919);
#10980=CARTESIAN_POINT('',(-3.66,0.384920862654404,1.62407433976347));
#10981=CARTESIAN_POINT('',(-3.34,0.384920862654404,1.62407433976347));
#10982=VECTOR('',#12920,1.0);
#10983=AXIS2_PLACEMENT_3D('',#12921,#12922,#12923);
#10984=CARTESIAN_POINT('',(-3.66,0.550000000000001,1.76999999999999));
#10985=CARTESIAN_POINT('',(-3.66,0.550000000000001,1.7));
#10986=VECTOR('',#12924,1.0);
#10987=CARTESIAN_POINT('',(-3.34,0.550000000000001,1.76999999999999));
#10988=CARTESIAN_POINT('',(-3.34,0.550000000000001,1.76999999999999));
#10989=VECTOR('',#12925,1.0);
#10990=CARTESIAN_POINT('',(-3.34,0.550000000000001,1.7));
#10991=VECTOR('',#12926,1.0);
#10992=CARTESIAN_POINT('',(-3.34,0.0349208626544031,1.92407433976346));
#10993=VECTOR('',#12927,1.0);
#10994=CARTESIAN_POINT('',(-3.34,0.550000000000001,1.76999999999999));
#10995=VECTOR('',#12928,1.0);
#10996=CARTESIAN_POINT('',(-3.66,0.0349208626544031,1.92407433976346));
#10997=VECTOR('',#12929,1.0);
#10998=CARTESIAN_POINT('',(-3.66,0.550000000000001,1.76999999999999));
#10999=VECTOR('',#12930,1.0);
#11000=CARTESIAN_POINT('',(-2.34,0.384920862654404,1.62407433976347));
#11001=AXIS2_PLACEMENT_3D('',#12931,#12932,#12933);
#11002=CARTESIAN_POINT('',(-2.66,0.384920862654404,1.62407433976347));
#11003=CARTESIAN_POINT('',(-2.34,0.384920862654404,1.62407433976347));
#11004=VECTOR('',#12934,1.0);
#11005=AXIS2_PLACEMENT_3D('',#12935,#12936,#12937);
#11006=CARTESIAN_POINT('',(-2.66,0.550000000000001,1.76999999999999));
#11007=CARTESIAN_POINT('',(-2.66,0.550000000000001,1.7));
#11008=VECTOR('',#12938,1.0);
#11009=CARTESIAN_POINT('',(-2.34,0.550000000000001,1.76999999999999));
#11010=CARTESIAN_POINT('',(-2.34,0.550000000000001,1.76999999999999));
#11011=VECTOR('',#12939,1.0);
#11012=CARTESIAN_POINT('',(-2.34,0.550000000000001,1.7));
#11013=VECTOR('',#12940,1.0);
#11014=CARTESIAN_POINT('',(-2.34,0.0349208626544031,1.92407433976346));
#11015=VECTOR('',#12941,1.0);
#11016=CARTESIAN_POINT('',(-2.34,0.550000000000001,1.76999999999999));
#11017=VECTOR('',#12942,1.0);
#11018=CARTESIAN_POINT('',(-2.66,0.0349208626544031,1.92407433976346));
#11019=VECTOR('',#12943,1.0);
#11020=CARTESIAN_POINT('',(-2.66,0.550000000000001,1.76999999999999));
#11021=VECTOR('',#12944,1.0);
#11022=CARTESIAN_POINT('',(-1.34,0.384920862654404,1.62407433976347));
#11023=AXIS2_PLACEMENT_3D('',#12945,#12946,#12947);
#11024=CARTESIAN_POINT('',(-1.66,0.384920862654404,1.62407433976347));
#11025=CARTESIAN_POINT('',(-1.34,0.384920862654404,1.62407433976347));
#11026=VECTOR('',#12948,1.0);
#11027=AXIS2_PLACEMENT_3D('',#12949,#12950,#12951);
#11028=CARTESIAN_POINT('',(-1.66,0.550000000000001,1.76999999999999));
#11029=CARTESIAN_POINT('',(-1.66,0.550000000000001,1.7));
#11030=VECTOR('',#12952,1.0);
#11031=CARTESIAN_POINT('',(-1.34,0.550000000000001,1.76999999999999));
#11032=CARTESIAN_POINT('',(-1.34,0.550000000000001,1.76999999999999));
#11033=VECTOR('',#12953,1.0);
#11034=CARTESIAN_POINT('',(-1.34,0.550000000000001,1.7));
#11035=VECTOR('',#12954,1.0);
#11036=CARTESIAN_POINT('',(-1.34,0.0349208626544031,1.92407433976346));
#11037=VECTOR('',#12955,1.0);
#11038=CARTESIAN_POINT('',(-1.34,0.550000000000001,1.76999999999999));
#11039=VECTOR('',#12956,1.0);
#11040=CARTESIAN_POINT('',(-1.66,0.0349208626544031,1.92407433976346));
#11041=VECTOR('',#12957,1.0);
#11042=CARTESIAN_POINT('',(-1.66,0.550000000000001,1.76999999999999));
#11043=VECTOR('',#12958,1.0);
#11044=CARTESIAN_POINT('',(-0.339999999999998,0.384920862654404,1.62407433976347));
#11045=AXIS2_PLACEMENT_3D('',#12959,#12960,#12961);
#11046=CARTESIAN_POINT('',(-0.659999999999998,0.384920862654404,1.62407433976347));
#11047=CARTESIAN_POINT('',(-0.339999999999998,0.384920862654404,1.62407433976347));
#11048=VECTOR('',#12962,1.0);
#11049=AXIS2_PLACEMENT_3D('',#12963,#12964,#12965);
#11050=CARTESIAN_POINT('',(-0.659999999999998,0.550000000000001,1.76999999999999));
#11051=CARTESIAN_POINT('',(-0.659999999999998,0.550000000000001,1.7));
#11052=VECTOR('',#12966,1.0);
#11053=CARTESIAN_POINT('',(-0.339999999999998,0.550000000000001,1.76999999999999));
#11054=CARTESIAN_POINT('',(-0.339999999999998,0.550000000000001,1.76999999999999));
#11055=VECTOR('',#12967,1.0);
#11056=CARTESIAN_POINT('',(-0.339999999999998,0.550000000000001,1.7));
#11057=VECTOR('',#12968,1.0);
#11058=CARTESIAN_POINT('',(-0.339999999999998,0.0349208626544031,1.92407433976346));
#11059=VECTOR('',#12969,1.0);
#11060=CARTESIAN_POINT('',(-0.339999999999998,0.550000000000001,1.76999999999999));
#11061=VECTOR('',#12970,1.0);
#11062=CARTESIAN_POINT('',(-0.659999999999998,0.0349208626544031,1.92407433976346));
#11063=VECTOR('',#12971,1.0);
#11064=CARTESIAN_POINT('',(-0.659999999999998,0.550000000000001,1.76999999999999));
#11065=VECTOR('',#12972,1.0);
#11066=CARTESIAN_POINT('',(0.660000000000002,0.384920862654404,1.62407433976347));
#11067=AXIS2_PLACEMENT_3D('',#12973,#12974,#12975);
#11068=CARTESIAN_POINT('',(0.340000000000002,0.384920862654404,1.62407433976347));
#11069=CARTESIAN_POINT('',(0.660000000000002,0.384920862654404,1.62407433976347));
#11070=VECTOR('',#12976,1.0);
#11071=AXIS2_PLACEMENT_3D('',#12977,#12978,#12979);
#11072=CARTESIAN_POINT('',(0.340000000000002,0.550000000000001,1.76999999999999));
#11073=CARTESIAN_POINT('',(0.340000000000002,0.550000000000001,1.7));
#11074=VECTOR('',#12980,1.0);
#11075=CARTESIAN_POINT('',(0.660000000000002,0.550000000000001,1.76999999999999));
#11076=CARTESIAN_POINT('',(0.660000000000002,0.550000000000001,1.76999999999999));
#11077=VECTOR('',#12981,1.0);
#11078=CARTESIAN_POINT('',(0.660000000000002,0.550000000000001,1.7));
#11079=VECTOR('',#12982,1.0);
#11080=CARTESIAN_POINT('',(0.660000000000002,0.0349208626544031,1.92407433976346));
#11081=VECTOR('',#12983,1.0);
#11082=CARTESIAN_POINT('',(0.660000000000002,0.550000000000001,1.76999999999999));
#11083=VECTOR('',#12984,1.0);
#11084=CARTESIAN_POINT('',(0.340000000000002,0.0349208626544031,1.92407433976346));
#11085=VECTOR('',#12985,1.0);
#11086=CARTESIAN_POINT('',(0.340000000000002,0.550000000000001,1.76999999999999));
#11087=VECTOR('',#12986,1.0);
#11088=CARTESIAN_POINT('',(1.66,0.384920862654404,1.62407433976347));
#11089=AXIS2_PLACEMENT_3D('',#12987,#12988,#12989);
#11090=CARTESIAN_POINT('',(1.34,0.384920862654404,1.62407433976347));
#11091=CARTESIAN_POINT('',(1.66,0.384920862654404,1.62407433976347));
#11092=VECTOR('',#12990,1.0);
#11093=AXIS2_PLACEMENT_3D('',#12991,#12992,#12993);
#11094=CARTESIAN_POINT('',(1.34,0.550000000000001,1.76999999999999));
#11095=CARTESIAN_POINT('',(1.34,0.550000000000001,1.7));
#11096=VECTOR('',#12994,1.0);
#11097=CARTESIAN_POINT('',(1.66,0.550000000000001,1.76999999999999));
#11098=CARTESIAN_POINT('',(1.66,0.550000000000001,1.76999999999999));
#11099=VECTOR('',#12995,1.0);
#11100=CARTESIAN_POINT('',(1.66,0.550000000000001,1.7));
#11101=VECTOR('',#12996,1.0);
#11102=CARTESIAN_POINT('',(1.66,0.0349208626544031,1.92407433976346));
#11103=VECTOR('',#12997,1.0);
#11104=CARTESIAN_POINT('',(1.66,0.550000000000001,1.76999999999999));
#11105=VECTOR('',#12998,1.0);
#11106=CARTESIAN_POINT('',(1.34,0.0349208626544031,1.92407433976346));
#11107=VECTOR('',#12999,1.0);
#11108=CARTESIAN_POINT('',(1.34,0.550000000000001,1.76999999999999));
#11109=VECTOR('',#13000,1.0);
#11110=CARTESIAN_POINT('',(2.66,0.384920862654404,1.62407433976347));
#11111=AXIS2_PLACEMENT_3D('',#13001,#13002,#13003);
#11112=CARTESIAN_POINT('',(2.34,0.384920862654404,1.62407433976347));
#11113=CARTESIAN_POINT('',(2.66,0.384920862654404,1.62407433976347));
#11114=VECTOR('',#13004,1.0);
#11115=AXIS2_PLACEMENT_3D('',#13005,#13006,#13007);
#11116=CARTESIAN_POINT('',(2.34,0.550000000000001,1.76999999999999));
#11117=CARTESIAN_POINT('',(2.34,0.550000000000001,1.7));
#11118=VECTOR('',#13008,1.0);
#11119=CARTESIAN_POINT('',(2.66,0.550000000000001,1.76999999999999));
#11120=CARTESIAN_POINT('',(2.66,0.550000000000001,1.76999999999999));
#11121=VECTOR('',#13009,1.0);
#11122=CARTESIAN_POINT('',(2.66,0.550000000000001,1.7));
#11123=VECTOR('',#13010,1.0);
#11124=CARTESIAN_POINT('',(2.66,0.0349208626544031,1.92407433976346));
#11125=VECTOR('',#13011,1.0);
#11126=CARTESIAN_POINT('',(2.66,0.550000000000001,1.76999999999999));
#11127=VECTOR('',#13012,1.0);
#11128=CARTESIAN_POINT('',(2.34,0.0349208626544031,1.92407433976346));
#11129=VECTOR('',#13013,1.0);
#11130=CARTESIAN_POINT('',(2.34,0.550000000000001,1.76999999999999));
#11131=VECTOR('',#13014,1.0);
#11132=CARTESIAN_POINT('',(3.66,0.384920862654404,1.62407433976347));
#11133=AXIS2_PLACEMENT_3D('',#13015,#13016,#13017);
#11134=CARTESIAN_POINT('',(3.34,0.384920862654404,1.62407433976347));
#11135=CARTESIAN_POINT('',(3.66,0.384920862654404,1.62407433976347));
#11136=VECTOR('',#13018,1.0);
#11137=AXIS2_PLACEMENT_3D('',#13019,#13020,#13021);
#11138=CARTESIAN_POINT('',(3.34,0.550000000000001,1.76999999999999));
#11139=CARTESIAN_POINT('',(3.34,0.550000000000001,1.7));
#11140=VECTOR('',#13022,1.0);
#11141=CARTESIAN_POINT('',(3.66,0.550000000000001,1.76999999999999));
#11142=CARTESIAN_POINT('',(3.66,0.550000000000001,1.76999999999999));
#11143=VECTOR('',#13023,1.0);
#11144=CARTESIAN_POINT('',(3.66,0.550000000000001,1.7));
#11145=VECTOR('',#13024,1.0);
#11146=CARTESIAN_POINT('',(3.66,0.0349208626544031,1.92407433976346));
#11147=VECTOR('',#13025,1.0);
#11148=CARTESIAN_POINT('',(3.66,0.550000000000001,1.76999999999999));
#11149=VECTOR('',#13026,1.0);
#11150=CARTESIAN_POINT('',(3.34,0.0349208626544031,1.92407433976346));
#11151=VECTOR('',#13027,1.0);
#11152=CARTESIAN_POINT('',(3.34,0.550000000000001,1.76999999999999));
#11153=VECTOR('',#13028,1.0);
#11154=CARTESIAN_POINT('',(-4.34,4.4,0.349999999999997));
#11155=AXIS2_PLACEMENT_3D('',#13029,#13030,#13031);
#11156=CARTESIAN_POINT('',(-4.66,4.4,0.349999999999997));
#11157=AXIS2_PLACEMENT_3D('',#13032,#13033,#13034);
#11158=CARTESIAN_POINT('',(-4.34,4.4,0.349999999999997));
#11159=VECTOR('',#13035,1.0);
#11160=CARTESIAN_POINT('',(-4.66,4.7,0.929999999999996));
#11161=CARTESIAN_POINT('',(-4.66,4.7,0.929999999999996));
#11162=VECTOR('',#13036,1.0);
#11163=CARTESIAN_POINT('',(-4.34,4.7,0.929999999999996));
#11164=CARTESIAN_POINT('',(-4.34,4.7,0.929999999999996));
#11165=VECTOR('',#13037,1.0);
#11166=CARTESIAN_POINT('',(-4.34,4.7,0.929999999999996));
#11167=VECTOR('',#13038,1.0);
#11168=CARTESIAN_POINT('',(-4.34,4.4,0.149999999999996));
#11169=CARTESIAN_POINT('',(-4.34,4.4,0.349999999999996));
#11170=VECTOR('',#13039,1.0);
#11171=CARTESIAN_POINT('',(-4.34,4.55,-4.41812385287843E-15));
#11172=CARTESIAN_POINT('',(-4.34,4.4,0.149999999999996));
#11173=VECTOR('',#13040,1.0);
#11174=CARTESIAN_POINT('',(-4.34,6.3,-3.71924713249427E-15));
#11175=CARTESIAN_POINT('',(-4.34,4.55,-4.38538094726937E-15));
#11176=VECTOR('',#13041,1.0);
#11177=CARTESIAN_POINT('',(-4.34,6.3,0.299999999999996));
#11178=CARTESIAN_POINT('',(-4.34,6.3,-3.71924713249427E-15));
#11179=VECTOR('',#13042,1.0);
#11180=CARTESIAN_POINT('',(-4.34,4.9,0.299999999999995));
#11181=CARTESIAN_POINT('',(-4.34,6.3,0.299999999999996));
#11182=VECTOR('',#13043,1.0);
#11183=CARTESIAN_POINT('',(-4.34,4.9,0.729999999999995));
#11184=CARTESIAN_POINT('',(-4.34,4.9,0.299999999999995));
#11185=VECTOR('',#13044,1.0);
#11186=CARTESIAN_POINT('',(-4.34,4.9,0.729999999999995));
#11187=VECTOR('',#13045,1.0);
#11188=CARTESIAN_POINT('',(-4.66,4.9,0.729999999999995));
#11189=CARTESIAN_POINT('',(-4.66,4.9,0.729999999999995));
#11190=VECTOR('',#13046,1.0);
#11191=CARTESIAN_POINT('',(-4.66,4.9,0.299999999999995));
#11192=CARTESIAN_POINT('',(-4.66,4.9,0.299999999999995));
#11193=VECTOR('',#13047,1.0);
#11194=CARTESIAN_POINT('',(-4.66,6.3,0.299999999999996));
#11195=CARTESIAN_POINT('',(-4.66,6.3,0.299999999999996));
#11196=VECTOR('',#13048,1.0);
#11197=CARTESIAN_POINT('',(-4.66,6.3,-3.71924713249427E-15));
#11198=CARTESIAN_POINT('',(-4.66,6.3,-3.71924713249427E-15));
#11199=VECTOR('',#13049,1.0);
#11200=CARTESIAN_POINT('',(-4.66,4.55,-4.41812385287843E-15));
#11201=CARTESIAN_POINT('',(-4.66,4.55,-4.38538094726937E-15));
#11202=VECTOR('',#13050,1.0);
#11203=CARTESIAN_POINT('',(-4.66,4.4,0.149999999999996));
#11204=CARTESIAN_POINT('',(-4.66,4.4,0.149999999999996));
#11205=VECTOR('',#13051,1.0);
#11206=CARTESIAN_POINT('',(-4.66,4.4,0.349999999999996));
#11207=VECTOR('',#13052,1.0);
#11208=CARTESIAN_POINT('',(-4.34,4.4,0.149999999999996));
#11209=VECTOR('',#13053,1.0);
#11210=CARTESIAN_POINT('',(-4.34,4.55,-4.41812385287843E-15));
#11211=VECTOR('',#13054,1.0);
#11212=CARTESIAN_POINT('',(-4.34,6.3,-3.71924713249427E-15));
#11213=VECTOR('',#13055,1.0);
#11214=CARTESIAN_POINT('',(-4.34,6.3,0.299999999999996));
#11215=VECTOR('',#13056,1.0);
#11216=CARTESIAN_POINT('',(-4.34,4.9,0.299999999999995));
#11217=VECTOR('',#13057,1.0);
#11218=CARTESIAN_POINT('',(-4.34,4.9,0.729999999999995));
#11219=VECTOR('',#13058,1.0);
#11220=CARTESIAN_POINT('',(-3.34,4.4,0.349999999999997));
#11221=AXIS2_PLACEMENT_3D('',#13059,#13060,#13061);
#11222=CARTESIAN_POINT('',(-3.66,4.4,0.349999999999997));
#11223=AXIS2_PLACEMENT_3D('',#13062,#13063,#13064);
#11224=CARTESIAN_POINT('',(-3.34,4.4,0.349999999999997));
#11225=VECTOR('',#13065,1.0);
#11226=CARTESIAN_POINT('',(-3.66,4.7,0.929999999999996));
#11227=CARTESIAN_POINT('',(-3.66,4.7,0.929999999999996));
#11228=VECTOR('',#13066,1.0);
#11229=CARTESIAN_POINT('',(-3.34,4.7,0.929999999999996));
#11230=CARTESIAN_POINT('',(-3.34,4.7,0.929999999999996));
#11231=VECTOR('',#13067,1.0);
#11232=CARTESIAN_POINT('',(-3.34,4.7,0.929999999999996));
#11233=VECTOR('',#13068,1.0);
#11234=CARTESIAN_POINT('',(-3.34,4.4,0.149999999999996));
#11235=CARTESIAN_POINT('',(-3.34,4.4,0.349999999999996));
#11236=VECTOR('',#13069,1.0);
#11237=CARTESIAN_POINT('',(-3.34,4.55,-4.41812385287843E-15));
#11238=CARTESIAN_POINT('',(-3.34,4.4,0.149999999999996));
#11239=VECTOR('',#13070,1.0);
#11240=CARTESIAN_POINT('',(-3.34,6.3,-3.71924713249427E-15));
#11241=CARTESIAN_POINT('',(-3.34,4.55,-4.38538094726937E-15));
#11242=VECTOR('',#13071,1.0);
#11243=CARTESIAN_POINT('',(-3.34,6.3,0.299999999999996));
#11244=CARTESIAN_POINT('',(-3.34,6.3,-3.71924713249427E-15));
#11245=VECTOR('',#13072,1.0);
#11246=CARTESIAN_POINT('',(-3.34,4.9,0.299999999999995));
#11247=CARTESIAN_POINT('',(-3.34,6.3,0.299999999999996));
#11248=VECTOR('',#13073,1.0);
#11249=CARTESIAN_POINT('',(-3.34,4.9,0.729999999999995));
#11250=CARTESIAN_POINT('',(-3.34,4.9,0.299999999999995));
#11251=VECTOR('',#13074,1.0);
#11252=CARTESIAN_POINT('',(-3.34,4.9,0.729999999999995));
#11253=VECTOR('',#13075,1.0);
#11254=CARTESIAN_POINT('',(-3.66,4.9,0.729999999999995));
#11255=CARTESIAN_POINT('',(-3.66,4.9,0.729999999999995));
#11256=VECTOR('',#13076,1.0);
#11257=CARTESIAN_POINT('',(-3.66,4.9,0.299999999999995));
#11258=CARTESIAN_POINT('',(-3.66,4.9,0.299999999999995));
#11259=VECTOR('',#13077,1.0);
#11260=CARTESIAN_POINT('',(-3.66,6.3,0.299999999999996));
#11261=CARTESIAN_POINT('',(-3.66,6.3,0.299999999999996));
#11262=VECTOR('',#13078,1.0);
#11263=CARTESIAN_POINT('',(-3.66,6.3,-3.71924713249427E-15));
#11264=CARTESIAN_POINT('',(-3.66,6.3,-3.71924713249427E-15));
#11265=VECTOR('',#13079,1.0);
#11266=CARTESIAN_POINT('',(-3.66,4.55,-4.41812385287843E-15));
#11267=CARTESIAN_POINT('',(-3.66,4.55,-4.38538094726937E-15));
#11268=VECTOR('',#13080,1.0);
#11269=CARTESIAN_POINT('',(-3.66,4.4,0.149999999999996));
#11270=CARTESIAN_POINT('',(-3.66,4.4,0.149999999999996));
#11271=VECTOR('',#13081,1.0);
#11272=CARTESIAN_POINT('',(-3.66,4.4,0.349999999999996));
#11273=VECTOR('',#13082,1.0);
#11274=CARTESIAN_POINT('',(-3.34,4.4,0.149999999999996));
#11275=VECTOR('',#13083,1.0);
#11276=CARTESIAN_POINT('',(-3.34,4.55,-4.41812385287843E-15));
#11277=VECTOR('',#13084,1.0);
#11278=CARTESIAN_POINT('',(-3.34,6.3,-3.71924713249427E-15));
#11279=VECTOR('',#13085,1.0);
#11280=CARTESIAN_POINT('',(-3.34,6.3,0.299999999999996));
#11281=VECTOR('',#13086,1.0);
#11282=CARTESIAN_POINT('',(-3.34,4.9,0.299999999999995));
#11283=VECTOR('',#13087,1.0);
#11284=CARTESIAN_POINT('',(-3.34,4.9,0.729999999999995));
#11285=VECTOR('',#13088,1.0);
#11286=CARTESIAN_POINT('',(-2.34,4.4,0.349999999999997));
#11287=AXIS2_PLACEMENT_3D('',#13089,#13090,#13091);
#11288=CARTESIAN_POINT('',(-2.66,4.4,0.349999999999997));
#11289=AXIS2_PLACEMENT_3D('',#13092,#13093,#13094);
#11290=CARTESIAN_POINT('',(-2.34,4.4,0.349999999999997));
#11291=VECTOR('',#13095,1.0);
#11292=CARTESIAN_POINT('',(-2.66,4.7,0.929999999999996));
#11293=CARTESIAN_POINT('',(-2.66,4.7,0.929999999999996));
#11294=VECTOR('',#13096,1.0);
#11295=CARTESIAN_POINT('',(-2.34,4.7,0.929999999999996));
#11296=CARTESIAN_POINT('',(-2.34,4.7,0.929999999999996));
#11297=VECTOR('',#13097,1.0);
#11298=CARTESIAN_POINT('',(-2.34,4.7,0.929999999999996));
#11299=VECTOR('',#13098,1.0);
#11300=CARTESIAN_POINT('',(-2.34,4.4,0.149999999999996));
#11301=CARTESIAN_POINT('',(-2.34,4.4,0.349999999999996));
#11302=VECTOR('',#13099,1.0);
#11303=CARTESIAN_POINT('',(-2.34,4.55,-4.41812385287843E-15));
#11304=CARTESIAN_POINT('',(-2.34,4.4,0.149999999999996));
#11305=VECTOR('',#13100,1.0);
#11306=CARTESIAN_POINT('',(-2.34,6.3,-3.71924713249427E-15));
#11307=CARTESIAN_POINT('',(-2.34,4.55,-4.38538094726937E-15));
#11308=VECTOR('',#13101,1.0);
#11309=CARTESIAN_POINT('',(-2.34,6.3,0.299999999999996));
#11310=CARTESIAN_POINT('',(-2.34,6.3,-3.71924713249427E-15));
#11311=VECTOR('',#13102,1.0);
#11312=CARTESIAN_POINT('',(-2.34,4.9,0.299999999999995));
#11313=CARTESIAN_POINT('',(-2.34,6.3,0.299999999999996));
#11314=VECTOR('',#13103,1.0);
#11315=CARTESIAN_POINT('',(-2.34,4.9,0.729999999999995));
#11316=CARTESIAN_POINT('',(-2.34,4.9,0.299999999999995));
#11317=VECTOR('',#13104,1.0);
#11318=CARTESIAN_POINT('',(-2.34,4.9,0.729999999999995));
#11319=VECTOR('',#13105,1.0);
#11320=CARTESIAN_POINT('',(-2.66,4.9,0.729999999999995));
#11321=CARTESIAN_POINT('',(-2.66,4.9,0.729999999999995));
#11322=VECTOR('',#13106,1.0);
#11323=CARTESIAN_POINT('',(-2.66,4.9,0.299999999999995));
#11324=CARTESIAN_POINT('',(-2.66,4.9,0.299999999999995));
#11325=VECTOR('',#13107,1.0);
#11326=CARTESIAN_POINT('',(-2.66,6.3,0.299999999999996));
#11327=CARTESIAN_POINT('',(-2.66,6.3,0.299999999999996));
#11328=VECTOR('',#13108,1.0);
#11329=CARTESIAN_POINT('',(-2.66,6.3,-3.71924713249427E-15));
#11330=CARTESIAN_POINT('',(-2.66,6.3,-3.71924713249427E-15));
#11331=VECTOR('',#13109,1.0);
#11332=CARTESIAN_POINT('',(-2.66,4.55,-4.41812385287843E-15));
#11333=CARTESIAN_POINT('',(-2.66,4.55,-4.38538094726937E-15));
#11334=VECTOR('',#13110,1.0);
#11335=CARTESIAN_POINT('',(-2.66,4.4,0.149999999999996));
#11336=CARTESIAN_POINT('',(-2.66,4.4,0.149999999999996));
#11337=VECTOR('',#13111,1.0);
#11338=CARTESIAN_POINT('',(-2.66,4.4,0.349999999999996));
#11339=VECTOR('',#13112,1.0);
#11340=CARTESIAN_POINT('',(-2.34,4.4,0.149999999999996));
#11341=VECTOR('',#13113,1.0);
#11342=CARTESIAN_POINT('',(-2.34,4.55,-4.41812385287843E-15));
#11343=VECTOR('',#13114,1.0);
#11344=CARTESIAN_POINT('',(-2.34,6.3,-3.71924713249427E-15));
#11345=VECTOR('',#13115,1.0);
#11346=CARTESIAN_POINT('',(-2.34,6.3,0.299999999999996));
#11347=VECTOR('',#13116,1.0);
#11348=CARTESIAN_POINT('',(-2.34,4.9,0.299999999999995));
#11349=VECTOR('',#13117,1.0);
#11350=CARTESIAN_POINT('',(-2.34,4.9,0.729999999999995));
#11351=VECTOR('',#13118,1.0);
#11352=CARTESIAN_POINT('',(-1.34,4.4,0.349999999999997));
#11353=AXIS2_PLACEMENT_3D('',#13119,#13120,#13121);
#11354=CARTESIAN_POINT('',(-1.66,4.4,0.349999999999997));
#11355=AXIS2_PLACEMENT_3D('',#13122,#13123,#13124);
#11356=CARTESIAN_POINT('',(-1.34,4.4,0.349999999999997));
#11357=VECTOR('',#13125,1.0);
#11358=CARTESIAN_POINT('',(-1.66,4.7,0.929999999999996));
#11359=CARTESIAN_POINT('',(-1.66,4.7,0.929999999999996));
#11360=VECTOR('',#13126,1.0);
#11361=CARTESIAN_POINT('',(-1.34,4.7,0.929999999999996));
#11362=CARTESIAN_POINT('',(-1.34,4.7,0.929999999999996));
#11363=VECTOR('',#13127,1.0);
#11364=CARTESIAN_POINT('',(-1.34,4.7,0.929999999999996));
#11365=VECTOR('',#13128,1.0);
#11366=CARTESIAN_POINT('',(-1.34,4.4,0.149999999999996));
#11367=CARTESIAN_POINT('',(-1.34,4.4,0.349999999999996));
#11368=VECTOR('',#13129,1.0);
#11369=CARTESIAN_POINT('',(-1.34,4.55,-4.41812385287843E-15));
#11370=CARTESIAN_POINT('',(-1.34,4.4,0.149999999999996));
#11371=VECTOR('',#13130,1.0);
#11372=CARTESIAN_POINT('',(-1.34,6.3,-3.71924713249427E-15));
#11373=CARTESIAN_POINT('',(-1.34,4.55,-4.38538094726937E-15));
#11374=VECTOR('',#13131,1.0);
#11375=CARTESIAN_POINT('',(-1.34,6.3,0.299999999999996));
#11376=CARTESIAN_POINT('',(-1.34,6.3,-3.71924713249427E-15));
#11377=VECTOR('',#13132,1.0);
#11378=CARTESIAN_POINT('',(-1.34,4.9,0.299999999999995));
#11379=CARTESIAN_POINT('',(-1.34,6.3,0.299999999999996));
#11380=VECTOR('',#13133,1.0);
#11381=CARTESIAN_POINT('',(-1.34,4.9,0.729999999999995));
#11382=CARTESIAN_POINT('',(-1.34,4.9,0.299999999999995));
#11383=VECTOR('',#13134,1.0);
#11384=CARTESIAN_POINT('',(-1.34,4.9,0.729999999999995));
#11385=VECTOR('',#13135,1.0);
#11386=CARTESIAN_POINT('',(-1.66,4.9,0.729999999999995));
#11387=CARTESIAN_POINT('',(-1.66,4.9,0.729999999999995));
#11388=VECTOR('',#13136,1.0);
#11389=CARTESIAN_POINT('',(-1.66,4.9,0.299999999999995));
#11390=CARTESIAN_POINT('',(-1.66,4.9,0.299999999999995));
#11391=VECTOR('',#13137,1.0);
#11392=CARTESIAN_POINT('',(-1.66,6.3,0.299999999999996));
#11393=CARTESIAN_POINT('',(-1.66,6.3,0.299999999999996));
#11394=VECTOR('',#13138,1.0);
#11395=CARTESIAN_POINT('',(-1.66,6.3,-3.71924713249427E-15));
#11396=CARTESIAN_POINT('',(-1.66,6.3,-3.71924713249427E-15));
#11397=VECTOR('',#13139,1.0);
#11398=CARTESIAN_POINT('',(-1.66,4.55,-4.41812385287843E-15));
#11399=CARTESIAN_POINT('',(-1.66,4.55,-4.38538094726937E-15));
#11400=VECTOR('',#13140,1.0);
#11401=CARTESIAN_POINT('',(-1.66,4.4,0.149999999999996));
#11402=CARTESIAN_POINT('',(-1.66,4.4,0.149999999999996));
#11403=VECTOR('',#13141,1.0);
#11404=CARTESIAN_POINT('',(-1.66,4.4,0.349999999999996));
#11405=VECTOR('',#13142,1.0);
#11406=CARTESIAN_POINT('',(-1.34,4.4,0.149999999999996));
#11407=VECTOR('',#13143,1.0);
#11408=CARTESIAN_POINT('',(-1.34,4.55,-4.41812385287843E-15));
#11409=VECTOR('',#13144,1.0);
#11410=CARTESIAN_POINT('',(-1.34,6.3,-3.71924713249427E-15));
#11411=VECTOR('',#13145,1.0);
#11412=CARTESIAN_POINT('',(-1.34,6.3,0.299999999999996));
#11413=VECTOR('',#13146,1.0);
#11414=CARTESIAN_POINT('',(-1.34,4.9,0.299999999999995));
#11415=VECTOR('',#13147,1.0);
#11416=CARTESIAN_POINT('',(-1.34,4.9,0.729999999999995));
#11417=VECTOR('',#13148,1.0);
#11418=CARTESIAN_POINT('',(-0.339999999999998,4.4,0.349999999999997));
#11419=AXIS2_PLACEMENT_3D('',#13149,#13150,#13151);
#11420=CARTESIAN_POINT('',(-0.659999999999998,4.4,0.349999999999997));
#11421=AXIS2_PLACEMENT_3D('',#13152,#13153,#13154);
#11422=CARTESIAN_POINT('',(-0.339999999999998,4.4,0.349999999999997));
#11423=VECTOR('',#13155,1.0);
#11424=CARTESIAN_POINT('',(-0.659999999999998,4.7,0.929999999999996));
#11425=CARTESIAN_POINT('',(-0.659999999999998,4.7,0.929999999999996));
#11426=VECTOR('',#13156,1.0);
#11427=CARTESIAN_POINT('',(-0.339999999999998,4.7,0.929999999999996));
#11428=CARTESIAN_POINT('',(-0.339999999999998,4.7,0.929999999999996));
#11429=VECTOR('',#13157,1.0);
#11430=CARTESIAN_POINT('',(-0.339999999999998,4.7,0.929999999999996));
#11431=VECTOR('',#13158,1.0);
#11432=CARTESIAN_POINT('',(-0.339999999999998,4.4,0.149999999999996));
#11433=CARTESIAN_POINT('',(-0.339999999999998,4.4,0.349999999999996));
#11434=VECTOR('',#13159,1.0);
#11435=CARTESIAN_POINT('',(-0.339999999999998,4.55,-4.41812385287843E-15));
#11436=CARTESIAN_POINT('',(-0.339999999999998,4.4,0.149999999999996));
#11437=VECTOR('',#13160,1.0);
#11438=CARTESIAN_POINT('',(-0.339999999999998,6.3,-3.71924713249427E-15));
#11439=CARTESIAN_POINT('',(-0.339999999999998,4.55,-4.38538094726937E-15));
#11440=VECTOR('',#13161,1.0);
#11441=CARTESIAN_POINT('',(-0.339999999999998,6.3,0.299999999999996));
#11442=CARTESIAN_POINT('',(-0.339999999999998,6.3,-3.71924713249427E-15));
#11443=VECTOR('',#13162,1.0);
#11444=CARTESIAN_POINT('',(-0.339999999999998,4.9,0.299999999999995));
#11445=CARTESIAN_POINT('',(-0.339999999999998,6.3,0.299999999999996));
#11446=VECTOR('',#13163,1.0);
#11447=CARTESIAN_POINT('',(-0.339999999999998,4.9,0.729999999999995));
#11448=CARTESIAN_POINT('',(-0.339999999999998,4.9,0.299999999999995));
#11449=VECTOR('',#13164,1.0);
#11450=CARTESIAN_POINT('',(-0.339999999999998,4.9,0.729999999999995));
#11451=VECTOR('',#13165,1.0);
#11452=CARTESIAN_POINT('',(-0.659999999999998,4.9,0.729999999999995));
#11453=CARTESIAN_POINT('',(-0.659999999999998,4.9,0.729999999999995));
#11454=VECTOR('',#13166,1.0);
#11455=CARTESIAN_POINT('',(-0.659999999999998,4.9,0.299999999999995));
#11456=CARTESIAN_POINT('',(-0.659999999999998,4.9,0.299999999999995));
#11457=VECTOR('',#13167,1.0);
#11458=CARTESIAN_POINT('',(-0.659999999999998,6.3,0.299999999999996));
#11459=CARTESIAN_POINT('',(-0.659999999999998,6.3,0.299999999999996));
#11460=VECTOR('',#13168,1.0);
#11461=CARTESIAN_POINT('',(-0.659999999999998,6.3,-3.71924713249427E-15));
#11462=CARTESIAN_POINT('',(-0.659999999999998,6.3,-3.71924713249427E-15));
#11463=VECTOR('',#13169,1.0);
#11464=CARTESIAN_POINT('',(-0.659999999999998,4.55,-4.41812385287843E-15));
#11465=CARTESIAN_POINT('',(-0.659999999999998,4.55,-4.38538094726937E-15));
#11466=VECTOR('',#13170,1.0);
#11467=CARTESIAN_POINT('',(-0.659999999999998,4.4,0.149999999999996));
#11468=CARTESIAN_POINT('',(-0.659999999999998,4.4,0.149999999999996));
#11469=VECTOR('',#13171,1.0);
#11470=CARTESIAN_POINT('',(-0.659999999999998,4.4,0.349999999999996));
#11471=VECTOR('',#13172,1.0);
#11472=CARTESIAN_POINT('',(-0.339999999999998,4.4,0.149999999999996));
#11473=VECTOR('',#13173,1.0);
#11474=CARTESIAN_POINT('',(-0.339999999999998,4.55,-4.41812385287843E-15));
#11475=VECTOR('',#13174,1.0);
#11476=CARTESIAN_POINT('',(-0.339999999999998,6.3,-3.71924713249427E-15));
#11477=VECTOR('',#13175,1.0);
#11478=CARTESIAN_POINT('',(-0.339999999999998,6.3,0.299999999999996));
#11479=VECTOR('',#13176,1.0);
#11480=CARTESIAN_POINT('',(-0.339999999999998,4.9,0.299999999999995));
#11481=VECTOR('',#13177,1.0);
#11482=CARTESIAN_POINT('',(-0.339999999999998,4.9,0.729999999999995));
#11483=VECTOR('',#13178,1.0);
#11484=CARTESIAN_POINT('',(0.660000000000002,4.4,0.349999999999997));
#11485=AXIS2_PLACEMENT_3D('',#13179,#13180,#13181);
#11486=CARTESIAN_POINT('',(0.340000000000002,4.4,0.349999999999997));
#11487=AXIS2_PLACEMENT_3D('',#13182,#13183,#13184);
#11488=CARTESIAN_POINT('',(0.660000000000002,4.4,0.349999999999997));
#11489=VECTOR('',#13185,1.0);
#11490=CARTESIAN_POINT('',(0.340000000000002,4.7,0.929999999999996));
#11491=CARTESIAN_POINT('',(0.340000000000002,4.7,0.929999999999996));
#11492=VECTOR('',#13186,1.0);
#11493=CARTESIAN_POINT('',(0.660000000000002,4.7,0.929999999999996));
#11494=CARTESIAN_POINT('',(0.660000000000002,4.7,0.929999999999996));
#11495=VECTOR('',#13187,1.0);
#11496=CARTESIAN_POINT('',(0.660000000000002,4.7,0.929999999999996));
#11497=VECTOR('',#13188,1.0);
#11498=CARTESIAN_POINT('',(0.660000000000002,4.4,0.149999999999996));
#11499=CARTESIAN_POINT('',(0.660000000000002,4.4,0.349999999999996));
#11500=VECTOR('',#13189,1.0);
#11501=CARTESIAN_POINT('',(0.660000000000002,4.55,-4.41812385287843E-15));
#11502=CARTESIAN_POINT('',(0.660000000000002,4.4,0.149999999999996));
#11503=VECTOR('',#13190,1.0);
#11504=CARTESIAN_POINT('',(0.660000000000002,6.3,-3.71924713249427E-15));
#11505=CARTESIAN_POINT('',(0.660000000000002,4.55,-4.38538094726937E-15));
#11506=VECTOR('',#13191,1.0);
#11507=CARTESIAN_POINT('',(0.660000000000002,6.3,0.299999999999996));
#11508=CARTESIAN_POINT('',(0.660000000000002,6.3,-3.71924713249427E-15));
#11509=VECTOR('',#13192,1.0);
#11510=CARTESIAN_POINT('',(0.660000000000002,4.9,0.299999999999995));
#11511=CARTESIAN_POINT('',(0.660000000000002,6.3,0.299999999999996));
#11512=VECTOR('',#13193,1.0);
#11513=CARTESIAN_POINT('',(0.660000000000002,4.9,0.729999999999995));
#11514=CARTESIAN_POINT('',(0.660000000000002,4.9,0.299999999999995));
#11515=VECTOR('',#13194,1.0);
#11516=CARTESIAN_POINT('',(0.660000000000002,4.9,0.729999999999995));
#11517=VECTOR('',#13195,1.0);
#11518=CARTESIAN_POINT('',(0.340000000000002,4.9,0.729999999999995));
#11519=CARTESIAN_POINT('',(0.340000000000002,4.9,0.729999999999995));
#11520=VECTOR('',#13196,1.0);
#11521=CARTESIAN_POINT('',(0.340000000000002,4.9,0.299999999999995));
#11522=CARTESIAN_POINT('',(0.340000000000002,4.9,0.299999999999995));
#11523=VECTOR('',#13197,1.0);
#11524=CARTESIAN_POINT('',(0.340000000000002,6.3,0.299999999999996));
#11525=CARTESIAN_POINT('',(0.340000000000002,6.3,0.299999999999996));
#11526=VECTOR('',#13198,1.0);
#11527=CARTESIAN_POINT('',(0.340000000000002,6.3,-3.71924713249427E-15));
#11528=CARTESIAN_POINT('',(0.340000000000002,6.3,-3.71924713249427E-15));
#11529=VECTOR('',#13199,1.0);
#11530=CARTESIAN_POINT('',(0.340000000000002,4.55,-4.41812385287843E-15));
#11531=CARTESIAN_POINT('',(0.340000000000002,4.55,-4.38538094726937E-15));
#11532=VECTOR('',#13200,1.0);
#11533=CARTESIAN_POINT('',(0.340000000000002,4.4,0.149999999999996));
#11534=CARTESIAN_POINT('',(0.340000000000002,4.4,0.149999999999996));
#11535=VECTOR('',#13201,1.0);
#11536=CARTESIAN_POINT('',(0.340000000000002,4.4,0.349999999999996));
#11537=VECTOR('',#13202,1.0);
#11538=CARTESIAN_POINT('',(0.660000000000002,4.4,0.149999999999996));
#11539=VECTOR('',#13203,1.0);
#11540=CARTESIAN_POINT('',(0.660000000000002,4.55,-4.41812385287843E-15));
#11541=VECTOR('',#13204,1.0);
#11542=CARTESIAN_POINT('',(0.660000000000002,6.3,-3.71924713249427E-15));
#11543=VECTOR('',#13205,1.0);
#11544=CARTESIAN_POINT('',(0.660000000000002,6.3,0.299999999999996));
#11545=VECTOR('',#13206,1.0);
#11546=CARTESIAN_POINT('',(0.660000000000002,4.9,0.299999999999995));
#11547=VECTOR('',#13207,1.0);
#11548=CARTESIAN_POINT('',(0.660000000000002,4.9,0.729999999999995));
#11549=VECTOR('',#13208,1.0);
#11550=CARTESIAN_POINT('',(1.66,4.4,0.349999999999997));
#11551=AXIS2_PLACEMENT_3D('',#13209,#13210,#13211);
#11552=CARTESIAN_POINT('',(1.34,4.4,0.349999999999997));
#11553=AXIS2_PLACEMENT_3D('',#13212,#13213,#13214);
#11554=CARTESIAN_POINT('',(1.66,4.4,0.349999999999997));
#11555=VECTOR('',#13215,1.0);
#11556=CARTESIAN_POINT('',(1.34,4.7,0.929999999999996));
#11557=CARTESIAN_POINT('',(1.34,4.7,0.929999999999996));
#11558=VECTOR('',#13216,1.0);
#11559=CARTESIAN_POINT('',(1.66,4.7,0.929999999999996));
#11560=CARTESIAN_POINT('',(1.66,4.7,0.929999999999996));
#11561=VECTOR('',#13217,1.0);
#11562=CARTESIAN_POINT('',(1.66,4.7,0.929999999999996));
#11563=VECTOR('',#13218,1.0);
#11564=CARTESIAN_POINT('',(1.66,4.4,0.149999999999996));
#11565=CARTESIAN_POINT('',(1.66,4.4,0.349999999999996));
#11566=VECTOR('',#13219,1.0);
#11567=CARTESIAN_POINT('',(1.66,4.55,-4.41812385287843E-15));
#11568=CARTESIAN_POINT('',(1.66,4.4,0.149999999999996));
#11569=VECTOR('',#13220,1.0);
#11570=CARTESIAN_POINT('',(1.66,6.3,-3.71924713249427E-15));
#11571=CARTESIAN_POINT('',(1.66,4.55,-4.38538094726937E-15));
#11572=VECTOR('',#13221,1.0);
#11573=CARTESIAN_POINT('',(1.66,6.3,0.299999999999996));
#11574=CARTESIAN_POINT('',(1.66,6.3,-3.71924713249427E-15));
#11575=VECTOR('',#13222,1.0);
#11576=CARTESIAN_POINT('',(1.66,4.9,0.299999999999995));
#11577=CARTESIAN_POINT('',(1.66,6.3,0.299999999999996));
#11578=VECTOR('',#13223,1.0);
#11579=CARTESIAN_POINT('',(1.66,4.9,0.729999999999995));
#11580=CARTESIAN_POINT('',(1.66,4.9,0.299999999999995));
#11581=VECTOR('',#13224,1.0);
#11582=CARTESIAN_POINT('',(1.66,4.9,0.729999999999995));
#11583=VECTOR('',#13225,1.0);
#11584=CARTESIAN_POINT('',(1.34,4.9,0.729999999999995));
#11585=CARTESIAN_POINT('',(1.34,4.9,0.729999999999995));
#11586=VECTOR('',#13226,1.0);
#11587=CARTESIAN_POINT('',(1.34,4.9,0.299999999999995));
#11588=CARTESIAN_POINT('',(1.34,4.9,0.299999999999995));
#11589=VECTOR('',#13227,1.0);
#11590=CARTESIAN_POINT('',(1.34,6.3,0.299999999999996));
#11591=CARTESIAN_POINT('',(1.34,6.3,0.299999999999996));
#11592=VECTOR('',#13228,1.0);
#11593=CARTESIAN_POINT('',(1.34,6.3,-3.71924713249427E-15));
#11594=CARTESIAN_POINT('',(1.34,6.3,-3.71924713249427E-15));
#11595=VECTOR('',#13229,1.0);
#11596=CARTESIAN_POINT('',(1.34,4.55,-4.41812385287843E-15));
#11597=CARTESIAN_POINT('',(1.34,4.55,-4.38538094726937E-15));
#11598=VECTOR('',#13230,1.0);
#11599=CARTESIAN_POINT('',(1.34,4.4,0.149999999999996));
#11600=CARTESIAN_POINT('',(1.34,4.4,0.149999999999996));
#11601=VECTOR('',#13231,1.0);
#11602=CARTESIAN_POINT('',(1.34,4.4,0.349999999999996));
#11603=VECTOR('',#13232,1.0);
#11604=CARTESIAN_POINT('',(1.66,4.4,0.149999999999996));
#11605=VECTOR('',#13233,1.0);
#11606=CARTESIAN_POINT('',(1.66,4.55,-4.41812385287843E-15));
#11607=VECTOR('',#13234,1.0);
#11608=CARTESIAN_POINT('',(1.66,6.3,-3.71924713249427E-15));
#11609=VECTOR('',#13235,1.0);
#11610=CARTESIAN_POINT('',(1.66,6.3,0.299999999999996));
#11611=VECTOR('',#13236,1.0);
#11612=CARTESIAN_POINT('',(1.66,4.9,0.299999999999995));
#11613=VECTOR('',#13237,1.0);
#11614=CARTESIAN_POINT('',(1.66,4.9,0.729999999999995));
#11615=VECTOR('',#13238,1.0);
#11616=CARTESIAN_POINT('',(2.66,4.4,0.349999999999997));
#11617=AXIS2_PLACEMENT_3D('',#13239,#13240,#13241);
#11618=CARTESIAN_POINT('',(2.34,4.4,0.349999999999997));
#11619=AXIS2_PLACEMENT_3D('',#13242,#13243,#13244);
#11620=CARTESIAN_POINT('',(2.66,4.4,0.349999999999997));
#11621=VECTOR('',#13245,1.0);
#11622=CARTESIAN_POINT('',(2.34,4.7,0.929999999999996));
#11623=CARTESIAN_POINT('',(2.34,4.7,0.929999999999996));
#11624=VECTOR('',#13246,1.0);
#11625=CARTESIAN_POINT('',(2.66,4.7,0.929999999999996));
#11626=CARTESIAN_POINT('',(2.66,4.7,0.929999999999996));
#11627=VECTOR('',#13247,1.0);
#11628=CARTESIAN_POINT('',(2.66,4.7,0.929999999999996));
#11629=VECTOR('',#13248,1.0);
#11630=CARTESIAN_POINT('',(2.66,4.4,0.149999999999996));
#11631=CARTESIAN_POINT('',(2.66,4.4,0.349999999999996));
#11632=VECTOR('',#13249,1.0);
#11633=CARTESIAN_POINT('',(2.66,4.55,-4.41812385287843E-15));
#11634=CARTESIAN_POINT('',(2.66,4.4,0.149999999999996));
#11635=VECTOR('',#13250,1.0);
#11636=CARTESIAN_POINT('',(2.66,6.3,-3.71924713249427E-15));
#11637=CARTESIAN_POINT('',(2.66,4.55,-4.38538094726937E-15));
#11638=VECTOR('',#13251,1.0);
#11639=CARTESIAN_POINT('',(2.66,6.3,0.299999999999996));
#11640=CARTESIAN_POINT('',(2.66,6.3,-3.71924713249427E-15));
#11641=VECTOR('',#13252,1.0);
#11642=CARTESIAN_POINT('',(2.66,4.9,0.299999999999995));
#11643=CARTESIAN_POINT('',(2.66,6.3,0.299999999999996));
#11644=VECTOR('',#13253,1.0);
#11645=CARTESIAN_POINT('',(2.66,4.9,0.729999999999995));
#11646=CARTESIAN_POINT('',(2.66,4.9,0.299999999999995));
#11647=VECTOR('',#13254,1.0);
#11648=CARTESIAN_POINT('',(2.66,4.9,0.729999999999995));
#11649=VECTOR('',#13255,1.0);
#11650=CARTESIAN_POINT('',(2.34,4.9,0.729999999999995));
#11651=CARTESIAN_POINT('',(2.34,4.9,0.729999999999995));
#11652=VECTOR('',#13256,1.0);
#11653=CARTESIAN_POINT('',(2.34,4.9,0.299999999999995));
#11654=CARTESIAN_POINT('',(2.34,4.9,0.299999999999995));
#11655=VECTOR('',#13257,1.0);
#11656=CARTESIAN_POINT('',(2.34,6.3,0.299999999999996));
#11657=CARTESIAN_POINT('',(2.34,6.3,0.299999999999996));
#11658=VECTOR('',#13258,1.0);
#11659=CARTESIAN_POINT('',(2.34,6.3,-3.71924713249427E-15));
#11660=CARTESIAN_POINT('',(2.34,6.3,-3.71924713249427E-15));
#11661=VECTOR('',#13259,1.0);
#11662=CARTESIAN_POINT('',(2.34,4.55,-4.41812385287843E-15));
#11663=CARTESIAN_POINT('',(2.34,4.55,-4.38538094726937E-15));
#11664=VECTOR('',#13260,1.0);
#11665=CARTESIAN_POINT('',(2.34,4.4,0.149999999999996));
#11666=CARTESIAN_POINT('',(2.34,4.4,0.149999999999996));
#11667=VECTOR('',#13261,1.0);
#11668=CARTESIAN_POINT('',(2.34,4.4,0.349999999999996));
#11669=VECTOR('',#13262,1.0);
#11670=CARTESIAN_POINT('',(2.66,4.4,0.149999999999996));
#11671=VECTOR('',#13263,1.0);
#11672=CARTESIAN_POINT('',(2.66,4.55,-4.41812385287843E-15));
#11673=VECTOR('',#13264,1.0);
#11674=CARTESIAN_POINT('',(2.66,6.3,-3.71924713249427E-15));
#11675=VECTOR('',#13265,1.0);
#11676=CARTESIAN_POINT('',(2.66,6.3,0.299999999999996));
#11677=VECTOR('',#13266,1.0);
#11678=CARTESIAN_POINT('',(2.66,4.9,0.299999999999995));
#11679=VECTOR('',#13267,1.0);
#11680=CARTESIAN_POINT('',(2.66,4.9,0.729999999999995));
#11681=VECTOR('',#13268,1.0);
#11682=CARTESIAN_POINT('',(3.66,4.4,0.349999999999997));
#11683=AXIS2_PLACEMENT_3D('',#13269,#13270,#13271);
#11684=CARTESIAN_POINT('',(3.34,4.4,0.349999999999997));
#11685=AXIS2_PLACEMENT_3D('',#13272,#13273,#13274);
#11686=CARTESIAN_POINT('',(3.66,4.4,0.349999999999997));
#11687=VECTOR('',#13275,1.0);
#11688=CARTESIAN_POINT('',(3.34,4.7,0.929999999999996));
#11689=CARTESIAN_POINT('',(3.34,4.7,0.929999999999996));
#11690=VECTOR('',#13276,1.0);
#11691=CARTESIAN_POINT('',(3.66,4.7,0.929999999999996));
#11692=CARTESIAN_POINT('',(3.66,4.7,0.929999999999996));
#11693=VECTOR('',#13277,1.0);
#11694=CARTESIAN_POINT('',(3.66,4.7,0.929999999999996));
#11695=VECTOR('',#13278,1.0);
#11696=CARTESIAN_POINT('',(3.66,4.4,0.149999999999996));
#11697=CARTESIAN_POINT('',(3.66,4.4,0.349999999999996));
#11698=VECTOR('',#13279,1.0);
#11699=CARTESIAN_POINT('',(3.66,4.55,-4.41812385287843E-15));
#11700=CARTESIAN_POINT('',(3.66,4.4,0.149999999999996));
#11701=VECTOR('',#13280,1.0);
#11702=CARTESIAN_POINT('',(3.66,6.3,-3.71924713249427E-15));
#11703=CARTESIAN_POINT('',(3.66,4.55,-4.38538094726937E-15));
#11704=VECTOR('',#13281,1.0);
#11705=CARTESIAN_POINT('',(3.66,6.3,0.299999999999996));
#11706=CARTESIAN_POINT('',(3.66,6.3,-3.71924713249427E-15));
#11707=VECTOR('',#13282,1.0);
#11708=CARTESIAN_POINT('',(3.66,4.9,0.299999999999995));
#11709=CARTESIAN_POINT('',(3.66,6.3,0.299999999999996));
#11710=VECTOR('',#13283,1.0);
#11711=CARTESIAN_POINT('',(3.66,4.9,0.729999999999995));
#11712=CARTESIAN_POINT('',(3.66,4.9,0.299999999999995));
#11713=VECTOR('',#13284,1.0);
#11714=CARTESIAN_POINT('',(3.66,4.9,0.729999999999995));
#11715=VECTOR('',#13285,1.0);
#11716=CARTESIAN_POINT('',(3.34,4.9,0.729999999999995));
#11717=CARTESIAN_POINT('',(3.34,4.9,0.729999999999995));
#11718=VECTOR('',#13286,1.0);
#11719=CARTESIAN_POINT('',(3.34,4.9,0.299999999999995));
#11720=CARTESIAN_POINT('',(3.34,4.9,0.299999999999995));
#11721=VECTOR('',#13287,1.0);
#11722=CARTESIAN_POINT('',(3.34,6.3,0.299999999999996));
#11723=CARTESIAN_POINT('',(3.34,6.3,0.299999999999996));
#11724=VECTOR('',#13288,1.0);
#11725=CARTESIAN_POINT('',(3.34,6.3,-3.71924713249427E-15));
#11726=CARTESIAN_POINT('',(3.34,6.3,-3.71924713249427E-15));
#11727=VECTOR('',#13289,1.0);
#11728=CARTESIAN_POINT('',(3.34,4.55,-4.41812385287843E-15));
#11729=CARTESIAN_POINT('',(3.34,4.55,-4.38538094726937E-15));
#11730=VECTOR('',#13290,1.0);
#11731=CARTESIAN_POINT('',(3.34,4.4,0.149999999999996));
#11732=CARTESIAN_POINT('',(3.34,4.4,0.149999999999996));
#11733=VECTOR('',#13291,1.0);
#11734=CARTESIAN_POINT('',(3.34,4.4,0.349999999999996));
#11735=VECTOR('',#13292,1.0);
#11736=CARTESIAN_POINT('',(3.66,4.4,0.149999999999996));
#11737=VECTOR('',#13293,1.0);
#11738=CARTESIAN_POINT('',(3.66,4.55,-4.41812385287843E-15));
#11739=VECTOR('',#13294,1.0);
#11740=CARTESIAN_POINT('',(3.66,6.3,-3.71924713249427E-15));
#11741=VECTOR('',#13295,1.0);
#11742=CARTESIAN_POINT('',(3.66,6.3,0.299999999999996));
#11743=VECTOR('',#13296,1.0);
#11744=CARTESIAN_POINT('',(3.66,4.9,0.299999999999995));
#11745=VECTOR('',#13297,1.0);
#11746=CARTESIAN_POINT('',(3.66,4.9,0.729999999999995));
#11747=VECTOR('',#13298,1.0);
#11748=CARTESIAN_POINT('',(-7.75,2.3,0.249999999999995));
#11749=CARTESIAN_POINT('',(-7.35,2.3,0.249999999999996));
#11750=CARTESIAN_POINT('',(-7.75,2.3,0.249999999999997));
#11751=VECTOR('',#13299,1.0);
#11752=CARTESIAN_POINT('',(-6.85,2.8,0.249999999999997));
#11753=CARTESIAN_POINT('',(-7.55,2.1,0.249999999999997));
#11754=VECTOR('',#13300,1.0);
#11755=CARTESIAN_POINT('',(-6.01,2.8,0.249999999999997));
#11756=CARTESIAN_POINT('',(-7.75,2.8,0.249999999999997));
#11757=VECTOR('',#13301,1.0);
#11758=CARTESIAN_POINT('',(-5.9,2.91,0.249999999999996));
#11759=CARTESIAN_POINT('',(-7.13,1.68,0.249999999999997));
#11760=VECTOR('',#13302,1.0);
#11761=CARTESIAN_POINT('',(-5.68,2.91,0.249999999999997));
#11762=CARTESIAN_POINT('',(-7.75,2.91,0.249999999999997));
#11763=VECTOR('',#13303,1.0);
#11764=CARTESIAN_POINT('',(-5.68,3.69,0.249999999999997));
#11765=CARTESIAN_POINT('',(-5.68,2.3,0.249999999999996));
#11766=VECTOR('',#13304,1.0);
#11767=CARTESIAN_POINT('',(-5.9,3.69,0.249999999999996));
#11768=CARTESIAN_POINT('',(-7.75,3.69,0.249999999999997));
#11769=VECTOR('',#13305,1.0);
#11770=CARTESIAN_POINT('',(-6.01,3.8,0.249999999999997));
#11771=CARTESIAN_POINT('',(-6.13,3.92,0.249999999999996));
#11772=VECTOR('',#13306,1.0);
#11773=CARTESIAN_POINT('',(-6.85,3.8,0.249999999999997));
#11774=CARTESIAN_POINT('',(-7.75,3.8,0.249999999999997));
#11775=VECTOR('',#13307,1.0);
#11776=CARTESIAN_POINT('',(-7.35,4.30000000000001,0.249999999999996));
#11777=CARTESIAN_POINT('',(-6.55,3.49999999999999,0.249999999999997));
#11778=VECTOR('',#13308,1.0);
#11779=CARTESIAN_POINT('',(-7.75,4.3,0.249999999999995));
#11780=CARTESIAN_POINT('',(-7.75,4.3,0.249999999999997));
#11781=VECTOR('',#13309,1.0);
#11782=CARTESIAN_POINT('',(-7.75,2.3,0.249999999999995));
#11783=VECTOR('',#13310,1.0);
#11784=AXIS2_PLACEMENT_3D('',#13311,#13312,#13313);
#11785=AXIS2_PLACEMENT_3D('',#13314,#13315,#13316);
#11786=CARTESIAN_POINT('',(-5.68,3.69,-3.5527136788005E-15));
#11787=AXIS2_PLACEMENT_3D('',#13317,#13318,#13319);
#11788=CARTESIAN_POINT('',(-5.68,2.91,-3.5527136788005E-15));
#11789=AXIS2_PLACEMENT_3D('',#13320,#13321,#13322);
#11790=CARTESIAN_POINT('',(-5.68,2.3,-3.30681662608079E-15));
#11791=VECTOR('',#13323,1.0);
#11792=CARTESIAN_POINT('',(-6.01,2.8,-3.5527136788005E-15));
#11793=CARTESIAN_POINT('',(-6.85,2.8,-3.5527136788005E-15));
#11794=CARTESIAN_POINT('',(-6.01,2.8,-3.5527136788005E-15));
#11795=VECTOR('',#13324,1.0);
#11796=CARTESIAN_POINT('',(-7.35,2.3,-3.5527136788005E-15));
#11797=CARTESIAN_POINT('',(-6.85,2.8,-3.5527136788005E-15));
#11798=VECTOR('',#13325,1.0);
#11799=CARTESIAN_POINT('',(-7.75,2.3,-3.5527136788005E-15));
#11800=CARTESIAN_POINT('',(-5.68,2.3,-3.5527136788005E-15));
#11801=VECTOR('',#13326,1.0);
#11802=CARTESIAN_POINT('',(-7.75,4.3,-3.5527136788005E-15));
#11803=CARTESIAN_POINT('',(-7.75,2.3,-3.5527136788005E-15));
#11804=VECTOR('',#13327,1.0);
#11805=CARTESIAN_POINT('',(-7.35,4.30000000000001,-3.5527136788005E-15));
#11806=CARTESIAN_POINT('',(-5.68,4.3,-3.5527136788005E-15));
#11807=VECTOR('',#13328,1.0);
#11808=CARTESIAN_POINT('',(-6.85,3.8,-3.5527136788005E-15));
#11809=CARTESIAN_POINT('',(-6.85,3.8,-3.5527136788005E-15));
#11810=VECTOR('',#13329,1.0);
#11811=CARTESIAN_POINT('',(-6.01,3.8,-3.5527136788005E-15));
#11812=CARTESIAN_POINT('',(-6.01,3.8,-3.5527136788005E-15));
#11813=VECTOR('',#13330,1.0);
#11814=CARTESIAN_POINT('',(-5.9,3.69,-3.5527136788005E-15));
#11815=CARTESIAN_POINT('',(-5.9,3.69,-3.5527136788005E-15));
#11816=VECTOR('',#13331,1.0);
#11817=CARTESIAN_POINT('',(-5.25,3.69,-3.5527136788005E-15));
#11818=VECTOR('',#13332,1.0);
#11819=CARTESIAN_POINT('',(-5.9,2.91,-3.5527136788005E-15));
#11820=CARTESIAN_POINT('',(-5.25,2.91,-3.5527136788005E-15));
#11821=VECTOR('',#13333,1.0);
#11822=CARTESIAN_POINT('',(-5.9,2.91,-3.5527136788005E-15));
#11823=VECTOR('',#13334,1.0);
#11824=CARTESIAN_POINT('',(-8.15,4.3,0.399999999999997));
#11825=CARTESIAN_POINT('',(-8.15,4.3,2.0));
#11826=CARTESIAN_POINT('',(-8.15,4.3,0.399999999999997));
#11827=VECTOR('',#13335,1.0);
#11828=CARTESIAN_POINT('',(-8.15,2.3,0.399999999999997));
#11829=CARTESIAN_POINT('',(-8.15,2.3,0.399999999999997));
#11830=VECTOR('',#13336,1.0);
#11831=CARTESIAN_POINT('',(-8.15,2.3,2.0));
#11832=CARTESIAN_POINT('',(-8.15,2.3,0.399999999999997));
#11833=VECTOR('',#13337,1.0);
#11834=CARTESIAN_POINT('',(-8.15,2.3,2.0));
#11835=VECTOR('',#13338,1.0);
#11836=CARTESIAN_POINT('',(-7.9,4.3,2.0));
#11837=CARTESIAN_POINT('',(-8.15,4.3,2.0));
#11838=VECTOR('',#13339,1.0);
#11839=CARTESIAN_POINT('',(-7.9,2.3,2.0));
#11840=CARTESIAN_POINT('',(-8.15,2.3,2.0));
#11841=VECTOR('',#13340,1.0);
#11842=CARTESIAN_POINT('',(-7.9,2.3,2.0));
#11843=VECTOR('',#13341,1.0);
#11844=CARTESIAN_POINT('',(-7.9,4.3,0.399999999999997));
#11845=CARTESIAN_POINT('',(-7.9,4.3,2.0));
#11846=VECTOR('',#13342,1.0);
#11847=CARTESIAN_POINT('',(-7.9,2.3,0.399999999999997));
#11848=CARTESIAN_POINT('',(-7.9,2.3,2.0));
#11849=VECTOR('',#13343,1.0);
#11850=CARTESIAN_POINT('',(-7.9,2.3,0.399999999999997));
#11851=VECTOR('',#13344,1.0);
#11852=AXIS2_PLACEMENT_3D('',#13345,#13346,#13347);
#11853=AXIS2_PLACEMENT_3D('',#13348,#13349,#13350);
#11854=AXIS2_PLACEMENT_3D('',#13351,#13352,#13353);
#11855=AXIS2_PLACEMENT_3D('',#13354,#13355,#13356);
#11856=CARTESIAN_POINT('',(-7.35,2.3,0.499999999999996));
#11857=VECTOR('',#13357,1.0);
#11858=CARTESIAN_POINT('',(-7.35,4.30000000000001,0.499999999999996));
#11859=VECTOR('',#13358,1.0);
#11860=CARTESIAN_POINT('',(-6.85,3.8,0.499999999999996));
#11861=VECTOR('',#13359,1.0);
#11862=CARTESIAN_POINT('',(-5.9,3.69,0.499999999999996));
#11863=VECTOR('',#13360,1.0);
#11864=CARTESIAN_POINT('',(-6.01,3.8,0.499999999999996));
#11865=VECTOR('',#13361,1.0);
#11866=CARTESIAN_POINT('',(-6.85,2.8,0.499999999999996));
#11867=VECTOR('',#13362,1.0);
#11868=CARTESIAN_POINT('',(-5.9,2.91,0.499999999999996));
#11869=VECTOR('',#13363,1.0);
#11870=CARTESIAN_POINT('',(-6.01,2.8,0.499999999999996));
#11871=VECTOR('',#13364,1.0);
#11872=CARTESIAN_POINT('',(5.68,3.69,-3.5527136788005E-15));
#11873=AXIS2_PLACEMENT_3D('',#13365,#13366,#13367);
#11874=CARTESIAN_POINT('',(5.68,2.91,-3.5527136788005E-15));
#11875=CARTESIAN_POINT('',(5.68,2.3,-3.5527136788005E-15));
#11876=VECTOR('',#13368,1.0);
#11877=AXIS2_PLACEMENT_3D('',#13369,#13370,#13371);
#11878=CARTESIAN_POINT('',(5.68,2.91,0.249999999999996));
#11879=AXIS2_PLACEMENT_3D('',#13372,#13373,#13374);
#11880=CARTESIAN_POINT('',(5.68,3.69,0.249999999999997));
#11881=CARTESIAN_POINT('',(5.68,2.3,0.249999999999996));
#11882=VECTOR('',#13375,1.0);
#11883=AXIS2_PLACEMENT_3D('',#13376,#13377,#13378);
#11884=CARTESIAN_POINT('',(5.9,3.69,0.249999999999996));
#11885=CARTESIAN_POINT('',(5.68,3.69,0.249999999999996));
#11886=VECTOR('',#13379,1.0);
#11887=CARTESIAN_POINT('',(5.9,3.69,-3.5527136788005E-15));
#11888=CARTESIAN_POINT('',(5.9,3.69,0.499999999999996));
#11889=VECTOR('',#13380,1.0);
#11890=CARTESIAN_POINT('',(5.9,3.69,-3.5527136788005E-15));
#11891=VECTOR('',#13381,1.0);
#11892=CARTESIAN_POINT('',(5.9,2.91,-3.5527136788005E-15));
#11893=CARTESIAN_POINT('',(5.9,2.91,-3.5527136788005E-15));
#11894=VECTOR('',#13382,1.0);
#11895=CARTESIAN_POINT('',(5.9,2.91,0.249999999999996));
#11896=CARTESIAN_POINT('',(5.9,2.91,0.499999999999996));
#11897=VECTOR('',#13383,1.0);
#11898=CARTESIAN_POINT('',(5.68,2.91,0.249999999999996));
#11899=VECTOR('',#13384,1.0);
#11900=CARTESIAN_POINT('',(6.01,2.8,0.249999999999996));
#11901=CARTESIAN_POINT('',(6.095,2.715,0.249999999999996));
#11902=VECTOR('',#13385,1.0);
#11903=CARTESIAN_POINT('',(6.85,2.8,0.249999999999997));
#11904=CARTESIAN_POINT('',(5.68,2.8,0.249999999999996));
#11905=VECTOR('',#13386,1.0);
#11906=CARTESIAN_POINT('',(7.35,2.3,0.249999999999997));
#11907=CARTESIAN_POINT('',(6.51500000000001,3.135,0.249999999999997));
#11908=VECTOR('',#13387,1.0);
#11909=CARTESIAN_POINT('',(7.75,2.3,0.249999999999997));
#11910=CARTESIAN_POINT('',(5.68,2.3,0.249999999999996));
#11911=VECTOR('',#13388,1.0);
#11912=CARTESIAN_POINT('',(7.75,4.3,0.249999999999997));
#11913=CARTESIAN_POINT('',(7.75,2.3,0.249999999999997));
#11914=VECTOR('',#13389,1.0);
#11915=CARTESIAN_POINT('',(7.35,4.3,0.249999999999997));
#11916=CARTESIAN_POINT('',(5.68,4.3,0.249999999999996));
#11917=VECTOR('',#13390,1.0);
#11918=CARTESIAN_POINT('',(6.85,3.8,0.249999999999997));
#11919=CARTESIAN_POINT('',(5.51500000000001,2.465,0.249999999999996));
#11920=VECTOR('',#13391,1.0);
#11921=CARTESIAN_POINT('',(6.01,3.8,0.249999999999996));
#11922=CARTESIAN_POINT('',(5.68,3.8,0.249999999999996));
#11923=VECTOR('',#13392,1.0);
#11924=CARTESIAN_POINT('',(5.095,2.885,0.249999999999996));
#11925=VECTOR('',#13393,1.0);
#11926=CARTESIAN_POINT('',(6.01,2.8,-3.5527136788005E-15));
#11927=CARTESIAN_POINT('',(6.01,2.8,-3.5527136788005E-15));
#11928=VECTOR('',#13394,1.0);
#11929=CARTESIAN_POINT('',(6.01,3.8,-3.5527136788005E-15));
#11930=CARTESIAN_POINT('',(6.01,3.8,-3.5527136788005E-15));
#11931=VECTOR('',#13395,1.0);
#11932=CARTESIAN_POINT('',(6.85,3.8,-3.5527136788005E-15));
#11933=CARTESIAN_POINT('',(6.85,3.8,-3.5527136788005E-15));
#11934=VECTOR('',#13396,1.0);
#11935=CARTESIAN_POINT('',(7.35,4.3,-3.5527136788005E-15));
#11936=CARTESIAN_POINT('',(7.35,4.3,-3.5527136788005E-15));
#11937=VECTOR('',#13397,1.0);
#11938=CARTESIAN_POINT('',(7.75,4.3,-3.63207727782644E-15));
#11939=CARTESIAN_POINT('',(7.75,4.3,-3.27515792264421E-15));
#11940=VECTOR('',#13398,1.0);
#11941=CARTESIAN_POINT('',(7.75,2.3,-3.63207727782644E-15));
#11942=CARTESIAN_POINT('',(7.75,2.3,-3.63207727782644E-15));
#11943=VECTOR('',#13399,1.0);
#11944=CARTESIAN_POINT('',(7.35,2.3,-3.5527136788005E-15));
#11945=CARTESIAN_POINT('',(7.75,2.3,-3.27515792264421E-15));
#11946=VECTOR('',#13400,1.0);
#11947=CARTESIAN_POINT('',(6.85,2.8,-3.5527136788005E-15));
#11948=CARTESIAN_POINT('',(7.35,2.3,-3.5527136788005E-15));
#11949=VECTOR('',#13401,1.0);
#11950=CARTESIAN_POINT('',(6.85,2.8,-3.5527136788005E-15));
#11951=VECTOR('',#13402,1.0);
#11952=CARTESIAN_POINT('',(7.35,2.3,0.499999999999996));
#11953=VECTOR('',#13403,1.0);
#11954=CARTESIAN_POINT('',(8.15,2.3,0.399999999999997));
#11955=AXIS2_PLACEMENT_3D('',#13404,#13405,#13406);
#11956=CARTESIAN_POINT('',(8.15,2.3,2.0));
#11957=CARTESIAN_POINT('',(8.15,2.3,2.0));
#11958=VECTOR('',#13407,1.0);
#11959=CARTESIAN_POINT('',(7.9,2.3,2.0));
#11960=CARTESIAN_POINT('',(7.9,2.3,2.0));
#11961=VECTOR('',#13408,1.0);
#11962=CARTESIAN_POINT('',(7.9,2.3,0.399999999999997));
#11963=CARTESIAN_POINT('',(7.9,2.3,0.399999999999997));
#11964=VECTOR('',#13409,1.0);
#11965=AXIS2_PLACEMENT_3D('',#13410,#13411,#13412);
#11966=CARTESIAN_POINT('',(7.35,4.3,0.499999999999996));
#11967=VECTOR('',#13413,1.0);
#11968=CARTESIAN_POINT('',(7.9,4.3,0.399999999999997));
#11969=AXIS2_PLACEMENT_3D('',#13414,#13415,#13416);
#11970=CARTESIAN_POINT('',(7.9,4.3,2.0));
#11971=CARTESIAN_POINT('',(7.9,4.3,0.399999999999997));
#11972=VECTOR('',#13417,1.0);
#11973=CARTESIAN_POINT('',(8.15,4.3,2.0));
#11974=CARTESIAN_POINT('',(7.9,4.3,2.0));
#11975=VECTOR('',#13418,1.0);
#11976=CARTESIAN_POINT('',(8.15,4.3,0.399999999999997));
#11977=CARTESIAN_POINT('',(8.15,4.3,2.0));
#11978=VECTOR('',#13419,1.0);
#11979=AXIS2_PLACEMENT_3D('',#13420,#13421,#13422);
#11980=CARTESIAN_POINT('',(7.9,2.3,0.399999999999997));
#11981=VECTOR('',#13423,1.0);
#11982=CARTESIAN_POINT('',(7.9,2.3,2.0));
#11983=VECTOR('',#13424,1.0);
#11984=CARTESIAN_POINT('',(8.15,2.3,2.0));
#11985=VECTOR('',#13425,1.0);
#11986=CARTESIAN_POINT('',(8.15,2.3,0.399999999999997));
#11987=VECTOR('',#13426,1.0);
#11988=CARTESIAN_POINT('',(6.85,3.8,0.499999999999996));
#11989=VECTOR('',#13427,1.0);
#11990=CARTESIAN_POINT('',(6.01,3.8,0.499999999999996));
#11991=VECTOR('',#13428,1.0);
#11992=CARTESIAN_POINT('',(6.01,2.8,0.499999999999996));
#11993=VECTOR('',#13429,1.0);
#11994=CARTESIAN_POINT('',(6.85,2.8,0.499999999999996));
#11995=VECTOR('',#13430,1.0);
#11996=DIRECTION('',(1.0,-0.0,0.0));
#11997=CARTESIAN_POINT('',(3.34,0.450000000000001,1.7));
#11998=DIRECTION('',(1.0,0.0,0.0));
#11999=DIRECTION('',(0.0,1.0,0.0));
#12000=DIRECTION('',(-1.0,0.0,0.0));
#12001=CARTESIAN_POINT('',(3.66,0.450000000000001,1.7));
#12002=DIRECTION('',(1.0,0.0,0.0));
#12003=DIRECTION('',(0.0,1.0,0.0));
#12004=DIRECTION('',(1.0,-0.0,0.0));
#12005=CARTESIAN_POINT('',(2.34,0.450000000000001,1.7));
#12006=DIRECTION('',(1.0,0.0,0.0));
#12007=DIRECTION('',(0.0,1.0,0.0));
#12008=DIRECTION('',(-1.0,0.0,0.0));
#12009=CARTESIAN_POINT('',(2.66,0.450000000000001,1.7));
#12010=DIRECTION('',(1.0,0.0,0.0));
#12011=DIRECTION('',(0.0,1.0,0.0));
#12012=DIRECTION('',(1.0,-0.0,0.0));
#12013=CARTESIAN_POINT('',(1.34,0.450000000000001,1.7));
#12014=DIRECTION('',(1.0,0.0,0.0));
#12015=DIRECTION('',(0.0,1.0,0.0));
#12016=DIRECTION('',(-1.0,0.0,0.0));
#12017=CARTESIAN_POINT('',(1.66,0.450000000000001,1.7));
#12018=DIRECTION('',(1.0,0.0,0.0));
#12019=DIRECTION('',(0.0,1.0,0.0));
#12020=DIRECTION('',(1.0,-0.0,0.0));
#12021=CARTESIAN_POINT('',(0.340000000000002,0.450000000000001,1.7));
#12022=DIRECTION('',(1.0,0.0,0.0));
#12023=DIRECTION('',(0.0,1.0,0.0));
#12024=DIRECTION('',(-1.0,0.0,0.0));
#12025=CARTESIAN_POINT('',(0.660000000000002,0.450000000000001,1.7));
#12026=DIRECTION('',(1.0,0.0,0.0));
#12027=DIRECTION('',(0.0,1.0,0.0));
#12028=DIRECTION('',(1.0,-0.0,0.0));
#12029=CARTESIAN_POINT('',(-0.659999999999998,0.450000000000001,1.7));
#12030=DIRECTION('',(1.0,0.0,0.0));
#12031=DIRECTION('',(0.0,1.0,0.0));
#12032=DIRECTION('',(-1.0,0.0,0.0));
#12033=CARTESIAN_POINT('',(-0.339999999999998,0.450000000000001,1.7));
#12034=DIRECTION('',(1.0,0.0,0.0));
#12035=DIRECTION('',(0.0,1.0,0.0));
#12036=DIRECTION('',(1.0,-0.0,0.0));
#12037=CARTESIAN_POINT('',(-1.66,0.450000000000001,1.7));
#12038=DIRECTION('',(1.0,0.0,0.0));
#12039=DIRECTION('',(0.0,1.0,0.0));
#12040=DIRECTION('',(-1.0,0.0,0.0));
#12041=CARTESIAN_POINT('',(-1.34,0.450000000000001,1.7));
#12042=DIRECTION('',(1.0,0.0,0.0));
#12043=DIRECTION('',(0.0,1.0,0.0));
#12044=DIRECTION('',(1.0,-0.0,0.0));
#12045=CARTESIAN_POINT('',(-2.66,0.450000000000001,1.7));
#12046=DIRECTION('',(1.0,0.0,0.0));
#12047=DIRECTION('',(0.0,1.0,0.0));
#12048=DIRECTION('',(-1.0,0.0,0.0));
#12049=CARTESIAN_POINT('',(-2.34,0.450000000000001,1.7));
#12050=DIRECTION('',(1.0,0.0,0.0));
#12051=DIRECTION('',(0.0,1.0,0.0));
#12052=DIRECTION('',(1.0,-0.0,0.0));
#12053=CARTESIAN_POINT('',(-3.66,0.450000000000001,1.7));
#12054=DIRECTION('',(1.0,0.0,0.0));
#12055=DIRECTION('',(0.0,1.0,0.0));
#12056=DIRECTION('',(-1.0,0.0,0.0));
#12057=CARTESIAN_POINT('',(-3.34,0.450000000000001,1.7));
#12058=DIRECTION('',(1.0,0.0,0.0));
#12059=DIRECTION('',(0.0,1.0,0.0));
#12060=DIRECTION('',(1.0,-0.0,0.0));
#12061=CARTESIAN_POINT('',(-4.66,0.450000000000001,1.7));
#12062=DIRECTION('',(1.0,0.0,0.0));
#12063=DIRECTION('',(0.0,1.0,0.0));
#12064=DIRECTION('',(-1.0,0.0,0.0));
#12065=CARTESIAN_POINT('',(-4.34,0.450000000000001,1.7));
#12066=DIRECTION('',(1.0,0.0,0.0));
#12067=DIRECTION('',(0.0,1.0,0.0));
#12068=DIRECTION('',(1.0,-0.0,0.0));
#12069=CARTESIAN_POINT('',(4.34,0.450000000000001,1.7));
#12070=DIRECTION('',(1.0,0.0,0.0));
#12071=DIRECTION('',(0.0,1.0,0.0));
#12072=DIRECTION('',(-1.0,0.0,0.0));
#12073=CARTESIAN_POINT('',(4.66,0.450000000000001,1.7));
#12074=DIRECTION('',(1.0,0.0,0.0));
#12075=DIRECTION('',(0.0,1.0,0.0));
#12076=DIRECTION('',(0.0,0.0,-1.0));
#12077=CARTESIAN_POINT('',(-6.795,1.50585062420488,1.92));
#12078=DIRECTION('',(0.0,0.0,-1.0));
#12079=DIRECTION('',(-1.0,0.0,0.0));
#12080=DIRECTION('',(0.0,0.0,1.0));
#12081=CARTESIAN_POINT('',(-6.795,1.50585062420488,1.32));
#12082=DIRECTION('',(0.0,0.0,-1.0));
#12083=DIRECTION('',(-1.0,0.0,0.0));
#12084=DIRECTION('',(-0.0,-0.0,1.0));
#12085=CARTESIAN_POINT('',(6.795,1.50585062420488,1.32));
#12086=DIRECTION('',(0.0,0.0,1.0));
#12087=DIRECTION('',(1.0,0.0,0.0));
#12088=DIRECTION('',(0.0,0.0,1.0));
#12089=CARTESIAN_POINT('',(6.795,1.50585062420488,1.92));
#12090=DIRECTION('',(0.0,0.0,1.0));
#12091=DIRECTION('',(1.0,0.0,0.0));
#12092=DIRECTION('',(0.0,2.50200501342809E-16,-1.0));
#12093=DIRECTION('',(0.0,-1.0,-7.69433799828422E-16));
#12094=DIRECTION('',(0.0,0.0,1.0));
#12095=DIRECTION('',(0.0,-1.0,0.0));
#12096=DIRECTION('',(0.0,0.0,1.0));
#12097=DIRECTION('',(0.0,-1.0,-7.69433799828422E-16));
#12098=DIRECTION('',(0.0,0.0,1.0));
#12099=DIRECTION('',(0.0,-1.0,0.0));
#12100=DIRECTION('',(0.0,-1.1616451848059E-15,1.0));
#12101=DIRECTION('',(0.0,1.0,4.89639690799905E-16));
#12102=DIRECTION('',(0.0,0.0,1.0));
#12103=DIRECTION('',(0.0,1.0,4.89639690799905E-16));
#12104=DIRECTION('',(0.0,5.10634767552572E-16,-1.0));
#12105=DIRECTION('',(0.0,-1.0,-7.69433799828422E-16));
#12106=DIRECTION('',(0.0,-1.0,-7.69433799828422E-16));
#12107=DIRECTION('',(0.0,2.50200501342809E-16,-1.0));
#12108=DIRECTION('',(0.0,1.0,4.89639690799905E-16));
#12109=DIRECTION('',(0.0,-1.1616451848059E-15,1.0));
#12110=DIRECTION('',(0.0,-1.0,0.0));
#12111=DIRECTION('',(0.0,0.0,1.0));
#12112=DIRECTION('',(0.0,-1.0,-7.69433799828422E-16));
#12113=DIRECTION('',(0.0,0.0,1.0));
#12114=DIRECTION('',(0.0,-1.0,0.0));
#12115=DIRECTION('',(0.0,0.0,1.0));
#12116=DIRECTION('',(1.0,-3.92243826908873E-14,0.0));
#12117=DIRECTION('',(0.0,0.0,1.0));
#12118=DIRECTION('',(1.0,0.0,-1.24683249835834E-14));
#12119=DIRECTION('',(0.0,0.0,1.0));
#12120=DIRECTION('',(-1.0,0.0,1.26161707343768E-14));
#12121=DIRECTION('',(0.0,0.0,1.0));
#12122=DIRECTION('',(1.0,0.0,0.0));
#12123=DIRECTION('',(0.0,5.10634767552572E-16,-1.0));
#12124=DIRECTION('',(1.0,0.0,0.0));
#12125=DIRECTION('',(-1.0,0.0,0.0));
#12126=DIRECTION('',(0.0,5.10634767552572E-16,-1.0));
#12127=DIRECTION('',(-1.0,0.0,0.0));
#12128=DIRECTION('',(0.0,5.10634767552572E-16,-1.0));
#12129=DIRECTION('',(1.0,0.0,0.0));
#12130=DIRECTION('',(0.0,0.0,-1.0));
#12131=DIRECTION('',(-1.0,0.0,1.45874474116231E-14));
#12132=DIRECTION('',(0.0,0.0,-1.0));
#12133=DIRECTION('',(1.0,0.0,-1.46367293285544E-14));
#12134=DIRECTION('',(0.0,0.0,1.0));
#12135=DIRECTION('',(1.0,2.78166902673442E-14,0.0));
#12136=DIRECTION('',(0.0,0.0,-1.0));
#12137=DIRECTION('',(-1.0,0.0,-2.56265968042028E-15));
#12138=DIRECTION('',(0.0,0.0,1.0));
#12139=DIRECTION('',(1.0,0.0,0.0));
#12140=DIRECTION('',(0.0,0.0,1.0));
#12141=DIRECTION('',(-1.0,0.0,0.0));
#12142=DIRECTION('',(0.0,0.0,1.0));
#12143=DIRECTION('',(1.0,0.0,0.0));
#12144=DIRECTION('',(0.0,0.0,-1.0));
#12145=DIRECTION('',(-1.0,0.0,0.0));
#12146=DIRECTION('',(0.0,0.0,1.0));
#12147=DIRECTION('',(0.0,0.0,-1.0));
#12148=DIRECTION('',(-1.44560289664734E-15,-1.0,0.0));
#12149=DIRECTION('',(0.0,0.0,-1.0));
#12150=DIRECTION('',(0.0,-1.0,0.0));
#12151=DIRECTION('',(0.0,-1.0,0.0));
#12152=DIRECTION('',(0.0,0.0,-1.0));
#12153=DIRECTION('',(4.33680868994202E-15,-1.0,0.0));
#12154=DIRECTION('',(0.0,0.0,-1.0));
#12155=DIRECTION('',(0.0,-1.0,0.0));
#12156=DIRECTION('',(-1.44560289664734E-15,1.0,0.0));
#12157=DIRECTION('',(0.0,0.0,-1.0));
#12158=DIRECTION('',(0.0,-1.0,0.0));
#12159=DIRECTION('',(0.0,0.0,-1.0));
#12160=DIRECTION('',(4.33680868994202E-15,1.0,0.0));
#12161=DIRECTION('',(0.0,0.0,-1.0));
#12162=DIRECTION('',(0.0,-1.0,0.0));
#12163=DIRECTION('',(0.0,-1.0,0.0));
#12164=DIRECTION('',(0.0,0.0,1.0));
#12165=DIRECTION('',(0.0,0.0,-1.0));
#12166=DIRECTION('',(0.0,-1.0,-7.69433799828422E-16));
#12167=DIRECTION('',(0.0,1.0,4.89639690799905E-16));
#12168=DIRECTION('',(1.0,0.0,0.0));
#12169=DIRECTION('',(0.0,-1.0,-5.13569450124713E-16));
#12170=DIRECTION('',(-1.0,0.0,0.0));
#12171=DIRECTION('',(0.0,1.0,5.13569450124713E-16));
#12172=DIRECTION('',(-1.0,-2.89120579329468E-16,-1.48483496945973E-31));
#12173=DIRECTION('',(0.0,1.0,4.89639690799905E-16));
#12174=DIRECTION('',(-1.0,0.0,0.0));
#12175=DIRECTION('',(0.0,1.0,4.89639690799905E-16));
#12176=DIRECTION('',(0.0,1.0,4.89639690799905E-16));
#12177=DIRECTION('',(1.0,0.0,0.0));
#12178=DIRECTION('',(0.0,1.0,4.89639690799905E-16));
#12179=DIRECTION('',(-1.0,2.89120579329468E-16,1.48483496945973E-31));
#12180=DIRECTION('',(0.0,-1.0,-5.13569450124713E-16));
#12181=DIRECTION('',(-1.0,0.0,0.0));
#12182=DIRECTION('',(0.0,1.0,5.13569450124713E-16));
#12183=DIRECTION('',(-1.0,0.0,0.0));
#12184=DIRECTION('',(0.0,1.0,5.13569450124713E-16));
#12185=DIRECTION('',(-1.0,0.0,0.0));
#12186=DIRECTION('',(0.0,1.0,5.13569450124713E-16));
#12187=DIRECTION('',(-1.0,0.0,0.0));
#12188=DIRECTION('',(0.0,1.0,5.13569450124713E-16));
#12189=DIRECTION('',(-1.0,0.0,0.0));
#12190=DIRECTION('',(0.0,1.0,5.13569450124713E-16));
#12191=DIRECTION('',(-1.0,0.0,0.0));
#12192=DIRECTION('',(0.0,1.0,5.13569450124713E-16));
#12193=DIRECTION('',(-1.0,0.0,0.0));
#12194=DIRECTION('',(0.0,1.0,5.13569450124713E-16));
#12195=DIRECTION('',(-1.0,0.0,0.0));
#12196=DIRECTION('',(0.0,1.0,5.13569450124713E-16));
#12197=DIRECTION('',(-1.0,0.0,0.0));
#12198=DIRECTION('',(0.0,-1.0,-5.13569450124713E-16));
#12199=DIRECTION('',(1.0,0.0,0.0));
#12200=DIRECTION('',(0.0,-1.0,-5.13569450124713E-16));
#12201=DIRECTION('',(-1.0,0.0,0.0));
#12202=DIRECTION('',(0.0,-1.0,-5.13569450124713E-16));
#12203=DIRECTION('',(1.0,0.0,0.0));
#12204=DIRECTION('',(0.0,-1.0,-5.13569450124713E-16));
#12205=DIRECTION('',(-1.0,0.0,0.0));
#12206=DIRECTION('',(0.0,-1.0,-5.13569450124713E-16));
#12207=DIRECTION('',(1.0,0.0,0.0));
#12208=DIRECTION('',(0.0,-1.0,-5.13569450124713E-16));
#12209=DIRECTION('',(-1.0,0.0,0.0));
#12210=DIRECTION('',(0.0,-1.0,-5.13569450124713E-16));
#12211=DIRECTION('',(1.0,0.0,0.0));
#12212=DIRECTION('',(0.0,-1.0,-5.13569450124713E-16));
#12213=DIRECTION('',(-1.0,0.0,0.0));
#12214=DIRECTION('',(0.0,-1.0,-5.13569450124713E-16));
#12215=DIRECTION('',(1.0,0.0,0.0));
#12216=DIRECTION('',(0.0,-1.0,-5.13569450124713E-16));
#12217=DIRECTION('',(-1.0,0.0,0.0));
#12218=DIRECTION('',(0.0,-1.0,-5.13569450124713E-16));
#12219=DIRECTION('',(0.0,7.22801448323668E-16,-1.0));
#12220=DIRECTION('',(-1.0,0.0,0.0));
#12221=DIRECTION('',(0.0,7.22801448323668E-16,-1.0));
#12222=DIRECTION('',(0.0,7.22801448323668E-16,-1.0));
#12223=DIRECTION('',(-1.0,0.0,0.0));
#12224=DIRECTION('',(0.0,7.22801448323668E-16,-1.0));
#12225=DIRECTION('',(0.0,7.22801448323668E-16,-1.0));
#12226=DIRECTION('',(-1.0,0.0,0.0));
#12227=DIRECTION('',(0.0,7.22801448323668E-16,-1.0));
#12228=DIRECTION('',(0.0,7.22801448323668E-16,-1.0));
#12229=DIRECTION('',(-1.0,0.0,0.0));
#12230=DIRECTION('',(0.0,7.22801448323668E-16,-1.0));
#12231=DIRECTION('',(0.0,7.22801448323668E-16,-1.0));
#12232=DIRECTION('',(-1.0,0.0,0.0));
#12233=DIRECTION('',(0.0,7.22801448323668E-16,-1.0));
#12234=DIRECTION('',(0.0,7.22801448323668E-16,-1.0));
#12235=DIRECTION('',(-1.0,0.0,0.0));
#12236=DIRECTION('',(0.0,7.22801448323668E-16,-1.0));
#12237=DIRECTION('',(0.0,-7.22801448323668E-16,1.0));
#12238=DIRECTION('',(1.0,0.0,0.0));
#12239=DIRECTION('',(0.0,-7.22801448323668E-16,1.0));
#12240=DIRECTION('',(0.0,-7.22801448323668E-16,1.0));
#12241=DIRECTION('',(1.0,0.0,0.0));
#12242=DIRECTION('',(0.0,-7.22801448323668E-16,1.0));
#12243=DIRECTION('',(0.0,-7.22801448323668E-16,1.0));
#12244=DIRECTION('',(1.0,0.0,0.0));
#12245=DIRECTION('',(0.0,-7.22801448323668E-16,1.0));
#12246=DIRECTION('',(0.0,-7.22801448323668E-16,1.0));
#12247=DIRECTION('',(1.0,0.0,0.0));
#12248=DIRECTION('',(0.0,-7.22801448323668E-16,1.0));
#12249=DIRECTION('',(0.0,0.0,1.0));
#12250=DIRECTION('',(-1.0,0.0,0.0));
#12251=DIRECTION('',(0.0,0.0,1.0));
#12252=DIRECTION('',(1.0,0.0,0.0));
#12253=DIRECTION('',(0.0,1.0,0.0));
#12254=DIRECTION('',(1.0,0.0,0.0));
#12255=DIRECTION('',(-0.554700196225228,0.832050294337844,0.0));
#12256=DIRECTION('',(1.73472347597681E-14,1.0,0.0));
#12257=DIRECTION('',(1.0,-2.03287907341036E-16,0.0));
#12258=DIRECTION('',(1.0,0.0,0.0));
#12259=DIRECTION('',(1.0,2.03287907341035E-16,0.0));
#12260=DIRECTION('',(1.73472347597681E-14,-1.0,0.0));
#12261=DIRECTION('',(-0.55470019622523,-0.832050294337843,0.0));
#12262=DIRECTION('',(1.0,0.0,0.0));
#12263=DIRECTION('',(0.0,-1.0,0.0));
#12264=DIRECTION('',(-1.0,0.0,-2.56265968042028E-15));
#12265=DIRECTION('',(0.0,-1.0,0.0));
#12266=DIRECTION('',(0.0,0.0,-1.0));
#12267=DIRECTION('',(0.0,0.0,-1.0));
#12268=DIRECTION('',(0.0,-1.0,0.0));
#12269=DIRECTION('',(0.0,-1.0,0.0));
#12270=DIRECTION('',(0.0,1.0,0.0));
#12271=DIRECTION('',(1.0,-2.89120579329468E-16,0.0));
#12272=DIRECTION('',(0.0,-1.0,-5.70632722360792E-16));
#12273=DIRECTION('',(0.0,-1.0,0.0));
#12274=DIRECTION('',(-1.0,0.0,0.0));
#12275=DIRECTION('',(0.0,-1.0,-5.70632722360792E-16));
#12276=DIRECTION('',(1.0,2.89120579329468E-16,0.0));
#12277=DIRECTION('',(0.0,0.0,1.0));
#12278=DIRECTION('',(0.0,0.0,1.0));
#12279=DIRECTION('',(0.0,-1.0,0.0));
#12280=DIRECTION('',(0.5,-0.866025403784438,0.0));
#12281=DIRECTION('',(-1.0,-1.35525271560688E-16,0.0));
#12282=DIRECTION('',(0.499999999999999,0.866025403784439,0.0));
#12283=DIRECTION('',(-1.0,0.0,0.0));
#12284=DIRECTION('',(-1.0,0.0,0.0));
#12285=DIRECTION('',(0.0,0.0,-1.0));
#12286=DIRECTION('',(0.0,0.0,-1.0));
#12287=DIRECTION('',(-1.0,0.0,0.0));
#12288=DIRECTION('',(0.0,0.0,1.0));
#12289=DIRECTION('',(0.0,0.0,-1.0));
#12290=DIRECTION('',(0.0,0.0,-1.0));
#12291=DIRECTION('',(0.0,0.0,1.0));
#12292=DIRECTION('',(0.0,-1.0,-7.69433799828422E-16));
#12293=DIRECTION('',(0.0,-1.1616451848059E-15,1.0));
#12294=DIRECTION('',(-1.0,0.0,0.0));
#12295=DIRECTION('',(0.0,0.0,1.0));
#12296=DIRECTION('',(-1.0,0.0,0.0));
#12297=DIRECTION('',(0.0,-1.0,-7.69433799828422E-16));
#12298=DIRECTION('',(0.241921895599666,0.970295726275997,0.0));
#12299=CARTESIAN_POINT('',(6.795,1.50585062420488,1.92));
#12300=DIRECTION('',(0.0,0.0,1.0));
#12301=DIRECTION('',(1.0,0.0,0.0));
#12302=DIRECTION('',(-0.54429086240556,0.838896571158693,0.0));
#12303=DIRECTION('',(1.0,0.0,0.0));
#12304=DIRECTION('',(-0.413802944301238,0.91036647746258,4.64480617704897E-16));
#12305=DIRECTION('',(1.0,0.0,0.0));
#12306=DIRECTION('',(0.0,0.0,1.0));
#12307=DIRECTION('',(-0.413802944301238,0.91036647746258,4.64480617704897E-16));
#12308=DIRECTION('',(0.241921895599666,0.970295726275997,0.0));
#12309=DIRECTION('',(0.0,0.0,1.0));
#12310=CARTESIAN_POINT('',(6.795,1.50585062420488,1.32));
#12311=DIRECTION('',(0.0,0.0,1.0));
#12312=DIRECTION('',(1.0,0.0,0.0));
#12313=DIRECTION('',(-0.54429086240556,0.838896571158693,0.0));
#12314=DIRECTION('',(0.0,-1.1616451848059E-15,1.0));
#12315=DIRECTION('',(0.0,-1.0,-7.69433799828422E-16));
#12316=DIRECTION('',(1.0,0.0,0.0));
#12317=DIRECTION('',(0.0,0.0,1.0));
#12318=DIRECTION('',(1.0,0.0,0.0));
#12319=DIRECTION('',(0.413802944301238,0.91036647746258,-4.64480617704897E-16));
#12320=DIRECTION('',(-1.0,0.0,0.0));
#12321=DIRECTION('',(0.54429086240556,0.838896571158693,0.0));
#12322=CARTESIAN_POINT('',(-6.795,1.50585062420488,1.92));
#12323=DIRECTION('',(0.0,0.0,-1.0));
#12324=DIRECTION('',(-1.0,0.0,0.0));
#12325=DIRECTION('',(-0.241921895599666,0.970295726275997,0.0));
#12326=DIRECTION('',(0.0,-1.0,-7.69433799828422E-16));
#12327=DIRECTION('',(0.0,0.0,1.0));
#12328=DIRECTION('',(-1.0,0.0,0.0));
#12329=DIRECTION('',(0.413802944301238,0.91036647746258,-4.64480617704897E-16));
#12330=DIRECTION('',(0.0,0.0,1.0));
#12331=DIRECTION('',(-0.241921895599666,0.970295726275997,0.0));
#12332=CARTESIAN_POINT('',(-6.795,1.50585062420488,1.32));
#12333=DIRECTION('',(0.0,0.0,-1.0));
#12334=DIRECTION('',(-1.0,0.0,0.0));
#12335=DIRECTION('',(0.54429086240556,0.838896571158693,0.0));
#12336=DIRECTION('',(0.0,0.0,-1.0));
#12337=DIRECTION('',(-0.55470019622523,-0.832050294337843,0.0));
#12338=DIRECTION('',(1.73472347597681E-14,-1.0,0.0));
#12339=DIRECTION('',(1.0,2.03287907341035E-16,0.0));
#12340=DIRECTION('',(0.0,0.0,-1.0));
#12341=DIRECTION('',(0.0,-1.0,0.0));
#12342=DIRECTION('',(1.0,0.0,0.0));
#12343=DIRECTION('',(0.0,0.0,-1.0));
#12344=DIRECTION('',(0.0,0.0,-1.0));
#12345=DIRECTION('',(-0.554700196225228,0.832050294337844,0.0));
#12346=DIRECTION('',(1.73472347597681E-14,1.0,0.0));
#12347=DIRECTION('',(1.0,-2.03287907341036E-16,0.0));
#12348=DIRECTION('',(0.0,0.0,-1.0));
#12349=DIRECTION('',(0.0,1.0,0.0));
#12350=DIRECTION('',(1.0,0.0,0.0));
#12351=DIRECTION('',(0.0,0.0,-1.0));
#12352=DIRECTION('',(0.0,0.0,-1.0));
#12353=DIRECTION('',(-0.5,0.866025403784438,0.0));
#12354=DIRECTION('',(0.0,0.0,-1.0));
#12355=DIRECTION('',(0.0,0.0,-1.0));
#12356=DIRECTION('',(-0.499999999999999,-0.866025403784439,0.0));
#12357=DIRECTION('',(1.0,1.35525271560688E-16,0.0));
#12358=DIRECTION('',(0.0,0.0,1.0));
#12359=DIRECTION('',(0.0,1.0,0.0));
#12360=DIRECTION('',(0.0,2.50200501342809E-16,-1.0));
#12361=DIRECTION('',(0.0,0.0,1.0));
#12362=DIRECTION('',(1.0,0.0,0.0));
#12363=DIRECTION('',(0.0,0.0,1.0));
#12364=DIRECTION('',(-1.0,0.0,1.26161707343768E-14));
#12365=DIRECTION('',(0.0,1.08114132592841E-16,-1.0));
#12366=DIRECTION('',(1.0,0.0,0.0));
#12367=DIRECTION('',(0.0,-6.73555739531046E-17,1.0));
#12368=DIRECTION('',(1.0,-3.92243826908873E-14,0.0));
#12369=DIRECTION('',(1.0,2.78166902673442E-14,0.0));
#12370=DIRECTION('',(0.0,-6.73555739531046E-17,1.0));
#12371=DIRECTION('',(1.0,0.0,0.0));
#12372=DIRECTION('',(0.0,1.08114132592841E-16,-1.0));
#12373=DIRECTION('',(-1.0,0.0,1.45874474116231E-14));
#12374=DIRECTION('',(0.0,2.50200501342809E-16,-1.0));
#12375=DIRECTION('',(0.0,0.0,-1.0));
#12376=DIRECTION('',(0.0,1.0,0.0));
#12377=DIRECTION('',(0.0,0.0,-1.0));
#12378=DIRECTION('',(0.0,2.50200501342809E-16,-1.0));
#12379=DIRECTION('',(0.0,1.0,0.0));
#12380=CARTESIAN_POINT('',(4.66,0.400000000000001,0.699999999999995));
#12381=DIRECTION('',(1.0,0.0,0.0));
#12382=DIRECTION('',(0.0,1.0,0.0));
#12383=CARTESIAN_POINT('',(4.34,0.400000000000001,0.699999999999995));
#12384=DIRECTION('',(1.0,0.0,0.0));
#12385=DIRECTION('',(0.0,1.0,0.0));
#12386=DIRECTION('',(-1.0,0.0,0.0));
#12387=CARTESIAN_POINT('',(-4.34,0.400000000000001,0.699999999999995));
#12388=DIRECTION('',(1.0,0.0,0.0));
#12389=DIRECTION('',(0.0,1.0,0.0));
#12390=CARTESIAN_POINT('',(-4.66,0.400000000000001,0.699999999999995));
#12391=DIRECTION('',(1.0,0.0,0.0));
#12392=DIRECTION('',(0.0,1.0,0.0));
#12393=DIRECTION('',(-1.0,0.0,0.0));
#12394=CARTESIAN_POINT('',(-3.34,0.400000000000001,0.699999999999995));
#12395=DIRECTION('',(1.0,0.0,0.0));
#12396=DIRECTION('',(0.0,1.0,0.0));
#12397=CARTESIAN_POINT('',(-3.66,0.400000000000001,0.699999999999995));
#12398=DIRECTION('',(1.0,0.0,0.0));
#12399=DIRECTION('',(0.0,1.0,0.0));
#12400=DIRECTION('',(-1.0,0.0,0.0));
#12401=CARTESIAN_POINT('',(-2.34,0.400000000000001,0.699999999999995));
#12402=DIRECTION('',(1.0,0.0,0.0));
#12403=DIRECTION('',(0.0,1.0,0.0));
#12404=CARTESIAN_POINT('',(-2.66,0.400000000000001,0.699999999999995));
#12405=DIRECTION('',(1.0,0.0,0.0));
#12406=DIRECTION('',(0.0,1.0,0.0));
#12407=DIRECTION('',(-1.0,0.0,0.0));
#12408=CARTESIAN_POINT('',(-1.34,0.400000000000001,0.699999999999995));
#12409=DIRECTION('',(1.0,0.0,0.0));
#12410=DIRECTION('',(0.0,1.0,0.0));
#12411=CARTESIAN_POINT('',(-1.66,0.400000000000001,0.699999999999995));
#12412=DIRECTION('',(1.0,0.0,0.0));
#12413=DIRECTION('',(0.0,1.0,0.0));
#12414=DIRECTION('',(-1.0,0.0,0.0));
#12415=CARTESIAN_POINT('',(-0.339999999999998,0.400000000000001,0.699999999999995));
#12416=DIRECTION('',(1.0,0.0,0.0));
#12417=DIRECTION('',(0.0,1.0,0.0));
#12418=CARTESIAN_POINT('',(-0.659999999999998,0.400000000000001,0.699999999999995));
#12419=DIRECTION('',(1.0,0.0,0.0));
#12420=DIRECTION('',(0.0,1.0,0.0));
#12421=DIRECTION('',(-1.0,0.0,0.0));
#12422=CARTESIAN_POINT('',(0.660000000000002,0.400000000000001,0.699999999999995));
#12423=DIRECTION('',(1.0,0.0,0.0));
#12424=DIRECTION('',(0.0,1.0,0.0));
#12425=CARTESIAN_POINT('',(0.340000000000002,0.400000000000001,0.699999999999995));
#12426=DIRECTION('',(1.0,0.0,0.0));
#12427=DIRECTION('',(0.0,1.0,0.0));
#12428=DIRECTION('',(-1.0,0.0,0.0));
#12429=CARTESIAN_POINT('',(1.66,0.400000000000001,0.699999999999995));
#12430=DIRECTION('',(1.0,0.0,0.0));
#12431=DIRECTION('',(0.0,1.0,0.0));
#12432=CARTESIAN_POINT('',(1.34,0.400000000000001,0.699999999999995));
#12433=DIRECTION('',(1.0,0.0,0.0));
#12434=DIRECTION('',(0.0,1.0,0.0));
#12435=DIRECTION('',(-1.0,0.0,0.0));
#12436=CARTESIAN_POINT('',(2.66,0.400000000000001,0.699999999999995));
#12437=DIRECTION('',(1.0,0.0,0.0));
#12438=DIRECTION('',(0.0,1.0,0.0));
#12439=CARTESIAN_POINT('',(2.34,0.400000000000001,0.699999999999995));
#12440=DIRECTION('',(1.0,0.0,0.0));
#12441=DIRECTION('',(0.0,1.0,0.0));
#12442=DIRECTION('',(-1.0,0.0,0.0));
#12443=CARTESIAN_POINT('',(3.66,0.400000000000001,0.699999999999995));
#12444=DIRECTION('',(1.0,0.0,0.0));
#12445=DIRECTION('',(0.0,1.0,0.0));
#12446=CARTESIAN_POINT('',(3.34,0.400000000000001,0.699999999999995));
#12447=DIRECTION('',(1.0,0.0,0.0));
#12448=DIRECTION('',(0.0,1.0,0.0));
#12449=DIRECTION('',(-1.0,0.0,0.0));
#12450=DIRECTION('',(0.0,1.0,3.7021537597066E-16));
#12451=DIRECTION('',(0.0,0.707106781186547,0.707106781186548));
#12452=DIRECTION('',(0.0,-1.0,0.0));
#12453=DIRECTION('',(0.0,-1.0,0.0));
#12454=DIRECTION('',(0.0,0.707106781186547,0.707106781186548));
#12455=DIRECTION('',(0.0,1.0,3.7021537597066E-16));
#12456=DIRECTION('',(1.0,0.0,0.0));
#12457=DIRECTION('',(0.0,1.0,3.7021537597066E-16));
#12458=DIRECTION('',(0.0,0.707106781186547,0.707106781186548));
#12459=DIRECTION('',(0.0,-1.0,0.0));
#12460=DIRECTION('',(0.0,-1.0,0.0));
#12461=DIRECTION('',(0.0,0.707106781186547,0.707106781186548));
#12462=DIRECTION('',(0.0,1.0,3.7021537597066E-16));
#12463=DIRECTION('',(1.0,0.0,0.0));
#12464=DIRECTION('',(0.0,1.0,3.7021537597066E-16));
#12465=DIRECTION('',(0.0,0.707106781186547,0.707106781186548));
#12466=DIRECTION('',(0.0,-1.0,0.0));
#12467=DIRECTION('',(0.0,-1.0,0.0));
#12468=DIRECTION('',(0.0,0.707106781186547,0.707106781186548));
#12469=DIRECTION('',(0.0,1.0,3.7021537597066E-16));
#12470=DIRECTION('',(1.0,0.0,0.0));
#12471=DIRECTION('',(0.0,1.0,3.7021537597066E-16));
#12472=DIRECTION('',(0.0,0.707106781186547,0.707106781186548));
#12473=DIRECTION('',(0.0,-1.0,0.0));
#12474=DIRECTION('',(0.0,-1.0,0.0));
#12475=DIRECTION('',(0.0,0.707106781186547,0.707106781186548));
#12476=DIRECTION('',(0.0,1.0,3.7021537597066E-16));
#12477=DIRECTION('',(1.0,0.0,0.0));
#12478=DIRECTION('',(0.0,1.0,3.7021537597066E-16));
#12479=DIRECTION('',(0.0,0.707106781186547,0.707106781186548));
#12480=DIRECTION('',(0.0,-1.0,0.0));
#12481=DIRECTION('',(0.0,-1.0,0.0));
#12482=DIRECTION('',(0.0,0.707106781186547,0.707106781186548));
#12483=DIRECTION('',(0.0,1.0,3.7021537597066E-16));
#12484=DIRECTION('',(1.0,0.0,0.0));
#12485=DIRECTION('',(0.0,1.0,3.7021537597066E-16));
#12486=DIRECTION('',(0.0,0.707106781186547,0.707106781186548));
#12487=DIRECTION('',(0.0,-1.0,0.0));
#12488=DIRECTION('',(0.0,-1.0,0.0));
#12489=DIRECTION('',(0.0,0.707106781186547,0.707106781186548));
#12490=DIRECTION('',(0.0,1.0,3.7021537597066E-16));
#12491=DIRECTION('',(1.0,0.0,0.0));
#12492=DIRECTION('',(0.0,1.0,3.7021537597066E-16));
#12493=DIRECTION('',(0.0,0.707106781186547,0.707106781186548));
#12494=DIRECTION('',(0.0,-1.0,0.0));
#12495=DIRECTION('',(0.0,-1.0,0.0));
#12496=DIRECTION('',(0.0,0.707106781186547,0.707106781186548));
#12497=DIRECTION('',(0.0,1.0,3.7021537597066E-16));
#12498=DIRECTION('',(1.0,0.0,0.0));
#12499=DIRECTION('',(0.0,1.0,3.7021537597066E-16));
#12500=DIRECTION('',(0.0,0.707106781186547,0.707106781186548));
#12501=DIRECTION('',(0.0,-1.0,0.0));
#12502=DIRECTION('',(0.0,-1.0,0.0));
#12503=DIRECTION('',(0.0,0.707106781186547,0.707106781186548));
#12504=DIRECTION('',(0.0,1.0,3.7021537597066E-16));
#12505=DIRECTION('',(1.0,0.0,0.0));
#12506=DIRECTION('',(0.0,1.0,3.7021537597066E-16));
#12507=DIRECTION('',(0.0,0.707106781186547,0.707106781186548));
#12508=DIRECTION('',(0.0,-1.0,0.0));
#12509=DIRECTION('',(0.0,-1.0,0.0));
#12510=DIRECTION('',(0.0,0.707106781186547,0.707106781186548));
#12511=DIRECTION('',(0.0,1.0,3.7021537597066E-16));
#12512=DIRECTION('',(1.0,0.0,0.0));
#12513=DIRECTION('',(0.0,1.0,3.7021537597066E-16));
#12514=DIRECTION('',(0.0,0.707106781186547,0.707106781186548));
#12515=DIRECTION('',(0.0,-1.0,0.0));
#12516=DIRECTION('',(0.0,-1.0,0.0));
#12517=DIRECTION('',(0.0,0.707106781186547,0.707106781186548));
#12518=DIRECTION('',(0.0,1.0,3.7021537597066E-16));
#12519=DIRECTION('',(1.0,0.0,0.0));
#12520=DIRECTION('',(0.0,-1.0,-2.71050543121376E-17));
#12521=DIRECTION('',(-1.0,0.0,0.0));
#12522=DIRECTION('',(-5.50705865389463E-16,1.0,2.71050543121376E-17));
#12523=CARTESIAN_POINT('',(6.625,3.35,0.299999999999998));
#12524=DIRECTION('',(0.0,0.0,-1.0));
#12525=DIRECTION('',(0.0,-1.0,0.0));
#12526=DIRECTION('',(-2.58913951638329E-16,-1.0,-2.71050543121376E-17));
#12527=DIRECTION('',(-1.0,2.62836890299516E-16,7.12420818680174E-33));
#12528=DIRECTION('',(0.0,1.0,2.71050543121376E-17));
#12529=DIRECTION('',(-1.0,-9.63735264431562E-16,-2.61220966849398E-32));
#12530=DIRECTION('',(-1.0842021724855E-15,1.0,2.71050543121376E-17));
#12531=DIRECTION('',(1.0,9.6373526443156E-16,2.61220966849397E-32));
#12532=DIRECTION('',(0.0,1.0,2.71050543121376E-17));
#12533=DIRECTION('',(1.0,-4.56506177888633E-16,-1.23736247454978E-32));
#12534=DIRECTION('',(-2.01712032090327E-15,1.0,2.71050543121376E-17));
#12535=DIRECTION('',(1.0,0.0,0.0));
#12536=DIRECTION('',(1.0,0.0,0.0));
#12537=DIRECTION('',(0.0,-1.0,0.0));
#12538=DIRECTION('',(1.0,0.0,0.0));
#12539=DIRECTION('',(0.0,1.0,0.0));
#12540=DIRECTION('',(1.0,0.0,0.0));
#12541=DIRECTION('',(0.0,-1.0,-2.71050543121376E-17));
#12542=DIRECTION('',(-1.0,0.0,0.0));
#12543=DIRECTION('',(-2.01712032090327E-15,-1.0,-2.71050543121376E-17));
#12544=DIRECTION('',(1.0,4.56506177888633E-16,1.23736247454978E-32));
#12545=DIRECTION('',(0.0,-1.0,-2.71050543121376E-17));
#12546=DIRECTION('',(1.0,-1.34922937020418E-14,-3.65709353589156E-31));
#12547=DIRECTION('',(-1.0842021724855E-15,-1.0,-2.71050543121376E-17));
#12548=DIRECTION('',(-1.0,9.63735264431562E-16,2.61220966849398E-32));
#12549=DIRECTION('',(0.0,-1.0,-2.71050543121376E-17));
#12550=DIRECTION('',(-1.0,-2.62836890299516E-16,-7.12420818680174E-33));
#12551=DIRECTION('',(2.58913951638329E-16,-1.0,-2.71050543121376E-17));
#12552=CARTESIAN_POINT('',(-6.625,3.35,0.299999999999998));
#12553=DIRECTION('',(0.0,0.0,-1.0));
#12554=DIRECTION('',(0.0,-1.0,0.0));
#12555=DIRECTION('',(5.50705865389463E-16,1.0,2.71050543121376E-17));
#12556=DIRECTION('',(0.0,-1.0,0.0));
#12557=DIRECTION('',(-1.0,0.0,0.0));
#12558=DIRECTION('',(0.0,1.0,0.0));
#12559=DIRECTION('',(-1.0,0.0,0.0));
#12560=DIRECTION('',(3.25260651745668E-15,1.0,0.0));
#12561=DIRECTION('',(0.0,-1.0,0.0));
#12562=DIRECTION('',(-8.67361737988401E-15,0.0,-1.0));
#12563=DIRECTION('',(0.0,-1.0,0.0));
#12564=DIRECTION('',(0.0,0.0,-1.0));
#12565=DIRECTION('',(-2.58913951638329E-16,-1.0,0.0));
#12566=DIRECTION('',(0.0,0.0,1.0));
#12567=DIRECTION('',(1.0,0.0,0.0));
#12568=DIRECTION('',(-1.0,0.0,1.46367293285544E-14));
#12569=DIRECTION('',(0.0,0.0,1.0));
#12570=DIRECTION('',(1.0,0.0,1.35525271560688E-16));
#12571=DIRECTION('',(-1.0,0.0,-1.35525271560688E-16));
#12572=DIRECTION('',(0.0,0.0,1.0));
#12573=DIRECTION('',(1.0,0.0,0.0));
#12574=CARTESIAN_POINT('',(6.625,3.35,2.05));
#12575=DIRECTION('',(0.0,0.0,-1.0));
#12576=DIRECTION('',(1.0,0.0,0.0));
#12577=DIRECTION('',(-1.0,0.0,1.24683249835834E-14));
#12578=DIRECTION('',(8.67361737988403E-15,0.0,1.0));
#12579=DIRECTION('',(1.0,0.0,0.0));
#12580=DIRECTION('',(1.0,0.0,0.0));
#12581=DIRECTION('',(0.0,0.0,-1.0));
#12582=DIRECTION('',(-1.0,0.0,1.35525271560688E-16));
#12583=DIRECTION('',(1.0,0.0,-1.35525271560688E-16));
#12584=DIRECTION('',(0.0,0.0,-1.0));
#12585=DIRECTION('',(0.0,-1.0,0.0));
#12586=DIRECTION('',(0.0,-1.0,0.0));
#12587=DIRECTION('',(0.0,0.0,-1.0));
#12588=DIRECTION('',(0.0,-1.0,0.0));
#12589=DIRECTION('',(-1.0,0.0,0.0));
#12590=DIRECTION('',(0.0,0.0,1.0));
#12591=DIRECTION('',(1.0,0.0,0.0));
#12592=DIRECTION('',(0.0,0.0,1.0));
#12593=DIRECTION('',(-1.0,0.0,0.0));
#12594=DIRECTION('',(0.0,0.0,1.0));
#12595=DIRECTION('',(1.0,0.0,0.0));
#12596=DIRECTION('',(0.0,0.0,1.0));
#12597=DIRECTION('',(-1.0,0.0,0.0));
#12598=DIRECTION('',(0.0,0.0,1.0));
#12599=DIRECTION('',(1.0,0.0,0.0));
#12600=DIRECTION('',(0.0,0.0,1.0));
#12601=DIRECTION('',(-1.0,0.0,0.0));
#12602=DIRECTION('',(0.0,0.0,1.0));
#12603=DIRECTION('',(1.0,0.0,0.0));
#12604=DIRECTION('',(0.0,0.0,1.0));
#12605=DIRECTION('',(-1.0,0.0,0.0));
#12606=DIRECTION('',(0.0,0.0,1.0));
#12607=DIRECTION('',(1.0,0.0,0.0));
#12608=DIRECTION('',(0.0,0.0,1.0));
#12609=DIRECTION('',(-1.0,0.0,0.0));
#12610=DIRECTION('',(0.0,0.0,1.0));
#12611=DIRECTION('',(1.0,0.0,0.0));
#12612=DIRECTION('',(0.0,0.0,1.0));
#12613=DIRECTION('',(-1.0,0.0,0.0));
#12614=DIRECTION('',(0.0,0.0,1.0));
#12615=DIRECTION('',(1.0,0.0,0.0));
#12616=DIRECTION('',(0.0,0.0,1.0));
#12617=DIRECTION('',(-1.0,0.0,0.0));
#12618=DIRECTION('',(0.0,0.0,1.0));
#12619=DIRECTION('',(1.0,0.0,0.0));
#12620=DIRECTION('',(0.0,0.0,1.0));
#12621=DIRECTION('',(-1.0,0.0,0.0));
#12622=DIRECTION('',(0.0,0.0,1.0));
#12623=DIRECTION('',(1.0,0.0,0.0));
#12624=DIRECTION('',(0.0,0.0,1.0));
#12625=DIRECTION('',(-1.0,0.0,0.0));
#12626=DIRECTION('',(0.0,0.0,1.0));
#12627=DIRECTION('',(1.0,0.0,0.0));
#12628=DIRECTION('',(0.0,0.0,1.0));
#12629=DIRECTION('',(0.0,0.0,-1.0));
#12630=DIRECTION('',(-3.21245088143852E-16,0.0,-1.0));
#12631=DIRECTION('',(-1.0,0.0,0.0));
#12632=DIRECTION('',(0.0,0.0,-1.0));
#12633=DIRECTION('',(-1.0,0.0,0.0));
#12634=DIRECTION('',(-3.21245088143852E-16,0.0,-1.0));
#12635=DIRECTION('',(-1.0,0.0,5.3103779876841E-16));
#12636=DIRECTION('',(3.21245088143853E-16,0.0,1.0));
#12637=DIRECTION('',(1.0,0.0,0.0));
#12638=DIRECTION('',(0.0,0.0,-1.0));
#12639=DIRECTION('',(1.0,0.0,0.0));
#12640=DIRECTION('',(3.21245088143853E-16,0.0,1.0));
#12641=DIRECTION('',(0.0,0.0,-1.0));
#12642=DIRECTION('',(1.0,0.0,0.0));
#12643=DIRECTION('',(0.0,-0.964763821237732,-0.263117405792109));
#12644=DIRECTION('',(0.0,-1.0,0.0));
#12645=DIRECTION('',(0.0,0.0,1.0));
#12646=DIRECTION('',(0.0,-1.0,0.0));
#12647=DIRECTION('',(0.0,-1.0,0.0));
#12648=DIRECTION('',(0.0,2.50200501342809E-16,-1.0));
#12649=DIRECTION('',(0.0,1.0,1.29456975819165E-16));
#12650=DIRECTION('',(-1.0,0.0,0.0));
#12651=DIRECTION('',(0.0,0.0,-1.0));
#12652=DIRECTION('',(-1.0,-1.24918945960287E-14,1.35525271560688E-16));
#12653=DIRECTION('',(0.0,0.0,1.0));
#12654=DIRECTION('',(1.0,1.24918945960287E-14,0.0));
#12655=DIRECTION('',(0.0,0.0,-1.0));
#12656=DIRECTION('',(-1.0,-1.24918945960287E-14,0.0));
#12657=DIRECTION('',(0.0,2.50200501342809E-16,-1.0));
#12658=DIRECTION('',(0.0,1.0,0.0));
#12659=DIRECTION('',(-2.01712032090327E-15,-1.0,0.0));
#12660=DIRECTION('',(-2.01712032090327E-15,1.0,0.0));
#12661=DIRECTION('',(1.0,-4.56506177888633E-16,0.0));
#12662=DIRECTION('',(0.0,1.0,0.0));
#12663=DIRECTION('',(1.0,9.6373526443156E-16,0.0));
#12664=DIRECTION('',(-1.0842021724855E-15,1.0,0.0));
#12665=DIRECTION('',(-1.0,-9.63735264431562E-16,0.0));
#12666=DIRECTION('',(0.0,1.0,0.0));
#12667=DIRECTION('',(-1.0,2.62836890299516E-16,0.0));
#12668=DIRECTION('',(-2.58913951638329E-16,-1.0,0.0));
#12669=DIRECTION('',(-2.58913951638329E-16,1.0,0.0));
#12670=DIRECTION('',(-1.0,-2.62836890299516E-16,0.0));
#12671=DIRECTION('',(0.0,-1.0,0.0));
#12672=DIRECTION('',(-1.0,9.63735264431562E-16,0.0));
#12673=DIRECTION('',(-1.0842021724855E-15,-1.0,0.0));
#12674=DIRECTION('',(1.0,-1.34922937020418E-14,0.0));
#12675=DIRECTION('',(0.0,-1.0,0.0));
#12676=DIRECTION('',(1.0,4.56506177888633E-16,0.0));
#12677=DIRECTION('',(-5.50705865389463E-16,1.0,0.0));
#12678=DIRECTION('',(0.0,0.0,-1.0));
#12679=DIRECTION('',(-5.50705865389463E-16,1.0,-7.46345619569708E-32));
#12680=DIRECTION('',(0.0,0.0,-1.0));
#12681=DIRECTION('',(-5.3130109507117E-16,0.964763821237732,0.263117405792109));
#12682=DIRECTION('',(0.0,-1.0,0.0));
#12683=DIRECTION('',(0.0,-1.0,0.0));
#12684=DIRECTION('',(0.0,0.0,1.0));
#12685=DIRECTION('',(0.0,-1.0,0.0));
#12686=DIRECTION('',(0.0,0.0,-1.0));
#12687=DIRECTION('',(0.0,0.0,-1.0));
#12688=DIRECTION('',(-2.58913951638329E-16,1.0,3.50893836066355E-32));
#12689=CARTESIAN_POINT('',(-6.625,3.35,2.05));
#12690=DIRECTION('',(0.0,0.0,-1.0));
#12691=DIRECTION('',(1.0,0.0,0.0));
#12692=CARTESIAN_POINT('',(-6.625,3.35,2.05));
#12693=DIRECTION('',(0.0,0.0,-1.0));
#12694=DIRECTION('',(1.0,0.0,0.0));
#12695=DIRECTION('',(0.0,0.0,-1.0));
#12696=CARTESIAN_POINT('',(-6.625,3.35,2.69999999999999));
#12697=DIRECTION('',(0.0,0.0,1.0));
#12698=DIRECTION('',(-1.0,0.0,0.0));
#12699=DIRECTION('',(0.0,0.0,-1.0));
#12700=DIRECTION('',(5.3130109507117E-16,0.964763821237732,0.263117405792109));
#12701=DIRECTION('',(0.0,0.0,-1.0));
#12702=DIRECTION('',(-5.50705865389463E-16,-1.0,7.46345619569708E-32));
#12703=DIRECTION('',(5.50705865389463E-16,1.0,0.0));
#12704=DIRECTION('',(0.0,0.0,1.0));
#12705=DIRECTION('',(0.0,0.0,-1.0));
#12706=DIRECTION('',(-2.58913951638329E-16,-1.0,-3.50893836066355E-32));
#12707=CARTESIAN_POINT('',(6.625,3.35,2.05));
#12708=DIRECTION('',(0.0,0.0,-1.0));
#12709=DIRECTION('',(1.0,0.0,0.0));
#12710=DIRECTION('',(0.0,0.0,-1.0));
#12711=CARTESIAN_POINT('',(6.625,3.35,2.69999999999999));
#12712=DIRECTION('',(0.0,0.0,1.0));
#12713=DIRECTION('',(1.0,0.0,0.0));
#12714=DIRECTION('',(0.0,1.0,1.29456975819165E-16));
#12715=DIRECTION('',(0.0,2.50200501342809E-16,-1.0));
#12716=DIRECTION('',(0.0,-1.0,0.0));
#12717=DIRECTION('',(0.0,-1.0,0.0));
#12718=DIRECTION('',(0.0,0.0,1.0));
#12719=DIRECTION('',(0.0,-1.0,0.0));
#12720=DIRECTION('',(0.0,-0.964763821237732,-0.263117405792109));
#12721=DIRECTION('',(0.0,-1.0,0.0));
#12722=DIRECTION('',(-1.0,6.2530729948001E-15,0.0));
#12723=DIRECTION('',(-5.50705865389463E-16,1.0,0.0));
#12724=DIRECTION('',(-1.0,1.24918945960287E-14,0.0));
#12725=DIRECTION('',(-5.50705865389463E-16,-1.0,0.0));
#12726=DIRECTION('',(-2.58913951638329E-16,1.0,0.0));
#12727=DIRECTION('',(-1.0,5.04280080225815E-15,0.0));
#12728=DIRECTION('',(0.0,-1.0,0.0));
#12729=DIRECTION('',(-1.0,0.0,0.0));
#12730=DIRECTION('',(0.0,3.6140072416183E-16,-1.0));
#12731=DIRECTION('',(-1.0,0.0,0.0));
#12732=DIRECTION('',(0.0,3.6140072416183E-16,-1.0));
#12733=DIRECTION('',(0.0,0.948683298050514,-0.316227766016837));
#12734=DIRECTION('',(-1.0,0.0,0.0));
#12735=DIRECTION('',(0.0,0.948683298050514,-0.316227766016837));
#12736=DIRECTION('',(-1.0,0.0,0.0));
#12737=DIRECTION('',(0.0,1.0,0.0));
#12738=DIRECTION('',(1.0,0.0,0.0));
#12739=DIRECTION('',(0.0,1.0,0.0));
#12740=DIRECTION('',(-1.0,0.0,0.0));
#12741=DIRECTION('',(0.0,1.0,0.0));
#12742=DIRECTION('',(1.0,0.0,0.0));
#12743=DIRECTION('',(0.0,1.0,0.0));
#12744=DIRECTION('',(-1.0,0.0,0.0));
#12745=DIRECTION('',(0.0,1.0,0.0));
#12746=DIRECTION('',(1.0,0.0,0.0));
#12747=DIRECTION('',(0.0,1.0,0.0));
#12748=DIRECTION('',(-1.0,0.0,0.0));
#12749=DIRECTION('',(0.0,1.0,0.0));
#12750=DIRECTION('',(1.0,0.0,0.0));
#12751=DIRECTION('',(0.0,1.0,0.0));
#12752=DIRECTION('',(-1.0,0.0,0.0));
#12753=DIRECTION('',(0.0,1.0,0.0));
#12754=DIRECTION('',(1.0,0.0,0.0));
#12755=DIRECTION('',(0.0,1.0,0.0));
#12756=DIRECTION('',(-1.0,0.0,0.0));
#12757=DIRECTION('',(0.0,1.0,0.0));
#12758=DIRECTION('',(1.0,0.0,0.0));
#12759=DIRECTION('',(0.0,1.0,0.0));
#12760=DIRECTION('',(-1.0,0.0,0.0));
#12761=DIRECTION('',(0.0,1.0,0.0));
#12762=DIRECTION('',(1.0,0.0,0.0));
#12763=DIRECTION('',(0.0,1.0,0.0));
#12764=DIRECTION('',(-1.0,0.0,0.0));
#12765=DIRECTION('',(0.0,1.0,0.0));
#12766=DIRECTION('',(1.0,0.0,0.0));
#12767=DIRECTION('',(0.0,1.0,0.0));
#12768=DIRECTION('',(-1.0,0.0,0.0));
#12769=DIRECTION('',(0.0,1.0,0.0));
#12770=DIRECTION('',(1.0,0.0,0.0));
#12771=DIRECTION('',(0.0,1.0,0.0));
#12772=DIRECTION('',(-1.0,0.0,0.0));
#12773=DIRECTION('',(0.0,1.0,0.0));
#12774=DIRECTION('',(1.0,0.0,0.0));
#12775=DIRECTION('',(0.0,1.0,0.0));
#12776=DIRECTION('',(0.0,1.0,0.0));
#12777=DIRECTION('',(0.0,-1.0,-8.67361737988404E-17));
#12778=DIRECTION('',(-1.0,0.0,0.0));
#12779=DIRECTION('',(0.0,-1.0,-8.67361737988404E-17));
#12780=DIRECTION('',(0.0,1.0,0.0));
#12781=DIRECTION('',(-3.25260651745653E-15,-1.0,0.0));
#12782=DIRECTION('',(0.0,0.0,1.0));
#12783=DIRECTION('',(0.0,0.0,1.0));
#12784=DIRECTION('',(7.58941520739857E-15,1.0,0.0));
#12785=DIRECTION('',(1.0,0.0,0.0));
#12786=DIRECTION('',(1.0,0.0,0.0));
#12787=DIRECTION('',(1.0,0.0,0.0));
#12788=DIRECTION('',(1.0,0.0,0.0));
#12789=DIRECTION('',(1.0,0.0,0.0));
#12790=DIRECTION('',(1.0,0.0,0.0));
#12791=DIRECTION('',(1.0,0.0,0.0));
#12792=DIRECTION('',(1.0,0.0,0.0));
#12793=DIRECTION('',(1.0,0.0,0.0));
#12794=DIRECTION('',(0.0,-1.0,-3.7021537597066E-16));
#12795=DIRECTION('',(1.0,0.0,3.01605331618694E-14));
#12796=CARTESIAN_POINT('',(-6.625,3.35,0.749999999999997));
#12797=DIRECTION('',(0.0,0.0,1.0));
#12798=DIRECTION('',(-1.0,0.0,0.0));
#12799=CARTESIAN_POINT('',(6.625,3.35,0.749999999999997));
#12800=DIRECTION('',(0.0,0.0,1.0));
#12801=DIRECTION('',(-1.0,0.0,0.0));
#12802=DIRECTION('',(1.0,0.0,-5.81526619787679E-14));
#12803=DIRECTION('',(0.0,-1.0,-3.7021537597066E-16));
#12804=DIRECTION('',(1.0,0.0,0.0));
#12805=DIRECTION('',(1.0,0.0,0.0));
#12806=DIRECTION('',(0.0,-0.707106781186547,-0.707106781186548));
#12807=DIRECTION('',(1.0,0.0,0.0));
#12808=DIRECTION('',(0.0,-0.707106781186547,-0.707106781186548));
#12809=DIRECTION('',(0.0,7.22801448323671E-16,-1.0));
#12810=DIRECTION('',(0.0,7.22801448323671E-16,-1.0));
#12811=DIRECTION('',(0.0,1.08114132592841E-16,-1.0));
#12812=DIRECTION('',(0.0,-1.0,0.0));
#12813=DIRECTION('',(0.0,-1.08114132592841E-16,1.0));
#12814=DIRECTION('',(0.0,-1.0,0.0));
#12815=DIRECTION('',(-7.58941520739891E-15,-1.0,0.0));
#12816=DIRECTION('',(0.0,0.0,1.0));
#12817=DIRECTION('',(0.0,1.0,0.0));
#12818=DIRECTION('',(0.0,-1.0,0.0));
#12819=CARTESIAN_POINT('',(-6.625,3.35,0.749999999999997));
#12820=DIRECTION('',(0.0,0.0,1.0));
#12821=DIRECTION('',(-1.0,0.0,0.0));
#12822=DIRECTION('',(5.50705865389463E-16,1.0,0.0));
#12823=DIRECTION('',(1.0,0.0,0.0));
#12824=DIRECTION('',(0.0,0.0,-1.0));
#12825=DIRECTION('',(1.0,-1.24918945960287E-14,0.0));
#12826=DIRECTION('',(-1.0,1.24918945960287E-14,-1.35525271560688E-16));
#12827=DIRECTION('',(5.50705865389463E-16,-1.0,0.0));
#12828=CARTESIAN_POINT('',(6.625,3.35,0.749999999999997));
#12829=DIRECTION('',(0.0,0.0,1.0));
#12830=DIRECTION('',(-1.0,0.0,0.0));
#12831=DIRECTION('',(1.0,0.0,0.0));
#12832=DIRECTION('',(5.50705865389463E-16,-1.0,-1.29456975819165E-16));
#12833=DIRECTION('',(5.50705865389463E-16,-1.0,0.0));
#12834=DIRECTION('',(-1.0,0.0,0.0));
#12835=DIRECTION('',(-5.50705865389463E-16,-1.0,-1.29456975819165E-16));
#12836=DIRECTION('',(-1.0,0.0,0.0));
#12837=DIRECTION('',(-1.0,0.0,0.0));
#12838=DIRECTION('',(5.50705865389463E-16,1.0,0.0));
#12839=DIRECTION('',(1.0,0.0,-1.26161707343768E-14));
#12840=DIRECTION('',(1.0,0.0,-1.45874474116231E-14));
#12841=DIRECTION('',(-1.0,0.0,0.0));
#12842=DIRECTION('',(1.0,0.0,0.0));
#12843=DIRECTION('',(0.0,0.0,1.0));
#12844=DIRECTION('',(0.0,0.0,1.0));
#12845=DIRECTION('',(0.0,0.0,1.0));
#12846=DIRECTION('',(0.0,0.0,1.0));
#12847=DIRECTION('',(0.0,0.0,1.0));
#12848=DIRECTION('',(0.0,0.0,1.0));
#12849=DIRECTION('',(0.0,0.0,1.0));
#12850=DIRECTION('',(0.0,0.0,1.0));
#12851=DIRECTION('',(0.0,0.0,1.0));
#12852=DIRECTION('',(0.0,0.0,1.0));
#12853=DIRECTION('',(0.0,0.0,1.0));
#12854=DIRECTION('',(0.0,0.0,1.0));
#12855=DIRECTION('',(0.0,0.0,1.0));
#12856=DIRECTION('',(0.0,0.0,1.0));
#12857=DIRECTION('',(1.0,-6.2530729948001E-15,0.0));
#12858=DIRECTION('',(1.0,-5.04280080225815E-15,0.0));
#12859=CARTESIAN_POINT('',(4.66,0.450000000000001,1.7));
#12860=DIRECTION('',(1.0,0.0,0.0));
#12861=DIRECTION('',(0.0,1.0,0.0));
#12862=DIRECTION('',(-1.0,0.0,0.0));
#12863=CARTESIAN_POINT('',(4.34,0.450000000000001,1.7));
#12864=DIRECTION('',(1.0,0.0,0.0));
#12865=DIRECTION('',(0.0,1.0,0.0));
#12866=DIRECTION('',(0.0,0.0,1.0));
#12867=DIRECTION('',(-1.0,0.0,0.0));
#12868=DIRECTION('',(0.0,0.0,1.0));
#12869=DIRECTION('',(0.0,0.759256602365298,-0.650791373455967));
#12870=DIRECTION('',(0.0,0.998032126284391,0.0627046641347963));
#12871=DIRECTION('',(0.0,0.759256602365298,-0.650791373455967));
#12872=DIRECTION('',(0.0,0.998032126284391,0.0627046641347963));
#12873=CARTESIAN_POINT('',(4.66,4.25,0.349999999999997));
#12874=DIRECTION('',(-1.0,0.0,0.0));
#12875=DIRECTION('',(0.0,1.0,0.0));
#12876=CARTESIAN_POINT('',(4.34,4.25,0.349999999999997));
#12877=DIRECTION('',(-1.0,0.0,0.0));
#12878=DIRECTION('',(0.0,1.0,0.0));
#12879=DIRECTION('',(-1.0,0.0,0.0));
#12880=DIRECTION('',(0.0,-1.0,0.0));
#12881=DIRECTION('',(0.0,-1.0,0.0));
#12882=DIRECTION('',(-1.0,0.0,0.0));
#12883=DIRECTION('',(0.0,0.0,-1.0));
#12884=DIRECTION('',(0.0,0.70710678118655,-0.707106781186545));
#12885=DIRECTION('',(0.0,1.0,3.80647894157197E-16));
#12886=DIRECTION('',(0.0,5.78241158658937E-15,1.0));
#12887=DIRECTION('',(0.0,-1.0,-1.93607530800983E-16));
#12888=DIRECTION('',(0.0,0.0,1.0));
#12889=DIRECTION('',(0.0,-0.707106781186548,0.707106781186547));
#12890=DIRECTION('',(0.0,-0.707106781186548,0.707106781186547));
#12891=DIRECTION('',(0.0,0.0,1.0));
#12892=DIRECTION('',(0.0,-1.0,-1.93607530800983E-16));
#12893=DIRECTION('',(0.0,5.78241158658937E-15,1.0));
#12894=DIRECTION('',(0.0,1.0,3.80647894157197E-16));
#12895=DIRECTION('',(0.0,0.70710678118655,-0.707106781186545));
#12896=DIRECTION('',(0.0,0.0,-1.0));
#12897=DIRECTION('',(-1.0,0.0,0.0));
#12898=DIRECTION('',(-1.0,0.0,0.0));
#12899=DIRECTION('',(-1.0,0.0,0.0));
#12900=DIRECTION('',(-1.0,0.0,0.0));
#12901=DIRECTION('',(-1.0,0.0,0.0));
#12902=DIRECTION('',(-1.0,0.0,0.0));
#12903=CARTESIAN_POINT('',(-4.34,0.450000000000001,1.7));
#12904=DIRECTION('',(1.0,0.0,0.0));
#12905=DIRECTION('',(0.0,1.0,0.0));
#12906=DIRECTION('',(-1.0,0.0,0.0));
#12907=CARTESIAN_POINT('',(-4.66,0.450000000000001,1.7));
#12908=DIRECTION('',(1.0,0.0,0.0));
#12909=DIRECTION('',(0.0,1.0,0.0));
#12910=DIRECTION('',(0.0,0.0,1.0));
#12911=DIRECTION('',(-1.0,0.0,0.0));
#12912=DIRECTION('',(0.0,0.0,1.0));
#12913=DIRECTION('',(0.0,0.759256602365298,-0.650791373455967));
#12914=DIRECTION('',(0.0,0.998032126284391,0.0627046641347963));
#12915=DIRECTION('',(0.0,0.759256602365298,-0.650791373455967));
#12916=DIRECTION('',(0.0,0.998032126284391,0.0627046641347963));
#12917=CARTESIAN_POINT('',(-3.34,0.450000000000001,1.7));
#12918=DIRECTION('',(1.0,0.0,0.0));
#12919=DIRECTION('',(0.0,1.0,0.0));
#12920=DIRECTION('',(-1.0,0.0,0.0));
#12921=CARTESIAN_POINT('',(-3.66,0.450000000000001,1.7));
#12922=DIRECTION('',(1.0,0.0,0.0));
#12923=DIRECTION('',(0.0,1.0,0.0));
#12924=DIRECTION('',(0.0,0.0,1.0));
#12925=DIRECTION('',(-1.0,0.0,0.0));
#12926=DIRECTION('',(0.0,0.0,1.0));
#12927=DIRECTION('',(0.0,0.759256602365298,-0.650791373455967));
#12928=DIRECTION('',(0.0,0.998032126284391,0.0627046641347963));
#12929=DIRECTION('',(0.0,0.759256602365298,-0.650791373455967));
#12930=DIRECTION('',(0.0,0.998032126284391,0.0627046641347963));
#12931=CARTESIAN_POINT('',(-2.34,0.450000000000001,1.7));
#12932=DIRECTION('',(1.0,0.0,0.0));
#12933=DIRECTION('',(0.0,1.0,0.0));
#12934=DIRECTION('',(-1.0,0.0,0.0));
#12935=CARTESIAN_POINT('',(-2.66,0.450000000000001,1.7));
#12936=DIRECTION('',(1.0,0.0,0.0));
#12937=DIRECTION('',(0.0,1.0,0.0));
#12938=DIRECTION('',(0.0,0.0,1.0));
#12939=DIRECTION('',(-1.0,0.0,0.0));
#12940=DIRECTION('',(0.0,0.0,1.0));
#12941=DIRECTION('',(0.0,0.759256602365298,-0.650791373455967));
#12942=DIRECTION('',(0.0,0.998032126284391,0.0627046641347963));
#12943=DIRECTION('',(0.0,0.759256602365298,-0.650791373455967));
#12944=DIRECTION('',(0.0,0.998032126284391,0.0627046641347963));
#12945=CARTESIAN_POINT('',(-1.34,0.450000000000001,1.7));
#12946=DIRECTION('',(1.0,0.0,0.0));
#12947=DIRECTION('',(0.0,1.0,0.0));
#12948=DIRECTION('',(-1.0,0.0,0.0));
#12949=CARTESIAN_POINT('',(-1.66,0.450000000000001,1.7));
#12950=DIRECTION('',(1.0,0.0,0.0));
#12951=DIRECTION('',(0.0,1.0,0.0));
#12952=DIRECTION('',(0.0,0.0,1.0));
#12953=DIRECTION('',(-1.0,0.0,0.0));
#12954=DIRECTION('',(0.0,0.0,1.0));
#12955=DIRECTION('',(0.0,0.759256602365298,-0.650791373455967));
#12956=DIRECTION('',(0.0,0.998032126284391,0.0627046641347963));
#12957=DIRECTION('',(0.0,0.759256602365298,-0.650791373455967));
#12958=DIRECTION('',(0.0,0.998032126284391,0.0627046641347963));
#12959=CARTESIAN_POINT('',(-0.339999999999998,0.450000000000001,1.7));
#12960=DIRECTION('',(1.0,0.0,0.0));
#12961=DIRECTION('',(0.0,1.0,0.0));
#12962=DIRECTION('',(-1.0,0.0,0.0));
#12963=CARTESIAN_POINT('',(-0.659999999999998,0.450000000000001,1.7));
#12964=DIRECTION('',(1.0,0.0,0.0));
#12965=DIRECTION('',(0.0,1.0,0.0));
#12966=DIRECTION('',(0.0,0.0,1.0));
#12967=DIRECTION('',(-1.0,0.0,0.0));
#12968=DIRECTION('',(0.0,0.0,1.0));
#12969=DIRECTION('',(0.0,0.759256602365298,-0.650791373455967));
#12970=DIRECTION('',(0.0,0.998032126284391,0.0627046641347963));
#12971=DIRECTION('',(0.0,0.759256602365298,-0.650791373455967));
#12972=DIRECTION('',(0.0,0.998032126284391,0.0627046641347963));
#12973=CARTESIAN_POINT('',(0.660000000000002,0.450000000000001,1.7));
#12974=DIRECTION('',(1.0,0.0,0.0));
#12975=DIRECTION('',(0.0,1.0,0.0));
#12976=DIRECTION('',(-1.0,0.0,0.0));
#12977=CARTESIAN_POINT('',(0.340000000000002,0.450000000000001,1.7));
#12978=DIRECTION('',(1.0,0.0,0.0));
#12979=DIRECTION('',(0.0,1.0,0.0));
#12980=DIRECTION('',(0.0,0.0,1.0));
#12981=DIRECTION('',(-1.0,0.0,0.0));
#12982=DIRECTION('',(0.0,0.0,1.0));
#12983=DIRECTION('',(0.0,0.759256602365298,-0.650791373455967));
#12984=DIRECTION('',(0.0,0.998032126284391,0.0627046641347963));
#12985=DIRECTION('',(0.0,0.759256602365298,-0.650791373455967));
#12986=DIRECTION('',(0.0,0.998032126284391,0.0627046641347963));
#12987=CARTESIAN_POINT('',(1.66,0.450000000000001,1.7));
#12988=DIRECTION('',(1.0,0.0,0.0));
#12989=DIRECTION('',(0.0,1.0,0.0));
#12990=DIRECTION('',(-1.0,0.0,0.0));
#12991=CARTESIAN_POINT('',(1.34,0.450000000000001,1.7));
#12992=DIRECTION('',(1.0,0.0,0.0));
#12993=DIRECTION('',(0.0,1.0,0.0));
#12994=DIRECTION('',(0.0,0.0,1.0));
#12995=DIRECTION('',(-1.0,0.0,0.0));
#12996=DIRECTION('',(0.0,0.0,1.0));
#12997=DIRECTION('',(0.0,0.759256602365298,-0.650791373455967));
#12998=DIRECTION('',(0.0,0.998032126284391,0.0627046641347963));
#12999=DIRECTION('',(0.0,0.759256602365298,-0.650791373455967));
#13000=DIRECTION('',(0.0,0.998032126284391,0.0627046641347963));
#13001=CARTESIAN_POINT('',(2.66,0.450000000000001,1.7));
#13002=DIRECTION('',(1.0,0.0,0.0));
#13003=DIRECTION('',(0.0,1.0,0.0));
#13004=DIRECTION('',(-1.0,0.0,0.0));
#13005=CARTESIAN_POINT('',(2.34,0.450000000000001,1.7));
#13006=DIRECTION('',(1.0,0.0,0.0));
#13007=DIRECTION('',(0.0,1.0,0.0));
#13008=DIRECTION('',(0.0,0.0,1.0));
#13009=DIRECTION('',(-1.0,0.0,0.0));
#13010=DIRECTION('',(0.0,0.0,1.0));
#13011=DIRECTION('',(0.0,0.759256602365298,-0.650791373455967));
#13012=DIRECTION('',(0.0,0.998032126284391,0.0627046641347963));
#13013=DIRECTION('',(0.0,0.759256602365298,-0.650791373455967));
#13014=DIRECTION('',(0.0,0.998032126284391,0.0627046641347963));
#13015=CARTESIAN_POINT('',(3.66,0.450000000000001,1.7));
#13016=DIRECTION('',(1.0,0.0,0.0));
#13017=DIRECTION('',(0.0,1.0,0.0));
#13018=DIRECTION('',(-1.0,0.0,0.0));
#13019=CARTESIAN_POINT('',(3.34,0.450000000000001,1.7));
#13020=DIRECTION('',(1.0,0.0,0.0));
#13021=DIRECTION('',(0.0,1.0,0.0));
#13022=DIRECTION('',(0.0,0.0,1.0));
#13023=DIRECTION('',(-1.0,0.0,0.0));
#13024=DIRECTION('',(0.0,0.0,1.0));
#13025=DIRECTION('',(0.0,0.759256602365298,-0.650791373455967));
#13026=DIRECTION('',(0.0,0.998032126284391,0.0627046641347963));
#13027=DIRECTION('',(0.0,0.759256602365298,-0.650791373455967));
#13028=DIRECTION('',(0.0,0.998032126284391,0.0627046641347963));
#13029=CARTESIAN_POINT('',(-4.34,4.25,0.349999999999997));
#13030=DIRECTION('',(-1.0,0.0,0.0));
#13031=DIRECTION('',(0.0,1.0,0.0));
#13032=CARTESIAN_POINT('',(-4.66,4.25,0.349999999999997));
#13033=DIRECTION('',(-1.0,0.0,0.0));
#13034=DIRECTION('',(0.0,1.0,0.0));
#13035=DIRECTION('',(-1.0,0.0,0.0));
#13036=DIRECTION('',(0.0,-1.0,0.0));
#13037=DIRECTION('',(0.0,-1.0,0.0));
#13038=DIRECTION('',(-1.0,0.0,0.0));
#13039=DIRECTION('',(0.0,0.0,-1.0));
#13040=DIRECTION('',(0.0,0.70710678118655,-0.707106781186545));
#13041=DIRECTION('',(0.0,1.0,3.80647894157197E-16));
#13042=DIRECTION('',(0.0,5.78241158658937E-15,1.0));
#13043=DIRECTION('',(0.0,-1.0,-1.93607530800983E-16));
#13044=DIRECTION('',(0.0,0.0,1.0));
#13045=DIRECTION('',(0.0,-0.707106781186548,0.707106781186547));
#13046=DIRECTION('',(0.0,-0.707106781186548,0.707106781186547));
#13047=DIRECTION('',(0.0,0.0,1.0));
#13048=DIRECTION('',(0.0,-1.0,-1.93607530800983E-16));
#13049=DIRECTION('',(0.0,5.78241158658937E-15,1.0));
#13050=DIRECTION('',(0.0,1.0,3.80647894157197E-16));
#13051=DIRECTION('',(0.0,0.70710678118655,-0.707106781186545));
#13052=DIRECTION('',(0.0,0.0,-1.0));
#13053=DIRECTION('',(-1.0,0.0,0.0));
#13054=DIRECTION('',(-1.0,0.0,0.0));
#13055=DIRECTION('',(-1.0,0.0,0.0));
#13056=DIRECTION('',(-1.0,0.0,0.0));
#13057=DIRECTION('',(-1.0,0.0,0.0));
#13058=DIRECTION('',(-1.0,0.0,0.0));
#13059=CARTESIAN_POINT('',(-3.34,4.25,0.349999999999997));
#13060=DIRECTION('',(-1.0,0.0,0.0));
#13061=DIRECTION('',(0.0,1.0,0.0));
#13062=CARTESIAN_POINT('',(-3.66,4.25,0.349999999999997));
#13063=DIRECTION('',(-1.0,0.0,0.0));
#13064=DIRECTION('',(0.0,1.0,0.0));
#13065=DIRECTION('',(-1.0,0.0,0.0));
#13066=DIRECTION('',(0.0,-1.0,0.0));
#13067=DIRECTION('',(0.0,-1.0,0.0));
#13068=DIRECTION('',(-1.0,0.0,0.0));
#13069=DIRECTION('',(0.0,0.0,-1.0));
#13070=DIRECTION('',(0.0,0.70710678118655,-0.707106781186545));
#13071=DIRECTION('',(0.0,1.0,3.80647894157197E-16));
#13072=DIRECTION('',(0.0,5.78241158658937E-15,1.0));
#13073=DIRECTION('',(0.0,-1.0,-1.93607530800983E-16));
#13074=DIRECTION('',(0.0,0.0,1.0));
#13075=DIRECTION('',(0.0,-0.707106781186548,0.707106781186547));
#13076=DIRECTION('',(0.0,-0.707106781186548,0.707106781186547));
#13077=DIRECTION('',(0.0,0.0,1.0));
#13078=DIRECTION('',(0.0,-1.0,-1.93607530800983E-16));
#13079=DIRECTION('',(0.0,5.78241158658937E-15,1.0));
#13080=DIRECTION('',(0.0,1.0,3.80647894157197E-16));
#13081=DIRECTION('',(0.0,0.70710678118655,-0.707106781186545));
#13082=DIRECTION('',(0.0,0.0,-1.0));
#13083=DIRECTION('',(-1.0,0.0,0.0));
#13084=DIRECTION('',(-1.0,0.0,0.0));
#13085=DIRECTION('',(-1.0,0.0,0.0));
#13086=DIRECTION('',(-1.0,0.0,0.0));
#13087=DIRECTION('',(-1.0,0.0,0.0));
#13088=DIRECTION('',(-1.0,0.0,0.0));
#13089=CARTESIAN_POINT('',(-2.34,4.25,0.349999999999997));
#13090=DIRECTION('',(-1.0,0.0,0.0));
#13091=DIRECTION('',(0.0,1.0,0.0));
#13092=CARTESIAN_POINT('',(-2.66,4.25,0.349999999999997));
#13093=DIRECTION('',(-1.0,0.0,0.0));
#13094=DIRECTION('',(0.0,1.0,0.0));
#13095=DIRECTION('',(-1.0,0.0,0.0));
#13096=DIRECTION('',(0.0,-1.0,0.0));
#13097=DIRECTION('',(0.0,-1.0,0.0));
#13098=DIRECTION('',(-1.0,0.0,0.0));
#13099=DIRECTION('',(0.0,0.0,-1.0));
#13100=DIRECTION('',(0.0,0.70710678118655,-0.707106781186545));
#13101=DIRECTION('',(0.0,1.0,3.80647894157197E-16));
#13102=DIRECTION('',(0.0,5.78241158658937E-15,1.0));
#13103=DIRECTION('',(0.0,-1.0,-1.93607530800983E-16));
#13104=DIRECTION('',(0.0,0.0,1.0));
#13105=DIRECTION('',(0.0,-0.707106781186548,0.707106781186547));
#13106=DIRECTION('',(0.0,-0.707106781186548,0.707106781186547));
#13107=DIRECTION('',(0.0,0.0,1.0));
#13108=DIRECTION('',(0.0,-1.0,-1.93607530800983E-16));
#13109=DIRECTION('',(0.0,5.78241158658937E-15,1.0));
#13110=DIRECTION('',(0.0,1.0,3.80647894157197E-16));
#13111=DIRECTION('',(0.0,0.70710678118655,-0.707106781186545));
#13112=DIRECTION('',(0.0,0.0,-1.0));
#13113=DIRECTION('',(-1.0,0.0,0.0));
#13114=DIRECTION('',(-1.0,0.0,0.0));
#13115=DIRECTION('',(-1.0,0.0,0.0));
#13116=DIRECTION('',(-1.0,0.0,0.0));
#13117=DIRECTION('',(-1.0,0.0,0.0));
#13118=DIRECTION('',(-1.0,0.0,0.0));
#13119=CARTESIAN_POINT('',(-1.34,4.25,0.349999999999997));
#13120=DIRECTION('',(-1.0,0.0,0.0));
#13121=DIRECTION('',(0.0,1.0,0.0));
#13122=CARTESIAN_POINT('',(-1.66,4.25,0.349999999999997));
#13123=DIRECTION('',(-1.0,0.0,0.0));
#13124=DIRECTION('',(0.0,1.0,0.0));
#13125=DIRECTION('',(-1.0,0.0,0.0));
#13126=DIRECTION('',(0.0,-1.0,0.0));
#13127=DIRECTION('',(0.0,-1.0,0.0));
#13128=DIRECTION('',(-1.0,0.0,0.0));
#13129=DIRECTION('',(0.0,0.0,-1.0));
#13130=DIRECTION('',(0.0,0.70710678118655,-0.707106781186545));
#13131=DIRECTION('',(0.0,1.0,3.80647894157197E-16));
#13132=DIRECTION('',(0.0,5.78241158658937E-15,1.0));
#13133=DIRECTION('',(0.0,-1.0,-1.93607530800983E-16));
#13134=DIRECTION('',(0.0,0.0,1.0));
#13135=DIRECTION('',(0.0,-0.707106781186548,0.707106781186547));
#13136=DIRECTION('',(0.0,-0.707106781186548,0.707106781186547));
#13137=DIRECTION('',(0.0,0.0,1.0));
#13138=DIRECTION('',(0.0,-1.0,-1.93607530800983E-16));
#13139=DIRECTION('',(0.0,5.78241158658937E-15,1.0));
#13140=DIRECTION('',(0.0,1.0,3.80647894157197E-16));
#13141=DIRECTION('',(0.0,0.70710678118655,-0.707106781186545));
#13142=DIRECTION('',(0.0,0.0,-1.0));
#13143=DIRECTION('',(-1.0,0.0,0.0));
#13144=DIRECTION('',(-1.0,0.0,0.0));
#13145=DIRECTION('',(-1.0,0.0,0.0));
#13146=DIRECTION('',(-1.0,0.0,0.0));
#13147=DIRECTION('',(-1.0,0.0,0.0));
#13148=DIRECTION('',(-1.0,0.0,0.0));
#13149=CARTESIAN_POINT('',(-0.339999999999998,4.25,0.349999999999997));
#13150=DIRECTION('',(-1.0,0.0,0.0));
#13151=DIRECTION('',(0.0,1.0,0.0));
#13152=CARTESIAN_POINT('',(-0.659999999999998,4.25,0.349999999999997));
#13153=DIRECTION('',(-1.0,0.0,0.0));
#13154=DIRECTION('',(0.0,1.0,0.0));
#13155=DIRECTION('',(-1.0,0.0,0.0));
#13156=DIRECTION('',(0.0,-1.0,0.0));
#13157=DIRECTION('',(0.0,-1.0,0.0));
#13158=DIRECTION('',(-1.0,0.0,0.0));
#13159=DIRECTION('',(0.0,0.0,-1.0));
#13160=DIRECTION('',(0.0,0.70710678118655,-0.707106781186545));
#13161=DIRECTION('',(0.0,1.0,3.80647894157197E-16));
#13162=DIRECTION('',(0.0,5.78241158658937E-15,1.0));
#13163=DIRECTION('',(0.0,-1.0,-1.93607530800983E-16));
#13164=DIRECTION('',(0.0,0.0,1.0));
#13165=DIRECTION('',(0.0,-0.707106781186548,0.707106781186547));
#13166=DIRECTION('',(0.0,-0.707106781186548,0.707106781186547));
#13167=DIRECTION('',(0.0,0.0,1.0));
#13168=DIRECTION('',(0.0,-1.0,-1.93607530800983E-16));
#13169=DIRECTION('',(0.0,5.78241158658937E-15,1.0));
#13170=DIRECTION('',(0.0,1.0,3.80647894157197E-16));
#13171=DIRECTION('',(0.0,0.70710678118655,-0.707106781186545));
#13172=DIRECTION('',(0.0,0.0,-1.0));
#13173=DIRECTION('',(-1.0,0.0,0.0));
#13174=DIRECTION('',(-1.0,0.0,0.0));
#13175=DIRECTION('',(-1.0,0.0,0.0));
#13176=DIRECTION('',(-1.0,0.0,0.0));
#13177=DIRECTION('',(-1.0,0.0,0.0));
#13178=DIRECTION('',(-1.0,0.0,0.0));
#13179=CARTESIAN_POINT('',(0.660000000000002,4.25,0.349999999999997));
#13180=DIRECTION('',(-1.0,0.0,0.0));
#13181=DIRECTION('',(0.0,1.0,0.0));
#13182=CARTESIAN_POINT('',(0.340000000000002,4.25,0.349999999999997));
#13183=DIRECTION('',(-1.0,0.0,0.0));
#13184=DIRECTION('',(0.0,1.0,0.0));
#13185=DIRECTION('',(-1.0,0.0,0.0));
#13186=DIRECTION('',(0.0,-1.0,0.0));
#13187=DIRECTION('',(0.0,-1.0,0.0));
#13188=DIRECTION('',(-1.0,0.0,0.0));
#13189=DIRECTION('',(0.0,0.0,-1.0));
#13190=DIRECTION('',(0.0,0.70710678118655,-0.707106781186545));
#13191=DIRECTION('',(0.0,1.0,3.80647894157197E-16));
#13192=DIRECTION('',(0.0,5.78241158658937E-15,1.0));
#13193=DIRECTION('',(0.0,-1.0,-1.93607530800983E-16));
#13194=DIRECTION('',(0.0,0.0,1.0));
#13195=DIRECTION('',(0.0,-0.707106781186548,0.707106781186547));
#13196=DIRECTION('',(0.0,-0.707106781186548,0.707106781186547));
#13197=DIRECTION('',(0.0,0.0,1.0));
#13198=DIRECTION('',(0.0,-1.0,-1.93607530800983E-16));
#13199=DIRECTION('',(0.0,5.78241158658937E-15,1.0));
#13200=DIRECTION('',(0.0,1.0,3.80647894157197E-16));
#13201=DIRECTION('',(0.0,0.70710678118655,-0.707106781186545));
#13202=DIRECTION('',(0.0,0.0,-1.0));
#13203=DIRECTION('',(-1.0,0.0,0.0));
#13204=DIRECTION('',(-1.0,0.0,0.0));
#13205=DIRECTION('',(-1.0,0.0,0.0));
#13206=DIRECTION('',(-1.0,0.0,0.0));
#13207=DIRECTION('',(-1.0,0.0,0.0));
#13208=DIRECTION('',(-1.0,0.0,0.0));
#13209=CARTESIAN_POINT('',(1.66,4.25,0.349999999999997));
#13210=DIRECTION('',(-1.0,0.0,0.0));
#13211=DIRECTION('',(0.0,1.0,0.0));
#13212=CARTESIAN_POINT('',(1.34,4.25,0.349999999999997));
#13213=DIRECTION('',(-1.0,0.0,0.0));
#13214=DIRECTION('',(0.0,1.0,0.0));
#13215=DIRECTION('',(-1.0,0.0,0.0));
#13216=DIRECTION('',(0.0,-1.0,0.0));
#13217=DIRECTION('',(0.0,-1.0,0.0));
#13218=DIRECTION('',(-1.0,0.0,0.0));
#13219=DIRECTION('',(0.0,0.0,-1.0));
#13220=DIRECTION('',(0.0,0.70710678118655,-0.707106781186545));
#13221=DIRECTION('',(0.0,1.0,3.80647894157197E-16));
#13222=DIRECTION('',(0.0,5.78241158658937E-15,1.0));
#13223=DIRECTION('',(0.0,-1.0,-1.93607530800983E-16));
#13224=DIRECTION('',(0.0,0.0,1.0));
#13225=DIRECTION('',(0.0,-0.707106781186548,0.707106781186547));
#13226=DIRECTION('',(0.0,-0.707106781186548,0.707106781186547));
#13227=DIRECTION('',(0.0,0.0,1.0));
#13228=DIRECTION('',(0.0,-1.0,-1.93607530800983E-16));
#13229=DIRECTION('',(0.0,5.78241158658937E-15,1.0));
#13230=DIRECTION('',(0.0,1.0,3.80647894157197E-16));
#13231=DIRECTION('',(0.0,0.70710678118655,-0.707106781186545));
#13232=DIRECTION('',(0.0,0.0,-1.0));
#13233=DIRECTION('',(-1.0,0.0,0.0));
#13234=DIRECTION('',(-1.0,0.0,0.0));
#13235=DIRECTION('',(-1.0,0.0,0.0));
#13236=DIRECTION('',(-1.0,0.0,0.0));
#13237=DIRECTION('',(-1.0,0.0,0.0));
#13238=DIRECTION('',(-1.0,0.0,0.0));
#13239=CARTESIAN_POINT('',(2.66,4.25,0.349999999999997));
#13240=DIRECTION('',(-1.0,0.0,0.0));
#13241=DIRECTION('',(0.0,1.0,0.0));
#13242=CARTESIAN_POINT('',(2.34,4.25,0.349999999999997));
#13243=DIRECTION('',(-1.0,0.0,0.0));
#13244=DIRECTION('',(0.0,1.0,0.0));
#13245=DIRECTION('',(-1.0,0.0,0.0));
#13246=DIRECTION('',(0.0,-1.0,0.0));
#13247=DIRECTION('',(0.0,-1.0,0.0));
#13248=DIRECTION('',(-1.0,0.0,0.0));
#13249=DIRECTION('',(0.0,0.0,-1.0));
#13250=DIRECTION('',(0.0,0.70710678118655,-0.707106781186545));
#13251=DIRECTION('',(0.0,1.0,3.80647894157197E-16));
#13252=DIRECTION('',(0.0,5.78241158658937E-15,1.0));
#13253=DIRECTION('',(0.0,-1.0,-1.93607530800983E-16));
#13254=DIRECTION('',(0.0,0.0,1.0));
#13255=DIRECTION('',(0.0,-0.707106781186548,0.707106781186547));
#13256=DIRECTION('',(0.0,-0.707106781186548,0.707106781186547));
#13257=DIRECTION('',(0.0,0.0,1.0));
#13258=DIRECTION('',(0.0,-1.0,-1.93607530800983E-16));
#13259=DIRECTION('',(0.0,5.78241158658937E-15,1.0));
#13260=DIRECTION('',(0.0,1.0,3.80647894157197E-16));
#13261=DIRECTION('',(0.0,0.70710678118655,-0.707106781186545));
#13262=DIRECTION('',(0.0,0.0,-1.0));
#13263=DIRECTION('',(-1.0,0.0,0.0));
#13264=DIRECTION('',(-1.0,0.0,0.0));
#13265=DIRECTION('',(-1.0,0.0,0.0));
#13266=DIRECTION('',(-1.0,0.0,0.0));
#13267=DIRECTION('',(-1.0,0.0,0.0));
#13268=DIRECTION('',(-1.0,0.0,0.0));
#13269=CARTESIAN_POINT('',(3.66,4.25,0.349999999999997));
#13270=DIRECTION('',(-1.0,0.0,0.0));
#13271=DIRECTION('',(0.0,1.0,0.0));
#13272=CARTESIAN_POINT('',(3.34,4.25,0.349999999999997));
#13273=DIRECTION('',(-1.0,0.0,0.0));
#13274=DIRECTION('',(0.0,1.0,0.0));
#13275=DIRECTION('',(-1.0,0.0,0.0));
#13276=DIRECTION('',(0.0,-1.0,0.0));
#13277=DIRECTION('',(0.0,-1.0,0.0));
#13278=DIRECTION('',(-1.0,0.0,0.0));
#13279=DIRECTION('',(0.0,0.0,-1.0));
#13280=DIRECTION('',(0.0,0.70710678118655,-0.707106781186545));
#13281=DIRECTION('',(0.0,1.0,3.80647894157197E-16));
#13282=DIRECTION('',(0.0,5.78241158658937E-15,1.0));
#13283=DIRECTION('',(0.0,-1.0,-1.93607530800983E-16));
#13284=DIRECTION('',(0.0,0.0,1.0));
#13285=DIRECTION('',(0.0,-0.707106781186548,0.707106781186547));
#13286=DIRECTION('',(0.0,-0.707106781186548,0.707106781186547));
#13287=DIRECTION('',(0.0,0.0,1.0));
#13288=DIRECTION('',(0.0,-1.0,-1.93607530800983E-16));
#13289=DIRECTION('',(0.0,5.78241158658937E-15,1.0));
#13290=DIRECTION('',(0.0,1.0,3.80647894157197E-16));
#13291=DIRECTION('',(0.0,0.70710678118655,-0.707106781186545));
#13292=DIRECTION('',(0.0,0.0,-1.0));
#13293=DIRECTION('',(-1.0,0.0,0.0));
#13294=DIRECTION('',(-1.0,0.0,0.0));
#13295=DIRECTION('',(-1.0,0.0,0.0));
#13296=DIRECTION('',(-1.0,0.0,0.0));
#13297=DIRECTION('',(-1.0,0.0,0.0));
#13298=DIRECTION('',(-1.0,0.0,0.0));
#13299=DIRECTION('',(1.0,0.0,-1.5713074963558E-16));
#13300=DIRECTION('',(-0.707106781186546,-0.707106781186549,1.11108218600244E-16));
#13301=DIRECTION('',(-1.0,0.0,1.5713074963558E-16));
#13302=DIRECTION('',(-0.707106781186548,-0.707106781186548,1.11108218600245E-16));
#13303=DIRECTION('',(-1.0,0.0,1.5713074963558E-16));
#13304=DIRECTION('',(0.0,1.0,0.0));
#13305=DIRECTION('',(-1.0,0.0,1.5713074963558E-16));
#13306=DIRECTION('',(-0.707106781186548,0.707106781186548,1.11108218600245E-16));
#13307=DIRECTION('',(-1.0,0.0,1.5713074963558E-16));
#13308=DIRECTION('',(-0.707106781186542,0.707106781186553,1.11108218600244E-16));
#13309=DIRECTION('',(1.0,0.0,-1.5713074963558E-16));
#13310=DIRECTION('',(0.0,1.0,0.0));
#13311=CARTESIAN_POINT('',(-5.68,2.91,0.399999999999997));
#13312=DIRECTION('',(0.0,-1.0,0.0));
#13313=DIRECTION('',(0.0,0.0,-1.0));
#13314=CARTESIAN_POINT('',(-5.68,3.69,0.399999999999997));
#13315=DIRECTION('',(0.0,-1.0,0.0));
#13316=DIRECTION('',(0.0,0.0,-1.0));
#13317=CARTESIAN_POINT('',(-5.68,3.69,0.399999999999997));
#13318=DIRECTION('',(0.0,1.0,0.0));
#13319=DIRECTION('',(0.0,0.0,-1.0));
#13320=CARTESIAN_POINT('',(-5.68,2.91,0.399999999999997));
#13321=DIRECTION('',(0.0,1.0,0.0));
#13322=DIRECTION('',(0.0,0.0,-1.0));
#13323=DIRECTION('',(0.0,1.0,0.0));
#13324=DIRECTION('',(-1.0,0.0,0.0));
#13325=DIRECTION('',(-0.707106781186546,-0.707106781186549,0.0));
#13326=DIRECTION('',(-1.0,0.0,0.0));
#13327=DIRECTION('',(0.0,1.0,0.0));
#13328=DIRECTION('',(-1.0,0.0,0.0));
#13329=DIRECTION('',(-0.707106781186542,0.707106781186553,0.0));
#13330=DIRECTION('',(-1.0,0.0,0.0));
#13331=DIRECTION('',(-0.707106781186548,0.707106781186548,0.0));
#13332=DIRECTION('',(-1.0,0.0,0.0));
#13333=DIRECTION('',(-1.0,0.0,0.0));
#13334=DIRECTION('',(-0.707106781186548,-0.707106781186548,0.0));
#13335=DIRECTION('',(0.0,0.0,1.0));
#13336=DIRECTION('',(0.0,1.0,0.0));
#13337=DIRECTION('',(0.0,0.0,1.0));
#13338=DIRECTION('',(0.0,1.0,0.0));
#13339=DIRECTION('',(1.0,0.0,0.0));
#13340=DIRECTION('',(1.0,0.0,0.0));
#13341=DIRECTION('',(0.0,1.0,0.0));
#13342=DIRECTION('',(0.0,0.0,-1.0));
#13343=DIRECTION('',(0.0,0.0,-1.0));
#13344=DIRECTION('',(0.0,1.0,0.0));
#13345=CARTESIAN_POINT('',(-7.75,4.3,0.399999999999996));
#13346=DIRECTION('',(0.0,-1.0,0.0));
#13347=DIRECTION('',(1.0,0.0,0.0));
#13348=CARTESIAN_POINT('',(-7.75,2.3,0.399999999999996));
#13349=DIRECTION('',(0.0,-1.0,0.0));
#13350=DIRECTION('',(1.0,0.0,0.0));
#13351=CARTESIAN_POINT('',(-7.75,4.3,0.399999999999997));
#13352=DIRECTION('',(-0.0,1.0,0.0));
#13353=DIRECTION('',(1.0,0.0,0.0));
#13354=CARTESIAN_POINT('',(-7.75,2.3,0.399999999999997));
#13355=DIRECTION('',(-0.0,1.0,0.0));
#13356=DIRECTION('',(1.0,0.0,0.0));
#13357=DIRECTION('',(0.0,0.0,-1.0));
#13358=DIRECTION('',(0.0,0.0,-1.0));
#13359=DIRECTION('',(0.0,0.0,1.0));
#13360=DIRECTION('',(0.0,0.0,1.0));
#13361=DIRECTION('',(0.0,0.0,1.0));
#13362=DIRECTION('',(0.0,0.0,1.0));
#13363=DIRECTION('',(0.0,0.0,1.0));
#13364=DIRECTION('',(0.0,0.0,1.0));
#13365=CARTESIAN_POINT('',(5.68,3.69,0.399999999999997));
#13366=DIRECTION('',(0.0,1.0,0.0));
#13367=DIRECTION('',(0.0,0.0,-1.0));
#13368=DIRECTION('',(0.0,1.0,0.0));
#13369=CARTESIAN_POINT('',(5.68,2.91,0.399999999999997));
#13370=DIRECTION('',(0.0,1.0,0.0));
#13371=DIRECTION('',(0.0,0.0,-1.0));
#13372=CARTESIAN_POINT('',(5.68,2.91,0.399999999999997));
#13373=DIRECTION('',(0.0,-1.0,0.0));
#13374=DIRECTION('',(0.0,0.0,-1.0));
#13375=DIRECTION('',(0.0,1.0,0.0));
#13376=CARTESIAN_POINT('',(5.68,3.69,0.399999999999997));
#13377=DIRECTION('',(0.0,-1.0,0.0));
#13378=DIRECTION('',(0.0,0.0,-1.0));
#13379=DIRECTION('',(1.0,0.0,1.5713074963558E-16));
#13380=DIRECTION('',(0.0,0.0,1.0));
#13381=DIRECTION('',(-1.0,0.0,0.0));
#13382=DIRECTION('',(-1.0,0.0,0.0));
#13383=DIRECTION('',(0.0,0.0,1.0));
#13384=DIRECTION('',(1.0,0.0,1.5713074963558E-16));
#13385=DIRECTION('',(0.707106781186548,-0.707106781186548,1.11108218600245E-16));
#13386=DIRECTION('',(1.0,0.0,1.5713074963558E-16));
#13387=DIRECTION('',(0.707106781186546,-0.707106781186549,1.11108218600244E-16));
#13388=DIRECTION('',(1.0,0.0,1.5713074963558E-16));
#13389=DIRECTION('',(0.0,1.0,0.0));
#13390=DIRECTION('',(1.0,0.0,1.5713074963558E-16));
#13391=DIRECTION('',(0.707106781186547,0.707106781186548,1.11108218600244E-16));
#13392=DIRECTION('',(1.0,0.0,1.5713074963558E-16));
#13393=DIRECTION('',(0.707106781186548,0.707106781186548,1.11108218600245E-16));
#13394=DIRECTION('',(-0.707106781186548,0.707106781186548,0.0));
#13395=DIRECTION('',(-0.707106781186548,-0.707106781186548,0.0));
#13396=DIRECTION('',(-1.0,0.0,0.0));
#13397=DIRECTION('',(-0.707106781186547,-0.707106781186548,0.0));
#13398=DIRECTION('',(-1.0,0.0,-1.34084906355695E-16));
#13399=DIRECTION('',(0.0,1.0,0.0));
#13400=DIRECTION('',(-1.0,0.0,-1.34084906355695E-16));
#13401=DIRECTION('',(-0.707106781186546,0.707106781186549,0.0));
#13402=DIRECTION('',(-1.0,0.0,0.0));
#13403=DIRECTION('',(0.0,0.0,-1.0));
#13404=CARTESIAN_POINT('',(7.75,2.3,0.399999999999997));
#13405=DIRECTION('',(0.0,1.0,0.0));
#13406=DIRECTION('',(-1.0,0.0,-1.35525271560688E-16));
#13407=DIRECTION('',(0.0,0.0,-1.0));
#13408=DIRECTION('',(1.0,0.0,0.0));
#13409=DIRECTION('',(0.0,0.0,1.0));
#13410=CARTESIAN_POINT('',(7.75,2.3,0.399999999999998));
#13411=DIRECTION('',(0.0,-1.0,0.0));
#13412=DIRECTION('',(-1.0,0.0,3.61400724161835E-16));
#13413=DIRECTION('',(0.0,0.0,-1.0));
#13414=CARTESIAN_POINT('',(7.75,4.3,0.399999999999998));
#13415=DIRECTION('',(0.0,-1.0,0.0));
#13416=DIRECTION('',(-1.0,0.0,3.61400724161835E-16));
#13417=DIRECTION('',(0.0,0.0,1.0));
#13418=DIRECTION('',(1.0,0.0,0.0));
#13419=DIRECTION('',(0.0,0.0,-1.0));
#13420=CARTESIAN_POINT('',(7.75,4.3,0.399999999999997));
#13421=DIRECTION('',(0.0,1.0,0.0));
#13422=DIRECTION('',(-1.0,0.0,-1.35525271560688E-16));
#13423=DIRECTION('',(0.0,1.0,0.0));
#13424=DIRECTION('',(0.0,1.0,0.0));
#13425=DIRECTION('',(0.0,1.0,0.0));
#13426=DIRECTION('',(0.0,1.0,0.0));
#13427=DIRECTION('',(0.0,0.0,1.0));
#13428=DIRECTION('',(0.0,0.0,1.0));
#13429=DIRECTION('',(0.0,0.0,1.0));
#13430=DIRECTION('',(0.0,0.0,1.0));
#13431=PRESENTATION_LAYER_ASSIGNMENT('1','Layer 1',(#25));
ENDSEC;
END-ISO-10303-21;
