ISO-10303-21;
HEADER;
/* Generated by software containing ST-Developer
 * from STEP Tools, Inc. (www.steptools.com) 
 */
/* OPTION: using custom renumber hook */

FILE_DESCRIPTION(
/* description */ ('STEP AP242 Edition 2',
'CAx-IF Rec.Pracs.---Representation and Presentation of Product Manufa
cturing Information (PMI)---4.0---2014-10-13',
'CAx-IF Rec.Pracs.---3D Tessellated Geometry---0.4---2014-09-14','2;1',
'CAx-IF Rec.Pracs.---User Defined Attributes---1.5---2016-08-15'),
/* implementation_level */ '2;1');

FILE_NAME(
/* name */ 'Box_around - Lid',
/* time_stamp */ '2026-06-11T15:05:34Z',
/* author */ (''),
/* organization */ (''),
/* preprocessor_version */ 'ST-DEVELOPER v20',
/* originating_system */ 'ONSHAPE BY PTC INC, 1.216',
/* authorisation */ '  ');

FILE_SCHEMA (('AP242_MANAGED_MODEL_BASED_3D_ENGINEERING_MIM_LF { 1 0 10303 442 3 1 4 }'));
ENDSEC;

DATA;
#10=SHAPE_REPRESENTATION_RELATIONSHIP('','',#626,#11);
#11=ADVANCED_BREP_SHAPE_REPRESENTATION('',(#624),#1965);
#12=TOROIDAL_SURFACE('',#702,0.008429,0.003);
#13=(
BOUNDED_CURVE()
B_SPLINE_CURVE(2,(#1204,#1205,#1206,#1207,#1208,#1209,#1210,#1211,#1212,
#1213,#1214,#1215,#1216,#1217,#1218,#1219,#1220,#1221,#1222,#1223,#1224,
#1225,#1226,#1227,#1228,#1229,#1230,#1231,#1232,#1233,#1234,#1235,#1236,
#1237,#1238,#1239,#1240,#1241,#1242,#1243,#1244,#1245,#1246,#1247,#1248,
#1249,#1250,#1251,#1252,#1253,#1254,#1255,#1256,#1257,#1258,#1259,#1260,
#1261,#1262,#1263,#1264,#1265,#1266,#1267,#1268,#1269,#1270,#1271,#1272,
#1273,#1274,#1275,#1276,#1277,#1278,#1279,#1280,#1281,#1282,#1283,#1284,
#1285,#1286,#1287,#1288,#1289,#1290,#1291,#1292,#1293,#1294,#1295,#1296,
#1297,#1298,#1299,#1300),.UNSPECIFIED.,.F.,.F.)
B_SPLINE_CURVE_WITH_KNOTS((3,2,2,2,2,2,2,2,2,2,2,2,2,2,2,2,2,2,2,2,2,2,
2,2,2,2,2,2,2,2,2,2,2,2,2,2,2,2,2,2,2,2,2,2,2,2,2,2,3),(0.,0.0208333333333333,
0.0416666666666667,0.0625,0.0833333333333333,0.104166666666667,0.125,0.145833333333333,
0.166666666666667,0.1875,0.208333333333334,0.229166666666666,0.25,0.270833333333334,
0.291666666666667,0.3125,0.333333333333334,0.354166666666667,0.375,0.395833333333334,
0.416666666666667,0.4375,0.458333333333333,0.479166666666667,0.5,0.520833333333333,
0.541666666666667,0.5625,0.583333333333333,0.604166666666667,0.625,0.645833333333333,
0.666666666666667,0.6875,0.708333333333333,0.729166666666667,0.75,0.770833333333333,
0.791666666666667,0.8125,0.833333333333333,0.854166666666667,0.875,0.895833333333333,
0.916666666666667,0.9375,0.958333333333333,0.979166666666667,1.),
 .UNSPECIFIED.)
CURVE()
GEOMETRIC_REPRESENTATION_ITEM()
RATIONAL_B_SPLINE_CURVE((1.,0.866025403784439,1.,0.866025403784439,1.,0.866025403784439,
1.,0.866025403784439,1.,0.866025403784439,1.,0.866025403784439,1.,0.866025403784439,
1.,0.866025403784439,1.,0.866025403784439,1.,0.866025403784439,1.,0.866025403784439,
1.,0.866025403784439,1.,0.866025403784439,1.,0.866025403784439,1.,0.866025403784439,
1.,0.866025403784439,1.,0.866025403784439,1.,0.866025403784439,1.,0.866025403784439,
1.,0.866025403784439,1.,0.866025403784439,1.,0.866025403784439,1.,0.866025403784439,
1.,0.866025403784439,1.,0.866025403784439,1.,0.866025403784439,1.,0.866025403784439,
1.,0.866025403784439,1.,0.866025403784439,1.,0.866025403784439,1.,0.866025403784439,
1.,0.866025403784439,1.,0.866025403784439,1.,0.866025403784439,1.,0.866025403784439,
1.,0.866025403784439,1.,0.866025403784439,1.,0.866025403784439,1.,0.866025403784439,
1.,0.866025403784439,1.,0.866025403784439,1.,0.866025403784439,1.,0.866025403784439,
1.,0.866025403784439,1.,0.866025403784439,1.,0.866025403784439,1.,0.866025403784439,
1.,0.866025403784439,1.))
REPRESENTATION_ITEM('')
);
#14=(
BOUNDED_CURVE()
B_SPLINE_CURVE(2,(#1301,#1302,#1303,#1304,#1305,#1306,#1307,#1308,#1309,
#1310,#1311,#1312,#1313,#1314,#1315,#1316,#1317,#1318,#1319,#1320,#1321,
#1322,#1323,#1324,#1325,#1326,#1327,#1328,#1329,#1330,#1331,#1332,#1333,
#1334,#1335,#1336,#1337,#1338,#1339,#1340,#1341,#1342,#1343,#1344,#1345,
#1346,#1347,#1348,#1349,#1350,#1351,#1352,#1353,#1354,#1355,#1356,#1357,
#1358,#1359,#1360,#1361,#1362,#1363,#1364,#1365,#1366,#1367,#1368,#1369,
#1370,#1371,#1372,#1373,#1374,#1375,#1376,#1377,#1378,#1379,#1380,#1381,
#1382,#1383,#1384,#1385,#1386,#1387,#1388,#1389,#1390,#1391,#1392,#1393,
#1394,#1395,#1396,#1397),.UNSPECIFIED.,.F.,.F.)
B_SPLINE_CURVE_WITH_KNOTS((3,2,2,2,2,2,2,2,2,2,2,2,2,2,2,2,2,2,2,2,2,2,
2,2,2,2,2,2,2,2,2,2,2,2,2,2,2,2,2,2,2,2,2,2,2,2,2,2,3),(0.,0.0208333333333333,
0.0416666666666667,0.0625,0.0833333333333333,0.104166666666667,0.125,0.145833333333333,
0.166666666666667,0.1875,0.208333333333334,0.229166666666666,0.25,0.270833333333334,
0.291666666666667,0.3125,0.333333333333334,0.354166666666667,0.375,0.395833333333334,
0.416666666666667,0.4375,0.458333333333333,0.479166666666667,0.5,0.520833333333333,
0.541666666666667,0.5625,0.583333333333333,0.604166666666667,0.625,0.645833333333333,
0.666666666666667,0.6875,0.708333333333333,0.729166666666667,0.75,0.770833333333333,
0.791666666666667,0.8125,0.833333333333333,0.854166666666667,0.875,0.895833333333333,
0.916666666666667,0.9375,0.958333333333333,0.979166666666667,1.),
 .UNSPECIFIED.)
CURVE()
GEOMETRIC_REPRESENTATION_ITEM()
RATIONAL_B_SPLINE_CURVE((1.,0.866025403784439,1.,0.866025403784439,1.,0.866025403784439,
1.,0.866025403784439,1.,0.866025403784439,1.,0.866025403784439,1.,0.866025403784439,
1.,0.866025403784439,1.,0.866025403784439,1.,0.866025403784439,1.,0.866025403784439,
1.,0.866025403784439,1.,0.866025403784439,1.,0.866025403784439,1.,0.866025403784439,
1.,0.866025403784439,1.,0.866025403784439,1.,0.866025403784439,1.,0.866025403784439,
1.,0.866025403784439,1.,0.866025403784439,1.,0.866025403784439,1.,0.866025403784439,
1.,0.866025403784439,1.,0.866025403784439,1.,0.866025403784439,1.,0.866025403784439,
1.,0.866025403784439,1.,0.866025403784439,1.,0.866025403784439,1.,0.866025403784439,
1.,0.866025403784439,1.,0.866025403784439,1.,0.866025403784439,1.,0.866025403784439,
1.,0.866025403784439,1.,0.866025403784439,1.,0.866025403784439,1.,0.866025403784439,
1.,0.866025403784439,1.,0.866025403784439,1.,0.866025403784439,1.,0.866025403784439,
1.,0.866025403784439,1.,0.866025403784439,1.,0.866025403784439,1.,0.866025403784439,
1.,0.866025403784439,1.))
REPRESENTATION_ITEM('')
);
#15=(
BOUNDED_CURVE()
B_SPLINE_CURVE(2,(#1524,#1525,#1526,#1527,#1528,#1529,#1530,#1531,#1532,
#1533,#1534,#1535,#1536,#1537,#1538,#1539,#1540,#1541,#1542,#1543,#1544,
#1545,#1546,#1547,#1548,#1549,#1550,#1551,#1552,#1553,#1554,#1555,#1556,
#1557,#1558,#1559,#1560,#1561,#1562,#1563,#1564,#1565,#1566,#1567,#1568,
#1569,#1570,#1571,#1572,#1573,#1574,#1575,#1576,#1577,#1578,#1579,#1580,
#1581,#1582,#1583,#1584,#1585,#1586,#1587,#1588,#1589,#1590,#1591,#1592,
#1593,#1594,#1595,#1596,#1597,#1598,#1599,#1600,#1601,#1602,#1603,#1604,
#1605,#1606,#1607,#1608,#1609,#1610,#1611,#1612,#1613,#1614,#1615,#1616,
#1617,#1618,#1619,#1620),.UNSPECIFIED.,.F.,.F.)
B_SPLINE_CURVE_WITH_KNOTS((3,2,2,2,2,2,2,2,2,2,2,2,2,2,2,2,2,2,2,2,2,2,
2,2,2,2,2,2,2,2,2,2,2,2,2,2,2,2,2,2,2,2,2,2,2,2,2,2,3),(0.,0.0208333333333333,
0.0416666666666667,0.0625,0.0833333333333333,0.104166666666667,0.125,0.145833333333333,
0.166666666666667,0.1875,0.208333333333334,0.229166666666666,0.25,0.270833333333334,
0.291666666666667,0.3125,0.333333333333334,0.354166666666667,0.375,0.395833333333334,
0.416666666666667,0.4375,0.458333333333333,0.479166666666667,0.5,0.520833333333333,
0.541666666666667,0.5625,0.583333333333333,0.604166666666667,0.625,0.645833333333333,
0.666666666666667,0.6875,0.708333333333333,0.729166666666667,0.75,0.770833333333333,
0.791666666666667,0.8125,0.833333333333333,0.854166666666667,0.875,0.895833333333333,
0.916666666666667,0.9375,0.958333333333333,0.979166666666667,1.),
 .UNSPECIFIED.)
CURVE()
GEOMETRIC_REPRESENTATION_ITEM()
RATIONAL_B_SPLINE_CURVE((1.,0.866025403784439,1.,0.866025403784439,1.,0.866025403784439,
1.,0.866025403784439,1.,0.866025403784439,1.,0.866025403784439,1.,0.866025403784439,
1.,0.866025403784439,1.,0.866025403784439,1.,0.866025403784439,1.,0.866025403784439,
1.,0.866025403784439,1.,0.866025403784439,1.,0.866025403784439,1.,0.866025403784439,
1.,0.866025403784439,1.,0.866025403784439,1.,0.866025403784439,1.,0.866025403784439,
1.,0.866025403784439,1.,0.866025403784439,1.,0.866025403784439,1.,0.866025403784439,
1.,0.866025403784439,1.,0.866025403784439,1.,0.866025403784439,1.,0.866025403784439,
1.,0.866025403784439,1.,0.866025403784439,1.,0.866025403784439,1.,0.866025403784439,
1.,0.866025403784439,1.,0.866025403784439,1.,0.866025403784439,1.,0.866025403784439,
1.,0.866025403784439,1.,0.866025403784439,1.,0.866025403784439,1.,0.866025403784439,
1.,0.866025403784439,1.,0.866025403784439,1.,0.866025403784439,1.,0.866025403784439,
1.,0.866025403784439,1.,0.866025403784439,1.,0.866025403784439,1.,0.866025403784439,
1.,0.866025403784439,1.))
REPRESENTATION_ITEM('')
);
#16=(
BOUNDED_CURVE()
B_SPLINE_CURVE(2,(#1621,#1622,#1623,#1624,#1625,#1626,#1627,#1628,#1629,
#1630,#1631,#1632,#1633,#1634,#1635,#1636,#1637,#1638,#1639,#1640,#1641,
#1642,#1643,#1644,#1645,#1646,#1647,#1648,#1649,#1650,#1651,#1652,#1653,
#1654,#1655,#1656,#1657,#1658,#1659,#1660,#1661,#1662,#1663,#1664,#1665,
#1666,#1667,#1668,#1669,#1670,#1671,#1672,#1673,#1674,#1675,#1676,#1677,
#1678,#1679,#1680,#1681,#1682,#1683,#1684,#1685,#1686,#1687,#1688,#1689,
#1690,#1691,#1692,#1693,#1694,#1695,#1696,#1697,#1698,#1699,#1700,#1701,
#1702,#1703,#1704,#1705,#1706,#1707,#1708,#1709,#1710,#1711,#1712,#1713,
#1714,#1715,#1716,#1717),.UNSPECIFIED.,.F.,.F.)
B_SPLINE_CURVE_WITH_KNOTS((3,2,2,2,2,2,2,2,2,2,2,2,2,2,2,2,2,2,2,2,2,2,
2,2,2,2,2,2,2,2,2,2,2,2,2,2,2,2,2,2,2,2,2,2,2,2,2,2,3),(0.,0.0208333333333333,
0.0416666666666667,0.0625,0.0833333333333333,0.104166666666667,0.125,0.145833333333333,
0.166666666666667,0.1875,0.208333333333334,0.229166666666666,0.25,0.270833333333334,
0.291666666666667,0.3125,0.333333333333334,0.354166666666667,0.375,0.395833333333334,
0.416666666666667,0.4375,0.458333333333333,0.479166666666667,0.5,0.520833333333333,
0.541666666666667,0.5625,0.583333333333333,0.604166666666667,0.625,0.645833333333333,
0.666666666666667,0.6875,0.708333333333333,0.729166666666667,0.75,0.770833333333333,
0.791666666666667,0.8125,0.833333333333333,0.854166666666667,0.875,0.895833333333333,
0.916666666666667,0.9375,0.958333333333333,0.979166666666667,1.),
 .UNSPECIFIED.)
CURVE()
GEOMETRIC_REPRESENTATION_ITEM()
RATIONAL_B_SPLINE_CURVE((1.,0.866025403784439,1.,0.866025403784439,1.,0.866025403784439,
1.,0.866025403784439,1.,0.866025403784439,1.,0.866025403784439,1.,0.866025403784439,
1.,0.866025403784439,1.,0.866025403784439,1.,0.866025403784439,1.,0.866025403784439,
1.,0.866025403784439,1.,0.866025403784439,1.,0.866025403784439,1.,0.866025403784439,
1.,0.866025403784439,1.,0.866025403784439,1.,0.866025403784439,1.,0.866025403784439,
1.,0.866025403784439,1.,0.866025403784439,1.,0.866025403784439,1.,0.866025403784439,
1.,0.866025403784439,1.,0.866025403784439,1.,0.866025403784439,1.,0.866025403784439,
1.,0.866025403784439,1.,0.866025403784439,1.,0.866025403784439,1.,0.866025403784439,
1.,0.866025403784439,1.,0.866025403784439,1.,0.866025403784439,1.,0.866025403784439,
1.,0.866025403784439,1.,0.866025403784439,1.,0.866025403784439,1.,0.866025403784439,
1.,0.866025403784439,1.,0.866025403784439,1.,0.866025403784439,1.,0.866025403784439,
1.,0.866025403784439,1.,0.866025403784439,1.,0.866025403784439,1.,0.866025403784439,
1.,0.866025403784439,1.))
REPRESENTATION_ITEM('')
);
#17=(
BOUNDED_SURFACE()
B_SPLINE_SURFACE(1,2,((#1074,#1075,#1076,#1077,#1078,#1079,#1080,#1081,
#1082,#1083,#1084,#1085,#1086,#1087,#1088,#1089,#1090,#1091,#1092,#1093,
#1094,#1095,#1096,#1097,#1098,#1099,#1100,#1101,#1102,#1103,#1104,#1105,
#1106,#1107,#1108,#1109,#1110,#1111,#1112,#1113,#1114,#1115,#1116,#1117,
#1118,#1119,#1120,#1121,#1122,#1123,#1124,#1125,#1126,#1127,#1128,#1129,
#1130,#1131,#1132,#1133,#1134,#1135,#1136,#1137,#1138),(#1139,#1140,#1141,
#1142,#1143,#1144,#1145,#1146,#1147,#1148,#1149,#1150,#1151,#1152,#1153,
#1154,#1155,#1156,#1157,#1158,#1159,#1160,#1161,#1162,#1163,#1164,#1165,
#1166,#1167,#1168,#1169,#1170,#1171,#1172,#1173,#1174,#1175,#1176,#1177,
#1178,#1179,#1180,#1181,#1182,#1183,#1184,#1185,#1186,#1187,#1188,#1189,
#1190,#1191,#1192,#1193,#1194,#1195,#1196,#1197,#1198,#1199,#1200,#1201,
#1202,#1203)),.UNSPECIFIED.,.F.,.F.,.F.)
B_SPLINE_SURFACE_WITH_KNOTS((2,2),(3,2,2,2,2,2,2,2,2,2,2,2,2,2,2,2,2,2,
2,2,2,2,2,2,2,2,2,2,2,2,2,2,3),(0.,1.),(0.207407425256194,0.208333333333334,
0.229166666666666,0.25,0.270833333333334,0.291666666666667,0.3125,0.333333333333334,
0.354166666666667,0.375,0.395833333333334,0.416666666666667,0.4375,0.458333333333333,
0.479166666666667,0.5,0.520833333333333,0.541666666666667,0.5625,0.583333333333333,
0.604166666666667,0.625,0.645833333333333,0.666666666666667,0.6875,0.708333333333333,
0.729166666666667,0.75,0.770833333333333,0.791666666666667,0.8125,0.833333333333333,
0.844525037492265),.PIECEWISE_BEZIER_KNOTS.)
GEOMETRIC_REPRESENTATION_ITEM()
RATIONAL_B_SPLINE_SURFACE(((0.988620638516314,0.99404568828316,1.,0.866025403784439,
1.,0.866025403784439,1.,0.866025403784439,1.,0.866025403784439,1.,0.866025403784439,
1.,0.866025403784439,1.,0.866025403784439,1.,0.866025403784439,1.,0.866025403784439,
1.,0.866025403784439,1.,0.866025403784439,1.,0.866025403784439,1.,0.866025403784439,
1.,0.866025403784439,1.,0.866025403784439,1.,0.866025403784439,1.,0.866025403784439,
1.,0.866025403784439,1.,0.866025403784439,1.,0.866025403784439,1.,0.866025403784439,
1.,0.866025403784439,1.,0.866025403784439,1.,0.866025403784439,1.,0.866025403784439,
1.,0.866025403784439,1.,0.866025403784439,1.,0.866025403784439,1.,0.866025403784439,
1.,0.866025403784439,1.,0.928028605808472,0.933383536579895),(0.988620638516314,
0.99404568828316,1.,0.866025403784439,1.,0.866025403784439,1.,0.866025403784439,
1.,0.866025403784439,1.,0.866025403784439,1.,0.866025403784439,1.,0.866025403784439,
1.,0.866025403784439,1.,0.866025403784439,1.,0.866025403784439,1.,0.866025403784439,
1.,0.866025403784439,1.,0.866025403784439,1.,0.866025403784439,1.,0.866025403784439,
1.,0.866025403784439,1.,0.866025403784439,1.,0.866025403784439,1.,0.866025403784439,
1.,0.866025403784439,1.,0.866025403784439,1.,0.866025403784439,1.,0.866025403784439,
1.,0.866025403784439,1.,0.866025403784439,1.,0.866025403784439,1.,0.866025403784439,
1.,0.866025403784439,1.,0.866025403784439,1.,0.866025403784439,1.,0.928028605808472,
0.933383536579895)))
REPRESENTATION_ITEM('')
SURFACE()
);
#18=(
BOUNDED_SURFACE()
B_SPLINE_SURFACE(1,2,((#1398,#1399,#1400,#1401,#1402,#1403,#1404,#1405,
#1406,#1407,#1408,#1409,#1410,#1411,#1412,#1413,#1414,#1415,#1416,#1417,
#1418,#1419,#1420,#1421,#1422,#1423,#1424,#1425,#1426,#1427,#1428,#1429,
#1430,#1431,#1432,#1433,#1434,#1435,#1436,#1437,#1438,#1439,#1440,#1441,
#1442,#1443,#1444,#1445,#1446,#1447,#1448,#1449,#1450,#1451,#1452,#1453,
#1454,#1455,#1456,#1457,#1458,#1459,#1460),(#1461,#1462,#1463,#1464,#1465,
#1466,#1467,#1468,#1469,#1470,#1471,#1472,#1473,#1474,#1475,#1476,#1477,
#1478,#1479,#1480,#1481,#1482,#1483,#1484,#1485,#1486,#1487,#1488,#1489,
#1490,#1491,#1492,#1493,#1494,#1495,#1496,#1497,#1498,#1499,#1500,#1501,
#1502,#1503,#1504,#1505,#1506,#1507,#1508,#1509,#1510,#1511,#1512,#1513,
#1514,#1515,#1516,#1517,#1518,#1519,#1520,#1521,#1522,#1523)),
 .UNSPECIFIED.,.F.,.F.,.F.)
B_SPLINE_SURFACE_WITH_KNOTS((2,2),(3,2,2,2,2,2,2,2,2,2,2,2,2,2,2,2,2,2,
2,2,2,2,2,2,2,2,2,2,2,2,2,3),(0.,1.),(0.152473847582015,0.166666666666667,
0.1875,0.208333333333334,0.229166666666666,0.25,0.270833333333334,0.291666666666667,
0.3125,0.333333333333334,0.354166666666667,0.375,0.395833333333334,0.416666666666667,
0.4375,0.458333333333333,0.479166666666667,0.5,0.520833333333333,0.541666666666667,
0.5625,0.583333333333333,0.604166666666667,0.625,0.645833333333333,0.666666666666667,
0.6875,0.708333333333333,0.729166666666667,0.75,0.770833333333333,0.78938488874878),
 .PIECEWISE_BEZIER_KNOTS.)
GEOMETRIC_REPRESENTATION_ITEM()
RATIONAL_B_SPLINE_SURFACE(((0.941815767899404,0.908729094110719,1.,0.866025403784439,
1.,0.866025403784439,1.,0.866025403784439,1.,0.866025403784439,1.,0.866025403784439,
1.,0.866025403784439,1.,0.866025403784439,1.,0.866025403784439,1.,0.866025403784439,
1.,0.866025403784439,1.,0.866025403784439,1.,0.866025403784439,1.,0.866025403784439,
1.,0.866025403784439,1.,0.866025403784439,1.,0.866025403784439,1.,0.866025403784439,
1.,0.866025403784439,1.,0.866025403784439,1.,0.866025403784439,1.,0.866025403784439,
1.,0.866025403784439,1.,0.866025403784439,1.,0.866025403784439,1.,0.866025403784439,
1.,0.866025403784439,1.,0.866025403784439,1.,0.866025403784439,1.,0.866025403784439,
1.,0.880699016994162,0.973867038533921),(0.941815767899404,0.908729094110719,
1.,0.866025403784439,1.,0.866025403784439,1.,0.866025403784439,1.,0.866025403784439,
1.,0.866025403784439,1.,0.866025403784439,1.,0.866025403784439,1.,0.866025403784439,
1.,0.866025403784439,1.,0.866025403784439,1.,0.866025403784439,1.,0.866025403784439,
1.,0.866025403784439,1.,0.866025403784439,1.,0.866025403784439,1.,0.866025403784439,
1.,0.866025403784439,1.,0.866025403784439,1.,0.866025403784439,1.,0.866025403784439,
1.,0.866025403784439,1.,0.866025403784439,1.,0.866025403784439,1.,0.866025403784439,
1.,0.866025403784439,1.,0.866025403784439,1.,0.866025403784439,1.,0.866025403784439,
1.,0.866025403784439,1.,0.880699016994162,0.973867038533921)))
REPRESENTATION_ITEM('')
SURFACE()
);
#19=(
BOUNDED_SURFACE()
B_SPLINE_SURFACE(3,2,((#1718,#1719,#1720,#1721,#1722,#1723,#1724,#1725,
#1726,#1727,#1728,#1729,#1730,#1731,#1732,#1733,#1734,#1735,#1736,#1737,
#1738,#1739,#1740,#1741,#1742,#1743,#1744,#1745,#1746,#1747,#1748,#1749,
#1750,#1751,#1752,#1753,#1754,#1755,#1756,#1757,#1758,#1759,#1760,#1761,
#1762,#1763,#1764,#1765,#1766,#1767,#1768,#1769,#1770,#1771,#1772,#1773,
#1774,#1775,#1776,#1777,#1778),(#1779,#1780,#1781,#1782,#1783,#1784,#1785,
#1786,#1787,#1788,#1789,#1790,#1791,#1792,#1793,#1794,#1795,#1796,#1797,
#1798,#1799,#1800,#1801,#1802,#1803,#1804,#1805,#1806,#1807,#1808,#1809,
#1810,#1811,#1812,#1813,#1814,#1815,#1816,#1817,#1818,#1819,#1820,#1821,
#1822,#1823,#1824,#1825,#1826,#1827,#1828,#1829,#1830,#1831,#1832,#1833,
#1834,#1835,#1836,#1837,#1838,#1839),(#1840,#1841,#1842,#1843,#1844,#1845,
#1846,#1847,#1848,#1849,#1850,#1851,#1852,#1853,#1854,#1855,#1856,#1857,
#1858,#1859,#1860,#1861,#1862,#1863,#1864,#1865,#1866,#1867,#1868,#1869,
#1870,#1871,#1872,#1873,#1874,#1875,#1876,#1877,#1878,#1879,#1880,#1881,
#1882,#1883,#1884,#1885,#1886,#1887,#1888,#1889,#1890,#1891,#1892,#1893,
#1894,#1895,#1896,#1897,#1898,#1899,#1900),(#1901,#1902,#1903,#1904,#1905,
#1906,#1907,#1908,#1909,#1910,#1911,#1912,#1913,#1914,#1915,#1916,#1917,
#1918,#1919,#1920,#1921,#1922,#1923,#1924,#1925,#1926,#1927,#1928,#1929,
#1930,#1931,#1932,#1933,#1934,#1935,#1936,#1937,#1938,#1939,#1940,#1941,
#1942,#1943,#1944,#1945,#1946,#1947,#1948,#1949,#1950,#1951,#1952,#1953,
#1954,#1955,#1956,#1957,#1958,#1959,#1960,#1961)),.UNSPECIFIED.,.F.,.F.,
 .F.)
B_SPLINE_SURFACE_WITH_KNOTS((4,4),(3,2,2,2,2,2,2,2,2,2,2,2,2,2,2,2,2,2,
2,2,2,2,2,2,2,2,2,2,2,2,3),(0.,1.),(0.191841073978987,0.208333333333334,
0.229166666666666,0.25,0.270833333333334,0.291666666666667,0.3125,0.333333333333334,
0.354166666666667,0.375,0.395833333333334,0.416666666666667,0.4375,0.458333333333333,
0.479166666666667,0.5,0.520833333333333,0.541666666666667,0.5625,0.583333333333333,
0.604166666666667,0.625,0.645833333333333,0.666666666666667,0.6875,0.708333333333333,
0.729166666666667,0.75,0.770833333333333,0.791666666666667,0.805164708329685),
 .PIECEWISE_BEZIER_KNOTS.)
GEOMETRIC_REPRESENTATION_ITEM()
RATIONAL_B_SPLINE_SURFACE(((0.955801017661851,0.893941898191315,1.,0.866025403784439,
1.,0.866025403784439,1.,0.866025403784439,1.,0.866025403784439,1.,0.866025403784439,
1.,0.866025403784439,1.,0.866025403784439,1.,0.866025403784439,1.,0.866025403784439,
1.,0.866025403784439,1.,0.866025403784439,1.,0.866025403784439,1.,0.866025403784439,
1.,0.866025403784439,1.,0.866025403784439,1.,0.866025403784439,1.,0.866025403784439,
1.,0.866025403784439,1.,0.866025403784439,1.,0.866025403784439,1.,0.866025403784439,
1.,0.866025403784439,1.,0.866025403784439,1.,0.866025403784439,1.,0.866025403784439,
1.,0.866025403784439,1.,0.866025403784439,1.,0.866025403784439,1.,0.913197055287821,
0.93887440793862),(0.700920746285354,0.655557392006961,0.73333333333333,
0.635085296108585,0.73333333333333,0.635085296108585,0.73333333333333,0.635085296108585,
0.73333333333333,0.635085296108585,0.73333333333333,0.635085296108585,0.73333333333333,
0.635085296108585,0.73333333333333,0.635085296108585,0.73333333333333,0.635085296108585,
0.73333333333333,0.635085296108585,0.73333333333333,0.635085296108585,0.73333333333333,
0.635085296108585,0.73333333333333,0.635085296108585,0.73333333333333,0.635085296108585,
0.73333333333333,0.635085296108585,0.73333333333333,0.635085296108585,0.73333333333333,
0.635085296108585,0.73333333333333,0.635085296108585,0.73333333333333,0.635085296108585,
0.73333333333333,0.635085296108585,0.73333333333333,0.635085296108585,0.73333333333333,
0.635085296108585,0.73333333333333,0.635085296108585,0.73333333333333,0.635085296108585,
0.73333333333333,0.635085296108585,0.73333333333333,0.635085296108585,0.73333333333333,
0.635085296108585,0.73333333333333,0.635085296108585,0.73333333333333,0.635085296108585,
0.73333333333333,0.669677840544399,0.688507899154984),(0.700920746285354,
0.655557392006961,0.73333333333333,0.635085296108585,0.73333333333333,0.635085296108585,
0.73333333333333,0.635085296108585,0.73333333333333,0.635085296108585,0.73333333333333,
0.635085296108585,0.73333333333333,0.635085296108585,0.73333333333333,0.635085296108585,
0.73333333333333,0.635085296108585,0.73333333333333,0.635085296108585,0.73333333333333,
0.635085296108585,0.73333333333333,0.635085296108585,0.73333333333333,0.635085296108585,
0.73333333333333,0.635085296108585,0.73333333333333,0.635085296108585,0.73333333333333,
0.635085296108585,0.73333333333333,0.635085296108585,0.73333333333333,0.635085296108585,
0.73333333333333,0.635085296108585,0.73333333333333,0.635085296108585,0.73333333333333,
0.635085296108585,0.73333333333333,0.635085296108585,0.73333333333333,0.635085296108585,
0.73333333333333,0.635085296108585,0.73333333333333,0.635085296108585,0.73333333333333,
0.635085296108585,0.73333333333333,0.635085296108585,0.73333333333333,0.635085296108585,
0.73333333333333,0.635085296108585,0.73333333333333,0.669677840544399,0.688507899154984),
(0.955801017661851,0.893941898191315,1.,0.866025403784439,1.,0.866025403784439,
1.,0.866025403784439,1.,0.866025403784439,1.,0.866025403784439,1.,0.866025403784439,
1.,0.866025403784439,1.,0.866025403784439,1.,0.866025403784439,1.,0.866025403784439,
1.,0.866025403784439,1.,0.866025403784439,1.,0.866025403784439,1.,0.866025403784439,
1.,0.866025403784439,1.,0.866025403784439,1.,0.866025403784439,1.,0.866025403784439,
1.,0.866025403784439,1.,0.866025403784439,1.,0.866025403784439,1.,0.866025403784439,
1.,0.866025403784439,1.,0.866025403784439,1.,0.866025403784439,1.,0.866025403784439,
1.,0.866025403784439,1.,0.866025403784439,1.,0.913197055287821,0.93887440793862)))
REPRESENTATION_ITEM('')
SURFACE()
);
#20=CYLINDRICAL_SURFACE('',#650,0.00300000000000157);
#21=CYLINDRICAL_SURFACE('',#652,0.003);
#22=CYLINDRICAL_SURFACE('',#654,0.003);
#23=CYLINDRICAL_SURFACE('',#658,0.00300000000000178);
#24=CYLINDRICAL_SURFACE('',#660,0.003);
#25=CYLINDRICAL_SURFACE('',#662,0.003);
#26=CYLINDRICAL_SURFACE('',#666,0.001);
#27=CYLINDRICAL_SURFACE('',#670,0.002);
#28=CYLINDRICAL_SURFACE('',#671,0.001);
#29=CYLINDRICAL_SURFACE('',#675,0.002);
#30=CYLINDRICAL_SURFACE('',#676,0.003);
#31=CYLINDRICAL_SURFACE('',#680,0.003);
#32=CYLINDRICAL_SURFACE('',#686,0.00125);
#33=CYLINDRICAL_SURFACE('',#690,0.002);
#34=CYLINDRICAL_SURFACE('',#691,0.00125);
#35=CYLINDRICAL_SURFACE('',#695,0.002);
#36=CYLINDRICAL_SURFACE('',#696,0.005429);
#37=CYLINDRICAL_SURFACE('',#701,0.002794);
#38=LINE('',#915,#66);
#39=LINE('',#918,#67);
#40=LINE('',#920,#68);
#41=LINE('',#922,#69);
#42=LINE('',#927,#70);
#43=LINE('',#929,#71);
#44=LINE('',#935,#72);
#45=LINE('',#938,#73);
#46=LINE('',#940,#74);
#47=LINE('',#948,#75);
#48=LINE('',#956,#76);
#49=LINE('',#958,#77);
#50=LINE('',#959,#78);
#51=LINE('',#960,#79);
#52=LINE('',#962,#80);
#53=LINE('',#964,#81);
#54=LINE('',#966,#82);
#55=LINE('',#968,#83);
#56=LINE('',#969,#84);
#57=LINE('',#971,#85);
#58=LINE('',#973,#86);
#59=LINE('',#975,#87);
#60=LINE('',#977,#88);
#61=LINE('',#978,#89);
#62=LINE('',#981,#90);
#63=LINE('',#985,#91);
#64=LINE('',#994,#92);
#65=LINE('',#998,#93);
#66=VECTOR('',#717,1.);
#67=VECTOR('',#718,1.);
#68=VECTOR('',#719,1.);
#69=VECTOR('',#720,1.);
#70=VECTOR('',#725,1.);
#71=VECTOR('',#726,1.);
#72=VECTOR('',#733,1.);
#73=VECTOR('',#736,1.);
#74=VECTOR('',#737,1.);
#75=VECTOR('',#744,1.);
#76=VECTOR('',#751,1.);
#77=VECTOR('',#754,1.);
#78=VECTOR('',#755,1.);
#79=VECTOR('',#756,1.);
#80=VECTOR('',#757,1.);
#81=VECTOR('',#758,1.);
#82=VECTOR('',#761,1.);
#83=VECTOR('',#762,1.);
#84=VECTOR('',#763,1.);
#85=VECTOR('',#764,1.);
#86=VECTOR('',#765,1.);
#87=VECTOR('',#768,1.);
#88=VECTOR('',#769,1.);
#89=VECTOR('',#770,1.);
#90=VECTOR('',#775,1.);
#91=VECTOR('',#780,1.);
#92=VECTOR('',#793,1.);
#93=VECTOR('',#798,1.);
#94=CIRCLE('',#629,0.002794);
#95=CIRCLE('',#630,0.002);
#96=CIRCLE('',#631,0.002);
#97=CIRCLE('',#632,0.002);
#98=CIRCLE('',#633,0.002);
#99=CIRCLE('',#635,0.003);
#100=CIRCLE('',#637,0.008429);
#101=CIRCLE('',#638,0.003);
#102=CIRCLE('',#639,0.003);
#103=CIRCLE('',#640,0.003);
#104=CIRCLE('',#641,0.003);
#105=CIRCLE('',#642,0.00300000000000157);
#106=CIRCLE('',#643,0.003);
#107=CIRCLE('',#644,0.003);
#108=CIRCLE('',#645,0.00300000000000178);
#109=CIRCLE('',#651,0.00300000000000157);
#110=CIRCLE('',#653,0.003);
#111=CIRCLE('',#655,0.003);
#112=CIRCLE('',#657,0.001);
#113=CIRCLE('',#659,0.00300000000000178);
#114=CIRCLE('',#661,0.003);
#115=CIRCLE('',#663,0.003);
#116=CIRCLE('',#665,0.001);
#117=CIRCLE('',#667,0.001);
#118=CIRCLE('',#669,0.002);
#119=CIRCLE('',#672,0.001);
#120=CIRCLE('',#674,0.002);
#121=CIRCLE('',#677,0.003);
#122=CIRCLE('',#679,0.00125);
#123=CIRCLE('',#681,0.003);
#124=CIRCLE('',#682,0.003);
#125=CIRCLE('',#685,0.00125);
#126=CIRCLE('',#687,0.00125);
#127=CIRCLE('',#689,0.002);
#128=CIRCLE('',#692,0.00125);
#129=CIRCLE('',#694,0.002);
#130=CIRCLE('',#697,0.005429);
#131=CIRCLE('',#698,0.005429);
#132=CIRCLE('',#700,0.002794);
#133=ORIENTED_EDGE('',*,*,#287,.T.);
#134=ORIENTED_EDGE('',*,*,#288,.T.);
#135=ORIENTED_EDGE('',*,*,#289,.F.);
#136=ORIENTED_EDGE('',*,*,#290,.T.);
#137=ORIENTED_EDGE('',*,*,#291,.T.);
#138=ORIENTED_EDGE('',*,*,#292,.T.);
#139=ORIENTED_EDGE('',*,*,#293,.T.);
#140=ORIENTED_EDGE('',*,*,#294,.T.);
#141=ORIENTED_EDGE('',*,*,#295,.T.);
#142=ORIENTED_EDGE('',*,*,#296,.T.);
#143=ORIENTED_EDGE('',*,*,#297,.T.);
#144=ORIENTED_EDGE('',*,*,#298,.T.);
#145=ORIENTED_EDGE('',*,*,#299,.F.);
#146=ORIENTED_EDGE('',*,*,#300,.F.);
#147=ORIENTED_EDGE('',*,*,#301,.F.);
#148=ORIENTED_EDGE('',*,*,#302,.T.);
#149=ORIENTED_EDGE('',*,*,#303,.F.);
#150=ORIENTED_EDGE('',*,*,#304,.F.);
#151=ORIENTED_EDGE('',*,*,#305,.F.);
#152=ORIENTED_EDGE('',*,*,#306,.F.);
#153=ORIENTED_EDGE('',*,*,#307,.F.);
#154=ORIENTED_EDGE('',*,*,#308,.T.);
#155=ORIENTED_EDGE('',*,*,#309,.F.);
#156=ORIENTED_EDGE('',*,*,#310,.T.);
#157=ORIENTED_EDGE('',*,*,#311,.F.);
#158=ORIENTED_EDGE('',*,*,#312,.T.);
#159=ORIENTED_EDGE('',*,*,#313,.F.);
#160=ORIENTED_EDGE('',*,*,#314,.T.);
#161=ORIENTED_EDGE('',*,*,#315,.F.);
#162=ORIENTED_EDGE('',*,*,#295,.F.);
#163=ORIENTED_EDGE('',*,*,#316,.F.);
#164=ORIENTED_EDGE('',*,*,#300,.T.);
#165=ORIENTED_EDGE('',*,*,#317,.T.);
#166=ORIENTED_EDGE('',*,*,#315,.T.);
#167=ORIENTED_EDGE('',*,*,#318,.F.);
#168=ORIENTED_EDGE('',*,*,#319,.F.);
#169=ORIENTED_EDGE('',*,*,#320,.T.);
#170=ORIENTED_EDGE('',*,*,#296,.F.);
#171=ORIENTED_EDGE('',*,*,#320,.F.);
#172=ORIENTED_EDGE('',*,*,#321,.T.);
#173=ORIENTED_EDGE('',*,*,#322,.T.);
#174=ORIENTED_EDGE('',*,*,#311,.T.);
#175=ORIENTED_EDGE('',*,*,#323,.F.);
#176=ORIENTED_EDGE('',*,*,#324,.F.);
#177=ORIENTED_EDGE('',*,*,#325,.T.);
#178=ORIENTED_EDGE('',*,*,#297,.F.);
#179=ORIENTED_EDGE('',*,*,#325,.F.);
#180=ORIENTED_EDGE('',*,*,#326,.T.);
#181=ORIENTED_EDGE('',*,*,#327,.T.);
#182=ORIENTED_EDGE('',*,*,#307,.T.);
#183=ORIENTED_EDGE('',*,*,#328,.T.);
#184=ORIENTED_EDGE('',*,*,#298,.F.);
#185=ORIENTED_EDGE('',*,*,#328,.F.);
#186=ORIENTED_EDGE('',*,*,#306,.T.);
#187=ORIENTED_EDGE('',*,*,#304,.T.);
#188=ORIENTED_EDGE('',*,*,#301,.T.);
#189=ORIENTED_EDGE('',*,*,#316,.T.);
#190=ORIENTED_EDGE('',*,*,#310,.F.);
#191=ORIENTED_EDGE('',*,*,#329,.F.);
#192=ORIENTED_EDGE('',*,*,#330,.T.);
#193=ORIENTED_EDGE('',*,*,#323,.T.);
#194=ORIENTED_EDGE('',*,*,#309,.T.);
#195=ORIENTED_EDGE('',*,*,#331,.F.);
#196=ORIENTED_EDGE('',*,*,#332,.F.);
#197=ORIENTED_EDGE('',*,*,#329,.T.);
#198=ORIENTED_EDGE('',*,*,#308,.F.);
#199=ORIENTED_EDGE('',*,*,#327,.F.);
#200=ORIENTED_EDGE('',*,*,#333,.T.);
#201=ORIENTED_EDGE('',*,*,#331,.T.);
#202=ORIENTED_EDGE('',*,*,#334,.F.);
#203=ORIENTED_EDGE('',*,*,#330,.F.);
#204=ORIENTED_EDGE('',*,*,#332,.T.);
#205=ORIENTED_EDGE('',*,*,#333,.F.);
#206=ORIENTED_EDGE('',*,*,#326,.F.);
#207=ORIENTED_EDGE('',*,*,#324,.T.);
#208=ORIENTED_EDGE('',*,*,#314,.F.);
#209=ORIENTED_EDGE('',*,*,#335,.F.);
#210=ORIENTED_EDGE('',*,*,#336,.T.);
#211=ORIENTED_EDGE('',*,*,#318,.T.);
#212=ORIENTED_EDGE('',*,*,#313,.T.);
#213=ORIENTED_EDGE('',*,*,#337,.F.);
#214=ORIENTED_EDGE('',*,*,#338,.F.);
#215=ORIENTED_EDGE('',*,*,#335,.T.);
#216=ORIENTED_EDGE('',*,*,#312,.F.);
#217=ORIENTED_EDGE('',*,*,#322,.F.);
#218=ORIENTED_EDGE('',*,*,#339,.T.);
#219=ORIENTED_EDGE('',*,*,#337,.T.);
#220=ORIENTED_EDGE('',*,*,#340,.F.);
#221=ORIENTED_EDGE('',*,*,#336,.F.);
#222=ORIENTED_EDGE('',*,*,#338,.T.);
#223=ORIENTED_EDGE('',*,*,#339,.F.);
#224=ORIENTED_EDGE('',*,*,#321,.F.);
#225=ORIENTED_EDGE('',*,*,#319,.T.);
#226=ORIENTED_EDGE('',*,*,#340,.T.);
#227=ORIENTED_EDGE('',*,*,#341,.F.);
#228=ORIENTED_EDGE('',*,*,#341,.T.);
#229=ORIENTED_EDGE('',*,*,#342,.F.);
#230=ORIENTED_EDGE('',*,*,#342,.T.);
#231=ORIENTED_EDGE('',*,*,#294,.F.);
#232=ORIENTED_EDGE('',*,*,#334,.T.);
#233=ORIENTED_EDGE('',*,*,#343,.F.);
#234=ORIENTED_EDGE('',*,*,#343,.T.);
#235=ORIENTED_EDGE('',*,*,#344,.F.);
#236=ORIENTED_EDGE('',*,*,#344,.T.);
#237=ORIENTED_EDGE('',*,*,#293,.F.);
#238=ORIENTED_EDGE('',*,*,#305,.T.);
#239=ORIENTED_EDGE('',*,*,#345,.F.);
#240=ORIENTED_EDGE('',*,*,#346,.F.);
#241=ORIENTED_EDGE('',*,*,#345,.T.);
#242=ORIENTED_EDGE('',*,*,#347,.T.);
#243=ORIENTED_EDGE('',*,*,#299,.T.);
#244=ORIENTED_EDGE('',*,*,#303,.T.);
#245=ORIENTED_EDGE('',*,*,#348,.F.);
#246=ORIENTED_EDGE('',*,*,#317,.F.);
#247=ORIENTED_EDGE('',*,*,#347,.F.);
#248=ORIENTED_EDGE('',*,*,#349,.F.);
#249=ORIENTED_EDGE('',*,*,#348,.T.);
#250=ORIENTED_EDGE('',*,*,#349,.T.);
#251=ORIENTED_EDGE('',*,*,#350,.F.);
#252=ORIENTED_EDGE('',*,*,#350,.T.);
#253=ORIENTED_EDGE('',*,*,#351,.F.);
#254=ORIENTED_EDGE('',*,*,#351,.T.);
#255=ORIENTED_EDGE('',*,*,#291,.F.);
#256=ORIENTED_EDGE('',*,*,#346,.T.);
#257=ORIENTED_EDGE('',*,*,#352,.F.);
#258=ORIENTED_EDGE('',*,*,#352,.T.);
#259=ORIENTED_EDGE('',*,*,#353,.F.);
#260=ORIENTED_EDGE('',*,*,#353,.T.);
#261=ORIENTED_EDGE('',*,*,#292,.F.);
#262=ORIENTED_EDGE('',*,*,#354,.T.);
#263=ORIENTED_EDGE('',*,*,#355,.F.);
#264=ORIENTED_EDGE('',*,*,#356,.F.);
#265=ORIENTED_EDGE('',*,*,#357,.F.);
#266=ORIENTED_EDGE('',*,*,#358,.F.);
#267=ORIENTED_EDGE('',*,*,#359,.T.);
#268=ORIENTED_EDGE('',*,*,#355,.T.);
#269=ORIENTED_EDGE('',*,*,#288,.F.);
#270=ORIENTED_EDGE('',*,*,#360,.T.);
#271=ORIENTED_EDGE('',*,*,#356,.T.);
#272=ORIENTED_EDGE('',*,*,#361,.F.);
#273=ORIENTED_EDGE('',*,*,#358,.T.);
#274=ORIENTED_EDGE('',*,*,#362,.F.);
#275=ORIENTED_EDGE('',*,*,#290,.F.);
#276=ORIENTED_EDGE('',*,*,#363,.T.);
#277=ORIENTED_EDGE('',*,*,#357,.T.);
#278=ORIENTED_EDGE('',*,*,#360,.F.);
#279=ORIENTED_EDGE('',*,*,#287,.F.);
#280=ORIENTED_EDGE('',*,*,#362,.T.);
#281=ORIENTED_EDGE('',*,*,#289,.T.);
#282=ORIENTED_EDGE('',*,*,#361,.T.);
#283=ORIENTED_EDGE('',*,*,#359,.F.);
#284=ORIENTED_EDGE('',*,*,#363,.F.);
#285=ORIENTED_EDGE('',*,*,#302,.F.);
#286=ORIENTED_EDGE('',*,*,#354,.F.);
#287=EDGE_CURVE('',#364,#365,#421,.T.);
#288=EDGE_CURVE('',#365,#366,#422,.T.);
#289=EDGE_CURVE('',#367,#366,#94,.T.);
#290=EDGE_CURVE('',#367,#364,#423,.T.);
#291=EDGE_CURVE('',#368,#368,#95,.T.);
#292=EDGE_CURVE('',#369,#369,#96,.T.);
#293=EDGE_CURVE('',#370,#370,#97,.T.);
#294=EDGE_CURVE('',#371,#371,#98,.T.);
#295=EDGE_CURVE('',#372,#373,#38,.T.);
#296=EDGE_CURVE('',#373,#374,#39,.T.);
#297=EDGE_CURVE('',#374,#375,#40,.T.);
#298=EDGE_CURVE('',#375,#372,#41,.T.);
#299=EDGE_CURVE('',#376,#377,#99,.T.);
#300=EDGE_CURVE('',#378,#376,#42,.T.);
#301=EDGE_CURVE('',#377,#378,#43,.T.);
#302=EDGE_CURVE('',#379,#379,#100,.T.);
#303=EDGE_CURVE('',#377,#380,#101,.T.);
#304=EDGE_CURVE('',#381,#377,#44,.T.);
#305=EDGE_CURVE('',#381,#381,#102,.T.);
#306=EDGE_CURVE('',#382,#381,#45,.T.);
#307=EDGE_CURVE('',#383,#382,#46,.T.);
#308=EDGE_CURVE('',#383,#384,#103,.T.);
#309=EDGE_CURVE('',#385,#384,#104,.T.);
#310=EDGE_CURVE('',#385,#386,#105,.T.);
#311=EDGE_CURVE('',#387,#386,#47,.T.);
#312=EDGE_CURVE('',#387,#388,#106,.T.);
#313=EDGE_CURVE('',#389,#388,#107,.T.);
#314=EDGE_CURVE('',#389,#390,#108,.T.);
#315=EDGE_CURVE('',#380,#390,#48,.T.);
#316=EDGE_CURVE('',#378,#372,#49,.T.);
#317=EDGE_CURVE('',#376,#380,#50,.T.);
#318=EDGE_CURVE('',#391,#390,#51,.T.);
#319=EDGE_CURVE('',#392,#391,#52,.T.);
#320=EDGE_CURVE('',#392,#373,#53,.T.);
#321=EDGE_CURVE('',#392,#393,#54,.T.);
#322=EDGE_CURVE('',#393,#387,#55,.T.);
#323=EDGE_CURVE('',#394,#386,#56,.T.);
#324=EDGE_CURVE('',#395,#394,#57,.T.);
#325=EDGE_CURVE('',#395,#374,#58,.T.);
#326=EDGE_CURVE('',#395,#396,#59,.T.);
#327=EDGE_CURVE('',#396,#383,#60,.T.);
#328=EDGE_CURVE('',#382,#375,#61,.T.);
#329=EDGE_CURVE('',#397,#385,#62,.T.);
#330=EDGE_CURVE('',#397,#394,#109,.T.);
#331=EDGE_CURVE('',#398,#384,#63,.T.);
#332=EDGE_CURVE('',#397,#398,#110,.T.);
#333=EDGE_CURVE('',#396,#398,#111,.T.);
#334=EDGE_CURVE('',#399,#399,#112,.T.);
#335=EDGE_CURVE('',#400,#389,#64,.T.);
#336=EDGE_CURVE('',#400,#391,#113,.T.);
#337=EDGE_CURVE('',#401,#388,#65,.T.);
#338=EDGE_CURVE('',#400,#401,#114,.T.);
#339=EDGE_CURVE('',#393,#401,#115,.T.);
#340=EDGE_CURVE('',#402,#402,#116,.T.);
#341=EDGE_CURVE('',#403,#403,#117,.T.);
#342=EDGE_CURVE('',#404,#404,#118,.T.);
#343=EDGE_CURVE('',#405,#405,#119,.T.);
#344=EDGE_CURVE('',#406,#406,#120,.T.);
#345=EDGE_CURVE('',#407,#407,#121,.T.);
#346=EDGE_CURVE('',#408,#408,#122,.T.);
#347=EDGE_CURVE('',#380,#376,#123,.T.);
#348=EDGE_CURVE('',#409,#409,#124,.T.);
#349=EDGE_CURVE('',#410,#410,#125,.T.);
#350=EDGE_CURVE('',#411,#411,#126,.T.);
#351=EDGE_CURVE('',#412,#412,#127,.T.);
#352=EDGE_CURVE('',#413,#413,#128,.T.);
#353=EDGE_CURVE('',#414,#414,#129,.T.);
#354=EDGE_CURVE('',#415,#415,#130,.F.);
#355=EDGE_CURVE('',#416,#416,#131,.T.);
#356=EDGE_CURVE('',#417,#418,#424,.T.);
#357=EDGE_CURVE('',#419,#417,#425,.T.);
#358=EDGE_CURVE('',#420,#419,#426,.F.);
#359=EDGE_CURVE('',#420,#418,#132,.T.);
#360=EDGE_CURVE('',#365,#417,#13,.T.);
#361=EDGE_CURVE('',#366,#418,#14,.T.);
#362=EDGE_CURVE('',#364,#419,#15,.T.);
#363=EDGE_CURVE('',#367,#420,#16,.T.);
#364=VERTEX_POINT('',#889);
#365=VERTEX_POINT('',#890);
#366=VERTEX_POINT('',#898);
#367=VERTEX_POINT('',#900);
#368=VERTEX_POINT('',#908);
#369=VERTEX_POINT('',#910);
#370=VERTEX_POINT('',#912);
#371=VERTEX_POINT('',#914);
#372=VERTEX_POINT('',#916);
#373=VERTEX_POINT('',#917);
#374=VERTEX_POINT('',#919);
#375=VERTEX_POINT('',#921);
#376=VERTEX_POINT('',#925);
#377=VERTEX_POINT('',#926);
#378=VERTEX_POINT('',#928);
#379=VERTEX_POINT('',#932);
#380=VERTEX_POINT('',#934);
#381=VERTEX_POINT('',#936);
#382=VERTEX_POINT('',#939);
#383=VERTEX_POINT('',#941);
#384=VERTEX_POINT('',#943);
#385=VERTEX_POINT('',#945);
#386=VERTEX_POINT('',#947);
#387=VERTEX_POINT('',#949);
#388=VERTEX_POINT('',#951);
#389=VERTEX_POINT('',#953);
#390=VERTEX_POINT('',#955);
#391=VERTEX_POINT('',#961);
#392=VERTEX_POINT('',#963);
#393=VERTEX_POINT('',#967);
#394=VERTEX_POINT('',#970);
#395=VERTEX_POINT('',#972);
#396=VERTEX_POINT('',#976);
#397=VERTEX_POINT('',#982);
#398=VERTEX_POINT('',#986);
#399=VERTEX_POINT('',#992);
#400=VERTEX_POINT('',#995);
#401=VERTEX_POINT('',#999);
#402=VERTEX_POINT('',#1005);
#403=VERTEX_POINT('',#1008);
#404=VERTEX_POINT('',#1011);
#405=VERTEX_POINT('',#1015);
#406=VERTEX_POINT('',#1018);
#407=VERTEX_POINT('',#1022);
#408=VERTEX_POINT('',#1025);
#409=VERTEX_POINT('',#1029);
#410=VERTEX_POINT('',#1033);
#411=VERTEX_POINT('',#1036);
#412=VERTEX_POINT('',#1039);
#413=VERTEX_POINT('',#1043);
#414=VERTEX_POINT('',#1046);
#415=VERTEX_POINT('',#1050);
#416=VERTEX_POINT('',#1052);
#417=VERTEX_POINT('',#1059);
#418=VERTEX_POINT('',#1060);
#419=VERTEX_POINT('',#1066);
#420=VERTEX_POINT('',#1072);
#421=B_SPLINE_CURVE_WITH_KNOTS('',3,(#885,#886,#887,#888),.UNSPECIFIED.,
 .F.,.F.,(4,4),(0.00618352730801738,0.00898190353051386),.UNSPECIFIED.);
#422=B_SPLINE_CURVE_WITH_KNOTS('',3,(#891,#892,#893,#894,#895,#896,#897),
 .UNSPECIFIED.,.F.,.F.,(4,1,1,1,4),(0.0426701387809651,0.0442054971212475,
0.0457408554615299,0.0472762138018123,0.0488115721420947),.UNSPECIFIED.);
#423=B_SPLINE_CURVE_WITH_KNOTS('',3,(#901,#902,#903,#904,#905,#906),
 .UNSPECIFIED.,.F.,.F.,(4,1,1,4),(0.0116026713782474,0.0147737823988958,
0.01635933790922,0.0179448934195442),.UNSPECIFIED.);
#424=B_SPLINE_CURVE_WITH_KNOTS('',3,(#1054,#1055,#1056,#1057,#1058),
 .UNSPECIFIED.,.F.,.F.,(4,1,4),(0.0263976489639076,0.0294686063059995,0.0325395636480913),
 .UNSPECIFIED.);
#425=B_SPLINE_CURVE_WITH_KNOTS('',3,(#1061,#1062,#1063,#1064,#1065),
 .UNSPECIFIED.,.F.,.F.,(4,1,4),(0.00613821571877858,0.00754533325751426,
0.00895245079624994),.UNSPECIFIED.);
#426=B_SPLINE_CURVE_WITH_KNOTS('',3,(#1067,#1068,#1069,#1070,#1071),
 .UNSPECIFIED.,.F.,.F.,(4,1,4),(0.0175459186607845,0.0205727603432409,0.0235996020256973),
 .UNSPECIFIED.);
#427=EDGE_LOOP('',(#133,#134,#135,#136));
#428=EDGE_LOOP('',(#137));
#429=EDGE_LOOP('',(#138));
#430=EDGE_LOOP('',(#139));
#431=EDGE_LOOP('',(#140));
#432=EDGE_LOOP('',(#141,#142,#143,#144));
#433=EDGE_LOOP('',(#145,#146,#147));
#434=EDGE_LOOP('',(#148));
#435=EDGE_LOOP('',(#149,#150,#151,#152,#153,#154,#155,#156,#157,#158,#159,
#160,#161));
#436=EDGE_LOOP('',(#162,#163,#164,#165,#166,#167,#168,#169));
#437=EDGE_LOOP('',(#170,#171,#172,#173,#174,#175,#176,#177));
#438=EDGE_LOOP('',(#178,#179,#180,#181,#182,#183));
#439=EDGE_LOOP('',(#184,#185,#186,#187,#188,#189));
#440=EDGE_LOOP('',(#190,#191,#192,#193));
#441=EDGE_LOOP('',(#194,#195,#196,#197));
#442=EDGE_LOOP('',(#198,#199,#200,#201));
#443=EDGE_LOOP('',(#202));
#444=EDGE_LOOP('',(#203,#204,#205,#206,#207));
#445=EDGE_LOOP('',(#208,#209,#210,#211));
#446=EDGE_LOOP('',(#212,#213,#214,#215));
#447=EDGE_LOOP('',(#216,#217,#218,#219));
#448=EDGE_LOOP('',(#220));
#449=EDGE_LOOP('',(#221,#222,#223,#224,#225));
#450=EDGE_LOOP('',(#226));
#451=EDGE_LOOP('',(#227));
#452=EDGE_LOOP('',(#228));
#453=EDGE_LOOP('',(#229));
#454=EDGE_LOOP('',(#230));
#455=EDGE_LOOP('',(#231));
#456=EDGE_LOOP('',(#232));
#457=EDGE_LOOP('',(#233));
#458=EDGE_LOOP('',(#234));
#459=EDGE_LOOP('',(#235));
#460=EDGE_LOOP('',(#236));
#461=EDGE_LOOP('',(#237));
#462=EDGE_LOOP('',(#238));
#463=EDGE_LOOP('',(#239));
#464=EDGE_LOOP('',(#240));
#465=EDGE_LOOP('',(#241));
#466=EDGE_LOOP('',(#242,#243,#244));
#467=EDGE_LOOP('',(#245));
#468=EDGE_LOOP('',(#246,#247));
#469=EDGE_LOOP('',(#248));
#470=EDGE_LOOP('',(#249));
#471=EDGE_LOOP('',(#250));
#472=EDGE_LOOP('',(#251));
#473=EDGE_LOOP('',(#252));
#474=EDGE_LOOP('',(#253));
#475=EDGE_LOOP('',(#254));
#476=EDGE_LOOP('',(#255));
#477=EDGE_LOOP('',(#256));
#478=EDGE_LOOP('',(#257));
#479=EDGE_LOOP('',(#258));
#480=EDGE_LOOP('',(#259));
#481=EDGE_LOOP('',(#260));
#482=EDGE_LOOP('',(#261));
#483=EDGE_LOOP('',(#262));
#484=EDGE_LOOP('',(#263));
#485=EDGE_LOOP('',(#264,#265,#266,#267));
#486=EDGE_LOOP('',(#268));
#487=EDGE_LOOP('',(#269,#270,#271,#272));
#488=EDGE_LOOP('',(#273,#274,#275,#276));
#489=EDGE_LOOP('',(#277,#278,#279,#280));
#490=EDGE_LOOP('',(#281,#282,#283,#284));
#491=EDGE_LOOP('',(#285));
#492=EDGE_LOOP('',(#286));
#493=FACE_BOUND('',#427,.T.);
#494=FACE_BOUND('',#428,.T.);
#495=FACE_BOUND('',#429,.T.);
#496=FACE_BOUND('',#430,.T.);
#497=FACE_BOUND('',#431,.T.);
#498=FACE_BOUND('',#432,.T.);
#499=FACE_BOUND('',#433,.T.);
#500=FACE_BOUND('',#434,.T.);
#501=FACE_BOUND('',#435,.T.);
#502=FACE_BOUND('',#436,.T.);
#503=FACE_BOUND('',#437,.T.);
#504=FACE_BOUND('',#438,.T.);
#505=FACE_BOUND('',#439,.T.);
#506=FACE_BOUND('',#440,.T.);
#507=FACE_BOUND('',#441,.T.);
#508=FACE_BOUND('',#442,.T.);
#509=FACE_BOUND('',#443,.T.);
#510=FACE_BOUND('',#444,.T.);
#511=FACE_BOUND('',#445,.T.);
#512=FACE_BOUND('',#446,.T.);
#513=FACE_BOUND('',#447,.T.);
#514=FACE_BOUND('',#448,.T.);
#515=FACE_BOUND('',#449,.T.);
#516=FACE_BOUND('',#450,.T.);
#517=FACE_BOUND('',#451,.T.);
#518=FACE_BOUND('',#452,.T.);
#519=FACE_BOUND('',#453,.T.);
#520=FACE_BOUND('',#454,.T.);
#521=FACE_BOUND('',#455,.T.);
#522=FACE_BOUND('',#456,.T.);
#523=FACE_BOUND('',#457,.T.);
#524=FACE_BOUND('',#458,.T.);
#525=FACE_BOUND('',#459,.T.);
#526=FACE_BOUND('',#460,.T.);
#527=FACE_BOUND('',#461,.T.);
#528=FACE_BOUND('',#462,.T.);
#529=FACE_BOUND('',#463,.T.);
#530=FACE_BOUND('',#464,.T.);
#531=FACE_BOUND('',#465,.T.);
#532=FACE_BOUND('',#466,.T.);
#533=FACE_BOUND('',#467,.T.);
#534=FACE_BOUND('',#468,.T.);
#535=FACE_BOUND('',#469,.T.);
#536=FACE_BOUND('',#470,.T.);
#537=FACE_BOUND('',#471,.T.);
#538=FACE_BOUND('',#472,.T.);
#539=FACE_BOUND('',#473,.T.);
#540=FACE_BOUND('',#474,.T.);
#541=FACE_BOUND('',#475,.T.);
#542=FACE_BOUND('',#476,.T.);
#543=FACE_BOUND('',#477,.T.);
#544=FACE_BOUND('',#478,.T.);
#545=FACE_BOUND('',#479,.T.);
#546=FACE_BOUND('',#480,.T.);
#547=FACE_BOUND('',#481,.T.);
#548=FACE_BOUND('',#482,.T.);
#549=FACE_BOUND('',#483,.T.);
#550=FACE_BOUND('',#484,.T.);
#551=FACE_BOUND('',#485,.T.);
#552=FACE_BOUND('',#486,.T.);
#553=FACE_BOUND('',#487,.T.);
#554=FACE_BOUND('',#488,.T.);
#555=FACE_BOUND('',#489,.T.);
#556=FACE_BOUND('',#490,.T.);
#557=FACE_BOUND('',#491,.T.);
#558=FACE_BOUND('',#492,.T.);
#559=PLANE('',#628);
#560=PLANE('',#634);
#561=PLANE('',#636);
#562=PLANE('',#646);
#563=PLANE('',#647);
#564=PLANE('',#648);
#565=PLANE('',#649);
#566=PLANE('',#656);
#567=PLANE('',#664);
#568=PLANE('',#668);
#569=PLANE('',#673);
#570=PLANE('',#678);
#571=PLANE('',#683);
#572=PLANE('',#684);
#573=PLANE('',#688);
#574=PLANE('',#693);
#575=PLANE('',#699);
#576=ADVANCED_FACE('',(#493,#494,#495,#496,#497,#498),#559,.T.);
#577=ADVANCED_FACE('',(#499),#560,.F.);
#578=ADVANCED_FACE('',(#500,#501),#561,.F.);
#579=ADVANCED_FACE('',(#502),#562,.T.);
#580=ADVANCED_FACE('',(#503),#563,.T.);
#581=ADVANCED_FACE('',(#504),#564,.T.);
#582=ADVANCED_FACE('',(#505),#565,.T.);
#583=ADVANCED_FACE('',(#506),#20,.F.);
#584=ADVANCED_FACE('',(#507),#21,.T.);
#585=ADVANCED_FACE('',(#508),#22,.F.);
#586=ADVANCED_FACE('',(#509,#510),#566,.T.);
#587=ADVANCED_FACE('',(#511),#23,.F.);
#588=ADVANCED_FACE('',(#512),#24,.T.);
#589=ADVANCED_FACE('',(#513),#25,.F.);
#590=ADVANCED_FACE('',(#514,#515),#567,.T.);
#591=ADVANCED_FACE('',(#516,#517),#26,.F.);
#592=ADVANCED_FACE('',(#518,#519),#568,.T.);
#593=ADVANCED_FACE('',(#520,#521),#27,.F.);
#594=ADVANCED_FACE('',(#522,#523),#28,.F.);
#595=ADVANCED_FACE('',(#524,#525),#569,.T.);
#596=ADVANCED_FACE('',(#526,#527),#29,.F.);
#597=ADVANCED_FACE('',(#528,#529),#30,.T.);
#598=ADVANCED_FACE('',(#530,#531),#570,.T.);
#599=ADVANCED_FACE('',(#532,#533),#31,.T.);
#600=ADVANCED_FACE('',(#534),#571,.F.);
#601=ADVANCED_FACE('',(#535,#536),#572,.T.);
#602=ADVANCED_FACE('',(#537,#538),#32,.F.);
#603=ADVANCED_FACE('',(#539,#540),#573,.T.);
#604=ADVANCED_FACE('',(#541,#542),#33,.F.);
#605=ADVANCED_FACE('',(#543,#544),#34,.F.);
#606=ADVANCED_FACE('',(#545,#546),#574,.T.);
#607=ADVANCED_FACE('',(#547,#548),#35,.F.);
#608=ADVANCED_FACE('',(#549,#550),#36,.T.);
#609=ADVANCED_FACE('',(#551,#552),#575,.T.);
#610=ADVANCED_FACE('',(#553),#17,.F.);
#611=ADVANCED_FACE('',(#554),#18,.F.);
#612=ADVANCED_FACE('',(#555),#19,.F.);
#613=ADVANCED_FACE('',(#556),#37,.F.);
#614=ADVANCED_FACE('',(#557,#558),#12,.F.);
#615=CLOSED_SHELL('',(#576,#577,#578,#579,#580,#581,#582,#583,#584,#585,
#586,#587,#588,#589,#590,#591,#592,#593,#594,#595,#596,#597,#598,#599,#600,
#601,#602,#603,#604,#605,#606,#607,#608,#609,#610,#611,#612,#613,#614));
#616=STYLED_ITEM('',(#617),#624);
#617=PRESENTATION_STYLE_ASSIGNMENT((#618));
#618=SURFACE_STYLE_USAGE(.BOTH.,#619);
#619=SURFACE_SIDE_STYLE('',(#620));
#620=SURFACE_STYLE_FILL_AREA(#621);
#621=FILL_AREA_STYLE('',(#622));
#622=FILL_AREA_STYLE_COLOUR('',#623);
#623=COLOUR_RGB('',0.231372549019608,0.380392156862745,0.705882352941177);
#624=MANIFOLD_SOLID_BREP('Lid',#615);
#625=SHAPE_DEFINITION_REPRESENTATION(#1970,#626);
#626=SHAPE_REPRESENTATION('Lid',(#627),#1965);
#627=AXIS2_PLACEMENT_3D('',#883,#703,#704);
#628=AXIS2_PLACEMENT_3D('',#884,#705,#706);
#629=AXIS2_PLACEMENT_3D('',#899,#707,#708);
#630=AXIS2_PLACEMENT_3D('',#907,#709,#710);
#631=AXIS2_PLACEMENT_3D('',#909,#711,#712);
#632=AXIS2_PLACEMENT_3D('',#911,#713,#714);
#633=AXIS2_PLACEMENT_3D('',#913,#715,#716);
#634=AXIS2_PLACEMENT_3D('',#923,#721,#722);
#635=AXIS2_PLACEMENT_3D('',#924,#723,#724);
#636=AXIS2_PLACEMENT_3D('',#930,#727,#728);
#637=AXIS2_PLACEMENT_3D('',#931,#729,#730);
#638=AXIS2_PLACEMENT_3D('',#933,#731,#732);
#639=AXIS2_PLACEMENT_3D('',#937,#734,#735);
#640=AXIS2_PLACEMENT_3D('',#942,#738,#739);
#641=AXIS2_PLACEMENT_3D('',#944,#740,#741);
#642=AXIS2_PLACEMENT_3D('',#946,#742,#743);
#643=AXIS2_PLACEMENT_3D('',#950,#745,#746);
#644=AXIS2_PLACEMENT_3D('',#952,#747,#748);
#645=AXIS2_PLACEMENT_3D('',#954,#749,#750);
#646=AXIS2_PLACEMENT_3D('',#957,#752,#753);
#647=AXIS2_PLACEMENT_3D('',#965,#759,#760);
#648=AXIS2_PLACEMENT_3D('',#974,#766,#767);
#649=AXIS2_PLACEMENT_3D('',#979,#771,#772);
#650=AXIS2_PLACEMENT_3D('',#980,#773,#774);
#651=AXIS2_PLACEMENT_3D('',#983,#776,#777);
#652=AXIS2_PLACEMENT_3D('',#984,#778,#779);
#653=AXIS2_PLACEMENT_3D('',#987,#781,#782);
#654=AXIS2_PLACEMENT_3D('',#988,#783,#784);
#655=AXIS2_PLACEMENT_3D('',#989,#785,#786);
#656=AXIS2_PLACEMENT_3D('',#990,#787,#788);
#657=AXIS2_PLACEMENT_3D('',#991,#789,#790);
#658=AXIS2_PLACEMENT_3D('',#993,#791,#792);
#659=AXIS2_PLACEMENT_3D('',#996,#794,#795);
#660=AXIS2_PLACEMENT_3D('',#997,#796,#797);
#661=AXIS2_PLACEMENT_3D('',#1000,#799,#800);
#662=AXIS2_PLACEMENT_3D('',#1001,#801,#802);
#663=AXIS2_PLACEMENT_3D('',#1002,#803,#804);
#664=AXIS2_PLACEMENT_3D('',#1003,#805,#806);
#665=AXIS2_PLACEMENT_3D('',#1004,#807,#808);
#666=AXIS2_PLACEMENT_3D('',#1006,#809,#810);
#667=AXIS2_PLACEMENT_3D('',#1007,#811,#812);
#668=AXIS2_PLACEMENT_3D('',#1009,#813,#814);
#669=AXIS2_PLACEMENT_3D('',#1010,#815,#816);
#670=AXIS2_PLACEMENT_3D('',#1012,#817,#818);
#671=AXIS2_PLACEMENT_3D('',#1013,#819,#820);
#672=AXIS2_PLACEMENT_3D('',#1014,#821,#822);
#673=AXIS2_PLACEMENT_3D('',#1016,#823,#824);
#674=AXIS2_PLACEMENT_3D('',#1017,#825,#826);
#675=AXIS2_PLACEMENT_3D('',#1019,#827,#828);
#676=AXIS2_PLACEMENT_3D('',#1020,#829,#830);
#677=AXIS2_PLACEMENT_3D('',#1021,#831,#832);
#678=AXIS2_PLACEMENT_3D('',#1023,#833,#834);
#679=AXIS2_PLACEMENT_3D('',#1024,#835,#836);
#680=AXIS2_PLACEMENT_3D('',#1026,#837,#838);
#681=AXIS2_PLACEMENT_3D('',#1027,#839,#840);
#682=AXIS2_PLACEMENT_3D('',#1028,#841,#842);
#683=AXIS2_PLACEMENT_3D('',#1030,#843,#844);
#684=AXIS2_PLACEMENT_3D('',#1031,#845,#846);
#685=AXIS2_PLACEMENT_3D('',#1032,#847,#848);
#686=AXIS2_PLACEMENT_3D('',#1034,#849,#850);
#687=AXIS2_PLACEMENT_3D('',#1035,#851,#852);
#688=AXIS2_PLACEMENT_3D('',#1037,#853,#854);
#689=AXIS2_PLACEMENT_3D('',#1038,#855,#856);
#690=AXIS2_PLACEMENT_3D('',#1040,#857,#858);
#691=AXIS2_PLACEMENT_3D('',#1041,#859,#860);
#692=AXIS2_PLACEMENT_3D('',#1042,#861,#862);
#693=AXIS2_PLACEMENT_3D('',#1044,#863,#864);
#694=AXIS2_PLACEMENT_3D('',#1045,#865,#866);
#695=AXIS2_PLACEMENT_3D('',#1047,#867,#868);
#696=AXIS2_PLACEMENT_3D('',#1048,#869,#870);
#697=AXIS2_PLACEMENT_3D('',#1049,#871,#872);
#698=AXIS2_PLACEMENT_3D('',#1051,#873,#874);
#699=AXIS2_PLACEMENT_3D('',#1053,#875,#876);
#700=AXIS2_PLACEMENT_3D('',#1073,#877,#878);
#701=AXIS2_PLACEMENT_3D('',#1962,#879,#880);
#702=AXIS2_PLACEMENT_3D('',#1963,#881,#882);
#703=DIRECTION('',(0.,0.,1.));
#704=DIRECTION('',(1.,0.,0.));
#705=DIRECTION('',(0.,0.,-1.));
#706=DIRECTION('',(1.,0.,0.));
#707=DIRECTION('',(0.,0.,-1.));
#708=DIRECTION('',(-1.,0.,0.));
#709=DIRECTION('',(0.,0.,1.));
#710=DIRECTION('',(1.,0.,0.));
#711=DIRECTION('',(0.,0.,1.));
#712=DIRECTION('',(1.,0.,0.));
#713=DIRECTION('',(0.,0.,1.));
#714=DIRECTION('',(1.,0.,0.));
#715=DIRECTION('',(0.,0.,1.));
#716=DIRECTION('',(1.,0.,0.));
#717=DIRECTION('',(0.,1.,0.));
#718=DIRECTION('',(1.,0.,0.));
#719=DIRECTION('',(0.,-1.,0.));
#720=DIRECTION('',(-1.,0.,0.));
#721=DIRECTION('',(0.,0.,-1.));
#722=DIRECTION('',(1.,0.,0.));
#723=DIRECTION('',(0.,0.,1.));
#724=DIRECTION('',(1.,0.,0.));
#725=DIRECTION('',(0.,1.,0.));
#726=DIRECTION('',(-1.,0.,0.));
#727=DIRECTION('',(0.,0.,-1.));
#728=DIRECTION('',(1.,0.,0.));
#729=DIRECTION('',(0.,0.,-1.));
#730=DIRECTION('',(-1.,0.,0.));
#731=DIRECTION('',(0.,0.,1.));
#732=DIRECTION('',(1.,0.,0.));
#733=DIRECTION('',(-1.,0.,0.));
#734=DIRECTION('',(0.,0.,1.));
#735=DIRECTION('',(1.,0.,0.));
#736=DIRECTION('',(-1.,0.,0.));
#737=DIRECTION('',(0.,-1.,0.));
#738=DIRECTION('',(0.,0.,1.));
#739=DIRECTION('',(1.,0.,0.));
#740=DIRECTION('',(0.,0.,1.));
#741=DIRECTION('',(1.,0.,0.));
#742=DIRECTION('',(0.,0.,1.));
#743=DIRECTION('',(1.,0.,0.));
#744=DIRECTION('',(1.,0.,0.));
#745=DIRECTION('',(0.,0.,1.));
#746=DIRECTION('',(1.,0.,0.));
#747=DIRECTION('',(0.,0.,1.));
#748=DIRECTION('',(1.,0.,0.));
#749=DIRECTION('',(0.,0.,1.));
#750=DIRECTION('',(1.,0.,0.));
#751=DIRECTION('',(0.,1.,0.));
#752=DIRECTION('',(-1.,0.,0.));
#753=DIRECTION('',(0.,0.,1.));
#754=DIRECTION('',(0.,0.,-1.));
#755=DIRECTION('',(0.,1.,0.));
#756=DIRECTION('',(0.,0.,-1.));
#757=DIRECTION('',(0.,-1.,0.));
#758=DIRECTION('',(0.,0.,-1.));
#759=DIRECTION('',(0.,1.,0.));
#760=DIRECTION('',(0.,0.,1.));
#761=DIRECTION('',(1.,0.,0.));
#762=DIRECTION('',(0.,0.,-1.));
#763=DIRECTION('',(0.,0.,-1.));
#764=DIRECTION('',(-1.,0.,0.));
#765=DIRECTION('',(0.,0.,-1.));
#766=DIRECTION('',(1.,0.,0.));
#767=DIRECTION('',(0.,0.,-1.));
#768=DIRECTION('',(0.,-1.,0.));
#769=DIRECTION('',(0.,0.,-1.));
#770=DIRECTION('',(0.,0.,-1.));
#771=DIRECTION('',(0.,-1.,0.));
#772=DIRECTION('',(0.,0.,-1.));
#773=DIRECTION('',(0.,0.,-1.));
#774=DIRECTION('',(-1.,0.,0.));
#775=DIRECTION('',(0.,0.,-1.));
#776=DIRECTION('',(0.,0.,1.));
#777=DIRECTION('',(1.,0.,0.));
#778=DIRECTION('',(0.,0.,-1.));
#779=DIRECTION('',(-1.,0.,0.));
#780=DIRECTION('',(0.,0.,-1.));
#781=DIRECTION('',(0.,0.,1.));
#782=DIRECTION('',(1.,0.,0.));
#783=DIRECTION('',(0.,0.,-1.));
#784=DIRECTION('',(-1.,0.,0.));
#785=DIRECTION('',(0.,0.,1.));
#786=DIRECTION('',(1.,0.,0.));
#787=DIRECTION('',(0.,0.,1.));
#788=DIRECTION('',(1.,0.,0.));
#789=DIRECTION('',(0.,0.,1.));
#790=DIRECTION('',(1.,0.,0.));
#791=DIRECTION('',(0.,0.,-1.));
#792=DIRECTION('',(-1.,0.,0.));
#793=DIRECTION('',(0.,0.,-1.));
#794=DIRECTION('',(0.,0.,1.));
#795=DIRECTION('',(1.,0.,0.));
#796=DIRECTION('',(0.,0.,-1.));
#797=DIRECTION('',(-1.,0.,0.));
#798=DIRECTION('',(0.,0.,-1.));
#799=DIRECTION('',(0.,0.,1.));
#800=DIRECTION('',(1.,0.,0.));
#801=DIRECTION('',(0.,0.,-1.));
#802=DIRECTION('',(-1.,0.,0.));
#803=DIRECTION('',(0.,0.,1.));
#804=DIRECTION('',(1.,0.,0.));
#805=DIRECTION('',(0.,0.,1.));
#806=DIRECTION('',(1.,0.,0.));
#807=DIRECTION('',(0.,0.,1.));
#808=DIRECTION('',(1.,0.,0.));
#809=DIRECTION('',(0.,0.,1.));
#810=DIRECTION('',(1.,0.,0.));
#811=DIRECTION('',(0.,0.,1.));
#812=DIRECTION('',(1.,0.,0.));
#813=DIRECTION('',(0.,0.,-1.));
#814=DIRECTION('',(-1.,0.,0.));
#815=DIRECTION('',(0.,0.,1.));
#816=DIRECTION('',(1.,0.,0.));
#817=DIRECTION('',(0.,0.,1.));
#818=DIRECTION('',(1.,0.,0.));
#819=DIRECTION('',(0.,0.,1.));
#820=DIRECTION('',(1.,0.,0.));
#821=DIRECTION('',(0.,0.,1.));
#822=DIRECTION('',(1.,0.,0.));
#823=DIRECTION('',(0.,0.,-1.));
#824=DIRECTION('',(-1.,0.,0.));
#825=DIRECTION('',(0.,0.,1.));
#826=DIRECTION('',(1.,0.,0.));
#827=DIRECTION('',(0.,0.,1.));
#828=DIRECTION('',(1.,0.,0.));
#829=DIRECTION('',(0.,0.,-1.));
#830=DIRECTION('',(-1.,0.,0.));
#831=DIRECTION('',(0.,0.,1.));
#832=DIRECTION('',(1.,0.,0.));
#833=DIRECTION('',(0.,0.,1.));
#834=DIRECTION('',(1.,0.,0.));
#835=DIRECTION('',(0.,0.,1.));
#836=DIRECTION('',(1.,0.,0.));
#837=DIRECTION('',(0.,0.,-1.));
#838=DIRECTION('',(-1.,0.,0.));
#839=DIRECTION('',(0.,0.,1.));
#840=DIRECTION('',(1.,0.,0.));
#841=DIRECTION('',(0.,0.,1.));
#842=DIRECTION('',(1.,0.,0.));
#843=DIRECTION('',(0.,0.,1.));
#844=DIRECTION('',(1.,0.,0.));
#845=DIRECTION('',(0.,0.,1.));
#846=DIRECTION('',(1.,0.,0.));
#847=DIRECTION('',(0.,0.,1.));
#848=DIRECTION('',(1.,0.,0.));
#849=DIRECTION('',(0.,0.,1.));
#850=DIRECTION('',(1.,0.,0.));
#851=DIRECTION('',(0.,0.,1.));
#852=DIRECTION('',(1.,0.,0.));
#853=DIRECTION('',(0.,0.,-1.));
#854=DIRECTION('',(-1.,0.,0.));
#855=DIRECTION('',(0.,0.,1.));
#856=DIRECTION('',(1.,0.,0.));
#857=DIRECTION('',(0.,0.,1.));
#858=DIRECTION('',(1.,0.,0.));
#859=DIRECTION('',(0.,0.,1.));
#860=DIRECTION('',(1.,0.,0.));
#861=DIRECTION('',(0.,0.,1.));
#862=DIRECTION('',(1.,0.,0.));
#863=DIRECTION('',(0.,0.,-1.));
#864=DIRECTION('',(-1.,0.,0.));
#865=DIRECTION('',(0.,0.,1.));
#866=DIRECTION('',(1.,0.,0.));
#867=DIRECTION('',(0.,0.,1.));
#868=DIRECTION('',(1.,0.,0.));
#869=DIRECTION('',(0.,0.,-1.));
#870=DIRECTION('',(-1.,0.,0.));
#871=DIRECTION('',(0.,0.,-1.));
#872=DIRECTION('',(-1.,0.,0.));
#873=DIRECTION('',(0.,0.,1.));
#874=DIRECTION('',(1.,0.,0.));
#875=DIRECTION('',(0.,0.,1.));
#876=DIRECTION('',(1.,0.,0.));
#877=DIRECTION('',(0.,0.,-1.));
#878=DIRECTION('',(-1.,0.,0.));
#879=DIRECTION('',(0.,0.,1.));
#880=DIRECTION('',(1.,0.,0.));
#881=DIRECTION('',(0.,0.,-1.));
#882=DIRECTION('',(-1.,0.,0.));
#883=CARTESIAN_POINT('',(0.,0.,0.));
#884=CARTESIAN_POINT('',(0.,0.,-0.011));
#885=CARTESIAN_POINT('',(0.00320892812870512,-0.0204048223936773,-0.011));
#886=CARTESIAN_POINT('',(0.0029177634904257,-0.0195203254905481,-0.011));
#887=CARTESIAN_POINT('',(0.00217918998146692,-0.0188069172871047,-0.0109999999999976));
#888=CARTESIAN_POINT('',(0.00130552787296907,-0.0185276487212072,-0.0109999999999976));
#889=CARTESIAN_POINT('',(0.00320892812870512,-0.0204048223936773,-0.011));
#890=CARTESIAN_POINT('',(0.00130552787296872,-0.0185276487212093,-0.011));
#891=CARTESIAN_POINT('',(0.00130552787296871,-0.0185276487212093,-0.011));
#892=CARTESIAN_POINT('',(0.000807759273678845,-0.018380688283271,-0.011));
#893=CARTESIAN_POINT('',(-0.000239856652883409,-0.0183263701042926,-0.0110000000000001));
#894=CARTESIAN_POINT('',(-0.00169947759311319,-0.0189439899972514,-0.0109999999999998));
#895=CARTESIAN_POINT('',(-0.00269755021739588,-0.0201904048211305,-0.0110000000000001));
#896=CARTESIAN_POINT('',(-0.00285198680562695,-0.021244716108253,-0.011));
#897=CARTESIAN_POINT('',(-0.002794,-0.021755,-0.011));
#898=CARTESIAN_POINT('',(-0.002794,-0.021755,-0.011));
#899=CARTESIAN_POINT('',(-1.7347234759768E-18,-0.021755,-0.011));
#900=CARTESIAN_POINT('',(1.85927101791718E-18,-0.024549,-0.011));
#901=CARTESIAN_POINT('',(6.09492280560976E-17,-0.024549,-0.011));
#902=CARTESIAN_POINT('',(0.00103779205975026,-0.0246851748914639,-0.011));
#903=CARTESIAN_POINT('',(0.00262272502995464,-0.0239277372375143,-0.011));
#904=CARTESIAN_POINT('',(0.00344410646351047,-0.021965008171199,-0.0110000000000001));
#905=CARTESIAN_POINT('',(0.0033590826141035,-0.0209004521818426,-0.011));
#906=CARTESIAN_POINT('',(0.00320892812870511,-0.0204048223936773,-0.011));
#907=CARTESIAN_POINT('',(-0.012765,-0.034505,-0.011));
#908=CARTESIAN_POINT('',(-0.010765,-0.034505,-0.011));
#909=CARTESIAN_POINT('',(0.012735,-0.034505,-0.011));
#910=CARTESIAN_POINT('',(0.014735,-0.034505,-0.011));
#911=CARTESIAN_POINT('',(0.01325,0.035005,-0.011));
#912=CARTESIAN_POINT('',(0.01525,0.035005,-0.011));
#913=CARTESIAN_POINT('',(-0.01325,0.035005,-0.011));
#914=CARTESIAN_POINT('',(-0.01125,0.035005,-0.011));
#915=CARTESIAN_POINT('',(-0.01575,0.,-0.011));
#916=CARTESIAN_POINT('',(-0.01575,-0.037505,-0.011));
#917=CARTESIAN_POINT('',(-0.01575,0.037505,-0.011));
#918=CARTESIAN_POINT('',(0.,0.037505,-0.011));
#919=CARTESIAN_POINT('',(0.01575,0.037505,-0.011));
#920=CARTESIAN_POINT('',(0.01575,0.,-0.011));
#921=CARTESIAN_POINT('',(0.01575,-0.037505,-0.011));
#922=CARTESIAN_POINT('',(0.,-0.037505,-0.011));
#923=CARTESIAN_POINT('',(0.,0.,-0.009));
#924=CARTESIAN_POINT('',(-0.012765,-0.034505,-0.009));
#925=CARTESIAN_POINT('',(-0.01575,-0.0348046247653316,-0.009));
#926=CARTESIAN_POINT('',(-0.012765,-0.037505,-0.009));
#927=CARTESIAN_POINT('',(-0.01575,0.,-0.009));
#928=CARTESIAN_POINT('',(-0.01575,-0.037505,-0.009));
#929=CARTESIAN_POINT('',(0.,-0.037505,-0.009));
#930=CARTESIAN_POINT('',(0.,0.,-0.009));
#931=CARTESIAN_POINT('',(-1.7347234759768E-18,-0.021755,-0.009));
#932=CARTESIAN_POINT('',(-0.008429,-0.021755,-0.009));
#933=CARTESIAN_POINT('',(-0.012765,-0.034505,-0.009));
#934=CARTESIAN_POINT('',(-0.01575,-0.0342053752346684,-0.009));
#935=CARTESIAN_POINT('',(0.,-0.037505,-0.009));
#936=CARTESIAN_POINT('',(0.012735,-0.037505,-0.009));
#937=CARTESIAN_POINT('',(0.012735,-0.034505,-0.009));
#938=CARTESIAN_POINT('',(0.,-0.037505,-0.009));
#939=CARTESIAN_POINT('',(0.01575,-0.037505,-0.009));
#940=CARTESIAN_POINT('',(0.01575,0.,-0.009));
#941=CARTESIAN_POINT('',(0.01575,0.0308993955929416,-0.009));
#942=CARTESIAN_POINT('',(0.0134198756564776,0.0290098134847164,-0.009));
#943=CARTESIAN_POINT('',(0.01325,0.032005,-0.009));
#944=CARTESIAN_POINT('',(0.01325,0.035005,-0.009));
#945=CARTESIAN_POINT('',(0.01025,0.035005,-0.009));
#946=CARTESIAN_POINT('',(0.00725481348471491,0.0351748756564777,-0.009));
#947=CARTESIAN_POINT('',(0.00914439559294257,0.037505,-0.009));
#948=CARTESIAN_POINT('',(0.,0.037505,-0.009));
#949=CARTESIAN_POINT('',(-0.0091443955929416,0.037505,-0.009));
#950=CARTESIAN_POINT('',(-0.00725481348471647,0.0351748756564777,-0.009));
#951=CARTESIAN_POINT('',(-0.01025,0.035005,-0.009));
#952=CARTESIAN_POINT('',(-0.01325,0.035005,-0.009));
#953=CARTESIAN_POINT('',(-0.01325,0.032005,-0.009));
#954=CARTESIAN_POINT('',(-0.0134198756564776,0.0290098134847147,-0.009));
#955=CARTESIAN_POINT('',(-0.01575,0.0308993955929426,-0.009));
#956=CARTESIAN_POINT('',(-0.01575,0.,-0.009));
#957=CARTESIAN_POINT('',(-0.01575,0.,-0.009));
#958=CARTESIAN_POINT('',(-0.01575,-0.037505,-0.009));
#959=CARTESIAN_POINT('',(-0.01575,0.,-0.009));
#960=CARTESIAN_POINT('',(-0.01575,0.0308993955929426,-0.007));
#961=CARTESIAN_POINT('',(-0.01575,0.0308993955929426,-0.007));
#962=CARTESIAN_POINT('',(-0.01575,0.0342021977964713,-0.007));
#963=CARTESIAN_POINT('',(-0.01575,0.037505,-0.007));
#964=CARTESIAN_POINT('',(-0.01575,0.037505,-0.009));
#965=CARTESIAN_POINT('',(0.,0.037505,-0.009));
#966=CARTESIAN_POINT('',(-0.0124471977964708,0.037505,-0.007));
#967=CARTESIAN_POINT('',(-0.0091443955929416,0.037505,-0.007));
#968=CARTESIAN_POINT('',(-0.0091443955929416,0.037505,-0.007));
#969=CARTESIAN_POINT('',(0.00914439559294258,0.037505,-0.007));
#970=CARTESIAN_POINT('',(0.00914439559294258,0.037505,-0.007));
#971=CARTESIAN_POINT('',(0.0124471977964713,0.037505,-0.007));
#972=CARTESIAN_POINT('',(0.01575,0.037505,-0.007));
#973=CARTESIAN_POINT('',(0.01575,0.037505,-0.009));
#974=CARTESIAN_POINT('',(0.01575,0.,-0.009));
#975=CARTESIAN_POINT('',(0.01575,0.0342021977964708,-0.007));
#976=CARTESIAN_POINT('',(0.01575,0.0308993955929416,-0.007));
#977=CARTESIAN_POINT('',(0.01575,0.0308993955929416,-0.007));
#978=CARTESIAN_POINT('',(0.01575,-0.037505,-0.009));
#979=CARTESIAN_POINT('',(0.,-0.037505,-0.009));
#980=CARTESIAN_POINT('',(0.00725481348471491,0.0351748756564777,-0.007));
#981=CARTESIAN_POINT('',(0.01025,0.035005,-0.007));
#982=CARTESIAN_POINT('',(0.01025,0.035005,-0.007));
#983=CARTESIAN_POINT('',(0.00725481348471491,0.0351748756564777,-0.007));
#984=CARTESIAN_POINT('',(0.01325,0.035005,-0.007));
#985=CARTESIAN_POINT('',(0.01325,0.032005,-0.007));
#986=CARTESIAN_POINT('',(0.01325,0.032005,-0.007));
#987=CARTESIAN_POINT('',(0.01325,0.035005,-0.007));
#988=CARTESIAN_POINT('',(0.0134198756564776,0.0290098134847164,-0.007));
#989=CARTESIAN_POINT('',(0.0134198756564776,0.0290098134847164,-0.007));
#990=CARTESIAN_POINT('',(-0.000250000000000549,0.033755,-0.007));
#991=CARTESIAN_POINT('',(0.01325,0.035005,-0.007));
#992=CARTESIAN_POINT('',(0.01425,0.035005,-0.007));
#993=CARTESIAN_POINT('',(-0.0134198756564776,0.0290098134847147,-0.007));
#994=CARTESIAN_POINT('',(-0.01325,0.032005,-0.007));
#995=CARTESIAN_POINT('',(-0.01325,0.032005,-0.007));
#996=CARTESIAN_POINT('',(-0.0134198756564776,0.0290098134847147,-0.007));
#997=CARTESIAN_POINT('',(-0.01325,0.035005,-0.007));
#998=CARTESIAN_POINT('',(-0.01025,0.035005,-0.007));
#999=CARTESIAN_POINT('',(-0.01025,0.035005,-0.007));
#1000=CARTESIAN_POINT('',(-0.01325,0.035005,-0.007));
#1001=CARTESIAN_POINT('',(-0.00725481348471647,0.0351748756564777,-0.007));
#1002=CARTESIAN_POINT('',(-0.00725481348471647,0.0351748756564777,-0.007));
#1003=CARTESIAN_POINT('',(-0.000250000000000549,0.033755,-0.007));
#1004=CARTESIAN_POINT('',(-0.01325,0.035005,-0.007));
#1005=CARTESIAN_POINT('',(-0.01225,0.035005,-0.007));
#1006=CARTESIAN_POINT('',(-0.01325,0.035005,-0.011));
#1007=CARTESIAN_POINT('',(-0.01325,0.035005,-0.009));
#1008=CARTESIAN_POINT('',(-0.01225,0.035005,-0.009));
#1009=CARTESIAN_POINT('',(-0.01125,0.035005,-0.009));
#1010=CARTESIAN_POINT('',(-0.01325,0.035005,-0.009));
#1011=CARTESIAN_POINT('',(-0.01125,0.035005,-0.009));
#1012=CARTESIAN_POINT('',(-0.01325,0.035005,-0.011));
#1013=CARTESIAN_POINT('',(0.01325,0.035005,-0.011));
#1014=CARTESIAN_POINT('',(0.01325,0.035005,-0.009));
#1015=CARTESIAN_POINT('',(0.01425,0.035005,-0.009));
#1016=CARTESIAN_POINT('',(0.01525,0.035005,-0.009));
#1017=CARTESIAN_POINT('',(0.01325,0.035005,-0.009));
#1018=CARTESIAN_POINT('',(0.01525,0.035005,-0.009));
#1019=CARTESIAN_POINT('',(0.01325,0.035005,-0.011));
#1020=CARTESIAN_POINT('',(0.012735,-0.034505,2.00000000000027E-6));
#1021=CARTESIAN_POINT('',(0.012735,-0.034505,0.));
#1022=CARTESIAN_POINT('',(0.015735,-0.034505,0.));
#1023=CARTESIAN_POINT('',(0.,0.,0.));
#1024=CARTESIAN_POINT('',(0.012735,-0.034505,0.));
#1025=CARTESIAN_POINT('',(0.013985,-0.034505,0.));
#1026=CARTESIAN_POINT('',(-0.012765,-0.034505,2.00000000000027E-6));
#1027=CARTESIAN_POINT('',(-0.012765,-0.034505,-0.009));
#1028=CARTESIAN_POINT('',(-0.012765,-0.034505,0.));
#1029=CARTESIAN_POINT('',(-0.009765,-0.034505,0.));
#1030=CARTESIAN_POINT('',(-1.50000000000011E-5,-0.034505,-0.009));
#1031=CARTESIAN_POINT('',(0.,0.,0.));
#1032=CARTESIAN_POINT('',(-0.012765,-0.034505,0.));
#1033=CARTESIAN_POINT('',(-0.011515,-0.034505,0.));
#1034=CARTESIAN_POINT('',(-0.012765,-0.034505,-0.011));
#1035=CARTESIAN_POINT('',(-0.012765,-0.034505,-0.002));
#1036=CARTESIAN_POINT('',(-0.011515,-0.034505,-0.002));
#1037=CARTESIAN_POINT('',(-0.010765,-0.034505,-0.002));
#1038=CARTESIAN_POINT('',(-0.012765,-0.034505,-0.002));
#1039=CARTESIAN_POINT('',(-0.010765,-0.034505,-0.002));
#1040=CARTESIAN_POINT('',(-0.012765,-0.034505,-0.011));
#1041=CARTESIAN_POINT('',(0.012735,-0.034505,-0.011));
#1042=CARTESIAN_POINT('',(0.012735,-0.034505,-0.002));
#1043=CARTESIAN_POINT('',(0.013985,-0.034505,-0.002));
#1044=CARTESIAN_POINT('',(0.014735,-0.034505,-0.002));
#1045=CARTESIAN_POINT('',(0.012735,-0.034505,-0.002));
#1046=CARTESIAN_POINT('',(0.014735,-0.034505,-0.002));
#1047=CARTESIAN_POINT('',(0.012735,-0.034505,-0.011));
#1048=CARTESIAN_POINT('',(-1.7347234759768E-18,-0.021755,-0.005));
#1049=CARTESIAN_POINT('',(-1.7347234759768E-18,-0.021755,-0.006));
#1050=CARTESIAN_POINT('',(-0.005429,-0.021755,-0.006));
#1051=CARTESIAN_POINT('',(-1.7347234759768E-18,-0.021755,-0.005));
#1052=CARTESIAN_POINT('',(0.005429,-0.021755,-0.005));
#1053=CARTESIAN_POINT('',(-3.46944695195361E-18,-0.021755,-0.005));
#1054=CARTESIAN_POINT('',(0.00296407359545885,-0.0235810523060728,-0.005));
#1055=CARTESIAN_POINT('',(0.00341594826219079,-0.0226390380479942,-0.005));
#1056=CARTESIAN_POINT('',(0.00342995808848419,-0.0203490293598484,-0.005));
#1057=CARTESIAN_POINT('',(0.0014618019605111,-0.01902017648454,-0.005));
#1058=CARTESIAN_POINT('',(0.000429000000000029,-0.018994131477234,-0.005));
#1059=CARTESIAN_POINT('',(0.00296407359545887,-0.0235810523060728,-0.005));
#1060=CARTESIAN_POINT('',(0.000429,-0.018994131477234,-0.005));
#1061=CARTESIAN_POINT('',(0.000770981027343439,-0.0251499650306688,-0.00500000000003904));
#1062=CARTESIAN_POINT('',(0.00123479394757408,-0.0250825118592149,-0.00500000000003904));
#1063=CARTESIAN_POINT('',(0.00210475187915565,-0.0246971215659177,-0.00499999999998046));
#1064=CARTESIAN_POINT('',(0.00275218974889051,-0.0239968451316625,-0.005));
#1065=CARTESIAN_POINT('',(0.00296407359545885,-0.0235810523060728,-0.005));
#1066=CARTESIAN_POINT('',(0.00077098102734376,-0.0251499650306426,-0.005));
#1067=CARTESIAN_POINT('',(0.000770981027343758,-0.0251499650306426,-0.005));
#1068=CARTESIAN_POINT('',(-0.00026159749833765,-0.0252754933949625,-0.005));
#1069=CARTESIAN_POINT('',(-0.0024301792358556,-0.0245426284594539,-0.00500000000000016));
#1070=CARTESIAN_POINT('',(-0.0030544729477884,-0.0222820363596147,-0.005));
#1071=CARTESIAN_POINT('',(-0.00275381475015033,-0.0212828344338535,-0.005));
#1072=CARTESIAN_POINT('',(-0.00275381475015033,-0.0212828344338535,-0.005));
#1073=CARTESIAN_POINT('',(-1.7347234759768E-18,-0.021755,-0.005));
#1074=CARTESIAN_POINT('',(0.00187369706252452,-0.018820812101842,-0.0110347556619416));
#1075=CARTESIAN_POINT('',(0.00180810357988832,-0.0187789257878082,-0.0110305561815743));
#1076=CARTESIAN_POINT('',(0.001740703830625,-0.0187400125244278,-0.0110264583333333));
#1077=CARTESIAN_POINT('',(-9.9626452369102E-19,-0.017735016699237,-0.010920625));
#1078=CARTESIAN_POINT('',(-0.001740703830625,-0.0187400125244278,-0.0108147916666667));
#1079=CARTESIAN_POINT('',(-0.00348140766125,-0.0197450083496185,-0.0107089583333333));
#1080=CARTESIAN_POINT('',(-0.00348140766125,-0.021755,-0.010603125));
#1081=CARTESIAN_POINT('',(-0.00348140766125,-0.0237649916503815,-0.0104972916666667));
#1082=CARTESIAN_POINT('',(-0.001740703830625,-0.0247699874755722,-0.0103914583333333));
#1083=CARTESIAN_POINT('',(-1.98087646007207E-18,-0.025774983300763,-0.010285625));
#1084=CARTESIAN_POINT('',(0.001740703830625,-0.0247699874755722,-0.0101797916666667));
#1085=CARTESIAN_POINT('',(0.00348140766124999,-0.0237649916503815,-0.0100739583333333));
#1086=CARTESIAN_POINT('',(0.00348140766125,-0.021755,-0.009968125));
#1087=CARTESIAN_POINT('',(0.00348140766125,-0.0197450083496185,-0.00986229166666667));
#1088=CARTESIAN_POINT('',(0.001740703830625,-0.0187400125244278,-0.00975645833333333));
#1089=CARTESIAN_POINT('',(-9.9626452369102E-19,-0.017735016699237,-0.009650625));
#1090=CARTESIAN_POINT('',(-0.001740703830625,-0.0187400125244278,-0.00954479166666667));
#1091=CARTESIAN_POINT('',(-0.00348140766125,-0.0197450083496185,-0.00943895833333333));
#1092=CARTESIAN_POINT('',(-0.00348140766125,-0.021755,-0.009333125));
#1093=CARTESIAN_POINT('',(-0.00348140766125,-0.0237649916503815,-0.00922729166666667));
#1094=CARTESIAN_POINT('',(-0.001740703830625,-0.0247699874755722,-0.00912145833333333));
#1095=CARTESIAN_POINT('',(-1.98087646007207E-18,-0.025774983300763,-0.009015625));
#1096=CARTESIAN_POINT('',(0.001740703830625,-0.0247699874755722,-0.00890979166666667));
#1097=CARTESIAN_POINT('',(0.00348140766124999,-0.0237649916503815,-0.00880395833333333));
#1098=CARTESIAN_POINT('',(0.00348140766125,-0.021755,-0.008698125));
#1099=CARTESIAN_POINT('',(0.00348140766125,-0.0197450083496185,-0.00859229166666667));
#1100=CARTESIAN_POINT('',(0.001740703830625,-0.0187400125244278,-0.00848645833333333));
#1101=CARTESIAN_POINT('',(-9.9626452369102E-19,-0.017735016699237,-0.008380625));
#1102=CARTESIAN_POINT('',(-0.001740703830625,-0.0187400125244278,-0.00827479166666667));
#1103=CARTESIAN_POINT('',(-0.00348140766125,-0.0197450083496185,-0.00816895833333334));
#1104=CARTESIAN_POINT('',(-0.00348140766125,-0.021755,-0.008063125));
#1105=CARTESIAN_POINT('',(-0.00348140766125,-0.0237649916503815,-0.00795729166666667));
#1106=CARTESIAN_POINT('',(-0.001740703830625,-0.0247699874755722,-0.00785145833333333));
#1107=CARTESIAN_POINT('',(-1.98087646007207E-18,-0.025774983300763,-0.00774562499999999));
#1108=CARTESIAN_POINT('',(0.001740703830625,-0.0247699874755722,-0.00763979166666667));
#1109=CARTESIAN_POINT('',(0.00348140766124999,-0.0237649916503815,-0.00753395833333334));
#1110=CARTESIAN_POINT('',(0.00348140766125,-0.021755,-0.007428125));
#1111=CARTESIAN_POINT('',(0.00348140766125,-0.0197450083496185,-0.00732229166666666));
#1112=CARTESIAN_POINT('',(0.001740703830625,-0.0187400125244278,-0.00721645833333333));
#1113=CARTESIAN_POINT('',(-9.9626452369102E-19,-0.017735016699237,-0.007110625));
#1114=CARTESIAN_POINT('',(-0.001740703830625,-0.0187400125244278,-0.00700479166666667));
#1115=CARTESIAN_POINT('',(-0.00348140766125,-0.0197450083496185,-0.00689895833333333));
#1116=CARTESIAN_POINT('',(-0.00348140766125,-0.021755,-0.006793125));
#1117=CARTESIAN_POINT('',(-0.00348140766125,-0.0237649916503815,-0.00668729166666666));
#1118=CARTESIAN_POINT('',(-0.001740703830625,-0.0247699874755722,-0.00658145833333333));
#1119=CARTESIAN_POINT('',(-1.98087646007207E-18,-0.025774983300763,-0.006475625));
#1120=CARTESIAN_POINT('',(0.001740703830625,-0.0247699874755722,-0.00636979166666667));
#1121=CARTESIAN_POINT('',(0.00348140766124999,-0.0237649916503815,-0.00626395833333333));
#1122=CARTESIAN_POINT('',(0.00348140766125,-0.021755,-0.006158125));
#1123=CARTESIAN_POINT('',(0.00348140766125,-0.0197450083496185,-0.00605229166666666));
#1124=CARTESIAN_POINT('',(0.001740703830625,-0.0187400125244278,-0.00594645833333333));
#1125=CARTESIAN_POINT('',(-9.9626452369102E-19,-0.017735016699237,-0.005840625));
#1126=CARTESIAN_POINT('',(-0.001740703830625,-0.0187400125244278,-0.00573479166666667));
#1127=CARTESIAN_POINT('',(-0.00348140766125,-0.0197450083496185,-0.00562895833333333));
#1128=CARTESIAN_POINT('',(-0.00348140766125,-0.021755,-0.005523125));
#1129=CARTESIAN_POINT('',(-0.00348140766125,-0.0237649916503815,-0.00541729166666667));
#1130=CARTESIAN_POINT('',(-0.001740703830625,-0.0247699874755722,-0.00531145833333333));
#1131=CARTESIAN_POINT('',(-1.98087646007207E-18,-0.025774983300763,-0.005205625));
#1132=CARTESIAN_POINT('',(0.001740703830625,-0.0247699874755722,-0.00509979166666667));
#1133=CARTESIAN_POINT('',(0.00348140766124999,-0.0237649916503815,-0.00499395833333333));
#1134=CARTESIAN_POINT('',(0.00348140766125,-0.021755,-0.004888125));
#1135=CARTESIAN_POINT('',(0.00348140766125,-0.0197450083496185,-0.00478229166666666));
#1136=CARTESIAN_POINT('',(0.001740703830625,-0.0187400125244278,-0.00467645833333333));
#1137=CARTESIAN_POINT('',(0.000868070871038359,-0.0182361976503066,-0.00462340298108744));
#1138=CARTESIAN_POINT('',(-0.000138758211564583,-0.0182763586757854,-0.00456218861708472));
#1139=CARTESIAN_POINT('',(0.00150373357620918,-0.019400170636377,-0.0114316306619416));
#1140=CARTESIAN_POINT('',(0.00145109159678074,-0.0193665548197886,-0.0114274311815743));
#1141=CARTESIAN_POINT('',(0.001397,-0.0193353250218263,-0.0114233333333333));
#1142=CARTESIAN_POINT('',(-1.14207403257733E-18,-0.0185287666957684,-0.0113175));
#1143=CARTESIAN_POINT('',(-0.001397,-0.0193353250218263,-0.0112116666666667));
#1144=CARTESIAN_POINT('',(-0.002794,-0.0201418833478842,-0.0111058333333333));
#1145=CARTESIAN_POINT('',(-0.002794,-0.021755,-0.011));
#1146=CARTESIAN_POINT('',(-0.002794,-0.0233681166521158,-0.0108941666666667));
#1147=CARTESIAN_POINT('',(-0.001397,-0.0241746749781737,-0.0107883333333333));
#1148=CARTESIAN_POINT('',(-1.9322732904433E-18,-0.0249812333042316,-0.0106825));
#1149=CARTESIAN_POINT('',(0.001397,-0.0241746749781737,-0.0105766666666667));
#1150=CARTESIAN_POINT('',(0.002794,-0.0233681166521158,-0.0104708333333333));
#1151=CARTESIAN_POINT('',(0.002794,-0.021755,-0.010365));
#1152=CARTESIAN_POINT('',(0.002794,-0.0201418833478842,-0.0102591666666667));
#1153=CARTESIAN_POINT('',(0.001397,-0.0193353250218263,-0.0101533333333333));
#1154=CARTESIAN_POINT('',(-1.14207403257733E-18,-0.0185287666957684,-0.0100475));
#1155=CARTESIAN_POINT('',(-0.001397,-0.0193353250218263,-0.00994166666666667));
#1156=CARTESIAN_POINT('',(-0.002794,-0.0201418833478842,-0.00983583333333333));
#1157=CARTESIAN_POINT('',(-0.002794,-0.021755,-0.00973));
#1158=CARTESIAN_POINT('',(-0.002794,-0.0233681166521158,-0.00962416666666666));
#1159=CARTESIAN_POINT('',(-0.001397,-0.0241746749781737,-0.00951833333333333));
#1160=CARTESIAN_POINT('',(-1.9322732904433E-18,-0.0249812333042316,-0.0094125));
#1161=CARTESIAN_POINT('',(0.001397,-0.0241746749781737,-0.00930666666666667));
#1162=CARTESIAN_POINT('',(0.002794,-0.0233681166521158,-0.00920083333333333));
#1163=CARTESIAN_POINT('',(0.002794,-0.021755,-0.009095));
#1164=CARTESIAN_POINT('',(0.002794,-0.0201418833478842,-0.00898916666666667));
#1165=CARTESIAN_POINT('',(0.001397,-0.0193353250218263,-0.00888333333333333));
#1166=CARTESIAN_POINT('',(-1.14207403257733E-18,-0.0185287666957684,-0.0087775));
#1167=CARTESIAN_POINT('',(-0.001397,-0.0193353250218263,-0.00867166666666667));
#1168=CARTESIAN_POINT('',(-0.002794,-0.0201418833478842,-0.00856583333333334));
#1169=CARTESIAN_POINT('',(-0.002794,-0.021755,-0.00846));
#1170=CARTESIAN_POINT('',(-0.002794,-0.0233681166521158,-0.00835416666666667));
#1171=CARTESIAN_POINT('',(-0.001397,-0.0241746749781737,-0.00824833333333333));
#1172=CARTESIAN_POINT('',(-1.9322732904433E-18,-0.0249812333042316,-0.0081425));
#1173=CARTESIAN_POINT('',(0.001397,-0.0241746749781737,-0.00803666666666667));
#1174=CARTESIAN_POINT('',(0.002794,-0.0233681166521158,-0.00793083333333334));
#1175=CARTESIAN_POINT('',(0.002794,-0.021755,-0.007825));
#1176=CARTESIAN_POINT('',(0.002794,-0.0201418833478842,-0.00771916666666666));
#1177=CARTESIAN_POINT('',(0.001397,-0.0193353250218263,-0.00761333333333333));
#1178=CARTESIAN_POINT('',(-1.14207403257733E-18,-0.0185287666957684,-0.00750749999999999));
#1179=CARTESIAN_POINT('',(-0.001397,-0.0193353250218263,-0.00740166666666667));
#1180=CARTESIAN_POINT('',(-0.002794,-0.0201418833478842,-0.00729583333333333));
#1181=CARTESIAN_POINT('',(-0.002794,-0.021755,-0.00719));
#1182=CARTESIAN_POINT('',(-0.002794,-0.0233681166521158,-0.00708416666666666));
#1183=CARTESIAN_POINT('',(-0.001397,-0.0241746749781737,-0.00697833333333333));
#1184=CARTESIAN_POINT('',(-1.9322732904433E-18,-0.0249812333042316,-0.0068725));
#1185=CARTESIAN_POINT('',(0.001397,-0.0241746749781737,-0.00676666666666667));
#1186=CARTESIAN_POINT('',(0.002794,-0.0233681166521158,-0.00666083333333333));
#1187=CARTESIAN_POINT('',(0.002794,-0.021755,-0.006555));
#1188=CARTESIAN_POINT('',(0.002794,-0.0201418833478842,-0.00644916666666666));
#1189=CARTESIAN_POINT('',(0.001397,-0.0193353250218263,-0.00634333333333333));
#1190=CARTESIAN_POINT('',(-1.14207403257733E-18,-0.0185287666957684,-0.0062375));
#1191=CARTESIAN_POINT('',(-0.001397,-0.0193353250218263,-0.00613166666666667));
#1192=CARTESIAN_POINT('',(-0.002794,-0.0201418833478842,-0.00602583333333333));
#1193=CARTESIAN_POINT('',(-0.002794,-0.021755,-0.00592));
#1194=CARTESIAN_POINT('',(-0.002794,-0.0233681166521158,-0.00581416666666666));
#1195=CARTESIAN_POINT('',(-0.001397,-0.0241746749781737,-0.00570833333333333));
#1196=CARTESIAN_POINT('',(-1.9322732904433E-18,-0.0249812333042316,-0.0056025));
#1197=CARTESIAN_POINT('',(0.001397,-0.0241746749781737,-0.00549666666666667));
#1198=CARTESIAN_POINT('',(0.002794,-0.0233681166521158,-0.00539083333333333));
#1199=CARTESIAN_POINT('',(0.002794,-0.021755,-0.005285));
#1200=CARTESIAN_POINT('',(0.002794,-0.0201418833478842,-0.00517916666666666));
#1201=CARTESIAN_POINT('',(0.001397,-0.0193353250218263,-0.00507333333333333));
#1202=CARTESIAN_POINT('',(0.000696669350354201,-0.0189309889327315,-0.00502027798108744));
#1203=CARTESIAN_POINT('',(-0.00011136025448173,-0.018963220120833,-0.00495906361708472));
#1204=CARTESIAN_POINT('',(-0.00348140766125,-0.021755,-0.013143125));
#1205=CARTESIAN_POINT('',(-0.00348140766125,-0.0237649916503815,-0.0130372916666667));
#1206=CARTESIAN_POINT('',(-0.001740703830625,-0.0247699874755722,-0.0129314583333333));
#1207=CARTESIAN_POINT('',(-1.98087646007207E-18,-0.025774983300763,-0.012825625));
#1208=CARTESIAN_POINT('',(0.001740703830625,-0.0247699874755722,-0.0127197916666667));
#1209=CARTESIAN_POINT('',(0.00348140766124999,-0.0237649916503815,-0.0126139583333333));
#1210=CARTESIAN_POINT('',(0.00348140766125,-0.021755,-0.012508125));
#1211=CARTESIAN_POINT('',(0.00348140766125,-0.0197450083496185,-0.0124022916666667));
#1212=CARTESIAN_POINT('',(0.001740703830625,-0.0187400125244278,-0.0122964583333333));
#1213=CARTESIAN_POINT('',(-9.9626452369102E-19,-0.017735016699237,-0.012190625));
#1214=CARTESIAN_POINT('',(-0.001740703830625,-0.0187400125244278,-0.0120847916666667));
#1215=CARTESIAN_POINT('',(-0.00348140766125,-0.0197450083496185,-0.0119789583333333));
#1216=CARTESIAN_POINT('',(-0.00348140766125,-0.021755,-0.011873125));
#1217=CARTESIAN_POINT('',(-0.00348140766125001,-0.0237649916503815,-0.0117672916666667));
#1218=CARTESIAN_POINT('',(-0.00174070383062501,-0.0247699874755722,-0.0116614583333333));
#1219=CARTESIAN_POINT('',(-6.53595081174571E-18,-0.025774983300763,-0.011555625));
#1220=CARTESIAN_POINT('',(0.001740703830625,-0.0247699874755722,-0.0114497916666667));
#1221=CARTESIAN_POINT('',(0.00348140766124999,-0.0237649916503815,-0.0113439583333333));
#1222=CARTESIAN_POINT('',(0.00348140766125,-0.021755,-0.011238125));
#1223=CARTESIAN_POINT('',(0.00348140766125,-0.0197450083496185,-0.0111322916666667));
#1224=CARTESIAN_POINT('',(0.00174070383062501,-0.0187400125244278,-0.0110264583333333));
#1225=CARTESIAN_POINT('',(-1.16525873099692E-20,-0.017735016699237,-0.010920625));
#1226=CARTESIAN_POINT('',(-0.001740703830625,-0.0187400125244278,-0.0108147916666667));
#1227=CARTESIAN_POINT('',(-0.00348140766125,-0.0197450083496185,-0.0107089583333333));
#1228=CARTESIAN_POINT('',(-0.00348140766125,-0.021755,-0.010603125));
#1229=CARTESIAN_POINT('',(-0.00348140766125001,-0.0237649916503815,-0.0104972916666667));
#1230=CARTESIAN_POINT('',(-0.00174070383062501,-0.0247699874755722,-0.0103914583333333));
#1231=CARTESIAN_POINT('',(-1.10910251634194E-17,-0.025774983300763,-0.010285625));
#1232=CARTESIAN_POINT('',(0.001740703830625,-0.0247699874755722,-0.0101797916666667));
#1233=CARTESIAN_POINT('',(0.00348140766124999,-0.0237649916503815,-0.0100739583333333));
#1234=CARTESIAN_POINT('',(0.00348140766125,-0.021755,-0.009968125));
#1235=CARTESIAN_POINT('',(0.00348140766125,-0.0197450083496185,-0.00986229166666667));
#1236=CARTESIAN_POINT('',(0.00174070383062501,-0.0187400125244278,-0.00975645833333333));
#1237=CARTESIAN_POINT('',(8.11388417965627E-18,-0.017735016699237,-0.009650625));
#1238=CARTESIAN_POINT('',(-0.00174070383062499,-0.0187400125244278,-0.00954479166666667));
#1239=CARTESIAN_POINT('',(-0.00348140766124999,-0.0197450083496185,-0.00943895833333333));
#1240=CARTESIAN_POINT('',(-0.00348140766125,-0.021755,-0.009333125));
#1241=CARTESIAN_POINT('',(-0.00348140766125001,-0.0237649916503815,-0.00922729166666667));
#1242=CARTESIAN_POINT('',(-0.00174070383062501,-0.0247699874755722,-0.00912145833333333));
#1243=CARTESIAN_POINT('',(-1.20756370998004E-17,-0.025774983300763,-0.009015625));
#1244=CARTESIAN_POINT('',(0.00174070383062499,-0.0247699874755723,-0.00890979166666667));
#1245=CARTESIAN_POINT('',(0.00348140766124999,-0.0237649916503815,-0.00880395833333333));
#1246=CARTESIAN_POINT('',(0.00348140766125,-0.021755,-0.008698125));
#1247=CARTESIAN_POINT('',(0.00348140766125,-0.0197450083496185,-0.00859229166666667));
#1248=CARTESIAN_POINT('',(0.00174070383062501,-0.0187400125244278,-0.00848645833333333));
#1249=CARTESIAN_POINT('',(9.09849611603732E-18,-0.017735016699237,-0.008380625));
#1250=CARTESIAN_POINT('',(-0.00174070383062499,-0.0187400125244277,-0.00827479166666667));
#1251=CARTESIAN_POINT('',(-0.00348140766124999,-0.0197450083496185,-0.00816895833333334));
#1252=CARTESIAN_POINT('',(-0.00348140766125,-0.021755,-0.008063125));
#1253=CARTESIAN_POINT('',(-0.00348140766125001,-0.0237649916503815,-0.00795729166666667));
#1254=CARTESIAN_POINT('',(-0.00174070383062501,-0.0247699874755722,-0.00785145833333333));
#1255=CARTESIAN_POINT('',(-1.30602490361815E-17,-0.025774983300763,-0.00774562499999999));
#1256=CARTESIAN_POINT('',(0.00174070383062499,-0.0247699874755723,-0.00763979166666667));
#1257=CARTESIAN_POINT('',(0.00348140766124999,-0.0237649916503815,-0.00753395833333334));
#1258=CARTESIAN_POINT('',(0.00348140766125,-0.021755,-0.007428125));
#1259=CARTESIAN_POINT('',(0.00348140766125,-0.0197450083496185,-0.00732229166666666));
#1260=CARTESIAN_POINT('',(0.00174070383062501,-0.0187400125244278,-0.00721645833333333));
#1261=CARTESIAN_POINT('',(1.00831080524184E-17,-0.017735016699237,-0.007110625));
#1262=CARTESIAN_POINT('',(-0.00174070383062499,-0.0187400125244277,-0.00700479166666667));
#1263=CARTESIAN_POINT('',(-0.00348140766124999,-0.0197450083496185,-0.00689895833333333));
#1264=CARTESIAN_POINT('',(-0.00348140766125,-0.021755,-0.006793125));
#1265=CARTESIAN_POINT('',(-0.00348140766125001,-0.0237649916503815,-0.00668729166666666));
#1266=CARTESIAN_POINT('',(-0.00174070383062501,-0.0247699874755722,-0.00658145833333333));
#1267=CARTESIAN_POINT('',(-2.83267106337329E-17,-0.025774983300763,-0.006475625));
#1268=CARTESIAN_POINT('',(0.00174070383062499,-0.0247699874755723,-0.00636979166666667));
#1269=CARTESIAN_POINT('',(0.00348140766124999,-0.0237649916503815,-0.00626395833333333));
#1270=CARTESIAN_POINT('',(0.00348140766125,-0.021755,-0.006158125));
#1271=CARTESIAN_POINT('',(0.00348140766125,-0.0197450083496185,-0.00605229166666666));
#1272=CARTESIAN_POINT('',(0.00174070383062502,-0.0187400125244278,-0.00594645833333333));
#1273=CARTESIAN_POINT('',(1.10677199887994E-17,-0.017735016699237,-0.005840625));
#1274=CARTESIAN_POINT('',(-0.00174070383062498,-0.0187400125244277,-0.00573479166666667));
#1275=CARTESIAN_POINT('',(-0.00348140766124999,-0.0197450083496185,-0.00562895833333333));
#1276=CARTESIAN_POINT('',(-0.00348140766125,-0.021755,-0.005523125));
#1277=CARTESIAN_POINT('',(-0.00348140766125001,-0.0237649916503815,-0.00541729166666667));
#1278=CARTESIAN_POINT('',(-0.00174070383062501,-0.0247699874755722,-0.00531145833333333));
#1279=CARTESIAN_POINT('',(-2.93113225701139E-17,-0.025774983300763,-0.005205625));
#1280=CARTESIAN_POINT('',(0.00174070383062499,-0.0247699874755723,-0.00509979166666667));
#1281=CARTESIAN_POINT('',(0.00348140766124999,-0.0237649916503815,-0.00499395833333333));
#1282=CARTESIAN_POINT('',(0.00348140766125,-0.021755,-0.004888125));
#1283=CARTESIAN_POINT('',(0.00348140766125,-0.0197450083496185,-0.00478229166666666));
#1284=CARTESIAN_POINT('',(0.00174070383062502,-0.0187400125244278,-0.00467645833333333));
#1285=CARTESIAN_POINT('',(1.20523319251805E-17,-0.017735016699237,-0.004570625));
#1286=CARTESIAN_POINT('',(-0.00174070383062498,-0.0187400125244277,-0.00446479166666667));
#1287=CARTESIAN_POINT('',(-0.00348140766124999,-0.0197450083496185,-0.00435895833333333));
#1288=CARTESIAN_POINT('',(-0.00348140766125,-0.021755,-0.004253125));
#1289=CARTESIAN_POINT('',(-0.00348140766125001,-0.0237649916503815,-0.00414729166666667));
#1290=CARTESIAN_POINT('',(-0.00174070383062501,-0.0247699874755722,-0.00404145833333334));
#1291=CARTESIAN_POINT('',(-3.0295934506495E-17,-0.025774983300763,-0.003935625));
#1292=CARTESIAN_POINT('',(0.00174070383062499,-0.0247699874755723,-0.00382979166666666));
#1293=CARTESIAN_POINT('',(0.00348140766124998,-0.0237649916503815,-0.00372395833333333));
#1294=CARTESIAN_POINT('',(0.00348140766125,-0.021755,-0.003618125));
#1295=CARTESIAN_POINT('',(0.00348140766125001,-0.0197450083496185,-0.00351229166666667));
#1296=CARTESIAN_POINT('',(0.00174070383062502,-0.0187400125244278,-0.00340645833333334));
#1297=CARTESIAN_POINT('',(1.30369438615615E-17,-0.017735016699237,-0.003300625));
#1298=CARTESIAN_POINT('',(-0.00174070383062498,-0.0187400125244277,-0.00319479166666667));
#1299=CARTESIAN_POINT('',(-0.00348140766124999,-0.0197450083496185,-0.00308895833333334));
#1300=CARTESIAN_POINT('',(-0.00348140766125,-0.021755,-0.002983125));
#1301=CARTESIAN_POINT('',(-0.002794,-0.021755,-0.01354));
#1302=CARTESIAN_POINT('',(-0.002794,-0.0233681166521158,-0.0134341666666667));
#1303=CARTESIAN_POINT('',(-0.001397,-0.0241746749781737,-0.0133283333333333));
#1304=CARTESIAN_POINT('',(-1.9322732904433E-18,-0.0249812333042316,-0.0132225));
#1305=CARTESIAN_POINT('',(0.001397,-0.0241746749781737,-0.0131166666666667));
#1306=CARTESIAN_POINT('',(0.002794,-0.0233681166521158,-0.0130108333333333));
#1307=CARTESIAN_POINT('',(0.002794,-0.021755,-0.012905));
#1308=CARTESIAN_POINT('',(0.002794,-0.0201418833478842,-0.0127991666666667));
#1309=CARTESIAN_POINT('',(0.001397,-0.0193353250218263,-0.0126933333333333));
#1310=CARTESIAN_POINT('',(-1.14207403257733E-18,-0.0185287666957684,-0.0125875));
#1311=CARTESIAN_POINT('',(-0.001397,-0.0193353250218263,-0.0124816666666667));
#1312=CARTESIAN_POINT('',(-0.002794,-0.0201418833478842,-0.0123758333333333));
#1313=CARTESIAN_POINT('',(-0.002794,-0.021755,-0.01227));
#1314=CARTESIAN_POINT('',(-0.002794,-0.0233681166521158,-0.0121641666666667));
#1315=CARTESIAN_POINT('',(-0.001397,-0.0241746749781737,-0.0120583333333333));
#1316=CARTESIAN_POINT('',(-5.58794334604562E-18,-0.0249812333042316,-0.0119525));
#1317=CARTESIAN_POINT('',(0.001397,-0.0241746749781737,-0.0118466666666667));
#1318=CARTESIAN_POINT('',(0.002794,-0.0233681166521158,-0.0117408333333333));
#1319=CARTESIAN_POINT('',(0.002794,-0.021755,-0.011635));
#1320=CARTESIAN_POINT('',(0.002794,-0.0201418833478842,-0.0115291666666667));
#1321=CARTESIAN_POINT('',(0.001397,-0.0193353250218263,-0.0114233333333333));
#1322=CARTESIAN_POINT('',(-3.51874774711359E-19,-0.0185287666957684,-0.0113175));
#1323=CARTESIAN_POINT('',(-0.001397,-0.0193353250218263,-0.0112116666666667));
#1324=CARTESIAN_POINT('',(-0.002794,-0.0201418833478842,-0.0111058333333333));
#1325=CARTESIAN_POINT('',(-0.002794,-0.021755,-0.011));
#1326=CARTESIAN_POINT('',(-0.002794,-0.0233681166521158,-0.0108941666666667));
#1327=CARTESIAN_POINT('',(-0.001397,-0.0241746749781737,-0.0107883333333333));
#1328=CARTESIAN_POINT('',(-9.24361340164795E-18,-0.0249812333042316,-0.0106825));
#1329=CARTESIAN_POINT('',(0.001397,-0.0241746749781737,-0.0105766666666667));
#1330=CARTESIAN_POINT('',(0.00279399999999999,-0.0233681166521158,-0.0104708333333333));
#1331=CARTESIAN_POINT('',(0.002794,-0.021755,-0.010365));
#1332=CARTESIAN_POINT('',(0.002794,-0.0201418833478842,-0.0102591666666667));
#1333=CARTESIAN_POINT('',(0.001397,-0.0193353250218263,-0.0101533333333333));
#1334=CARTESIAN_POINT('',(6.16926607862734E-18,-0.0185287666957684,-0.0100475));
#1335=CARTESIAN_POINT('',(-0.001397,-0.0193353250218262,-0.00994166666666667));
#1336=CARTESIAN_POINT('',(-0.002794,-0.0201418833478842,-0.00983583333333333));
#1337=CARTESIAN_POINT('',(-0.002794,-0.021755,-0.00973));
#1338=CARTESIAN_POINT('',(-0.002794,-0.0233681166521158,-0.00962416666666666));
#1339=CARTESIAN_POINT('',(-0.001397,-0.0241746749781737,-0.00951833333333333));
#1340=CARTESIAN_POINT('',(-1.00338126595139E-17,-0.0249812333042316,-0.0094125));
#1341=CARTESIAN_POINT('',(0.001397,-0.0241746749781737,-0.00930666666666667));
#1342=CARTESIAN_POINT('',(0.00279399999999999,-0.0233681166521158,-0.00920083333333333));
#1343=CARTESIAN_POINT('',(0.002794,-0.021755,-0.009095));
#1344=CARTESIAN_POINT('',(0.002794,-0.0201418833478842,-0.00898916666666667));
#1345=CARTESIAN_POINT('',(0.001397,-0.0193353250218263,-0.00888333333333333));
#1346=CARTESIAN_POINT('',(6.9594653364933E-18,-0.0185287666957684,-0.0087775));
#1347=CARTESIAN_POINT('',(-0.001397,-0.0193353250218262,-0.00867166666666667));
#1348=CARTESIAN_POINT('',(-0.00279399999999999,-0.0201418833478842,-0.00856583333333334));
#1349=CARTESIAN_POINT('',(-0.002794,-0.021755,-0.00846));
#1350=CARTESIAN_POINT('',(-0.002794,-0.0233681166521158,-0.00835416666666667));
#1351=CARTESIAN_POINT('',(-0.001397,-0.0241746749781737,-0.00824833333333333));
#1352=CARTESIAN_POINT('',(-1.08240119173799E-17,-0.0249812333042316,-0.0081425));
#1353=CARTESIAN_POINT('',(0.001397,-0.0241746749781737,-0.00803666666666667));
#1354=CARTESIAN_POINT('',(0.00279399999999999,-0.0233681166521158,-0.00793083333333334));
#1355=CARTESIAN_POINT('',(0.002794,-0.021755,-0.007825));
#1356=CARTESIAN_POINT('',(0.002794,-0.0201418833478842,-0.00771916666666666));
#1357=CARTESIAN_POINT('',(0.001397,-0.0193353250218263,-0.00761333333333333));
#1358=CARTESIAN_POINT('',(7.74966459435927E-18,-0.0185287666957684,-0.00750749999999999));
#1359=CARTESIAN_POINT('',(-0.001397,-0.0193353250218262,-0.00740166666666667));
#1360=CARTESIAN_POINT('',(-0.00279399999999999,-0.0201418833478842,-0.00729583333333333));
#1361=CARTESIAN_POINT('',(-0.002794,-0.021755,-0.00719));
#1362=CARTESIAN_POINT('',(-0.002794,-0.0233681166521158,-0.00708416666666666));
#1363=CARTESIAN_POINT('',(-0.001397,-0.0241746749781737,-0.00697833333333333));
#1364=CARTESIAN_POINT('',(-2.30760943661913E-17,-0.0249812333042316,-0.0068725));
#1365=CARTESIAN_POINT('',(0.001397,-0.0241746749781737,-0.00676666666666667));
#1366=CARTESIAN_POINT('',(0.002794,-0.0233681166521158,-0.00666083333333333));
#1367=CARTESIAN_POINT('',(0.002794,-0.021755,-0.006555));
#1368=CARTESIAN_POINT('',(0.002794,-0.0201418833478842,-0.00644916666666666));
#1369=CARTESIAN_POINT('',(0.00139700000000001,-0.0193353250218263,-0.00634333333333333));
#1370=CARTESIAN_POINT('',(8.53986385222524E-18,-0.0185287666957684,-0.0062375));
#1371=CARTESIAN_POINT('',(-0.00139699999999998,-0.0193353250218262,-0.00613166666666667));
#1372=CARTESIAN_POINT('',(-0.00279399999999999,-0.0201418833478842,-0.00602583333333333));
#1373=CARTESIAN_POINT('',(-0.002794,-0.021755,-0.00592));
#1374=CARTESIAN_POINT('',(-0.00279400000000001,-0.0233681166521158,-0.00581416666666666));
#1375=CARTESIAN_POINT('',(-0.001397,-0.0241746749781737,-0.00570833333333333));
#1376=CARTESIAN_POINT('',(-2.38662936240573E-17,-0.0249812333042316,-0.0056025));
#1377=CARTESIAN_POINT('',(0.001397,-0.0241746749781737,-0.00549666666666667));
#1378=CARTESIAN_POINT('',(0.002794,-0.0233681166521158,-0.00539083333333333));
#1379=CARTESIAN_POINT('',(0.002794,-0.021755,-0.005285));
#1380=CARTESIAN_POINT('',(0.002794,-0.0201418833478842,-0.00517916666666666));
#1381=CARTESIAN_POINT('',(0.00139700000000001,-0.0193353250218263,-0.00507333333333333));
#1382=CARTESIAN_POINT('',(9.33006311009121E-18,-0.0185287666957684,-0.0049675));
#1383=CARTESIAN_POINT('',(-0.00139699999999998,-0.0193353250218262,-0.00486166666666667));
#1384=CARTESIAN_POINT('',(-0.00279399999999999,-0.0201418833478842,-0.00475583333333333));
#1385=CARTESIAN_POINT('',(-0.002794,-0.021755,-0.00465));
#1386=CARTESIAN_POINT('',(-0.00279400000000001,-0.0233681166521158,-0.00454416666666667));
#1387=CARTESIAN_POINT('',(-0.001397,-0.0241746749781737,-0.00443833333333333));
#1388=CARTESIAN_POINT('',(-2.46564928819233E-17,-0.0249812333042316,-0.0043325));
#1389=CARTESIAN_POINT('',(0.00139699999999999,-0.0241746749781737,-0.00422666666666667));
#1390=CARTESIAN_POINT('',(0.00279399999999999,-0.0233681166521159,-0.00412083333333333));
#1391=CARTESIAN_POINT('',(0.002794,-0.021755,-0.004015));
#1392=CARTESIAN_POINT('',(0.002794,-0.0201418833478842,-0.00390916666666667));
#1393=CARTESIAN_POINT('',(0.00139700000000001,-0.0193353250218263,-0.00380333333333333));
#1394=CARTESIAN_POINT('',(1.01202623679572E-17,-0.0185287666957684,-0.0036975));
#1395=CARTESIAN_POINT('',(-0.00139699999999998,-0.0193353250218262,-0.00359166666666666));
#1396=CARTESIAN_POINT('',(-0.00279399999999999,-0.0201418833478842,-0.00348583333333333));
#1397=CARTESIAN_POINT('',(-0.002794,-0.021755,-0.00338));
#1398=CARTESIAN_POINT('',(-0.000537713818712435,-0.0244967694741108,-0.011040735895357));
#1399=CARTESIAN_POINT('',(0.000490009978051126,-0.0246983259114982,-0.0109628780319658));
#1400=CARTESIAN_POINT('',(0.001397,-0.0241746749781737,-0.0108941666666667));
#1401=CARTESIAN_POINT('',(0.002794,-0.0233681166521158,-0.0107883333333333));
#1402=CARTESIAN_POINT('',(0.002794,-0.021755,-0.0106825));
#1403=CARTESIAN_POINT('',(0.002794,-0.0201418833478842,-0.0105766666666667));
#1404=CARTESIAN_POINT('',(0.001397,-0.0193353250218263,-0.0104708333333333));
#1405=CARTESIAN_POINT('',(-1.14207403257733E-18,-0.0185287666957684,-0.010365));
#1406=CARTESIAN_POINT('',(-0.001397,-0.0193353250218263,-0.0102591666666667));
#1407=CARTESIAN_POINT('',(-0.002794,-0.0201418833478842,-0.0101533333333333));
#1408=CARTESIAN_POINT('',(-0.002794,-0.021755,-0.0100475));
#1409=CARTESIAN_POINT('',(-0.002794,-0.0233681166521158,-0.00994166666666666));
#1410=CARTESIAN_POINT('',(-0.001397,-0.0241746749781737,-0.00983583333333333));
#1411=CARTESIAN_POINT('',(-1.9322732904433E-18,-0.0249812333042316,-0.00973));
#1412=CARTESIAN_POINT('',(0.001397,-0.0241746749781737,-0.00962416666666667));
#1413=CARTESIAN_POINT('',(0.002794,-0.0233681166521158,-0.00951833333333333));
#1414=CARTESIAN_POINT('',(0.002794,-0.021755,-0.0094125));
#1415=CARTESIAN_POINT('',(0.002794,-0.0201418833478842,-0.00930666666666667));
#1416=CARTESIAN_POINT('',(0.001397,-0.0193353250218263,-0.00920083333333333));
#1417=CARTESIAN_POINT('',(-1.14207403257733E-18,-0.0185287666957684,-0.009095));
#1418=CARTESIAN_POINT('',(-0.001397,-0.0193353250218263,-0.00898916666666667));
#1419=CARTESIAN_POINT('',(-0.002794,-0.0201418833478842,-0.00888333333333333));
#1420=CARTESIAN_POINT('',(-0.002794,-0.021755,-0.0087775));
#1421=CARTESIAN_POINT('',(-0.002794,-0.0233681166521158,-0.00867166666666667));
#1422=CARTESIAN_POINT('',(-0.001397,-0.0241746749781737,-0.00856583333333333));
#1423=CARTESIAN_POINT('',(-1.9322732904433E-18,-0.0249812333042316,-0.00846));
#1424=CARTESIAN_POINT('',(0.001397,-0.0241746749781737,-0.00835416666666667));
#1425=CARTESIAN_POINT('',(0.002794,-0.0233681166521158,-0.00824833333333334));
#1426=CARTESIAN_POINT('',(0.002794,-0.021755,-0.0081425));
#1427=CARTESIAN_POINT('',(0.002794,-0.0201418833478842,-0.00803666666666667));
#1428=CARTESIAN_POINT('',(0.001397,-0.0193353250218263,-0.00793083333333333));
#1429=CARTESIAN_POINT('',(-1.14207403257733E-18,-0.0185287666957684,-0.007825));
#1430=CARTESIAN_POINT('',(-0.001397,-0.0193353250218263,-0.00771916666666667));
#1431=CARTESIAN_POINT('',(-0.002794,-0.0201418833478842,-0.00761333333333334));
#1432=CARTESIAN_POINT('',(-0.002794,-0.021755,-0.0075075));
#1433=CARTESIAN_POINT('',(-0.002794,-0.0233681166521158,-0.00740166666666666));
#1434=CARTESIAN_POINT('',(-0.001397,-0.0241746749781737,-0.00729583333333333));
#1435=CARTESIAN_POINT('',(-1.9322732904433E-18,-0.0249812333042316,-0.00718999999999999));
#1436=CARTESIAN_POINT('',(0.001397,-0.0241746749781737,-0.00708416666666667));
#1437=CARTESIAN_POINT('',(0.002794,-0.0233681166521158,-0.00697833333333333));
#1438=CARTESIAN_POINT('',(0.002794,-0.021755,-0.0068725));
#1439=CARTESIAN_POINT('',(0.002794,-0.0201418833478842,-0.00676666666666666));
#1440=CARTESIAN_POINT('',(0.001397,-0.0193353250218263,-0.00666083333333333));
#1441=CARTESIAN_POINT('',(-1.14207403257733E-18,-0.0185287666957684,-0.006555));
#1442=CARTESIAN_POINT('',(-0.001397,-0.0193353250218263,-0.00644916666666667));
#1443=CARTESIAN_POINT('',(-0.002794,-0.0201418833478842,-0.00634333333333333));
#1444=CARTESIAN_POINT('',(-0.002794,-0.021755,-0.0062375));
#1445=CARTESIAN_POINT('',(-0.002794,-0.0233681166521158,-0.00613166666666666));
#1446=CARTESIAN_POINT('',(-0.001397,-0.0241746749781737,-0.00602583333333333));
#1447=CARTESIAN_POINT('',(-1.9322732904433E-18,-0.0249812333042316,-0.00592));
#1448=CARTESIAN_POINT('',(0.001397,-0.0241746749781737,-0.00581416666666667));
#1449=CARTESIAN_POINT('',(0.002794,-0.0233681166521158,-0.00570833333333333));
#1450=CARTESIAN_POINT('',(0.002794,-0.021755,-0.0056025));
#1451=CARTESIAN_POINT('',(0.002794,-0.0201418833478842,-0.00549666666666666));
#1452=CARTESIAN_POINT('',(0.001397,-0.0193353250218263,-0.00539083333333333));
#1453=CARTESIAN_POINT('',(-1.14207403257733E-18,-0.0185287666957684,-0.005285));
#1454=CARTESIAN_POINT('',(-0.001397,-0.0193353250218263,-0.00517916666666667));
#1455=CARTESIAN_POINT('',(-0.002794,-0.0201418833478842,-0.00507333333333333));
#1456=CARTESIAN_POINT('',(-0.002794,-0.021755,-0.0049675));
#1457=CARTESIAN_POINT('',(-0.002794,-0.0233681166521158,-0.00486166666666666));
#1458=CARTESIAN_POINT('',(-0.001397,-0.0241746749781737,-0.00475583333333333));
#1459=CARTESIAN_POINT('',(-0.000173733474330512,-0.0248809282360596,-0.00466316162684322));
#1460=CARTESIAN_POINT('',(0.0011202619625762,-0.024314579874746,-0.0045651316695018));
#1461=CARTESIAN_POINT('',(-0.000670007518978334,-0.0251713268620439,-0.011437610895357));
#1462=CARTESIAN_POINT('',(0.000610567105109567,-0.0254224722182697,-0.0113597530319658));
#1463=CARTESIAN_POINT('',(0.001740703830625,-0.0247699874755722,-0.0112910416666667));
#1464=CARTESIAN_POINT('',(0.00348140766124999,-0.0237649916503815,-0.0111852083333333));
#1465=CARTESIAN_POINT('',(0.00348140766125,-0.021755,-0.011079375));
#1466=CARTESIAN_POINT('',(0.00348140766125,-0.0197450083496185,-0.0109735416666667));
#1467=CARTESIAN_POINT('',(0.001740703830625,-0.0187400125244278,-0.0108677083333333));
#1468=CARTESIAN_POINT('',(-9.9626452369102E-19,-0.017735016699237,-0.010761875));
#1469=CARTESIAN_POINT('',(-0.001740703830625,-0.0187400125244278,-0.0106560416666667));
#1470=CARTESIAN_POINT('',(-0.00348140766125,-0.0197450083496185,-0.0105502083333333));
#1471=CARTESIAN_POINT('',(-0.00348140766125,-0.021755,-0.010444375));
#1472=CARTESIAN_POINT('',(-0.00348140766125,-0.0237649916503815,-0.0103385416666667));
#1473=CARTESIAN_POINT('',(-0.001740703830625,-0.0247699874755722,-0.0102327083333333));
#1474=CARTESIAN_POINT('',(-1.98087646007207E-18,-0.025774983300763,-0.010126875));
#1475=CARTESIAN_POINT('',(0.001740703830625,-0.0247699874755722,-0.0100210416666667));
#1476=CARTESIAN_POINT('',(0.00348140766124999,-0.0237649916503815,-0.00991520833333333));
#1477=CARTESIAN_POINT('',(0.00348140766125,-0.021755,-0.009809375));
#1478=CARTESIAN_POINT('',(0.00348140766125,-0.0197450083496185,-0.00970354166666666));
#1479=CARTESIAN_POINT('',(0.001740703830625,-0.0187400125244278,-0.00959770833333333));
#1480=CARTESIAN_POINT('',(-9.9626452369102E-19,-0.017735016699237,-0.009491875));
#1481=CARTESIAN_POINT('',(-0.001740703830625,-0.0187400125244278,-0.00938604166666667));
#1482=CARTESIAN_POINT('',(-0.00348140766125,-0.0197450083496185,-0.00928020833333333));
#1483=CARTESIAN_POINT('',(-0.00348140766125,-0.021755,-0.009174375));
#1484=CARTESIAN_POINT('',(-0.00348140766125,-0.0237649916503815,-0.00906854166666667));
#1485=CARTESIAN_POINT('',(-0.001740703830625,-0.0247699874755722,-0.00896270833333333));
#1486=CARTESIAN_POINT('',(-1.98087646007207E-18,-0.025774983300763,-0.008856875));
#1487=CARTESIAN_POINT('',(0.001740703830625,-0.0247699874755722,-0.00875104166666667));
#1488=CARTESIAN_POINT('',(0.00348140766124999,-0.0237649916503815,-0.00864520833333333));
#1489=CARTESIAN_POINT('',(0.00348140766125,-0.021755,-0.008539375));
#1490=CARTESIAN_POINT('',(0.00348140766125,-0.0197450083496185,-0.00843354166666667));
#1491=CARTESIAN_POINT('',(0.001740703830625,-0.0187400125244278,-0.00832770833333333));
#1492=CARTESIAN_POINT('',(-9.9626452369102E-19,-0.017735016699237,-0.00822187499999999));
#1493=CARTESIAN_POINT('',(-0.001740703830625,-0.0187400125244278,-0.00811604166666667));
#1494=CARTESIAN_POINT('',(-0.00348140766125,-0.0197450083496185,-0.00801020833333334));
#1495=CARTESIAN_POINT('',(-0.00348140766125,-0.021755,-0.007904375));
#1496=CARTESIAN_POINT('',(-0.00348140766125,-0.0237649916503815,-0.00779854166666667));
#1497=CARTESIAN_POINT('',(-0.001740703830625,-0.0247699874755722,-0.00769270833333333));
#1498=CARTESIAN_POINT('',(-1.98087646007207E-18,-0.025774983300763,-0.00758687499999999));
#1499=CARTESIAN_POINT('',(0.001740703830625,-0.0247699874755722,-0.00748104166666667));
#1500=CARTESIAN_POINT('',(0.00348140766124999,-0.0237649916503815,-0.00737520833333333));
#1501=CARTESIAN_POINT('',(0.00348140766125,-0.021755,-0.007269375));
#1502=CARTESIAN_POINT('',(0.00348140766125,-0.0197450083496185,-0.00716354166666666));
#1503=CARTESIAN_POINT('',(0.001740703830625,-0.0187400125244278,-0.00705770833333333));
#1504=CARTESIAN_POINT('',(-9.9626452369102E-19,-0.017735016699237,-0.00695187499999999));
#1505=CARTESIAN_POINT('',(-0.001740703830625,-0.0187400125244278,-0.00684604166666667));
#1506=CARTESIAN_POINT('',(-0.00348140766125,-0.0197450083496185,-0.00674020833333333));
#1507=CARTESIAN_POINT('',(-0.00348140766125,-0.021755,-0.006634375));
#1508=CARTESIAN_POINT('',(-0.00348140766125,-0.0237649916503815,-0.00652854166666666));
#1509=CARTESIAN_POINT('',(-0.001740703830625,-0.0247699874755722,-0.00642270833333333));
#1510=CARTESIAN_POINT('',(-1.98087646007207E-18,-0.025774983300763,-0.006316875));
#1511=CARTESIAN_POINT('',(0.001740703830625,-0.0247699874755722,-0.00621104166666667));
#1512=CARTESIAN_POINT('',(0.00348140766124999,-0.0237649916503815,-0.00610520833333333));
#1513=CARTESIAN_POINT('',(0.00348140766125,-0.021755,-0.005999375));
#1514=CARTESIAN_POINT('',(0.00348140766125,-0.0197450083496185,-0.00589354166666666));
#1515=CARTESIAN_POINT('',(0.001740703830625,-0.0187400125244278,-0.00578770833333333));
#1516=CARTESIAN_POINT('',(-9.9626452369102E-19,-0.017735016699237,-0.005681875));
#1517=CARTESIAN_POINT('',(-0.001740703830625,-0.0187400125244278,-0.00557604166666667));
#1518=CARTESIAN_POINT('',(-0.00348140766125,-0.0197450083496185,-0.00547020833333333));
#1519=CARTESIAN_POINT('',(-0.00348140766125,-0.021755,-0.005364375));
#1520=CARTESIAN_POINT('',(-0.00348140766125,-0.0237649916503815,-0.00525854166666667));
#1521=CARTESIAN_POINT('',(-0.001740703830625,-0.0247699874755722,-0.00515270833333333));
#1522=CARTESIAN_POINT('',(-0.000216477111148828,-0.0256500001823678,-0.00506003662684322));
#1523=CARTESIAN_POINT('',(0.00139587994957756,-0.0249443131658991,-0.00496200666950181));
#1524=CARTESIAN_POINT('',(-0.00348140766125,-0.021755,-0.012984375));
#1525=CARTESIAN_POINT('',(-0.00348140766125,-0.0237649916503815,-0.0128785416666667));
#1526=CARTESIAN_POINT('',(-0.001740703830625,-0.0247699874755722,-0.0127727083333333));
#1527=CARTESIAN_POINT('',(-1.98087646007207E-18,-0.025774983300763,-0.012666875));
#1528=CARTESIAN_POINT('',(0.001740703830625,-0.0247699874755722,-0.0125610416666667));
#1529=CARTESIAN_POINT('',(0.00348140766124999,-0.0237649916503815,-0.0124552083333333));
#1530=CARTESIAN_POINT('',(0.00348140766125,-0.021755,-0.012349375));
#1531=CARTESIAN_POINT('',(0.00348140766125,-0.0197450083496185,-0.0122435416666667));
#1532=CARTESIAN_POINT('',(0.001740703830625,-0.0187400125244278,-0.0121377083333333));
#1533=CARTESIAN_POINT('',(-9.9626452369102E-19,-0.017735016699237,-0.012031875));
#1534=CARTESIAN_POINT('',(-0.001740703830625,-0.0187400125244278,-0.0119260416666667));
#1535=CARTESIAN_POINT('',(-0.00348140766125,-0.0197450083496185,-0.0118202083333333));
#1536=CARTESIAN_POINT('',(-0.00348140766125,-0.021755,-0.011714375));
#1537=CARTESIAN_POINT('',(-0.00348140766125001,-0.0237649916503815,-0.0116085416666667));
#1538=CARTESIAN_POINT('',(-0.00174070383062501,-0.0247699874755722,-0.0115027083333333));
#1539=CARTESIAN_POINT('',(-6.53595081174571E-18,-0.025774983300763,-0.011396875));
#1540=CARTESIAN_POINT('',(0.001740703830625,-0.0247699874755722,-0.0112910416666667));
#1541=CARTESIAN_POINT('',(0.00348140766124999,-0.0237649916503815,-0.0111852083333333));
#1542=CARTESIAN_POINT('',(0.00348140766125,-0.021755,-0.011079375));
#1543=CARTESIAN_POINT('',(0.00348140766125,-0.0197450083496185,-0.0109735416666667));
#1544=CARTESIAN_POINT('',(0.00174070383062501,-0.0187400125244278,-0.0108677083333333));
#1545=CARTESIAN_POINT('',(-1.16525873099694E-20,-0.017735016699237,-0.010761875));
#1546=CARTESIAN_POINT('',(-0.001740703830625,-0.0187400125244278,-0.0106560416666667));
#1547=CARTESIAN_POINT('',(-0.00348140766125,-0.0197450083496185,-0.0105502083333333));
#1548=CARTESIAN_POINT('',(-0.00348140766125,-0.021755,-0.010444375));
#1549=CARTESIAN_POINT('',(-0.00348140766125001,-0.0237649916503815,-0.0103385416666667));
#1550=CARTESIAN_POINT('',(-0.00174070383062501,-0.0247699874755722,-0.0102327083333333));
#1551=CARTESIAN_POINT('',(-1.10910251634194E-17,-0.025774983300763,-0.010126875));
#1552=CARTESIAN_POINT('',(0.001740703830625,-0.0247699874755722,-0.0100210416666667));
#1553=CARTESIAN_POINT('',(0.00348140766124999,-0.0237649916503815,-0.00991520833333333));
#1554=CARTESIAN_POINT('',(0.00348140766125,-0.021755,-0.009809375));
#1555=CARTESIAN_POINT('',(0.00348140766125,-0.0197450083496185,-0.00970354166666666));
#1556=CARTESIAN_POINT('',(0.00174070383062501,-0.0187400125244278,-0.00959770833333333));
#1557=CARTESIAN_POINT('',(8.11388417965627E-18,-0.017735016699237,-0.009491875));
#1558=CARTESIAN_POINT('',(-0.00174070383062499,-0.0187400125244278,-0.00938604166666667));
#1559=CARTESIAN_POINT('',(-0.00348140766124999,-0.0197450083496185,-0.00928020833333333));
#1560=CARTESIAN_POINT('',(-0.00348140766125,-0.021755,-0.009174375));
#1561=CARTESIAN_POINT('',(-0.00348140766125001,-0.0237649916503815,-0.00906854166666667));
#1562=CARTESIAN_POINT('',(-0.00174070383062501,-0.0247699874755722,-0.00896270833333333));
#1563=CARTESIAN_POINT('',(-1.20756370998004E-17,-0.025774983300763,-0.008856875));
#1564=CARTESIAN_POINT('',(0.00174070383062499,-0.0247699874755722,-0.00875104166666667));
#1565=CARTESIAN_POINT('',(0.00348140766124999,-0.0237649916503815,-0.00864520833333333));
#1566=CARTESIAN_POINT('',(0.00348140766125,-0.021755,-0.008539375));
#1567=CARTESIAN_POINT('',(0.00348140766125,-0.0197450083496185,-0.00843354166666667));
#1568=CARTESIAN_POINT('',(0.00174070383062501,-0.0187400125244278,-0.00832770833333333));
#1569=CARTESIAN_POINT('',(9.09849611603732E-18,-0.017735016699237,-0.00822187499999999));
#1570=CARTESIAN_POINT('',(-0.00174070383062499,-0.0187400125244278,-0.00811604166666667));
#1571=CARTESIAN_POINT('',(-0.00348140766124999,-0.0197450083496185,-0.00801020833333334));
#1572=CARTESIAN_POINT('',(-0.00348140766125,-0.021755,-0.007904375));
#1573=CARTESIAN_POINT('',(-0.00348140766125001,-0.0237649916503815,-0.00779854166666667));
#1574=CARTESIAN_POINT('',(-0.00174070383062501,-0.0247699874755722,-0.00769270833333333));
#1575=CARTESIAN_POINT('',(-1.30602490361815E-17,-0.025774983300763,-0.00758687499999999));
#1576=CARTESIAN_POINT('',(0.00174070383062499,-0.0247699874755723,-0.00748104166666667));
#1577=CARTESIAN_POINT('',(0.00348140766124999,-0.0237649916503815,-0.00737520833333333));
#1578=CARTESIAN_POINT('',(0.00348140766125,-0.021755,-0.007269375));
#1579=CARTESIAN_POINT('',(0.00348140766125,-0.0197450083496185,-0.00716354166666666));
#1580=CARTESIAN_POINT('',(0.00174070383062501,-0.0187400125244278,-0.00705770833333333));
#1581=CARTESIAN_POINT('',(1.00831080524184E-17,-0.017735016699237,-0.00695187499999999));
#1582=CARTESIAN_POINT('',(-0.00174070383062499,-0.0187400125244277,-0.00684604166666667));
#1583=CARTESIAN_POINT('',(-0.00348140766124999,-0.0197450083496185,-0.00674020833333333));
#1584=CARTESIAN_POINT('',(-0.00348140766125,-0.021755,-0.006634375));
#1585=CARTESIAN_POINT('',(-0.00348140766125001,-0.0237649916503815,-0.00652854166666666));
#1586=CARTESIAN_POINT('',(-0.00174070383062501,-0.0247699874755722,-0.00642270833333333));
#1587=CARTESIAN_POINT('',(-2.83267106337329E-17,-0.025774983300763,-0.006316875));
#1588=CARTESIAN_POINT('',(0.00174070383062499,-0.0247699874755723,-0.00621104166666667));
#1589=CARTESIAN_POINT('',(0.00348140766124999,-0.0237649916503815,-0.00610520833333333));
#1590=CARTESIAN_POINT('',(0.00348140766125,-0.021755,-0.005999375));
#1591=CARTESIAN_POINT('',(0.00348140766125,-0.0197450083496185,-0.00589354166666666));
#1592=CARTESIAN_POINT('',(0.00174070383062502,-0.0187400125244278,-0.00578770833333333));
#1593=CARTESIAN_POINT('',(1.10677199887994E-17,-0.017735016699237,-0.005681875));
#1594=CARTESIAN_POINT('',(-0.00174070383062498,-0.0187400125244277,-0.00557604166666667));
#1595=CARTESIAN_POINT('',(-0.00348140766124999,-0.0197450083496185,-0.00547020833333333));
#1596=CARTESIAN_POINT('',(-0.00348140766125,-0.021755,-0.005364375));
#1597=CARTESIAN_POINT('',(-0.00348140766125001,-0.0237649916503815,-0.00525854166666667));
#1598=CARTESIAN_POINT('',(-0.00174070383062501,-0.0247699874755722,-0.00515270833333333));
#1599=CARTESIAN_POINT('',(-2.93113225701139E-17,-0.025774983300763,-0.005046875));
#1600=CARTESIAN_POINT('',(0.00174070383062499,-0.0247699874755723,-0.00494104166666667));
#1601=CARTESIAN_POINT('',(0.00348140766124999,-0.0237649916503815,-0.00483520833333333));
#1602=CARTESIAN_POINT('',(0.00348140766125,-0.021755,-0.004729375));
#1603=CARTESIAN_POINT('',(0.00348140766125,-0.0197450083496185,-0.00462354166666666));
#1604=CARTESIAN_POINT('',(0.00174070383062502,-0.0187400125244278,-0.00451770833333333));
#1605=CARTESIAN_POINT('',(1.20523319251805E-17,-0.017735016699237,-0.004411875));
#1606=CARTESIAN_POINT('',(-0.00174070383062498,-0.0187400125244277,-0.00430604166666666));
#1607=CARTESIAN_POINT('',(-0.00348140766124999,-0.0197450083496185,-0.00420020833333333));
#1608=CARTESIAN_POINT('',(-0.00348140766125,-0.021755,-0.004094375));
#1609=CARTESIAN_POINT('',(-0.00348140766125001,-0.0237649916503815,-0.00398854166666667));
#1610=CARTESIAN_POINT('',(-0.00174070383062501,-0.0247699874755722,-0.00388270833333333));
#1611=CARTESIAN_POINT('',(-3.0295934506495E-17,-0.025774983300763,-0.003776875));
#1612=CARTESIAN_POINT('',(0.00174070383062499,-0.0247699874755723,-0.00367104166666666));
#1613=CARTESIAN_POINT('',(0.00348140766124998,-0.0237649916503815,-0.00356520833333333));
#1614=CARTESIAN_POINT('',(0.00348140766125,-0.021755,-0.003459375));
#1615=CARTESIAN_POINT('',(0.00348140766125,-0.0197450083496185,-0.00335354166666667));
#1616=CARTESIAN_POINT('',(0.00174070383062502,-0.0187400125244278,-0.00324770833333334));
#1617=CARTESIAN_POINT('',(1.30369438615615E-17,-0.017735016699237,-0.003141875));
#1618=CARTESIAN_POINT('',(-0.00174070383062498,-0.0187400125244277,-0.00303604166666667));
#1619=CARTESIAN_POINT('',(-0.00348140766124999,-0.0197450083496185,-0.00293020833333333));
#1620=CARTESIAN_POINT('',(-0.00348140766125,-0.021755,-0.002824375));
#1621=CARTESIAN_POINT('',(-0.002794,-0.021755,-0.0125875));
#1622=CARTESIAN_POINT('',(-0.002794,-0.0233681166521158,-0.0124816666666667));
#1623=CARTESIAN_POINT('',(-0.001397,-0.0241746749781737,-0.0123758333333333));
#1624=CARTESIAN_POINT('',(-1.9322732904433E-18,-0.0249812333042316,-0.01227));
#1625=CARTESIAN_POINT('',(0.001397,-0.0241746749781737,-0.0121641666666667));
#1626=CARTESIAN_POINT('',(0.002794,-0.0233681166521158,-0.0120583333333333));
#1627=CARTESIAN_POINT('',(0.002794,-0.021755,-0.0119525));
#1628=CARTESIAN_POINT('',(0.002794,-0.0201418833478842,-0.0118466666666667));
#1629=CARTESIAN_POINT('',(0.001397,-0.0193353250218263,-0.0117408333333333));
#1630=CARTESIAN_POINT('',(-1.14207403257733E-18,-0.0185287666957684,-0.011635));
#1631=CARTESIAN_POINT('',(-0.001397,-0.0193353250218263,-0.0115291666666667));
#1632=CARTESIAN_POINT('',(-0.002794,-0.0201418833478842,-0.0114233333333333));
#1633=CARTESIAN_POINT('',(-0.002794,-0.021755,-0.0113175));
#1634=CARTESIAN_POINT('',(-0.002794,-0.0233681166521158,-0.0112116666666667));
#1635=CARTESIAN_POINT('',(-0.001397,-0.0241746749781737,-0.0111058333333333));
#1636=CARTESIAN_POINT('',(-5.58794334604564E-18,-0.0249812333042316,-0.011));
#1637=CARTESIAN_POINT('',(0.001397,-0.0241746749781737,-0.0108941666666667));
#1638=CARTESIAN_POINT('',(0.002794,-0.0233681166521158,-0.0107883333333333));
#1639=CARTESIAN_POINT('',(0.002794,-0.021755,-0.0106825));
#1640=CARTESIAN_POINT('',(0.002794,-0.0201418833478842,-0.0105766666666667));
#1641=CARTESIAN_POINT('',(0.001397,-0.0193353250218263,-0.0104708333333333));
#1642=CARTESIAN_POINT('',(-3.51874774711358E-19,-0.0185287666957684,-0.010365));
#1643=CARTESIAN_POINT('',(-0.001397,-0.0193353250218263,-0.0102591666666667));
#1644=CARTESIAN_POINT('',(-0.002794,-0.0201418833478842,-0.0101533333333333));
#1645=CARTESIAN_POINT('',(-0.002794,-0.021755,-0.0100475));
#1646=CARTESIAN_POINT('',(-0.002794,-0.0233681166521158,-0.00994166666666666));
#1647=CARTESIAN_POINT('',(-0.001397,-0.0241746749781737,-0.00983583333333333));
#1648=CARTESIAN_POINT('',(-9.24361340164796E-18,-0.0249812333042316,-0.00973));
#1649=CARTESIAN_POINT('',(0.001397,-0.0241746749781737,-0.00962416666666667));
#1650=CARTESIAN_POINT('',(0.002794,-0.0233681166521158,-0.00951833333333333));
#1651=CARTESIAN_POINT('',(0.002794,-0.021755,-0.0094125));
#1652=CARTESIAN_POINT('',(0.002794,-0.0201418833478842,-0.00930666666666667));
#1653=CARTESIAN_POINT('',(0.001397,-0.0193353250218263,-0.00920083333333333));
#1654=CARTESIAN_POINT('',(6.16926607862734E-18,-0.0185287666957684,-0.009095));
#1655=CARTESIAN_POINT('',(-0.001397,-0.0193353250218262,-0.00898916666666667));
#1656=CARTESIAN_POINT('',(-0.002794,-0.0201418833478842,-0.00888333333333333));
#1657=CARTESIAN_POINT('',(-0.002794,-0.021755,-0.0087775));
#1658=CARTESIAN_POINT('',(-0.002794,-0.0233681166521158,-0.00867166666666667));
#1659=CARTESIAN_POINT('',(-0.001397,-0.0241746749781737,-0.00856583333333333));
#1660=CARTESIAN_POINT('',(-1.00338126595139E-17,-0.0249812333042316,-0.00846));
#1661=CARTESIAN_POINT('',(0.001397,-0.0241746749781737,-0.00835416666666667));
#1662=CARTESIAN_POINT('',(0.00279399999999999,-0.0233681166521158,-0.00824833333333334));
#1663=CARTESIAN_POINT('',(0.002794,-0.021755,-0.0081425));
#1664=CARTESIAN_POINT('',(0.002794,-0.0201418833478842,-0.00803666666666667));
#1665=CARTESIAN_POINT('',(0.001397,-0.0193353250218263,-0.00793083333333333));
#1666=CARTESIAN_POINT('',(6.9594653364933E-18,-0.0185287666957684,-0.007825));
#1667=CARTESIAN_POINT('',(-0.001397,-0.0193353250218262,-0.00771916666666667));
#1668=CARTESIAN_POINT('',(-0.002794,-0.0201418833478842,-0.00761333333333334));
#1669=CARTESIAN_POINT('',(-0.002794,-0.021755,-0.0075075));
#1670=CARTESIAN_POINT('',(-0.002794,-0.0233681166521158,-0.00740166666666666));
#1671=CARTESIAN_POINT('',(-0.001397,-0.0241746749781737,-0.00729583333333333));
#1672=CARTESIAN_POINT('',(-1.08240119173799E-17,-0.0249812333042316,-0.00718999999999999));
#1673=CARTESIAN_POINT('',(0.001397,-0.0241746749781737,-0.00708416666666667));
#1674=CARTESIAN_POINT('',(0.00279399999999999,-0.0233681166521158,-0.00697833333333333));
#1675=CARTESIAN_POINT('',(0.002794,-0.021755,-0.0068725));
#1676=CARTESIAN_POINT('',(0.002794,-0.0201418833478842,-0.00676666666666666));
#1677=CARTESIAN_POINT('',(0.001397,-0.0193353250218263,-0.00666083333333333));
#1678=CARTESIAN_POINT('',(7.74966459435927E-18,-0.0185287666957684,-0.006555));
#1679=CARTESIAN_POINT('',(-0.001397,-0.0193353250218262,-0.00644916666666667));
#1680=CARTESIAN_POINT('',(-0.00279399999999999,-0.0201418833478842,-0.00634333333333333));
#1681=CARTESIAN_POINT('',(-0.002794,-0.021755,-0.0062375));
#1682=CARTESIAN_POINT('',(-0.002794,-0.0233681166521158,-0.00613166666666666));
#1683=CARTESIAN_POINT('',(-0.001397,-0.0241746749781737,-0.00602583333333333));
#1684=CARTESIAN_POINT('',(-2.30760943661913E-17,-0.0249812333042316,-0.00592));
#1685=CARTESIAN_POINT('',(0.001397,-0.0241746749781737,-0.00581416666666667));
#1686=CARTESIAN_POINT('',(0.002794,-0.0233681166521158,-0.00570833333333333));
#1687=CARTESIAN_POINT('',(0.002794,-0.021755,-0.0056025));
#1688=CARTESIAN_POINT('',(0.002794,-0.0201418833478842,-0.00549666666666666));
#1689=CARTESIAN_POINT('',(0.00139700000000001,-0.0193353250218263,-0.00539083333333333));
#1690=CARTESIAN_POINT('',(8.53986385222524E-18,-0.0185287666957684,-0.005285));
#1691=CARTESIAN_POINT('',(-0.00139699999999998,-0.0193353250218262,-0.00517916666666667));
#1692=CARTESIAN_POINT('',(-0.00279399999999999,-0.0201418833478842,-0.00507333333333333));
#1693=CARTESIAN_POINT('',(-0.002794,-0.021755,-0.0049675));
#1694=CARTESIAN_POINT('',(-0.00279400000000001,-0.0233681166521158,-0.00486166666666666));
#1695=CARTESIAN_POINT('',(-0.001397,-0.0241746749781737,-0.00475583333333333));
#1696=CARTESIAN_POINT('',(-2.38662936240573E-17,-0.0249812333042316,-0.00465));
#1697=CARTESIAN_POINT('',(0.001397,-0.0241746749781737,-0.00454416666666667));
#1698=CARTESIAN_POINT('',(0.002794,-0.0233681166521158,-0.00443833333333333));
#1699=CARTESIAN_POINT('',(0.002794,-0.021755,-0.0043325));
#1700=CARTESIAN_POINT('',(0.002794,-0.0201418833478842,-0.00422666666666667));
#1701=CARTESIAN_POINT('',(0.00139700000000001,-0.0193353250218263,-0.00412083333333334));
#1702=CARTESIAN_POINT('',(9.33006311009121E-18,-0.0185287666957684,-0.004015));
#1703=CARTESIAN_POINT('',(-0.00139699999999998,-0.0193353250218262,-0.00390916666666666));
#1704=CARTESIAN_POINT('',(-0.00279399999999999,-0.0201418833478842,-0.00380333333333333));
#1705=CARTESIAN_POINT('',(-0.002794,-0.021755,-0.0036975));
#1706=CARTESIAN_POINT('',(-0.00279400000000001,-0.0233681166521158,-0.00359166666666667));
#1707=CARTESIAN_POINT('',(-0.001397,-0.0241746749781737,-0.00348583333333333));
#1708=CARTESIAN_POINT('',(-2.46564928819233E-17,-0.0249812333042316,-0.00338));
#1709=CARTESIAN_POINT('',(0.00139699999999999,-0.0241746749781737,-0.00327416666666667));
#1710=CARTESIAN_POINT('',(0.00279399999999999,-0.0233681166521159,-0.00316833333333333));
#1711=CARTESIAN_POINT('',(0.002794,-0.021755,-0.0030625));
#1712=CARTESIAN_POINT('',(0.002794,-0.0201418833478842,-0.00295666666666667));
#1713=CARTESIAN_POINT('',(0.00139700000000001,-0.0193353250218263,-0.00285083333333333));
#1714=CARTESIAN_POINT('',(1.01202623679572E-17,-0.0185287666957684,-0.002745));
#1715=CARTESIAN_POINT('',(-0.00139699999999998,-0.0193353250218262,-0.00263916666666667));
#1716=CARTESIAN_POINT('',(-0.00279399999999999,-0.0201418833478842,-0.00253333333333333));
#1717=CARTESIAN_POINT('',(-0.002794,-0.021755,-0.0024275));
#1718=CARTESIAN_POINT('',(0.00340233356351074,-0.0210172157317898,-0.0110381241692652));
#1719=CARTESIAN_POINT('',(0.00307566187649846,-0.0195107509115696,-0.0109488726631689));
#1720=CARTESIAN_POINT('',(0.001740703830625,-0.0187400125244278,-0.0108677083333333));
#1721=CARTESIAN_POINT('',(-9.9626452369102E-19,-0.017735016699237,-0.010761875));
#1722=CARTESIAN_POINT('',(-0.001740703830625,-0.0187400125244278,-0.0106560416666667));
#1723=CARTESIAN_POINT('',(-0.00348140766125,-0.0197450083496185,-0.0105502083333333));
#1724=CARTESIAN_POINT('',(-0.00348140766125,-0.021755,-0.010444375));
#1725=CARTESIAN_POINT('',(-0.00348140766125,-0.0237649916503815,-0.0103385416666667));
#1726=CARTESIAN_POINT('',(-0.001740703830625,-0.0247699874755722,-0.0102327083333333));
#1727=CARTESIAN_POINT('',(-1.98087646007207E-18,-0.025774983300763,-0.010126875));
#1728=CARTESIAN_POINT('',(0.001740703830625,-0.0247699874755722,-0.0100210416666667));
#1729=CARTESIAN_POINT('',(0.00348140766124999,-0.0237649916503815,-0.00991520833333333));
#1730=CARTESIAN_POINT('',(0.00348140766125,-0.021755,-0.009809375));
#1731=CARTESIAN_POINT('',(0.00348140766125,-0.0197450083496185,-0.00970354166666666));
#1732=CARTESIAN_POINT('',(0.001740703830625,-0.0187400125244278,-0.00959770833333333));
#1733=CARTESIAN_POINT('',(-9.9626452369102E-19,-0.017735016699237,-0.009491875));
#1734=CARTESIAN_POINT('',(-0.001740703830625,-0.0187400125244278,-0.00938604166666667));
#1735=CARTESIAN_POINT('',(-0.00348140766125,-0.0197450083496185,-0.00928020833333333));
#1736=CARTESIAN_POINT('',(-0.00348140766125,-0.021755,-0.009174375));
#1737=CARTESIAN_POINT('',(-0.00348140766125,-0.0237649916503815,-0.00906854166666667));
#1738=CARTESIAN_POINT('',(-0.001740703830625,-0.0247699874755722,-0.00896270833333333));
#1739=CARTESIAN_POINT('',(-1.98087646007207E-18,-0.025774983300763,-0.008856875));
#1740=CARTESIAN_POINT('',(0.001740703830625,-0.0247699874755722,-0.00875104166666667));
#1741=CARTESIAN_POINT('',(0.00348140766124999,-0.0237649916503815,-0.00864520833333333));
#1742=CARTESIAN_POINT('',(0.00348140766125,-0.021755,-0.008539375));
#1743=CARTESIAN_POINT('',(0.00348140766125,-0.0197450083496185,-0.00843354166666667));
#1744=CARTESIAN_POINT('',(0.001740703830625,-0.0187400125244278,-0.00832770833333333));
#1745=CARTESIAN_POINT('',(-9.9626452369102E-19,-0.017735016699237,-0.00822187499999999));
#1746=CARTESIAN_POINT('',(-0.001740703830625,-0.0187400125244278,-0.00811604166666667));
#1747=CARTESIAN_POINT('',(-0.00348140766125,-0.0197450083496185,-0.00801020833333334));
#1748=CARTESIAN_POINT('',(-0.00348140766125,-0.021755,-0.007904375));
#1749=CARTESIAN_POINT('',(-0.00348140766125,-0.0237649916503815,-0.00779854166666667));
#1750=CARTESIAN_POINT('',(-0.001740703830625,-0.0247699874755722,-0.00769270833333333));
#1751=CARTESIAN_POINT('',(-1.98087646007207E-18,-0.025774983300763,-0.00758687499999999));
#1752=CARTESIAN_POINT('',(0.001740703830625,-0.0247699874755722,-0.00748104166666667));
#1753=CARTESIAN_POINT('',(0.00348140766124999,-0.0237649916503815,-0.00737520833333333));
#1754=CARTESIAN_POINT('',(0.00348140766125,-0.021755,-0.007269375));
#1755=CARTESIAN_POINT('',(0.00348140766125,-0.0197450083496185,-0.00716354166666666));
#1756=CARTESIAN_POINT('',(0.001740703830625,-0.0187400125244278,-0.00705770833333333));
#1757=CARTESIAN_POINT('',(-9.9626452369102E-19,-0.017735016699237,-0.00695187499999999));
#1758=CARTESIAN_POINT('',(-0.001740703830625,-0.0187400125244278,-0.00684604166666667));
#1759=CARTESIAN_POINT('',(-0.00348140766125,-0.0197450083496185,-0.00674020833333333));
#1760=CARTESIAN_POINT('',(-0.00348140766125,-0.021755,-0.006634375));
#1761=CARTESIAN_POINT('',(-0.00348140766125,-0.0237649916503815,-0.00652854166666666));
#1762=CARTESIAN_POINT('',(-0.001740703830625,-0.0247699874755722,-0.00642270833333333));
#1763=CARTESIAN_POINT('',(-1.98087646007207E-18,-0.025774983300763,-0.006316875));
#1764=CARTESIAN_POINT('',(0.001740703830625,-0.0247699874755722,-0.00621104166666667));
#1765=CARTESIAN_POINT('',(0.00348140766124999,-0.0237649916503815,-0.00610520833333333));
#1766=CARTESIAN_POINT('',(0.00348140766125,-0.021755,-0.005999375));
#1767=CARTESIAN_POINT('',(0.00348140766125,-0.0197450083496185,-0.00589354166666666));
#1768=CARTESIAN_POINT('',(0.001740703830625,-0.0187400125244278,-0.00578770833333333));
#1769=CARTESIAN_POINT('',(-9.9626452369102E-19,-0.017735016699237,-0.005681875));
#1770=CARTESIAN_POINT('',(-0.001740703830625,-0.0187400125244278,-0.00557604166666667));
#1771=CARTESIAN_POINT('',(-0.00348140766125,-0.0197450083496185,-0.00547020833333333));
#1772=CARTESIAN_POINT('',(-0.00348140766125,-0.021755,-0.005364375));
#1773=CARTESIAN_POINT('',(-0.00348140766125,-0.0237649916503815,-0.00525854166666667));
#1774=CARTESIAN_POINT('',(-0.001740703830625,-0.0247699874755722,-0.00515270833333333));
#1775=CARTESIAN_POINT('',(-1.98087646007207E-18,-0.025774983300763,-0.005046875));
#1776=CARTESIAN_POINT('',(0.001740703830625,-0.0247699874755722,-0.00494104166666667));
#1777=CARTESIAN_POINT('',(0.00281025856884329,-0.0241524797595489,-0.00487601363539758));
#1778=CARTESIAN_POINT('',(0.00325156288753233,-0.0229990008409292,-0.00480186333031885));
#1779=CARTESIAN_POINT('',(0.00345874966200907,-0.0210049820959134,-0.0110814196238107));
#1780=CARTESIAN_POINT('',(0.0031266612391809,-0.0194735376944455,-0.0109921681177144));
#1781=CARTESIAN_POINT('',(0.00176956746698863,-0.0186900192397547,-0.0109110037878788));
#1782=CARTESIAN_POINT('',(-9.84019700480287E-19,-0.0176683589863396,-0.0108051704545454));
#1783=CARTESIAN_POINT('',(-0.00176956746698863,-0.0186900192397547,-0.0106993371212121));
#1784=CARTESIAN_POINT('',(-0.00353913493397728,-0.0197116794931698,-0.0105935037878788));
#1785=CARTESIAN_POINT('',(-0.00353913493397727,-0.021755,-0.0104876704545454));
#1786=CARTESIAN_POINT('',(-0.00353913493397728,-0.0237983205068302,-0.0103818371212121));
#1787=CARTESIAN_POINT('',(-0.00176956746698864,-0.0248199807602453,-0.0102760037878788));
#1788=CARTESIAN_POINT('',(-1.98495806780898E-18,-0.0258416410136604,-0.0101701704545454));
#1789=CARTESIAN_POINT('',(0.00176956746698863,-0.0248199807602453,-0.0100643371212121));
#1790=CARTESIAN_POINT('',(0.00353913493397728,-0.0237983205068302,-0.0099585037878788));
#1791=CARTESIAN_POINT('',(0.00353913493397727,-0.021755,-0.00985267045454545));
#1792=CARTESIAN_POINT('',(0.00353913493397728,-0.0197116794931698,-0.00974683712121212));
#1793=CARTESIAN_POINT('',(0.00176956746698863,-0.0186900192397547,-0.00964100378787878));
#1794=CARTESIAN_POINT('',(-9.84019700480287E-19,-0.0176683589863396,-0.00953517045454545));
#1795=CARTESIAN_POINT('',(-0.00176956746698863,-0.0186900192397547,-0.00942933712121212));
#1796=CARTESIAN_POINT('',(-0.00353913493397728,-0.0197116794931698,-0.00932350378787878));
#1797=CARTESIAN_POINT('',(-0.00353913493397727,-0.021755,-0.0092176704545455));
#1798=CARTESIAN_POINT('',(-0.00353913493397728,-0.0237983205068302,-0.00911183712121212));
#1799=CARTESIAN_POINT('',(-0.00176956746698864,-0.0248199807602453,-0.00900600378787878));
#1800=CARTESIAN_POINT('',(-1.98495806780898E-18,-0.0258416410136604,-0.00890017045454546));
#1801=CARTESIAN_POINT('',(0.00176956746698863,-0.0248199807602453,-0.00879433712121211));
#1802=CARTESIAN_POINT('',(0.00353913493397728,-0.0237983205068302,-0.00868850378787878));
#1803=CARTESIAN_POINT('',(0.00353913493397727,-0.021755,-0.00858267045454545));
#1804=CARTESIAN_POINT('',(0.00353913493397728,-0.0197116794931698,-0.00847683712121213));
#1805=CARTESIAN_POINT('',(0.00176956746698863,-0.0186900192397547,-0.00837100378787878));
#1806=CARTESIAN_POINT('',(-9.84019700480287E-19,-0.0176683589863396,-0.00826517045454546));
#1807=CARTESIAN_POINT('',(-0.00176956746698863,-0.0186900192397547,-0.00815933712121212));
#1808=CARTESIAN_POINT('',(-0.00353913493397728,-0.0197116794931698,-0.00805350378787878));
#1809=CARTESIAN_POINT('',(-0.00353913493397727,-0.021755,-0.00794767045454545));
#1810=CARTESIAN_POINT('',(-0.00353913493397728,-0.0237983205068302,-0.00784183712121212));
#1811=CARTESIAN_POINT('',(-0.00176956746698864,-0.0248199807602453,-0.00773600378787878));
#1812=CARTESIAN_POINT('',(-1.98495806780898E-18,-0.0258416410136604,-0.00763017045454546));
#1813=CARTESIAN_POINT('',(0.00176956746698863,-0.0248199807602453,-0.00752433712121211));
#1814=CARTESIAN_POINT('',(0.00353913493397728,-0.0237983205068302,-0.00741850378787879));
#1815=CARTESIAN_POINT('',(0.00353913493397727,-0.021755,-0.00731267045454549));
#1816=CARTESIAN_POINT('',(0.00353913493397728,-0.0197116794931698,-0.00720683712121212));
#1817=CARTESIAN_POINT('',(0.00176956746698863,-0.0186900192397547,-0.00710100378787878));
#1818=CARTESIAN_POINT('',(-9.84019700480287E-19,-0.0176683589863396,-0.00699517045454545));
#1819=CARTESIAN_POINT('',(-0.00176956746698863,-0.0186900192397547,-0.00688933712121212));
#1820=CARTESIAN_POINT('',(-0.00353913493397728,-0.0197116794931698,-0.00678350378787878));
#1821=CARTESIAN_POINT('',(-0.00353913493397727,-0.021755,-0.00667767045454545));
#1822=CARTESIAN_POINT('',(-0.00353913493397728,-0.0237983205068302,-0.00657183712121212));
#1823=CARTESIAN_POINT('',(-0.00176956746698864,-0.0248199807602453,-0.00646600378787879));
#1824=CARTESIAN_POINT('',(-1.98495806780898E-18,-0.0258416410136604,-0.00636017045454546));
#1825=CARTESIAN_POINT('',(0.00176956746698863,-0.0248199807602453,-0.00625433712121211));
#1826=CARTESIAN_POINT('',(0.00353913493397728,-0.0237983205068302,-0.00614850378787879));
#1827=CARTESIAN_POINT('',(0.00353913493397727,-0.021755,-0.00604267045454545));
#1828=CARTESIAN_POINT('',(0.00353913493397728,-0.0197116794931698,-0.00593683712121212));
#1829=CARTESIAN_POINT('',(0.00176956746698863,-0.0186900192397547,-0.00583100378787878));
#1830=CARTESIAN_POINT('',(-9.84019700480287E-19,-0.0176683589863396,-0.00572517045454545));
#1831=CARTESIAN_POINT('',(-0.00176956746698863,-0.0186900192397547,-0.00561933712121212));
#1832=CARTESIAN_POINT('',(-0.00353913493397728,-0.0197116794931698,-0.00551350378787879));
#1833=CARTESIAN_POINT('',(-0.00353913493397727,-0.021755,-0.00540767045454548));
#1834=CARTESIAN_POINT('',(-0.00353913493397728,-0.0237983205068302,-0.00530183712121212));
#1835=CARTESIAN_POINT('',(-0.00176956746698864,-0.0248199807602453,-0.00519600378787878));
#1836=CARTESIAN_POINT('',(-1.98495806780898E-18,-0.0258416410136604,-0.00509017045454545));
#1837=CARTESIAN_POINT('',(0.00176956746698863,-0.0248199807602453,-0.00498433712121212));
#1838=CARTESIAN_POINT('',(0.00285685712282578,-0.0241922337847606,-0.00491930908994303));
#1839=CARTESIAN_POINT('',(0.00330547896857268,-0.0230196283522134,-0.0048451587848643));
#1840=CARTESIAN_POINT('',(0.00345874966200907,-0.0210049820959134,-0.0111535787147197));
#1841=CARTESIAN_POINT('',(0.0031266612391809,-0.0194735376944455,-0.0110643272086235));
#1842=CARTESIAN_POINT('',(0.00176956746698864,-0.0186900192397547,-0.0109831628787879));
#1843=CARTESIAN_POINT('',(-9.84019700480287E-19,-0.0176683589863396,-0.0108773295454545));
#1844=CARTESIAN_POINT('',(-0.00176956746698863,-0.0186900192397547,-0.0107714962121212));
#1845=CARTESIAN_POINT('',(-0.00353913493397728,-0.0197116794931698,-0.0106656628787879));
#1846=CARTESIAN_POINT('',(-0.00353913493397727,-0.021755,-0.0105598295454546));
#1847=CARTESIAN_POINT('',(-0.00353913493397728,-0.0237983205068302,-0.0104539962121212));
#1848=CARTESIAN_POINT('',(-0.00176956746698864,-0.0248199807602453,-0.0103481628787879));
#1849=CARTESIAN_POINT('',(-1.98495806780898E-18,-0.0258416410136604,-0.0102423295454545));
#1850=CARTESIAN_POINT('',(0.00176956746698863,-0.0248199807602453,-0.0101364962121212));
#1851=CARTESIAN_POINT('',(0.00353913493397728,-0.0237983205068302,-0.0100306628787879));
#1852=CARTESIAN_POINT('',(0.00353913493397727,-0.021755,-0.00992482954545454));
#1853=CARTESIAN_POINT('',(0.00353913493397728,-0.0197116794931698,-0.00981899621212122));
#1854=CARTESIAN_POINT('',(0.00176956746698864,-0.0186900192397547,-0.00971316287878787));
#1855=CARTESIAN_POINT('',(-9.84019700480287E-19,-0.0176683589863396,-0.00960732954545455));
#1856=CARTESIAN_POINT('',(-0.00176956746698863,-0.0186900192397547,-0.0095014962121212));
#1857=CARTESIAN_POINT('',(-0.00353913493397728,-0.0197116794931698,-0.00939566287878788));
#1858=CARTESIAN_POINT('',(-0.00353913493397727,-0.021755,-0.00928982954545454));
#1859=CARTESIAN_POINT('',(-0.00353913493397728,-0.0237983205068302,-0.00918399621212121));
#1860=CARTESIAN_POINT('',(-0.00176956746698864,-0.0248199807602453,-0.00907816287878787));
#1861=CARTESIAN_POINT('',(-1.98495806780898E-18,-0.0258416410136604,-0.00897232954545455));
#1862=CARTESIAN_POINT('',(0.00176956746698863,-0.0248199807602453,-0.00886649621212121));
#1863=CARTESIAN_POINT('',(0.00353913493397728,-0.0237983205068302,-0.00876066287878788));
#1864=CARTESIAN_POINT('',(0.00353913493397727,-0.021755,-0.00865482954545458));
#1865=CARTESIAN_POINT('',(0.00353913493397728,-0.0197116794931698,-0.00854899621212121));
#1866=CARTESIAN_POINT('',(0.00176956746698864,-0.0186900192397547,-0.00844316287878788));
#1867=CARTESIAN_POINT('',(-9.84019700480287E-19,-0.0176683589863396,-0.00833732954545454));
#1868=CARTESIAN_POINT('',(-0.00176956746698863,-0.0186900192397547,-0.0082314962121212));
#1869=CARTESIAN_POINT('',(-0.00353913493397728,-0.0197116794931698,-0.00812566287878788));
#1870=CARTESIAN_POINT('',(-0.00353913493397727,-0.021755,-0.00801982954545453));
#1871=CARTESIAN_POINT('',(-0.00353913493397728,-0.0237983205068302,-0.00791399621212121));
#1872=CARTESIAN_POINT('',(-0.00176956746698864,-0.0248199807602453,-0.00780816287878787));
#1873=CARTESIAN_POINT('',(-1.98495806780898E-18,-0.0258416410136604,-0.00770232954545454));
#1874=CARTESIAN_POINT('',(0.00176956746698863,-0.0248199807602453,-0.00759649621212121));
#1875=CARTESIAN_POINT('',(0.00353913493397728,-0.0237983205068302,-0.00749066287878789));
#1876=CARTESIAN_POINT('',(0.00353913493397727,-0.021755,-0.00738482954545454));
#1877=CARTESIAN_POINT('',(0.00353913493397728,-0.0197116794931698,-0.00727899621212121));
#1878=CARTESIAN_POINT('',(0.00176956746698864,-0.0186900192397547,-0.00717316287878788));
#1879=CARTESIAN_POINT('',(-9.84019700480287E-19,-0.0176683589863396,-0.00706732954545454));
#1880=CARTESIAN_POINT('',(-0.00176956746698863,-0.0186900192397547,-0.00696149621212121));
#1881=CARTESIAN_POINT('',(-0.00353913493397728,-0.0197116794931698,-0.00685566287878788));
#1882=CARTESIAN_POINT('',(-0.00353913493397727,-0.021755,-0.00674982954545458));
#1883=CARTESIAN_POINT('',(-0.00353913493397728,-0.0237983205068302,-0.00664399621212121));
#1884=CARTESIAN_POINT('',(-0.00176956746698864,-0.0248199807602453,-0.00653816287878787));
#1885=CARTESIAN_POINT('',(-1.98495806780898E-18,-0.0258416410136604,-0.00643232954545455));
#1886=CARTESIAN_POINT('',(0.00176956746698863,-0.0248199807602453,-0.00632649621212121));
#1887=CARTESIAN_POINT('',(0.00353913493397728,-0.0237983205068302,-0.00622066287878788));
#1888=CARTESIAN_POINT('',(0.00353913493397727,-0.021755,-0.00611482954545454));
#1889=CARTESIAN_POINT('',(0.00353913493397728,-0.0197116794931698,-0.00600899621212121));
#1890=CARTESIAN_POINT('',(0.00176956746698864,-0.0186900192397547,-0.00590316287878788));
#1891=CARTESIAN_POINT('',(-9.84019700480287E-19,-0.0176683589863396,-0.00579732954545455));
#1892=CARTESIAN_POINT('',(-0.00176956746698863,-0.0186900192397547,-0.00569149621212121));
#1893=CARTESIAN_POINT('',(-0.00353913493397728,-0.0197116794931698,-0.00558566287878788));
#1894=CARTESIAN_POINT('',(-0.00353913493397727,-0.021755,-0.00547982954545454));
#1895=CARTESIAN_POINT('',(-0.00353913493397728,-0.0237983205068302,-0.00537399621212121));
#1896=CARTESIAN_POINT('',(-0.00176956746698864,-0.0248199807602453,-0.00526816287878788));
#1897=CARTESIAN_POINT('',(-1.98495806780898E-18,-0.0258416410136604,-0.00516232954545454));
#1898=CARTESIAN_POINT('',(0.00176956746698863,-0.0248199807602453,-0.00505649621212121));
#1899=CARTESIAN_POINT('',(0.00285685712282578,-0.0241922337847606,-0.00499146818085212));
#1900=CARTESIAN_POINT('',(0.00330547896857268,-0.0230196283522134,-0.00491731787577341));
#1901=CARTESIAN_POINT('',(0.00340233356351074,-0.0210172157317898,-0.0111968741692652));
#1902=CARTESIAN_POINT('',(0.00307566187649846,-0.0195107509115696,-0.0111076226631689));
#1903=CARTESIAN_POINT('',(0.001740703830625,-0.0187400125244278,-0.0110264583333333));
#1904=CARTESIAN_POINT('',(-9.96264523691019E-19,-0.017735016699237,-0.010920625));
#1905=CARTESIAN_POINT('',(-0.001740703830625,-0.0187400125244278,-0.0108147916666667));
#1906=CARTESIAN_POINT('',(-0.00348140766125,-0.0197450083496185,-0.0107089583333333));
#1907=CARTESIAN_POINT('',(-0.00348140766125,-0.021755,-0.010603125));
#1908=CARTESIAN_POINT('',(-0.00348140766125,-0.0237649916503815,-0.0104972916666667));
#1909=CARTESIAN_POINT('',(-0.001740703830625,-0.0247699874755722,-0.0103914583333333));
#1910=CARTESIAN_POINT('',(-1.98087646007207E-18,-0.025774983300763,-0.010285625));
#1911=CARTESIAN_POINT('',(0.001740703830625,-0.0247699874755722,-0.0101797916666667));
#1912=CARTESIAN_POINT('',(0.00348140766125,-0.0237649916503815,-0.0100739583333333));
#1913=CARTESIAN_POINT('',(0.00348140766125,-0.021755,-0.009968125));
#1914=CARTESIAN_POINT('',(0.00348140766125,-0.0197450083496185,-0.00986229166666667));
#1915=CARTESIAN_POINT('',(0.001740703830625,-0.0187400125244278,-0.00975645833333333));
#1916=CARTESIAN_POINT('',(-9.96264523691019E-19,-0.017735016699237,-0.009650625));
#1917=CARTESIAN_POINT('',(-0.001740703830625,-0.0187400125244278,-0.00954479166666667));
#1918=CARTESIAN_POINT('',(-0.00348140766125,-0.0197450083496185,-0.00943895833333333));
#1919=CARTESIAN_POINT('',(-0.00348140766125,-0.021755,-0.009333125));
#1920=CARTESIAN_POINT('',(-0.00348140766125,-0.0237649916503815,-0.00922729166666667));
#1921=CARTESIAN_POINT('',(-0.001740703830625,-0.0247699874755722,-0.00912145833333333));
#1922=CARTESIAN_POINT('',(-1.98087646007207E-18,-0.025774983300763,-0.009015625));
#1923=CARTESIAN_POINT('',(0.001740703830625,-0.0247699874755722,-0.00890979166666667));
#1924=CARTESIAN_POINT('',(0.00348140766125,-0.0237649916503815,-0.00880395833333333));
#1925=CARTESIAN_POINT('',(0.00348140766125,-0.021755,-0.008698125));
#1926=CARTESIAN_POINT('',(0.00348140766125,-0.0197450083496185,-0.00859229166666667));
#1927=CARTESIAN_POINT('',(0.001740703830625,-0.0187400125244278,-0.00848645833333333));
#1928=CARTESIAN_POINT('',(-9.96264523691019E-19,-0.017735016699237,-0.008380625));
#1929=CARTESIAN_POINT('',(-0.001740703830625,-0.0187400125244278,-0.00827479166666667));
#1930=CARTESIAN_POINT('',(-0.00348140766125,-0.0197450083496185,-0.00816895833333334));
#1931=CARTESIAN_POINT('',(-0.00348140766125,-0.021755,-0.008063125));
#1932=CARTESIAN_POINT('',(-0.00348140766125,-0.0237649916503815,-0.00795729166666667));
#1933=CARTESIAN_POINT('',(-0.001740703830625,-0.0247699874755722,-0.00785145833333333));
#1934=CARTESIAN_POINT('',(-1.98087646007207E-18,-0.025774983300763,-0.00774562499999999));
#1935=CARTESIAN_POINT('',(0.001740703830625,-0.0247699874755722,-0.00763979166666667));
#1936=CARTESIAN_POINT('',(0.00348140766125,-0.0237649916503815,-0.00753395833333334));
#1937=CARTESIAN_POINT('',(0.00348140766125,-0.021755,-0.007428125));
#1938=CARTESIAN_POINT('',(0.00348140766125,-0.0197450083496185,-0.00732229166666666));
#1939=CARTESIAN_POINT('',(0.001740703830625,-0.0187400125244278,-0.00721645833333333));
#1940=CARTESIAN_POINT('',(-9.96264523691019E-19,-0.017735016699237,-0.007110625));
#1941=CARTESIAN_POINT('',(-0.001740703830625,-0.0187400125244278,-0.00700479166666667));
#1942=CARTESIAN_POINT('',(-0.00348140766125,-0.0197450083496185,-0.00689895833333333));
#1943=CARTESIAN_POINT('',(-0.00348140766125,-0.021755,-0.006793125));
#1944=CARTESIAN_POINT('',(-0.00348140766125,-0.0237649916503815,-0.00668729166666666));
#1945=CARTESIAN_POINT('',(-0.001740703830625,-0.0247699874755722,-0.00658145833333333));
#1946=CARTESIAN_POINT('',(-1.98087646007207E-18,-0.025774983300763,-0.006475625));
#1947=CARTESIAN_POINT('',(0.001740703830625,-0.0247699874755722,-0.00636979166666667));
#1948=CARTESIAN_POINT('',(0.00348140766125,-0.0237649916503815,-0.00626395833333333));
#1949=CARTESIAN_POINT('',(0.00348140766125,-0.021755,-0.006158125));
#1950=CARTESIAN_POINT('',(0.00348140766125,-0.0197450083496185,-0.00605229166666666));
#1951=CARTESIAN_POINT('',(0.001740703830625,-0.0187400125244278,-0.00594645833333333));
#1952=CARTESIAN_POINT('',(-9.96264523691019E-19,-0.017735016699237,-0.005840625));
#1953=CARTESIAN_POINT('',(-0.001740703830625,-0.0187400125244278,-0.00573479166666667));
#1954=CARTESIAN_POINT('',(-0.00348140766125,-0.0197450083496185,-0.00562895833333333));
#1955=CARTESIAN_POINT('',(-0.00348140766125,-0.021755,-0.005523125));
#1956=CARTESIAN_POINT('',(-0.00348140766125,-0.0237649916503815,-0.00541729166666667));
#1957=CARTESIAN_POINT('',(-0.001740703830625,-0.0247699874755722,-0.00531145833333333));
#1958=CARTESIAN_POINT('',(-1.98087646007207E-18,-0.025774983300763,-0.005205625));
#1959=CARTESIAN_POINT('',(0.001740703830625,-0.0247699874755722,-0.00509979166666667));
#1960=CARTESIAN_POINT('',(0.0028102585688433,-0.0241524797595489,-0.00503476363539758));
#1961=CARTESIAN_POINT('',(0.00325156288753233,-0.0229990008409292,-0.00496061333031885));
#1962=CARTESIAN_POINT('',(-1.7347234759768E-18,-0.021755,-0.011));
#1963=CARTESIAN_POINT('',(-1.7347234759768E-18,-0.021755,-0.006));
#1964=MECHANICAL_DESIGN_GEOMETRIC_PRESENTATION_REPRESENTATION('',(#616),
#1965);
#1965=(
GEOMETRIC_REPRESENTATION_CONTEXT(3)
GLOBAL_UNCERTAINTY_ASSIGNED_CONTEXT((#1966))
GLOBAL_UNIT_ASSIGNED_CONTEXT((#1969,#1968,#1967))
REPRESENTATION_CONTEXT('Lid','TOP_LEVEL_ASSEMBLY_PART')
);
#1966=UNCERTAINTY_MEASURE_WITH_UNIT(LENGTH_MEASURE(2.E-5),#1969,
'DISTANCE_ACCURACY_VALUE','Maximum Tolerance applied to model');
#1967=(
NAMED_UNIT(*)
SI_UNIT($,.STERADIAN.)
SOLID_ANGLE_UNIT()
);
#1968=(
NAMED_UNIT(*)
PLANE_ANGLE_UNIT()
SI_UNIT($,.RADIAN.)
);
#1969=(
LENGTH_UNIT()
NAMED_UNIT(*)
SI_UNIT($,.METRE.)
);
#1970=PRODUCT_DEFINITION_SHAPE('','',#1971);
#1971=PRODUCT_DEFINITION('','',#1973,#1972);
#1972=PRODUCT_DEFINITION_CONTEXT('',#1979,'design');
#1973=PRODUCT_DEFINITION_FORMATION_WITH_SPECIFIED_SOURCE('','',#1975,
 .NOT_KNOWN.);
#1974=PRODUCT_RELATED_PRODUCT_CATEGORY('','',(#1975));
#1975=PRODUCT('Lid','Lid','Lid',(#1977));
#1976=PRODUCT_CATEGORY('','');
#1977=PRODUCT_CONTEXT('',#1979,'mechanical');
#1978=APPLICATION_PROTOCOL_DEFINITION('international standard',
'ap242_managed_model_based_3d_engineering',2020,#1979);
#1979=APPLICATION_CONTEXT('managed model based 3d engineering');
ENDSEC;
END-ISO-10303-21;
