ISO-10303-21;
HEADER;
/* Generated by software containing ST-Developer
 * from STEP Tools, Inc. (www.steptools.com) 
 */
/* OPTION: using custom renumber hook */

FILE_DESCRIPTION(
/* description */ ('STEP AP242 Edition 2',
'CAx-IF Rec.Pracs.---Representation and Presentation of Product Manufa
cturing Information (PMI)---4.0---2014-10-13',
'CAx-IF Rec.Pracs.---3D Tessellated Geometry---0.4---2014-09-14','2;1',
'CAx-IF Rec.Pracs.---User Defined Attributes---1.5---2016-08-15'),
/* implementation_level */ '2;1');

FILE_NAME(
/* name */ 'Box_around - Box around',
/* time_stamp */ '2026-06-11T15:05:15Z',
/* author */ (''),
/* organization */ (''),
/* preprocessor_version */ 'ST-DEVELOPER v20',
/* originating_system */ 'ONSHAPE BY PTC INC, 1.216',
/* authorisation */ '  ');

FILE_SCHEMA (('AP242_MANAGED_MODEL_BASED_3D_ENGINEERING_MIM_LF { 1 0 10303 442 3 1 4 }'));
ENDSEC;

DATA;
#10=SHAPE_REPRESENTATION_RELATIONSHIP('','',#2162,#11);
#11=ADVANCED_BREP_SHAPE_REPRESENTATION('',(#2160),#3587);
#12=VERTEX_LOOP('',#1556);
#13=VERTEX_LOOP('',#1560);
#14=VERTEX_LOOP('',#1564);
#15=CYLINDRICAL_SURFACE('',#2219,0.003);
#16=CYLINDRICAL_SURFACE('',#2223,0.003);
#17=CYLINDRICAL_SURFACE('',#2228,0.003);
#18=CYLINDRICAL_SURFACE('',#2231,0.001);
#19=CYLINDRICAL_SURFACE('',#2235,0.00125);
#20=CYLINDRICAL_SURFACE('',#2238,0.001);
#21=CYLINDRICAL_SURFACE('',#2242,0.00125);
#22=CYLINDRICAL_SURFACE('',#2245,0.001);
#23=CYLINDRICAL_SURFACE('',#2249,0.00125);
#24=CYLINDRICAL_SURFACE('',#2259,0.00198);
#25=CYLINDRICAL_SURFACE('',#2260,0.00198);
#26=CYLINDRICAL_SURFACE('',#2262,0.00198);
#27=CYLINDRICAL_SURFACE('',#2264,0.00198);
#28=CYLINDRICAL_SURFACE('',#2275,0.003);
#29=CYLINDRICAL_SURFACE('',#2300,0.003);
#30=CYLINDRICAL_SURFACE('',#2302,0.003);
#31=CYLINDRICAL_SURFACE('',#2304,0.00300000000000157);
#32=CYLINDRICAL_SURFACE('',#2310,0.003);
#33=CYLINDRICAL_SURFACE('',#2312,0.003);
#34=CYLINDRICAL_SURFACE('',#2314,0.00300000000000178);
#35=CYLINDRICAL_SURFACE('',#2320,0.001);
#36=CYLINDRICAL_SURFACE('',#2324,0.00125);
#37=CYLINDRICAL_SURFACE('',#2325,0.001);
#38=CYLINDRICAL_SURFACE('',#2329,0.00125);
#39=CYLINDRICAL_SURFACE('',#2330,0.001);
#40=CYLINDRICAL_SURFACE('',#2331,0.001);
#41=CYLINDRICAL_SURFACE('',#2332,0.001);
#42=CYLINDRICAL_SURFACE('',#2333,0.001);
#43=CYLINDRICAL_SURFACE('',#2334,0.001);
#44=CYLINDRICAL_SURFACE('',#2335,0.001);
#45=CYLINDRICAL_SURFACE('',#2336,0.001);
#46=CYLINDRICAL_SURFACE('',#2337,0.001);
#47=CYLINDRICAL_SURFACE('',#2338,0.001);
#48=LINE('',#3033,#250);
#49=LINE('',#3036,#251);
#50=LINE('',#3038,#252);
#51=LINE('',#3040,#253);
#52=LINE('',#3044,#254);
#53=LINE('',#3048,#255);
#54=LINE('',#3052,#256);
#55=LINE('',#3056,#257);
#56=LINE('',#3057,#258);
#57=LINE('',#3060,#259);
#58=LINE('',#3062,#260);
#59=LINE('',#3064,#261);
#60=LINE('',#3065,#262);
#61=LINE('',#3068,#263);
#62=LINE('',#3070,#264);
#63=LINE('',#3072,#265);
#64=LINE('',#3074,#266);
#65=LINE('',#3075,#267);
#66=LINE('',#3076,#268);
#67=LINE('',#3078,#269);
#68=LINE('',#3080,#270);
#69=LINE('',#3082,#271);
#70=LINE('',#3084,#272);
#71=LINE('',#3086,#273);
#72=LINE('',#3088,#274);
#73=LINE('',#3091,#275);
#74=LINE('',#3093,#276);
#75=LINE('',#3095,#277);
#76=LINE('',#3096,#278);
#77=LINE('',#3099,#279);
#78=LINE('',#3101,#280);
#79=LINE('',#3103,#281);
#80=LINE('',#3104,#282);
#81=LINE('',#3107,#283);
#82=LINE('',#3109,#284);
#83=LINE('',#3111,#285);
#84=LINE('',#3112,#286);
#85=LINE('',#3115,#287);
#86=LINE('',#3117,#288);
#87=LINE('',#3119,#289);
#88=LINE('',#3121,#290);
#89=LINE('',#3123,#291);
#90=LINE('',#3125,#292);
#91=LINE('',#3126,#293);
#92=LINE('',#3127,#294);
#93=LINE('',#3129,#295);
#94=LINE('',#3131,#296);
#95=LINE('',#3133,#297);
#96=LINE('',#3135,#298);
#97=LINE('',#3137,#299);
#98=LINE('',#3138,#300);
#99=LINE('',#3140,#301);
#100=LINE('',#3141,#302);
#101=LINE('',#3142,#303);
#102=LINE('',#3143,#304);
#103=LINE('',#3144,#305);
#104=LINE('',#3146,#306);
#105=LINE('',#3149,#307);
#106=LINE('',#3151,#308);
#107=LINE('',#3153,#309);
#108=LINE('',#3154,#310);
#109=LINE('',#3157,#311);
#110=LINE('',#3159,#312);
#111=LINE('',#3161,#313);
#112=LINE('',#3163,#314);
#113=LINE('',#3165,#315);
#114=LINE('',#3167,#316);
#115=LINE('',#3169,#317);
#116=LINE('',#3170,#318);
#117=LINE('',#3173,#319);
#118=LINE('',#3175,#320);
#119=LINE('',#3177,#321);
#120=LINE('',#3178,#322);
#121=LINE('',#3181,#323);
#122=LINE('',#3183,#324);
#123=LINE('',#3185,#325);
#124=LINE('',#3187,#326);
#125=LINE('',#3190,#327);
#126=LINE('',#3192,#328);
#127=LINE('',#3194,#329);
#128=LINE('',#3198,#330);
#129=LINE('',#3202,#331);
#130=LINE('',#3206,#332);
#131=LINE('',#3210,#333);
#132=LINE('',#3211,#334);
#133=LINE('',#3214,#335);
#134=LINE('',#3216,#336);
#135=LINE('',#3218,#337);
#136=LINE('',#3219,#338);
#137=LINE('',#3222,#339);
#138=LINE('',#3224,#340);
#139=LINE('',#3226,#341);
#140=LINE('',#3227,#342);
#141=LINE('',#3230,#343);
#142=LINE('',#3232,#344);
#143=LINE('',#3234,#345);
#144=LINE('',#3236,#346);
#145=LINE('',#3239,#347);
#146=LINE('',#3241,#348);
#147=LINE('',#3243,#349);
#148=LINE('',#3245,#350);
#149=LINE('',#3247,#351);
#150=LINE('',#3249,#352);
#151=LINE('',#3251,#353);
#152=LINE('',#3253,#354);
#153=LINE('',#3256,#355);
#154=LINE('',#3258,#356);
#155=LINE('',#3260,#357);
#156=LINE('',#3261,#358);
#157=LINE('',#3262,#359);
#158=LINE('',#3264,#360);
#159=LINE('',#3267,#361);
#160=LINE('',#3269,#362);
#161=LINE('',#3271,#363);
#162=LINE('',#3273,#364);
#163=LINE('',#3274,#365);
#164=LINE('',#3275,#366);
#165=LINE('',#3276,#367);
#166=LINE('',#3299,#368);
#167=LINE('',#3305,#369);
#168=LINE('',#3308,#370);
#169=LINE('',#3310,#371);
#170=LINE('',#3312,#372);
#171=LINE('',#3346,#373);
#172=LINE('',#3351,#374);
#173=LINE('',#3352,#375);
#174=LINE('',#3388,#376);
#175=LINE('',#3390,#377);
#176=LINE('',#3392,#378);
#177=LINE('',#3394,#379);
#178=LINE('',#3396,#380);
#179=LINE('',#3398,#381);
#180=LINE('',#3400,#382);
#181=LINE('',#3402,#383);
#182=LINE('',#3404,#384);
#183=LINE('',#3406,#385);
#184=LINE('',#3407,#386);
#185=LINE('',#3409,#387);
#186=LINE('',#3411,#388);
#187=LINE('',#3413,#389);
#188=LINE('',#3415,#390);
#189=LINE('',#3417,#391);
#190=LINE('',#3418,#392);
#191=LINE('',#3420,#393);
#192=LINE('',#3422,#394);
#193=LINE('',#3424,#395);
#194=LINE('',#3426,#396);
#195=LINE('',#3428,#397);
#196=LINE('',#3430,#398);
#197=LINE('',#3433,#399);
#198=LINE('',#3434,#400);
#199=LINE('',#3436,#401);
#200=LINE('',#3438,#402);
#201=LINE('',#3441,#403);
#202=LINE('',#3444,#404);
#203=LINE('',#3446,#405);
#204=LINE('',#3450,#406);
#205=LINE('',#3452,#407);
#206=LINE('',#3454,#408);
#207=LINE('',#3455,#409);
#208=LINE('',#3457,#410);
#209=LINE('',#3459,#411);
#210=LINE('',#3462,#412);
#211=LINE('',#3463,#413);
#212=LINE('',#3465,#414);
#213=LINE('',#3467,#415);
#214=LINE('',#3470,#416);
#215=LINE('',#3471,#417);
#216=LINE('',#3473,#418);
#217=LINE('',#3475,#419);
#218=LINE('',#3478,#420);
#219=LINE('',#3479,#421);
#220=LINE('',#3481,#422);
#221=LINE('',#3483,#423);
#222=LINE('',#3486,#424);
#223=LINE('',#3488,#425);
#224=LINE('',#3490,#426);
#225=LINE('',#3492,#427);
#226=LINE('',#3494,#428);
#227=LINE('',#3496,#429);
#228=LINE('',#3498,#430);
#229=LINE('',#3500,#431);
#230=LINE('',#3502,#432);
#231=LINE('',#3503,#433);
#232=LINE('',#3505,#434);
#233=LINE('',#3507,#435);
#234=LINE('',#3510,#436);
#235=LINE('',#3514,#437);
#236=LINE('',#3525,#438);
#237=LINE('',#3529,#439);
#238=LINE('',#3563,#440);
#239=LINE('',#3565,#441);
#240=LINE('',#3566,#442);
#241=LINE('',#3568,#443);
#242=LINE('',#3570,#444);
#243=LINE('',#3571,#445);
#244=LINE('',#3573,#446);
#245=LINE('',#3575,#447);
#246=LINE('',#3577,#448);
#247=LINE('',#3578,#449);
#248=LINE('',#3580,#450);
#249=LINE('',#3581,#451);
#250=VECTOR('',#2375,1.);
#251=VECTOR('',#2376,1.);
#252=VECTOR('',#2377,1.);
#253=VECTOR('',#2378,1.);
#254=VECTOR('',#2381,1.);
#255=VECTOR('',#2384,1.);
#256=VECTOR('',#2387,1.);
#257=VECTOR('',#2390,1.);
#258=VECTOR('',#2391,1.);
#259=VECTOR('',#2392,1.);
#260=VECTOR('',#2393,1.);
#261=VECTOR('',#2394,1.);
#262=VECTOR('',#2395,1.);
#263=VECTOR('',#2396,1.);
#264=VECTOR('',#2397,1.);
#265=VECTOR('',#2398,1.);
#266=VECTOR('',#2399,1.);
#267=VECTOR('',#2400,1.);
#268=VECTOR('',#2401,1.);
#269=VECTOR('',#2402,1.);
#270=VECTOR('',#2403,1.);
#271=VECTOR('',#2404,1.);
#272=VECTOR('',#2405,1.);
#273=VECTOR('',#2406,1.);
#274=VECTOR('',#2409,1.);
#275=VECTOR('',#2410,1.);
#276=VECTOR('',#2411,1.);
#277=VECTOR('',#2412,1.);
#278=VECTOR('',#2413,1.);
#279=VECTOR('',#2414,1.);
#280=VECTOR('',#2415,1.);
#281=VECTOR('',#2416,1.);
#282=VECTOR('',#2417,1.);
#283=VECTOR('',#2418,1.);
#284=VECTOR('',#2419,1.);
#285=VECTOR('',#2420,1.);
#286=VECTOR('',#2421,1.);
#287=VECTOR('',#2422,1.);
#288=VECTOR('',#2423,1.);
#289=VECTOR('',#2424,1.);
#290=VECTOR('',#2425,1.);
#291=VECTOR('',#2426,1.);
#292=VECTOR('',#2427,1.);
#293=VECTOR('',#2428,1.);
#294=VECTOR('',#2429,1.);
#295=VECTOR('',#2430,1.);
#296=VECTOR('',#2431,1.);
#297=VECTOR('',#2432,1.);
#298=VECTOR('',#2435,1.);
#299=VECTOR('',#2436,1.);
#300=VECTOR('',#2437,1.);
#301=VECTOR('',#2438,1.);
#302=VECTOR('',#2439,1.);
#303=VECTOR('',#2440,1.);
#304=VECTOR('',#2441,1.);
#305=VECTOR('',#2442,1.);
#306=VECTOR('',#2445,1.);
#307=VECTOR('',#2446,1.);
#308=VECTOR('',#2447,1.);
#309=VECTOR('',#2448,1.);
#310=VECTOR('',#2449,1.);
#311=VECTOR('',#2450,1.);
#312=VECTOR('',#2451,1.);
#313=VECTOR('',#2452,1.);
#314=VECTOR('',#2453,1.);
#315=VECTOR('',#2454,1.);
#316=VECTOR('',#2455,1.);
#317=VECTOR('',#2456,1.);
#318=VECTOR('',#2457,1.);
#319=VECTOR('',#2458,1.);
#320=VECTOR('',#2459,1.);
#321=VECTOR('',#2460,1.);
#322=VECTOR('',#2461,1.);
#323=VECTOR('',#2462,1.);
#324=VECTOR('',#2463,1.);
#325=VECTOR('',#2464,1.);
#326=VECTOR('',#2467,1.);
#327=VECTOR('',#2468,1.);
#328=VECTOR('',#2469,1.);
#329=VECTOR('',#2470,1.);
#330=VECTOR('',#2473,1.);
#331=VECTOR('',#2476,1.);
#332=VECTOR('',#2479,1.);
#333=VECTOR('',#2482,1.);
#334=VECTOR('',#2483,1.);
#335=VECTOR('',#2484,1.);
#336=VECTOR('',#2485,1.);
#337=VECTOR('',#2486,1.);
#338=VECTOR('',#2487,1.);
#339=VECTOR('',#2488,1.);
#340=VECTOR('',#2489,1.);
#341=VECTOR('',#2490,1.);
#342=VECTOR('',#2491,1.);
#343=VECTOR('',#2492,1.);
#344=VECTOR('',#2493,1.);
#345=VECTOR('',#2494,1.);
#346=VECTOR('',#2497,1.);
#347=VECTOR('',#2498,1.);
#348=VECTOR('',#2499,1.);
#349=VECTOR('',#2500,1.);
#350=VECTOR('',#2501,1.);
#351=VECTOR('',#2502,1.);
#352=VECTOR('',#2503,1.);
#353=VECTOR('',#2504,1.);
#354=VECTOR('',#2507,1.);
#355=VECTOR('',#2508,1.);
#356=VECTOR('',#2509,1.);
#357=VECTOR('',#2510,1.);
#358=VECTOR('',#2511,1.);
#359=VECTOR('',#2512,1.);
#360=VECTOR('',#2515,1.);
#361=VECTOR('',#2516,1.);
#362=VECTOR('',#2517,1.);
#363=VECTOR('',#2518,1.);
#364=VECTOR('',#2521,1.);
#365=VECTOR('',#2522,1.);
#366=VECTOR('',#2523,1.);
#367=VECTOR('',#2524,1.);
#368=VECTOR('',#2547,1.);
#369=VECTOR('',#2554,1.);
#370=VECTOR('',#2555,1.);
#371=VECTOR('',#2556,1.);
#372=VECTOR('',#2557,1.);
#373=VECTOR('',#2596,1.);
#374=VECTOR('',#2601,1.);
#375=VECTOR('',#2602,1.);
#376=VECTOR('',#2649,1.);
#377=VECTOR('',#2650,1.);
#378=VECTOR('',#2651,1.);
#379=VECTOR('',#2654,1.);
#380=VECTOR('',#2655,1.);
#381=VECTOR('',#2658,1.);
#382=VECTOR('',#2659,1.);
#383=VECTOR('',#2662,1.);
#384=VECTOR('',#2665,1.);
#385=VECTOR('',#2666,1.);
#386=VECTOR('',#2667,1.);
#387=VECTOR('',#2670,1.);
#388=VECTOR('',#2671,1.);
#389=VECTOR('',#2674,1.);
#390=VECTOR('',#2677,1.);
#391=VECTOR('',#2680,1.);
#392=VECTOR('',#2681,1.);
#393=VECTOR('',#2684,1.);
#394=VECTOR('',#2687,1.);
#395=VECTOR('',#2690,1.);
#396=VECTOR('',#2693,1.);
#397=VECTOR('',#2696,1.);
#398=VECTOR('',#2699,1.);
#399=VECTOR('',#2704,1.);
#400=VECTOR('',#2705,1.);
#401=VECTOR('',#2708,1.);
#402=VECTOR('',#2711,1.);
#403=VECTOR('',#2716,1.);
#404=VECTOR('',#2719,1.);
#405=VECTOR('',#2722,1.);
#406=VECTOR('',#2727,1.);
#407=VECTOR('',#2730,1.);
#408=VECTOR('',#2733,1.);
#409=VECTOR('',#2734,1.);
#410=VECTOR('',#2737,1.);
#411=VECTOR('',#2740,1.);
#412=VECTOR('',#2745,1.);
#413=VECTOR('',#2746,1.);
#414=VECTOR('',#2749,1.);
#415=VECTOR('',#2752,1.);
#416=VECTOR('',#2757,1.);
#417=VECTOR('',#2758,1.);
#418=VECTOR('',#2761,1.);
#419=VECTOR('',#2764,1.);
#420=VECTOR('',#2769,1.);
#421=VECTOR('',#2770,1.);
#422=VECTOR('',#2773,1.);
#423=VECTOR('',#2776,1.);
#424=VECTOR('',#2781,1.);
#425=VECTOR('',#2782,1.);
#426=VECTOR('',#2783,1.);
#427=VECTOR('',#2786,1.);
#428=VECTOR('',#2787,1.);
#429=VECTOR('',#2790,1.);
#430=VECTOR('',#2791,1.);
#431=VECTOR('',#2794,1.);
#432=VECTOR('',#2797,1.);
#433=VECTOR('',#2798,1.);
#434=VECTOR('',#2801,1.);
#435=VECTOR('',#2804,1.);
#436=VECTOR('',#2809,1.);
#437=VECTOR('',#2814,1.);
#438=VECTOR('',#2831,1.);
#439=VECTOR('',#2836,1.);
#440=VECTOR('',#2891,1.);
#441=VECTOR('',#2892,1.);
#442=VECTOR('',#2893,1.);
#443=VECTOR('',#2894,1.);
#444=VECTOR('',#2897,1.);
#445=VECTOR('',#2898,1.);
#446=VECTOR('',#2899,1.);
#447=VECTOR('',#2902,1.);
#448=VECTOR('',#2903,1.);
#449=VECTOR('',#2904,1.);
#450=VECTOR('',#2907,1.);
#451=VECTOR('',#2908,1.);
#452=PLANE('',#2176);
#453=PLANE('',#2181);
#454=PLANE('',#2182);
#455=PLANE('',#2183);
#456=PLANE('',#2184);
#457=PLANE('',#2189);
#458=PLANE('',#2190);
#459=PLANE('',#2191);
#460=PLANE('',#2192);
#461=PLANE('',#2193);
#462=PLANE('',#2206);
#463=PLANE('',#2216);
#464=PLANE('',#2220);
#465=PLANE('',#2224);
#466=PLANE('',#2227);
#467=PLANE('',#2233);
#468=PLANE('',#2240);
#469=PLANE('',#2247);
#470=PLANE('',#2250);
#471=PLANE('',#2251);
#472=PLANE('',#2252);
#473=PLANE('',#2253);
#474=PLANE('',#2254);
#475=PLANE('',#2255);
#476=PLANE('',#2256);
#477=PLANE('',#2257);
#478=PLANE('',#2258);
#479=PLANE('',#2261);
#480=PLANE('',#2263);
#481=PLANE('',#2265);
#482=PLANE('',#2266);
#483=PLANE('',#2267);
#484=PLANE('',#2268);
#485=PLANE('',#2269);
#486=PLANE('',#2270);
#487=PLANE('',#2272);
#488=PLANE('',#2273);
#489=PLANE('',#2276);
#490=PLANE('',#2277);
#491=PLANE('',#2278);
#492=PLANE('',#2279);
#493=PLANE('',#2280);
#494=PLANE('',#2281);
#495=PLANE('',#2282);
#496=PLANE('',#2283);
#497=PLANE('',#2284);
#498=PLANE('',#2285);
#499=PLANE('',#2286);
#500=PLANE('',#2287);
#501=PLANE('',#2288);
#502=PLANE('',#2289);
#503=PLANE('',#2290);
#504=PLANE('',#2291);
#505=PLANE('',#2292);
#506=PLANE('',#2293);
#507=PLANE('',#2294);
#508=PLANE('',#2295);
#509=PLANE('',#2296);
#510=PLANE('',#2297);
#511=PLANE('',#2298);
#512=PLANE('',#2299);
#513=PLANE('',#2306);
#514=PLANE('',#2308);
#515=PLANE('',#2316);
#516=PLANE('',#2318);
#517=PLANE('',#2322);
#518=PLANE('',#2327);
#519=PLANE('',#2339);
#520=PLANE('',#2340);
#521=PLANE('',#2341);
#522=PLANE('',#2342);
#523=PLANE('',#2343);
#524=PLANE('',#2344);
#525=PLANE('',#2345);
#526=PLANE('',#2346);
#527=B_SPLINE_CURVE_WITH_KNOTS('',3,(#2922,#2923,#2924,#2925,#2926,#2927,
#2928,#2929),.UNSPECIFIED.,.F.,.F.,(4,1,1,1,1,4),(2.79357856172788E-7,0.000680938189376307,
0.00136159702089644,0.00170192643665651,0.00204225585241658,0.00272291468393671),
 .UNSPECIFIED.);
#528=B_SPLINE_CURVE_WITH_KNOTS('',3,(#2931,#2932,#2933,#2934),
 .UNSPECIFIED.,.F.,.F.,(4,4),(0.00965751843073406,0.0118428823016993),
 .UNSPECIFIED.);
#529=B_SPLINE_CURVE_WITH_KNOTS('',3,(#2936,#2937,#2938,#2939,#2940),
 .UNSPECIFIED.,.F.,.F.,(4,1,4),(0.,0.00142021178177778,0.00284042356355555),
 .UNSPECIFIED.);
#530=B_SPLINE_CURVE_WITH_KNOTS('',3,(#2944,#2945,#2946,#2947,#2948,#2949),
 .UNSPECIFIED.,.F.,.F.,(4,1,1,4),(0.,0.00262534534136603,0.00393801801204905,
0.00525069068273206),.UNSPECIFIED.);
#531=B_SPLINE_CURVE_WITH_KNOTS('',3,(#2951,#2952,#2953,#2954,#2955,#2956,
#2957,#2958),.UNSPECIFIED.,.F.,.F.,(4,1,1,1,1,4),(0.000925974456523361,
0.00160619845708469,0.00194631045736536,0.00228642245764602,0.00296664645820735,
0.00364687045876868),.UNSPECIFIED.);
#532=B_SPLINE_CURVE_WITH_KNOTS('',3,(#2962,#2963,#2964,#2965,#2966),
 .UNSPECIFIED.,.F.,.F.,(4,1,4),(3.15247512909966E-16,0.00262249324904422,
0.00524498649808812),.UNSPECIFIED.);
#533=B_SPLINE_CURVE_WITH_KNOTS('',3,(#2970,#2971,#2972,#2973,#2974),
 .UNSPECIFIED.,.F.,.F.,(4,1,4),(4.20849242398149E-17,0.0014112419762084,
0.00282248395241676),.UNSPECIFIED.);
#534=B_SPLINE_CURVE_WITH_KNOTS('',3,(#2979,#2980,#2981,#2982,#2983,#2984,
#2985,#2986),.UNSPECIFIED.,.F.,.F.,(4,1,1,1,1,4),(2.79357856189792E-7,0.000680938189376324,
0.00136159702089646,0.00170192643665653,0.00204225585241659,0.00272291468393673),
 .UNSPECIFIED.);
#535=B_SPLINE_CURVE_WITH_KNOTS('',3,(#2988,#2989,#2990,#2991),
 .UNSPECIFIED.,.F.,.F.,(4,4),(0.00965751843073659,0.0118428823017018),
 .UNSPECIFIED.);
#536=B_SPLINE_CURVE_WITH_KNOTS('',3,(#2993,#2994,#2995,#2996,#2997),
 .UNSPECIFIED.,.F.,.F.,(4,1,4),(0.,0.00142021178177776,0.00284042356355552),
 .UNSPECIFIED.);
#537=B_SPLINE_CURVE_WITH_KNOTS('',3,(#3001,#3002,#3003,#3004,#3005,#3006),
 .UNSPECIFIED.,.F.,.F.,(4,1,1,4),(0.,0.00262534534136602,0.00393801801204903,
0.00525069068273205),.UNSPECIFIED.);
#538=B_SPLINE_CURVE_WITH_KNOTS('',3,(#3008,#3009,#3010,#3011,#3012,#3013,
#3014,#3015),.UNSPECIFIED.,.F.,.F.,(4,1,1,1,1,4),(0.000925974456523367,
0.0016061984570847,0.00194631045736536,0.00228642245764603,0.00296664645820736,
0.00364687045876869),.UNSPECIFIED.);
#539=B_SPLINE_CURVE_WITH_KNOTS('',3,(#3019,#3020,#3021,#3022,#3023),
 .UNSPECIFIED.,.F.,.F.,(4,1,4),(3.49029855212922E-16,0.00262249324904421,
0.00524498649808806),.UNSPECIFIED.);
#540=B_SPLINE_CURVE_WITH_KNOTS('',3,(#3027,#3028,#3029,#3030,#3031),
 .UNSPECIFIED.,.F.,.F.,(4,1,4),(7.32509968091728E-17,0.00141124197620843,
0.00282248395241679),.UNSPECIFIED.);
#541=ORIENTED_EDGE('',*,*,#1109,.F.);
#542=ORIENTED_EDGE('',*,*,#1110,.T.);
#543=ORIENTED_EDGE('',*,*,#1111,.F.);
#544=ORIENTED_EDGE('',*,*,#1112,.F.);
#545=ORIENTED_EDGE('',*,*,#1113,.F.);
#546=ORIENTED_EDGE('',*,*,#1114,.F.);
#547=ORIENTED_EDGE('',*,*,#1111,.T.);
#548=ORIENTED_EDGE('',*,*,#1115,.T.);
#549=ORIENTED_EDGE('',*,*,#1116,.F.);
#550=ORIENTED_EDGE('',*,*,#1117,.F.);
#551=ORIENTED_EDGE('',*,*,#1118,.F.);
#552=ORIENTED_EDGE('',*,*,#1119,.F.);
#553=ORIENTED_EDGE('',*,*,#1120,.F.);
#554=ORIENTED_EDGE('',*,*,#1121,.T.);
#555=ORIENTED_EDGE('',*,*,#1122,.F.);
#556=ORIENTED_EDGE('',*,*,#1123,.F.);
#557=ORIENTED_EDGE('',*,*,#1124,.F.);
#558=ORIENTED_EDGE('',*,*,#1125,.F.);
#559=ORIENTED_EDGE('',*,*,#1122,.T.);
#560=ORIENTED_EDGE('',*,*,#1126,.T.);
#561=ORIENTED_EDGE('',*,*,#1127,.F.);
#562=ORIENTED_EDGE('',*,*,#1128,.F.);
#563=ORIENTED_EDGE('',*,*,#1129,.F.);
#564=ORIENTED_EDGE('',*,*,#1130,.F.);
#565=ORIENTED_EDGE('',*,*,#1131,.F.);
#566=ORIENTED_EDGE('',*,*,#1132,.F.);
#567=ORIENTED_EDGE('',*,*,#1133,.T.);
#568=ORIENTED_EDGE('',*,*,#1134,.T.);
#569=ORIENTED_EDGE('',*,*,#1135,.F.);
#570=ORIENTED_EDGE('',*,*,#1136,.F.);
#571=ORIENTED_EDGE('',*,*,#1137,.F.);
#572=ORIENTED_EDGE('',*,*,#1138,.T.);
#573=ORIENTED_EDGE('',*,*,#1139,.F.);
#574=ORIENTED_EDGE('',*,*,#1140,.F.);
#575=ORIENTED_EDGE('',*,*,#1141,.F.);
#576=ORIENTED_EDGE('',*,*,#1142,.T.);
#577=ORIENTED_EDGE('',*,*,#1143,.T.);
#578=ORIENTED_EDGE('',*,*,#1144,.F.);
#579=ORIENTED_EDGE('',*,*,#1145,.F.);
#580=ORIENTED_EDGE('',*,*,#1146,.T.);
#581=ORIENTED_EDGE('',*,*,#1147,.F.);
#582=ORIENTED_EDGE('',*,*,#1148,.F.);
#583=ORIENTED_EDGE('',*,*,#1149,.T.);
#584=ORIENTED_EDGE('',*,*,#1150,.T.);
#585=ORIENTED_EDGE('',*,*,#1151,.F.);
#586=ORIENTED_EDGE('',*,*,#1152,.F.);
#587=ORIENTED_EDGE('',*,*,#1128,.T.);
#588=ORIENTED_EDGE('',*,*,#1153,.T.);
#589=ORIENTED_EDGE('',*,*,#1154,.F.);
#590=ORIENTED_EDGE('',*,*,#1155,.F.);
#591=ORIENTED_EDGE('',*,*,#1156,.T.);
#592=ORIENTED_EDGE('',*,*,#1157,.T.);
#593=ORIENTED_EDGE('',*,*,#1158,.F.);
#594=ORIENTED_EDGE('',*,*,#1159,.F.);
#595=ORIENTED_EDGE('',*,*,#1160,.T.);
#596=ORIENTED_EDGE('',*,*,#1161,.T.);
#597=ORIENTED_EDGE('',*,*,#1162,.F.);
#598=ORIENTED_EDGE('',*,*,#1163,.T.);
#599=ORIENTED_EDGE('',*,*,#1164,.F.);
#600=ORIENTED_EDGE('',*,*,#1165,.F.);
#601=ORIENTED_EDGE('',*,*,#1166,.T.);
#602=ORIENTED_EDGE('',*,*,#1167,.T.);
#603=ORIENTED_EDGE('',*,*,#1168,.T.);
#604=ORIENTED_EDGE('',*,*,#1169,.T.);
#605=ORIENTED_EDGE('',*,*,#1170,.T.);
#606=ORIENTED_EDGE('',*,*,#1171,.F.);
#607=ORIENTED_EDGE('',*,*,#1172,.T.);
#608=ORIENTED_EDGE('',*,*,#1173,.T.);
#609=ORIENTED_EDGE('',*,*,#1174,.F.);
#610=ORIENTED_EDGE('',*,*,#1175,.F.);
#611=ORIENTED_EDGE('',*,*,#1176,.T.);
#612=ORIENTED_EDGE('',*,*,#1177,.T.);
#613=ORIENTED_EDGE('',*,*,#1114,.T.);
#614=ORIENTED_EDGE('',*,*,#1178,.T.);
#615=ORIENTED_EDGE('',*,*,#1179,.F.);
#616=ORIENTED_EDGE('',*,*,#1180,.T.);
#617=ORIENTED_EDGE('',*,*,#1181,.T.);
#618=ORIENTED_EDGE('',*,*,#1182,.F.);
#619=ORIENTED_EDGE('',*,*,#1183,.F.);
#620=ORIENTED_EDGE('',*,*,#1158,.T.);
#621=ORIENTED_EDGE('',*,*,#1184,.T.);
#622=ORIENTED_EDGE('',*,*,#1172,.F.);
#623=ORIENTED_EDGE('',*,*,#1185,.T.);
#624=ORIENTED_EDGE('',*,*,#1186,.F.);
#625=ORIENTED_EDGE('',*,*,#1117,.T.);
#626=ORIENTED_EDGE('',*,*,#1187,.F.);
#627=ORIENTED_EDGE('',*,*,#1176,.F.);
#628=ORIENTED_EDGE('',*,*,#1188,.F.);
#629=ORIENTED_EDGE('',*,*,#1154,.T.);
#630=ORIENTED_EDGE('',*,*,#1189,.T.);
#631=ORIENTED_EDGE('',*,*,#1125,.T.);
#632=ORIENTED_EDGE('',*,*,#1190,.T.);
#633=ORIENTED_EDGE('',*,*,#1191,.F.);
#634=ORIENTED_EDGE('',*,*,#1192,.T.);
#635=ORIENTED_EDGE('',*,*,#1193,.T.);
#636=ORIENTED_EDGE('',*,*,#1194,.F.);
#637=ORIENTED_EDGE('',*,*,#1195,.F.);
#638=ORIENTED_EDGE('',*,*,#1196,.T.);
#639=ORIENTED_EDGE('',*,*,#1197,.T.);
#640=ORIENTED_EDGE('',*,*,#1198,.T.);
#641=ORIENTED_EDGE('',*,*,#1199,.T.);
#642=ORIENTED_EDGE('',*,*,#1200,.T.);
#643=ORIENTED_EDGE('',*,*,#1201,.T.);
#644=ORIENTED_EDGE('',*,*,#1202,.T.);
#645=ORIENTED_EDGE('',*,*,#1203,.F.);
#646=ORIENTED_EDGE('',*,*,#1204,.T.);
#647=ORIENTED_EDGE('',*,*,#1205,.T.);
#648=ORIENTED_EDGE('',*,*,#1206,.F.);
#649=ORIENTED_EDGE('',*,*,#1207,.F.);
#650=ORIENTED_EDGE('',*,*,#1208,.T.);
#651=ORIENTED_EDGE('',*,*,#1209,.T.);
#652=ORIENTED_EDGE('',*,*,#1210,.F.);
#653=ORIENTED_EDGE('',*,*,#1211,.F.);
#654=ORIENTED_EDGE('',*,*,#1212,.T.);
#655=ORIENTED_EDGE('',*,*,#1213,.T.);
#656=ORIENTED_EDGE('',*,*,#1214,.F.);
#657=ORIENTED_EDGE('',*,*,#1215,.F.);
#658=ORIENTED_EDGE('',*,*,#1216,.T.);
#659=ORIENTED_EDGE('',*,*,#1217,.F.);
#660=ORIENTED_EDGE('',*,*,#1218,.F.);
#661=ORIENTED_EDGE('',*,*,#1219,.F.);
#662=ORIENTED_EDGE('',*,*,#1220,.T.);
#663=ORIENTED_EDGE('',*,*,#1221,.F.);
#664=ORIENTED_EDGE('',*,*,#1222,.F.);
#665=ORIENTED_EDGE('',*,*,#1223,.T.);
#666=ORIENTED_EDGE('',*,*,#1224,.T.);
#667=ORIENTED_EDGE('',*,*,#1225,.F.);
#668=ORIENTED_EDGE('',*,*,#1226,.T.);
#669=ORIENTED_EDGE('',*,*,#1227,.T.);
#670=ORIENTED_EDGE('',*,*,#1228,.T.);
#671=ORIENTED_EDGE('',*,*,#1229,.F.);
#672=ORIENTED_EDGE('',*,*,#1230,.F.);
#673=ORIENTED_EDGE('',*,*,#1231,.T.);
#674=ORIENTED_EDGE('',*,*,#1232,.T.);
#675=ORIENTED_EDGE('',*,*,#1233,.F.);
#676=ORIENTED_EDGE('',*,*,#1234,.F.);
#677=ORIENTED_EDGE('',*,*,#1235,.T.);
#678=ORIENTED_EDGE('',*,*,#1236,.T.);
#679=ORIENTED_EDGE('',*,*,#1237,.F.);
#680=ORIENTED_EDGE('',*,*,#1238,.T.);
#681=ORIENTED_EDGE('',*,*,#1239,.T.);
#682=ORIENTED_EDGE('',*,*,#1240,.T.);
#683=ORIENTED_EDGE('',*,*,#1241,.F.);
#684=ORIENTED_EDGE('',*,*,#1242,.F.);
#685=ORIENTED_EDGE('',*,*,#1243,.T.);
#686=ORIENTED_EDGE('',*,*,#1244,.T.);
#687=ORIENTED_EDGE('',*,*,#1245,.F.);
#688=ORIENTED_EDGE('',*,*,#1246,.F.);
#689=ORIENTED_EDGE('',*,*,#1247,.T.);
#690=ORIENTED_EDGE('',*,*,#1156,.F.);
#691=ORIENTED_EDGE('',*,*,#1248,.F.);
#692=ORIENTED_EDGE('',*,*,#1174,.T.);
#693=ORIENTED_EDGE('',*,*,#1249,.T.);
#694=ORIENTED_EDGE('',*,*,#1250,.T.);
#695=ORIENTED_EDGE('',*,*,#1251,.F.);
#696=ORIENTED_EDGE('',*,*,#1252,.T.);
#697=ORIENTED_EDGE('',*,*,#1247,.F.);
#698=ORIENTED_EDGE('',*,*,#1173,.F.);
#699=ORIENTED_EDGE('',*,*,#1184,.F.);
#700=ORIENTED_EDGE('',*,*,#1157,.F.);
#701=ORIENTED_EDGE('',*,*,#1251,.T.);
#702=ORIENTED_EDGE('',*,*,#1253,.T.);
#703=ORIENTED_EDGE('',*,*,#1195,.T.);
#704=ORIENTED_EDGE('',*,*,#1254,.T.);
#705=ORIENTED_EDGE('',*,*,#1237,.T.);
#706=ORIENTED_EDGE('',*,*,#1255,.T.);
#707=ORIENTED_EDGE('',*,*,#1225,.T.);
#708=ORIENTED_EDGE('',*,*,#1256,.T.);
#709=ORIENTED_EDGE('',*,*,#1257,.F.);
#710=ORIENTED_EDGE('',*,*,#1258,.F.);
#711=ORIENTED_EDGE('',*,*,#1259,.F.);
#712=ORIENTED_EDGE('',*,*,#1260,.F.);
#713=ORIENTED_EDGE('',*,*,#1261,.F.);
#714=ORIENTED_EDGE('',*,*,#1262,.F.);
#715=ORIENTED_EDGE('',*,*,#1263,.F.);
#716=ORIENTED_EDGE('',*,*,#1264,.F.);
#717=ORIENTED_EDGE('',*,*,#1265,.F.);
#718=ORIENTED_EDGE('',*,*,#1266,.F.);
#719=ORIENTED_EDGE('',*,*,#1267,.F.);
#720=ORIENTED_EDGE('',*,*,#1268,.F.);
#721=ORIENTED_EDGE('',*,*,#1269,.F.);
#722=ORIENTED_EDGE('',*,*,#1175,.T.);
#723=ORIENTED_EDGE('',*,*,#1248,.T.);
#724=ORIENTED_EDGE('',*,*,#1155,.T.);
#725=ORIENTED_EDGE('',*,*,#1188,.T.);
#726=ORIENTED_EDGE('',*,*,#1270,.T.);
#727=ORIENTED_EDGE('',*,*,#1271,.T.);
#728=ORIENTED_EDGE('',*,*,#1272,.T.);
#729=ORIENTED_EDGE('',*,*,#1273,.T.);
#730=ORIENTED_EDGE('',*,*,#1274,.T.);
#731=ORIENTED_EDGE('',*,*,#1275,.T.);
#732=ORIENTED_EDGE('',*,*,#1276,.T.);
#733=ORIENTED_EDGE('',*,*,#1277,.T.);
#734=ORIENTED_EDGE('',*,*,#1278,.T.);
#735=ORIENTED_EDGE('',*,*,#1279,.T.);
#736=ORIENTED_EDGE('',*,*,#1280,.T.);
#737=ORIENTED_EDGE('',*,*,#1281,.T.);
#738=ORIENTED_EDGE('',*,*,#1282,.T.);
#739=ORIENTED_EDGE('',*,*,#1283,.T.);
#740=ORIENTED_EDGE('',*,*,#1284,.F.);
#741=ORIENTED_EDGE('',*,*,#1284,.T.);
#742=ORIENTED_EDGE('',*,*,#1269,.T.);
#743=ORIENTED_EDGE('',*,*,#1285,.T.);
#744=ORIENTED_EDGE('',*,*,#1286,.F.);
#745=ORIENTED_EDGE('',*,*,#1286,.T.);
#746=ORIENTED_EDGE('',*,*,#1268,.T.);
#747=ORIENTED_EDGE('',*,*,#1287,.T.);
#748=ORIENTED_EDGE('',*,*,#1288,.F.);
#749=ORIENTED_EDGE('',*,*,#1289,.F.);
#750=ORIENTED_EDGE('',*,*,#1290,.F.);
#751=ORIENTED_EDGE('',*,*,#1288,.T.);
#752=ORIENTED_EDGE('',*,*,#1291,.T.);
#753=ORIENTED_EDGE('',*,*,#1267,.T.);
#754=ORIENTED_EDGE('',*,*,#1291,.F.);
#755=ORIENTED_EDGE('',*,*,#1289,.T.);
#756=ORIENTED_EDGE('',*,*,#1290,.T.);
#757=ORIENTED_EDGE('',*,*,#1266,.T.);
#758=ORIENTED_EDGE('',*,*,#1292,.F.);
#759=ORIENTED_EDGE('',*,*,#1292,.T.);
#760=ORIENTED_EDGE('',*,*,#1293,.F.);
#761=ORIENTED_EDGE('',*,*,#1293,.T.);
#762=ORIENTED_EDGE('',*,*,#1294,.F.);
#763=ORIENTED_EDGE('',*,*,#1294,.T.);
#764=ORIENTED_EDGE('',*,*,#1287,.F.);
#765=ORIENTED_EDGE('',*,*,#1295,.F.);
#766=ORIENTED_EDGE('',*,*,#1295,.T.);
#767=ORIENTED_EDGE('',*,*,#1296,.F.);
#768=ORIENTED_EDGE('',*,*,#1296,.T.);
#769=ORIENTED_EDGE('',*,*,#1297,.F.);
#770=ORIENTED_EDGE('',*,*,#1297,.T.);
#771=ORIENTED_EDGE('',*,*,#1285,.F.);
#772=ORIENTED_EDGE('',*,*,#1298,.F.);
#773=ORIENTED_EDGE('',*,*,#1298,.T.);
#774=ORIENTED_EDGE('',*,*,#1299,.F.);
#775=ORIENTED_EDGE('',*,*,#1299,.T.);
#776=ORIENTED_EDGE('',*,*,#1300,.F.);
#777=ORIENTED_EDGE('',*,*,#1300,.T.);
#778=ORIENTED_EDGE('',*,*,#1283,.F.);
#779=ORIENTED_EDGE('',*,*,#1301,.T.);
#780=ORIENTED_EDGE('',*,*,#1302,.T.);
#781=ORIENTED_EDGE('',*,*,#1303,.F.);
#782=ORIENTED_EDGE('',*,*,#1166,.F.);
#783=ORIENTED_EDGE('',*,*,#1304,.T.);
#784=ORIENTED_EDGE('',*,*,#1305,.T.);
#785=ORIENTED_EDGE('',*,*,#1301,.F.);
#786=ORIENTED_EDGE('',*,*,#1165,.T.);
#787=ORIENTED_EDGE('',*,*,#1303,.T.);
#788=ORIENTED_EDGE('',*,*,#1306,.T.);
#789=ORIENTED_EDGE('',*,*,#1307,.F.);
#790=ORIENTED_EDGE('',*,*,#1163,.F.);
#791=ORIENTED_EDGE('',*,*,#1307,.T.);
#792=ORIENTED_EDGE('',*,*,#1308,.T.);
#793=ORIENTED_EDGE('',*,*,#1304,.F.);
#794=ORIENTED_EDGE('',*,*,#1164,.T.);
#795=ORIENTED_EDGE('',*,*,#1309,.F.);
#796=ORIENTED_EDGE('',*,*,#1310,.T.);
#797=ORIENTED_EDGE('',*,*,#1200,.F.);
#798=ORIENTED_EDGE('',*,*,#1311,.F.);
#799=ORIENTED_EDGE('',*,*,#1308,.F.);
#800=ORIENTED_EDGE('',*,*,#1312,.F.);
#801=ORIENTED_EDGE('',*,*,#1313,.T.);
#802=ORIENTED_EDGE('',*,*,#1309,.T.);
#803=ORIENTED_EDGE('',*,*,#1306,.F.);
#804=ORIENTED_EDGE('',*,*,#1311,.T.);
#805=ORIENTED_EDGE('',*,*,#1199,.F.);
#806=ORIENTED_EDGE('',*,*,#1314,.F.);
#807=ORIENTED_EDGE('',*,*,#1305,.F.);
#808=ORIENTED_EDGE('',*,*,#1198,.F.);
#809=ORIENTED_EDGE('',*,*,#1315,.T.);
#810=ORIENTED_EDGE('',*,*,#1312,.T.);
#811=ORIENTED_EDGE('',*,*,#1302,.F.);
#812=ORIENTED_EDGE('',*,*,#1314,.T.);
#813=ORIENTED_EDGE('',*,*,#1316,.T.);
#814=ORIENTED_EDGE('',*,*,#1216,.F.);
#815=ORIENTED_EDGE('',*,*,#1317,.F.);
#816=ORIENTED_EDGE('',*,*,#1142,.F.);
#817=ORIENTED_EDGE('',*,*,#1141,.T.);
#818=ORIENTED_EDGE('',*,*,#1318,.T.);
#819=ORIENTED_EDGE('',*,*,#1217,.T.);
#820=ORIENTED_EDGE('',*,*,#1316,.F.);
#821=ORIENTED_EDGE('',*,*,#1135,.T.);
#822=ORIENTED_EDGE('',*,*,#1317,.T.);
#823=ORIENTED_EDGE('',*,*,#1215,.T.);
#824=ORIENTED_EDGE('',*,*,#1319,.F.);
#825=ORIENTED_EDGE('',*,*,#1140,.T.);
#826=ORIENTED_EDGE('',*,*,#1320,.T.);
#827=ORIENTED_EDGE('',*,*,#1218,.T.);
#828=ORIENTED_EDGE('',*,*,#1318,.F.);
#829=ORIENTED_EDGE('',*,*,#1139,.T.);
#830=ORIENTED_EDGE('',*,*,#1321,.T.);
#831=ORIENTED_EDGE('',*,*,#1219,.T.);
#832=ORIENTED_EDGE('',*,*,#1320,.F.);
#833=ORIENTED_EDGE('',*,*,#1322,.T.);
#834=ORIENTED_EDGE('',*,*,#1220,.F.);
#835=ORIENTED_EDGE('',*,*,#1321,.F.);
#836=ORIENTED_EDGE('',*,*,#1138,.F.);
#837=ORIENTED_EDGE('',*,*,#1137,.T.);
#838=ORIENTED_EDGE('',*,*,#1323,.T.);
#839=ORIENTED_EDGE('',*,*,#1221,.T.);
#840=ORIENTED_EDGE('',*,*,#1322,.F.);
#841=ORIENTED_EDGE('',*,*,#1136,.T.);
#842=ORIENTED_EDGE('',*,*,#1319,.T.);
#843=ORIENTED_EDGE('',*,*,#1222,.T.);
#844=ORIENTED_EDGE('',*,*,#1323,.F.);
#845=ORIENTED_EDGE('',*,*,#1324,.T.);
#846=ORIENTED_EDGE('',*,*,#1213,.F.);
#847=ORIENTED_EDGE('',*,*,#1325,.F.);
#848=ORIENTED_EDGE('',*,*,#1146,.F.);
#849=ORIENTED_EDGE('',*,*,#1145,.T.);
#850=ORIENTED_EDGE('',*,*,#1326,.T.);
#851=ORIENTED_EDGE('',*,*,#1214,.T.);
#852=ORIENTED_EDGE('',*,*,#1324,.F.);
#853=ORIENTED_EDGE('',*,*,#1325,.T.);
#854=ORIENTED_EDGE('',*,*,#1212,.F.);
#855=ORIENTED_EDGE('',*,*,#1327,.F.);
#856=ORIENTED_EDGE('',*,*,#1143,.F.);
#857=ORIENTED_EDGE('',*,*,#1144,.T.);
#858=ORIENTED_EDGE('',*,*,#1327,.T.);
#859=ORIENTED_EDGE('',*,*,#1211,.T.);
#860=ORIENTED_EDGE('',*,*,#1326,.F.);
#861=ORIENTED_EDGE('',*,*,#1240,.F.);
#862=ORIENTED_EDGE('',*,*,#1328,.T.);
#863=ORIENTED_EDGE('',*,*,#1329,.T.);
#864=ORIENTED_EDGE('',*,*,#1243,.F.);
#865=ORIENTED_EDGE('',*,*,#1330,.T.);
#866=ORIENTED_EDGE('',*,*,#1246,.T.);
#867=ORIENTED_EDGE('',*,*,#1331,.T.);
#868=ORIENTED_EDGE('',*,*,#1241,.T.);
#869=ORIENTED_EDGE('',*,*,#1330,.F.);
#870=ORIENTED_EDGE('',*,*,#1332,.T.);
#871=ORIENTED_EDGE('',*,*,#1333,.T.);
#872=ORIENTED_EDGE('',*,*,#1242,.T.);
#873=ORIENTED_EDGE('',*,*,#1331,.F.);
#874=ORIENTED_EDGE('',*,*,#1245,.T.);
#875=ORIENTED_EDGE('',*,*,#1329,.F.);
#876=ORIENTED_EDGE('',*,*,#1334,.T.);
#877=ORIENTED_EDGE('',*,*,#1332,.F.);
#878=ORIENTED_EDGE('',*,*,#1244,.F.);
#879=ORIENTED_EDGE('',*,*,#1182,.T.);
#880=ORIENTED_EDGE('',*,*,#1335,.T.);
#881=ORIENTED_EDGE('',*,*,#1205,.F.);
#882=ORIENTED_EDGE('',*,*,#1336,.F.);
#883=ORIENTED_EDGE('',*,*,#1337,.T.);
#884=ORIENTED_EDGE('',*,*,#1206,.T.);
#885=ORIENTED_EDGE('',*,*,#1335,.F.);
#886=ORIENTED_EDGE('',*,*,#1181,.F.);
#887=ORIENTED_EDGE('',*,*,#1338,.T.);
#888=ORIENTED_EDGE('',*,*,#1203,.T.);
#889=ORIENTED_EDGE('',*,*,#1337,.F.);
#890=ORIENTED_EDGE('',*,*,#1180,.F.);
#891=ORIENTED_EDGE('',*,*,#1179,.T.);
#892=ORIENTED_EDGE('',*,*,#1336,.T.);
#893=ORIENTED_EDGE('',*,*,#1204,.F.);
#894=ORIENTED_EDGE('',*,*,#1338,.F.);
#895=ORIENTED_EDGE('',*,*,#1162,.T.);
#896=ORIENTED_EDGE('',*,*,#1339,.T.);
#897=ORIENTED_EDGE('',*,*,#1209,.F.);
#898=ORIENTED_EDGE('',*,*,#1340,.F.);
#899=ORIENTED_EDGE('',*,*,#1341,.T.);
#900=ORIENTED_EDGE('',*,*,#1210,.T.);
#901=ORIENTED_EDGE('',*,*,#1339,.F.);
#902=ORIENTED_EDGE('',*,*,#1161,.F.);
#903=ORIENTED_EDGE('',*,*,#1342,.T.);
#904=ORIENTED_EDGE('',*,*,#1207,.T.);
#905=ORIENTED_EDGE('',*,*,#1341,.F.);
#906=ORIENTED_EDGE('',*,*,#1160,.F.);
#907=ORIENTED_EDGE('',*,*,#1159,.T.);
#908=ORIENTED_EDGE('',*,*,#1340,.T.);
#909=ORIENTED_EDGE('',*,*,#1208,.F.);
#910=ORIENTED_EDGE('',*,*,#1342,.F.);
#911=ORIENTED_EDGE('',*,*,#1151,.T.);
#912=ORIENTED_EDGE('',*,*,#1343,.F.);
#913=ORIENTED_EDGE('',*,*,#1228,.F.);
#914=ORIENTED_EDGE('',*,*,#1344,.T.);
#915=ORIENTED_EDGE('',*,*,#1345,.F.);
#916=ORIENTED_EDGE('',*,*,#1229,.T.);
#917=ORIENTED_EDGE('',*,*,#1343,.T.);
#918=ORIENTED_EDGE('',*,*,#1150,.F.);
#919=ORIENTED_EDGE('',*,*,#1346,.F.);
#920=ORIENTED_EDGE('',*,*,#1230,.T.);
#921=ORIENTED_EDGE('',*,*,#1345,.T.);
#922=ORIENTED_EDGE('',*,*,#1149,.F.);
#923=ORIENTED_EDGE('',*,*,#1148,.T.);
#924=ORIENTED_EDGE('',*,*,#1344,.F.);
#925=ORIENTED_EDGE('',*,*,#1227,.F.);
#926=ORIENTED_EDGE('',*,*,#1346,.T.);
#927=ORIENTED_EDGE('',*,*,#1131,.T.);
#928=ORIENTED_EDGE('',*,*,#1347,.F.);
#929=ORIENTED_EDGE('',*,*,#1232,.F.);
#930=ORIENTED_EDGE('',*,*,#1348,.T.);
#931=ORIENTED_EDGE('',*,*,#1349,.F.);
#932=ORIENTED_EDGE('',*,*,#1233,.T.);
#933=ORIENTED_EDGE('',*,*,#1347,.T.);
#934=ORIENTED_EDGE('',*,*,#1134,.F.);
#935=ORIENTED_EDGE('',*,*,#1350,.F.);
#936=ORIENTED_EDGE('',*,*,#1234,.T.);
#937=ORIENTED_EDGE('',*,*,#1349,.T.);
#938=ORIENTED_EDGE('',*,*,#1133,.F.);
#939=ORIENTED_EDGE('',*,*,#1132,.T.);
#940=ORIENTED_EDGE('',*,*,#1348,.F.);
#941=ORIENTED_EDGE('',*,*,#1231,.F.);
#942=ORIENTED_EDGE('',*,*,#1350,.T.);
#943=ORIENTED_EDGE('',*,*,#1351,.F.);
#944=ORIENTED_EDGE('',*,*,#1352,.T.);
#945=ORIENTED_EDGE('',*,*,#1353,.T.);
#946=ORIENTED_EDGE('',*,*,#1191,.T.);
#947=ORIENTED_EDGE('',*,*,#1353,.F.);
#948=ORIENTED_EDGE('',*,*,#1354,.T.);
#949=ORIENTED_EDGE('',*,*,#1355,.T.);
#950=ORIENTED_EDGE('',*,*,#1192,.F.);
#951=ORIENTED_EDGE('',*,*,#1356,.F.);
#952=ORIENTED_EDGE('',*,*,#1357,.T.);
#953=ORIENTED_EDGE('',*,*,#1351,.T.);
#954=ORIENTED_EDGE('',*,*,#1194,.T.);
#955=ORIENTED_EDGE('',*,*,#1355,.F.);
#956=ORIENTED_EDGE('',*,*,#1358,.T.);
#957=ORIENTED_EDGE('',*,*,#1356,.T.);
#958=ORIENTED_EDGE('',*,*,#1193,.F.);
#959=ORIENTED_EDGE('',*,*,#1359,.F.);
#960=ORIENTED_EDGE('',*,*,#1352,.F.);
#961=ORIENTED_EDGE('',*,*,#1360,.F.);
#962=ORIENTED_EDGE('',*,*,#1170,.F.);
#963=ORIENTED_EDGE('',*,*,#1360,.T.);
#964=ORIENTED_EDGE('',*,*,#1357,.F.);
#965=ORIENTED_EDGE('',*,*,#1361,.F.);
#966=ORIENTED_EDGE('',*,*,#1167,.F.);
#967=ORIENTED_EDGE('',*,*,#1359,.T.);
#968=ORIENTED_EDGE('',*,*,#1169,.F.);
#969=ORIENTED_EDGE('',*,*,#1362,.F.);
#970=ORIENTED_EDGE('',*,*,#1354,.F.);
#971=ORIENTED_EDGE('',*,*,#1361,.T.);
#972=ORIENTED_EDGE('',*,*,#1358,.F.);
#973=ORIENTED_EDGE('',*,*,#1362,.T.);
#974=ORIENTED_EDGE('',*,*,#1168,.F.);
#975=ORIENTED_EDGE('',*,*,#1178,.F.);
#976=ORIENTED_EDGE('',*,*,#1113,.T.);
#977=ORIENTED_EDGE('',*,*,#1363,.T.);
#978=ORIENTED_EDGE('',*,*,#1364,.T.);
#979=ORIENTED_EDGE('',*,*,#1112,.T.);
#980=ORIENTED_EDGE('',*,*,#1119,.T.);
#981=ORIENTED_EDGE('',*,*,#1365,.T.);
#982=ORIENTED_EDGE('',*,*,#1366,.F.);
#983=ORIENTED_EDGE('',*,*,#1363,.F.);
#984=ORIENTED_EDGE('',*,*,#1365,.F.);
#985=ORIENTED_EDGE('',*,*,#1118,.T.);
#986=ORIENTED_EDGE('',*,*,#1186,.T.);
#987=ORIENTED_EDGE('',*,*,#1367,.T.);
#988=ORIENTED_EDGE('',*,*,#1368,.F.);
#989=ORIENTED_EDGE('',*,*,#1109,.T.);
#990=ORIENTED_EDGE('',*,*,#1177,.F.);
#991=ORIENTED_EDGE('',*,*,#1187,.T.);
#992=ORIENTED_EDGE('',*,*,#1116,.T.);
#993=ORIENTED_EDGE('',*,*,#1369,.T.);
#994=ORIENTED_EDGE('',*,*,#1185,.F.);
#995=ORIENTED_EDGE('',*,*,#1171,.T.);
#996=ORIENTED_EDGE('',*,*,#1364,.F.);
#997=ORIENTED_EDGE('',*,*,#1366,.T.);
#998=ORIENTED_EDGE('',*,*,#1367,.F.);
#999=ORIENTED_EDGE('',*,*,#1190,.F.);
#1000=ORIENTED_EDGE('',*,*,#1124,.T.);
#1001=ORIENTED_EDGE('',*,*,#1370,.T.);
#1002=ORIENTED_EDGE('',*,*,#1371,.T.);
#1003=ORIENTED_EDGE('',*,*,#1123,.T.);
#1004=ORIENTED_EDGE('',*,*,#1130,.T.);
#1005=ORIENTED_EDGE('',*,*,#1372,.T.);
#1006=ORIENTED_EDGE('',*,*,#1373,.F.);
#1007=ORIENTED_EDGE('',*,*,#1370,.F.);
#1008=ORIENTED_EDGE('',*,*,#1372,.F.);
#1009=ORIENTED_EDGE('',*,*,#1129,.T.);
#1010=ORIENTED_EDGE('',*,*,#1152,.T.);
#1011=ORIENTED_EDGE('',*,*,#1374,.T.);
#1012=ORIENTED_EDGE('',*,*,#1375,.F.);
#1013=ORIENTED_EDGE('',*,*,#1120,.T.);
#1014=ORIENTED_EDGE('',*,*,#1189,.F.);
#1015=ORIENTED_EDGE('',*,*,#1153,.F.);
#1016=ORIENTED_EDGE('',*,*,#1127,.T.);
#1017=ORIENTED_EDGE('',*,*,#1376,.T.);
#1018=ORIENTED_EDGE('',*,*,#1371,.F.);
#1019=ORIENTED_EDGE('',*,*,#1373,.T.);
#1020=ORIENTED_EDGE('',*,*,#1374,.F.);
#1021=ORIENTED_EDGE('',*,*,#1147,.T.);
#1022=ORIENTED_EDGE('',*,*,#1183,.T.);
#1023=ORIENTED_EDGE('',*,*,#1375,.T.);
#1024=ORIENTED_EDGE('',*,*,#1126,.F.);
#1025=ORIENTED_EDGE('',*,*,#1121,.F.);
#1026=ORIENTED_EDGE('',*,*,#1377,.F.);
#1027=ORIENTED_EDGE('',*,*,#1377,.T.);
#1028=ORIENTED_EDGE('',*,*,#1378,.F.);
#1029=ORIENTED_EDGE('',*,*,#1378,.T.);
#1030=ORIENTED_EDGE('',*,*,#1376,.F.);
#1031=ORIENTED_EDGE('',*,*,#1368,.T.);
#1032=ORIENTED_EDGE('',*,*,#1115,.F.);
#1033=ORIENTED_EDGE('',*,*,#1110,.F.);
#1034=ORIENTED_EDGE('',*,*,#1379,.F.);
#1035=ORIENTED_EDGE('',*,*,#1379,.T.);
#1036=ORIENTED_EDGE('',*,*,#1380,.F.);
#1037=ORIENTED_EDGE('',*,*,#1380,.T.);
#1038=ORIENTED_EDGE('',*,*,#1369,.F.);
#1039=ORIENTED_EDGE('',*,*,#1265,.T.);
#1040=ORIENTED_EDGE('',*,*,#1282,.F.);
#1041=ORIENTED_EDGE('',*,*,#1264,.T.);
#1042=ORIENTED_EDGE('',*,*,#1281,.F.);
#1043=ORIENTED_EDGE('',*,*,#1263,.T.);
#1044=ORIENTED_EDGE('',*,*,#1280,.F.);
#1045=ORIENTED_EDGE('',*,*,#1262,.T.);
#1046=ORIENTED_EDGE('',*,*,#1279,.F.);
#1047=ORIENTED_EDGE('',*,*,#1261,.T.);
#1048=ORIENTED_EDGE('',*,*,#1278,.F.);
#1049=ORIENTED_EDGE('',*,*,#1260,.T.);
#1050=ORIENTED_EDGE('',*,*,#1277,.F.);
#1051=ORIENTED_EDGE('',*,*,#1259,.T.);
#1052=ORIENTED_EDGE('',*,*,#1276,.F.);
#1053=ORIENTED_EDGE('',*,*,#1258,.T.);
#1054=ORIENTED_EDGE('',*,*,#1275,.F.);
#1055=ORIENTED_EDGE('',*,*,#1257,.T.);
#1056=ORIENTED_EDGE('',*,*,#1274,.F.);
#1057=ORIENTED_EDGE('',*,*,#1381,.F.);
#1058=ORIENTED_EDGE('',*,*,#1382,.T.);
#1059=ORIENTED_EDGE('',*,*,#1223,.F.);
#1060=ORIENTED_EDGE('',*,*,#1383,.T.);
#1061=ORIENTED_EDGE('',*,*,#1384,.F.);
#1062=ORIENTED_EDGE('',*,*,#1273,.F.);
#1063=ORIENTED_EDGE('',*,*,#1384,.T.);
#1064=ORIENTED_EDGE('',*,*,#1385,.T.);
#1065=ORIENTED_EDGE('',*,*,#1235,.F.);
#1066=ORIENTED_EDGE('',*,*,#1333,.F.);
#1067=ORIENTED_EDGE('',*,*,#1334,.F.);
#1068=ORIENTED_EDGE('',*,*,#1328,.F.);
#1069=ORIENTED_EDGE('',*,*,#1239,.F.);
#1070=ORIENTED_EDGE('',*,*,#1386,.T.);
#1071=ORIENTED_EDGE('',*,*,#1387,.F.);
#1072=ORIENTED_EDGE('',*,*,#1270,.F.);
#1073=ORIENTED_EDGE('',*,*,#1388,.F.);
#1074=ORIENTED_EDGE('',*,*,#1389,.T.);
#1075=ORIENTED_EDGE('',*,*,#1249,.F.);
#1076=ORIENTED_EDGE('',*,*,#1390,.T.);
#1077=ORIENTED_EDGE('',*,*,#1381,.T.);
#1078=ORIENTED_EDGE('',*,*,#1272,.F.);
#1079=ORIENTED_EDGE('',*,*,#1197,.F.);
#1080=ORIENTED_EDGE('',*,*,#1391,.T.);
#1081=ORIENTED_EDGE('',*,*,#1388,.T.);
#1082=ORIENTED_EDGE('',*,*,#1271,.F.);
#1083=ORIENTED_EDGE('',*,*,#1387,.T.);
#1084=ORIENTED_EDGE('',*,*,#1392,.T.);
#1085=ORIENTED_EDGE('',*,*,#1201,.F.);
#1086=ORIENTED_EDGE('',*,*,#1310,.F.);
#1087=ORIENTED_EDGE('',*,*,#1313,.F.);
#1088=ORIENTED_EDGE('',*,*,#1315,.F.);
#1089=ORIENTED_EDGE('',*,*,#1391,.F.);
#1090=ORIENTED_EDGE('',*,*,#1196,.F.);
#1091=ORIENTED_EDGE('',*,*,#1253,.F.);
#1092=ORIENTED_EDGE('',*,*,#1250,.F.);
#1093=ORIENTED_EDGE('',*,*,#1389,.F.);
#1094=ORIENTED_EDGE('',*,*,#1390,.F.);
#1095=ORIENTED_EDGE('',*,*,#1252,.F.);
#1096=ORIENTED_EDGE('',*,*,#1256,.F.);
#1097=ORIENTED_EDGE('',*,*,#1224,.F.);
#1098=ORIENTED_EDGE('',*,*,#1382,.F.);
#1099=ORIENTED_EDGE('',*,*,#1383,.F.);
#1100=ORIENTED_EDGE('',*,*,#1226,.F.);
#1101=ORIENTED_EDGE('',*,*,#1255,.F.);
#1102=ORIENTED_EDGE('',*,*,#1236,.F.);
#1103=ORIENTED_EDGE('',*,*,#1385,.F.);
#1104=ORIENTED_EDGE('',*,*,#1386,.F.);
#1105=ORIENTED_EDGE('',*,*,#1238,.F.);
#1106=ORIENTED_EDGE('',*,*,#1254,.F.);
#1107=ORIENTED_EDGE('',*,*,#1202,.F.);
#1108=ORIENTED_EDGE('',*,*,#1392,.F.);
#1109=EDGE_CURVE('',#1393,#1394,#1594,.T.);
#1110=EDGE_CURVE('',#1393,#1395,#527,.T.);
#1111=EDGE_CURVE('',#1396,#1395,#528,.F.);
#1112=EDGE_CURVE('',#1397,#1396,#529,.T.);
#1113=EDGE_CURVE('',#1398,#1397,#1595,.F.);
#1114=EDGE_CURVE('',#1394,#1398,#530,.T.);
#1115=EDGE_CURVE('',#1395,#1399,#531,.T.);
#1116=EDGE_CURVE('',#1400,#1399,#1596,.T.);
#1117=EDGE_CURVE('',#1401,#1400,#532,.T.);
#1118=EDGE_CURVE('',#1402,#1401,#1597,.F.);
#1119=EDGE_CURVE('',#1396,#1402,#533,.T.);
#1120=EDGE_CURVE('',#1403,#1404,#1598,.T.);
#1121=EDGE_CURVE('',#1403,#1405,#534,.T.);
#1122=EDGE_CURVE('',#1406,#1405,#535,.F.);
#1123=EDGE_CURVE('',#1407,#1406,#536,.T.);
#1124=EDGE_CURVE('',#1408,#1407,#1599,.F.);
#1125=EDGE_CURVE('',#1404,#1408,#537,.T.);
#1126=EDGE_CURVE('',#1405,#1409,#538,.T.);
#1127=EDGE_CURVE('',#1410,#1409,#1600,.T.);
#1128=EDGE_CURVE('',#1411,#1410,#539,.T.);
#1129=EDGE_CURVE('',#1412,#1411,#1601,.F.);
#1130=EDGE_CURVE('',#1406,#1412,#540,.T.);
#1131=EDGE_CURVE('',#1413,#1414,#48,.T.);
#1132=EDGE_CURVE('',#1415,#1413,#49,.T.);
#1133=EDGE_CURVE('',#1415,#1416,#50,.T.);
#1134=EDGE_CURVE('',#1416,#1414,#51,.T.);
#1135=EDGE_CURVE('',#1417,#1418,#1602,.F.);
#1136=EDGE_CURVE('',#1419,#1417,#52,.T.);
#1137=EDGE_CURVE('',#1420,#1419,#1603,.F.);
#1138=EDGE_CURVE('',#1420,#1421,#53,.T.);
#1139=EDGE_CURVE('',#1422,#1421,#1604,.F.);
#1140=EDGE_CURVE('',#1423,#1422,#54,.T.);
#1141=EDGE_CURVE('',#1424,#1423,#1605,.F.);
#1142=EDGE_CURVE('',#1424,#1418,#55,.T.);
#1143=EDGE_CURVE('',#1425,#1426,#56,.T.);
#1144=EDGE_CURVE('',#1427,#1426,#57,.T.);
#1145=EDGE_CURVE('',#1428,#1427,#58,.T.);
#1146=EDGE_CURVE('',#1428,#1425,#59,.T.);
#1147=EDGE_CURVE('',#1429,#1430,#60,.T.);
#1148=EDGE_CURVE('',#1431,#1429,#61,.T.);
#1149=EDGE_CURVE('',#1431,#1432,#62,.T.);
#1150=EDGE_CURVE('',#1432,#1433,#63,.T.);
#1151=EDGE_CURVE('',#1429,#1433,#64,.T.);
#1152=EDGE_CURVE('',#1411,#1429,#65,.T.);
#1153=EDGE_CURVE('',#1410,#1434,#66,.T.);
#1154=EDGE_CURVE('',#1435,#1434,#67,.T.);
#1155=EDGE_CURVE('',#1436,#1435,#68,.T.);
#1156=EDGE_CURVE('',#1436,#1437,#69,.T.);
#1157=EDGE_CURVE('',#1437,#1438,#70,.T.);
#1158=EDGE_CURVE('',#1430,#1438,#71,.T.);
#1159=EDGE_CURVE('',#1439,#1440,#72,.T.);
#1160=EDGE_CURVE('',#1439,#1441,#73,.T.);
#1161=EDGE_CURVE('',#1441,#1442,#74,.T.);
#1162=EDGE_CURVE('',#1440,#1442,#75,.T.);
#1163=EDGE_CURVE('',#1443,#1444,#76,.T.);
#1164=EDGE_CURVE('',#1445,#1444,#77,.T.);
#1165=EDGE_CURVE('',#1446,#1445,#78,.T.);
#1166=EDGE_CURVE('',#1446,#1443,#79,.T.);
#1167=EDGE_CURVE('',#1447,#1448,#80,.T.);
#1168=EDGE_CURVE('',#1448,#1449,#81,.T.);
#1169=EDGE_CURVE('',#1449,#1450,#82,.T.);
#1170=EDGE_CURVE('',#1450,#1447,#83,.T.);
#1171=EDGE_CURVE('',#1451,#1452,#84,.T.);
#1172=EDGE_CURVE('',#1451,#1453,#85,.T.);
#1173=EDGE_CURVE('',#1453,#1454,#86,.T.);
#1174=EDGE_CURVE('',#1455,#1454,#87,.T.);
#1175=EDGE_CURVE('',#1456,#1455,#88,.T.);
#1176=EDGE_CURVE('',#1456,#1457,#89,.T.);
#1177=EDGE_CURVE('',#1457,#1394,#90,.T.);
#1178=EDGE_CURVE('',#1398,#1452,#91,.T.);
#1179=EDGE_CURVE('',#1458,#1452,#92,.T.);
#1180=EDGE_CURVE('',#1458,#1459,#93,.T.);
#1181=EDGE_CURVE('',#1459,#1460,#94,.T.);
#1182=EDGE_CURVE('',#1452,#1460,#95,.T.);
#1183=EDGE_CURVE('',#1430,#1461,#96,.T.);
#1184=EDGE_CURVE('',#1438,#1453,#97,.T.);
#1185=EDGE_CURVE('',#1451,#1462,#98,.T.);
#1186=EDGE_CURVE('',#1401,#1462,#99,.T.);
#1187=EDGE_CURVE('',#1457,#1400,#100,.T.);
#1188=EDGE_CURVE('',#1435,#1456,#101,.T.);
#1189=EDGE_CURVE('',#1434,#1404,#102,.T.);
#1190=EDGE_CURVE('',#1408,#1461,#103,.T.);
#1191=EDGE_CURVE('',#1463,#1464,#104,.T.);
#1192=EDGE_CURVE('',#1463,#1465,#105,.T.);
#1193=EDGE_CURVE('',#1465,#1466,#106,.T.);
#1194=EDGE_CURVE('',#1464,#1466,#107,.T.);
#1195=EDGE_CURVE('',#1467,#1468,#108,.T.);
#1196=EDGE_CURVE('',#1467,#1469,#109,.T.);
#1197=EDGE_CURVE('',#1469,#1470,#110,.T.);
#1198=EDGE_CURVE('',#1470,#1471,#111,.T.);
#1199=EDGE_CURVE('',#1471,#1472,#112,.T.);
#1200=EDGE_CURVE('',#1472,#1473,#113,.T.);
#1201=EDGE_CURVE('',#1473,#1474,#114,.T.);
#1202=EDGE_CURVE('',#1474,#1468,#115,.T.);
#1203=EDGE_CURVE('',#1475,#1476,#116,.T.);
#1204=EDGE_CURVE('',#1475,#1477,#117,.T.);
#1205=EDGE_CURVE('',#1477,#1478,#118,.T.);
#1206=EDGE_CURVE('',#1476,#1478,#119,.T.);
#1207=EDGE_CURVE('',#1479,#1480,#120,.T.);
#1208=EDGE_CURVE('',#1479,#1481,#121,.T.);
#1209=EDGE_CURVE('',#1481,#1482,#122,.T.);
#1210=EDGE_CURVE('',#1480,#1482,#123,.T.);
#1211=EDGE_CURVE('',#1483,#1484,#124,.T.);
#1212=EDGE_CURVE('',#1483,#1485,#125,.T.);
#1213=EDGE_CURVE('',#1485,#1486,#126,.T.);
#1214=EDGE_CURVE('',#1484,#1486,#127,.T.);
#1215=EDGE_CURVE('',#1487,#1488,#1606,.T.);
#1216=EDGE_CURVE('',#1487,#1489,#128,.T.);
#1217=EDGE_CURVE('',#1490,#1489,#1607,.T.);
#1218=EDGE_CURVE('',#1491,#1490,#129,.T.);
#1219=EDGE_CURVE('',#1492,#1491,#1608,.T.);
#1220=EDGE_CURVE('',#1492,#1493,#130,.T.);
#1221=EDGE_CURVE('',#1494,#1493,#1609,.T.);
#1222=EDGE_CURVE('',#1488,#1494,#131,.T.);
#1223=EDGE_CURVE('',#1495,#1496,#132,.T.);
#1224=EDGE_CURVE('',#1496,#1497,#133,.T.);
#1225=EDGE_CURVE('',#1498,#1497,#134,.T.);
#1226=EDGE_CURVE('',#1498,#1495,#135,.T.);
#1227=EDGE_CURVE('',#1499,#1500,#136,.T.);
#1228=EDGE_CURVE('',#1500,#1501,#137,.T.);
#1229=EDGE_CURVE('',#1502,#1501,#138,.T.);
#1230=EDGE_CURVE('',#1499,#1502,#139,.T.);
#1231=EDGE_CURVE('',#1503,#1504,#140,.T.);
#1232=EDGE_CURVE('',#1504,#1505,#141,.T.);
#1233=EDGE_CURVE('',#1506,#1505,#142,.T.);
#1234=EDGE_CURVE('',#1503,#1506,#143,.T.);
#1235=EDGE_CURVE('',#1507,#1508,#144,.T.);
#1236=EDGE_CURVE('',#1508,#1509,#145,.T.);
#1237=EDGE_CURVE('',#1510,#1509,#146,.T.);
#1238=EDGE_CURVE('',#1510,#1511,#147,.T.);
#1239=EDGE_CURVE('',#1511,#1512,#148,.T.);
#1240=EDGE_CURVE('',#1512,#1513,#149,.T.);
#1241=EDGE_CURVE('',#1514,#1513,#150,.T.);
#1242=EDGE_CURVE('',#1507,#1514,#151,.T.);
#1243=EDGE_CURVE('',#1515,#1516,#152,.T.);
#1244=EDGE_CURVE('',#1516,#1517,#153,.F.);
#1245=EDGE_CURVE('',#1518,#1517,#154,.T.);
#1246=EDGE_CURVE('',#1515,#1518,#155,.T.);
#1247=EDGE_CURVE('',#1454,#1437,#156,.T.);
#1248=EDGE_CURVE('',#1455,#1436,#157,.T.);
#1249=EDGE_CURVE('',#1519,#1520,#158,.T.);
#1250=EDGE_CURVE('',#1520,#1521,#159,.T.);
#1251=EDGE_CURVE('',#1522,#1521,#160,.T.);
#1252=EDGE_CURVE('',#1522,#1519,#161,.T.);
#1253=EDGE_CURVE('',#1521,#1467,#162,.F.);
#1254=EDGE_CURVE('',#1468,#1510,#163,.F.);
#1255=EDGE_CURVE('',#1509,#1498,#164,.F.);
#1256=EDGE_CURVE('',#1497,#1522,#165,.F.);
#1257=EDGE_CURVE('',#1523,#1523,#1610,.T.);
#1258=EDGE_CURVE('',#1524,#1524,#1611,.T.);
#1259=EDGE_CURVE('',#1525,#1525,#1612,.T.);
#1260=EDGE_CURVE('',#1526,#1526,#1613,.T.);
#1261=EDGE_CURVE('',#1527,#1527,#1614,.T.);
#1262=EDGE_CURVE('',#1528,#1528,#1615,.T.);
#1263=EDGE_CURVE('',#1529,#1529,#1616,.T.);
#1264=EDGE_CURVE('',#1530,#1530,#1617,.T.);
#1265=EDGE_CURVE('',#1531,#1531,#1618,.T.);
#1266=EDGE_CURVE('',#1532,#1533,#1619,.T.);
#1267=EDGE_CURVE('',#1533,#1532,#166,.T.);
#1268=EDGE_CURVE('',#1534,#1534,#1620,.F.);
#1269=EDGE_CURVE('',#1535,#1535,#1621,.F.);
#1270=EDGE_CURVE('',#1536,#1537,#167,.T.);
#1271=EDGE_CURVE('',#1537,#1538,#168,.T.);
#1272=EDGE_CURVE('',#1538,#1539,#169,.T.);
#1273=EDGE_CURVE('',#1539,#1536,#170,.T.);
#1274=EDGE_CURVE('',#1540,#1540,#1622,.T.);
#1275=EDGE_CURVE('',#1541,#1541,#1623,.T.);
#1276=EDGE_CURVE('',#1542,#1542,#1624,.T.);
#1277=EDGE_CURVE('',#1543,#1543,#1625,.T.);
#1278=EDGE_CURVE('',#1544,#1544,#1626,.T.);
#1279=EDGE_CURVE('',#1545,#1545,#1627,.T.);
#1280=EDGE_CURVE('',#1546,#1546,#1628,.T.);
#1281=EDGE_CURVE('',#1547,#1547,#1629,.T.);
#1282=EDGE_CURVE('',#1548,#1548,#1630,.T.);
#1283=EDGE_CURVE('',#1549,#1549,#1631,.T.);
#1284=EDGE_CURVE('',#1550,#1550,#1632,.T.);
#1285=EDGE_CURVE('',#1551,#1551,#1633,.T.);
#1286=EDGE_CURVE('',#1552,#1552,#1634,.T.);
#1287=EDGE_CURVE('',#1553,#1553,#1635,.T.);
#1288=EDGE_CURVE('',#1554,#1555,#171,.T.);
#1289=EDGE_CURVE('',#1555,#1554,#1636,.T.);
#1290=EDGE_CURVE('',#1554,#1532,#172,.T.);
#1291=EDGE_CURVE('',#1555,#1533,#173,.T.);
#1292=EDGE_CURVE('',#1557,#1557,#1637,.T.);
#1293=EDGE_CURVE('',#1558,#1558,#1638,.T.);
#1294=EDGE_CURVE('',#1559,#1559,#1639,.T.);
#1295=EDGE_CURVE('',#1561,#1561,#1640,.T.);
#1296=EDGE_CURVE('',#1562,#1562,#1641,.T.);
#1297=EDGE_CURVE('',#1563,#1563,#1642,.T.);
#1298=EDGE_CURVE('',#1565,#1565,#1643,.T.);
#1299=EDGE_CURVE('',#1566,#1566,#1644,.T.);
#1300=EDGE_CURVE('',#1567,#1567,#1645,.T.);
#1301=EDGE_CURVE('',#1446,#1568,#174,.T.);
#1302=EDGE_CURVE('',#1568,#1569,#175,.T.);
#1303=EDGE_CURVE('',#1443,#1569,#176,.T.);
#1304=EDGE_CURVE('',#1445,#1570,#177,.T.);
#1305=EDGE_CURVE('',#1570,#1568,#178,.T.);
#1306=EDGE_CURVE('',#1569,#1571,#179,.T.);
#1307=EDGE_CURVE('',#1444,#1571,#180,.T.);
#1308=EDGE_CURVE('',#1571,#1570,#181,.T.);
#1309=EDGE_CURVE('',#1572,#1571,#182,.T.);
#1310=EDGE_CURVE('',#1572,#1473,#183,.F.);
#1311=EDGE_CURVE('',#1570,#1472,#184,.T.);
#1312=EDGE_CURVE('',#1573,#1569,#185,.F.);
#1313=EDGE_CURVE('',#1573,#1572,#186,.T.);
#1314=EDGE_CURVE('',#1568,#1471,#187,.T.);
#1315=EDGE_CURVE('',#1470,#1573,#188,.T.);
#1316=EDGE_CURVE('',#1424,#1489,#189,.T.);
#1317=EDGE_CURVE('',#1418,#1487,#190,.T.);
#1318=EDGE_CURVE('',#1423,#1490,#191,.T.);
#1319=EDGE_CURVE('',#1417,#1488,#192,.T.);
#1320=EDGE_CURVE('',#1422,#1491,#193,.T.);
#1321=EDGE_CURVE('',#1421,#1492,#194,.T.);
#1322=EDGE_CURVE('',#1420,#1493,#195,.T.);
#1323=EDGE_CURVE('',#1419,#1494,#196,.T.);
#1324=EDGE_CURVE('',#1428,#1486,#197,.T.);
#1325=EDGE_CURVE('',#1425,#1485,#198,.T.);
#1326=EDGE_CURVE('',#1427,#1484,#199,.T.);
#1327=EDGE_CURVE('',#1426,#1483,#200,.T.);
#1328=EDGE_CURVE('',#1512,#1574,#201,.F.);
#1329=EDGE_CURVE('',#1574,#1516,#1646,.F.);
#1330=EDGE_CURVE('',#1515,#1513,#202,.T.);
#1331=EDGE_CURVE('',#1518,#1514,#203,.T.);
#1332=EDGE_CURVE('',#1517,#1575,#1647,.T.);
#1333=EDGE_CURVE('',#1575,#1507,#204,.F.);
#1334=EDGE_CURVE('',#1574,#1575,#205,.F.);
#1335=EDGE_CURVE('',#1460,#1478,#206,.T.);
#1336=EDGE_CURVE('',#1452,#1477,#207,.T.);
#1337=EDGE_CURVE('',#1459,#1476,#208,.T.);
#1338=EDGE_CURVE('',#1458,#1475,#209,.T.);
#1339=EDGE_CURVE('',#1442,#1482,#210,.T.);
#1340=EDGE_CURVE('',#1440,#1481,#211,.T.);
#1341=EDGE_CURVE('',#1441,#1480,#212,.T.);
#1342=EDGE_CURVE('',#1439,#1479,#213,.T.);
#1343=EDGE_CURVE('',#1501,#1433,#214,.T.);
#1344=EDGE_CURVE('',#1500,#1429,#215,.T.);
#1345=EDGE_CURVE('',#1502,#1432,#216,.T.);
#1346=EDGE_CURVE('',#1499,#1431,#217,.T.);
#1347=EDGE_CURVE('',#1505,#1414,#218,.T.);
#1348=EDGE_CURVE('',#1504,#1413,#219,.T.);
#1349=EDGE_CURVE('',#1506,#1416,#220,.T.);
#1350=EDGE_CURVE('',#1503,#1415,#221,.T.);
#1351=EDGE_CURVE('',#1576,#1464,#222,.T.);
#1352=EDGE_CURVE('',#1576,#1577,#223,.T.);
#1353=EDGE_CURVE('',#1577,#1463,#224,.T.);
#1354=EDGE_CURVE('',#1577,#1578,#225,.T.);
#1355=EDGE_CURVE('',#1578,#1465,#226,.T.);
#1356=EDGE_CURVE('',#1579,#1466,#227,.T.);
#1357=EDGE_CURVE('',#1579,#1576,#228,.T.);
#1358=EDGE_CURVE('',#1578,#1579,#229,.T.);
#1359=EDGE_CURVE('',#1577,#1450,#230,.F.);
#1360=EDGE_CURVE('',#1447,#1576,#231,.F.);
#1361=EDGE_CURVE('',#1448,#1579,#232,.T.);
#1362=EDGE_CURVE('',#1578,#1449,#233,.F.);
#1363=EDGE_CURVE('',#1397,#1580,#234,.T.);
#1364=EDGE_CURVE('',#1580,#1452,#1648,.T.);
#1365=EDGE_CURVE('',#1402,#1581,#235,.T.);
#1366=EDGE_CURVE('',#1580,#1581,#1649,.T.);
#1367=EDGE_CURVE('',#1462,#1581,#1650,.T.);
#1368=EDGE_CURVE('',#1393,#1399,#1651,.T.);
#1369=EDGE_CURVE('',#1582,#1582,#1652,.T.);
#1370=EDGE_CURVE('',#1407,#1583,#236,.T.);
#1371=EDGE_CURVE('',#1583,#1461,#1653,.T.);
#1372=EDGE_CURVE('',#1412,#1584,#237,.T.);
#1373=EDGE_CURVE('',#1583,#1584,#1654,.T.);
#1374=EDGE_CURVE('',#1429,#1584,#1655,.T.);
#1375=EDGE_CURVE('',#1403,#1409,#1656,.T.);
#1376=EDGE_CURVE('',#1585,#1585,#1657,.T.);
#1377=EDGE_CURVE('',#1586,#1586,#1658,.T.);
#1378=EDGE_CURVE('',#1587,#1587,#1659,.T.);
#1379=EDGE_CURVE('',#1588,#1588,#1660,.T.);
#1380=EDGE_CURVE('',#1589,#1589,#1661,.T.);
#1381=EDGE_CURVE('',#1590,#1539,#238,.T.);
#1382=EDGE_CURVE('',#1590,#1496,#239,.T.);
#1383=EDGE_CURVE('',#1495,#1591,#240,.T.);
#1384=EDGE_CURVE('',#1536,#1591,#241,.F.);
#1385=EDGE_CURVE('',#1591,#1508,#242,.T.);
#1386=EDGE_CURVE('',#1511,#1592,#243,.T.);
#1387=EDGE_CURVE('',#1537,#1592,#244,.F.);
#1388=EDGE_CURVE('',#1593,#1538,#245,.F.);
#1389=EDGE_CURVE('',#1593,#1520,#246,.T.);
#1390=EDGE_CURVE('',#1519,#1590,#247,.T.);
#1391=EDGE_CURVE('',#1469,#1593,#248,.T.);
#1392=EDGE_CURVE('',#1592,#1474,#249,.T.);
#1393=VERTEX_POINT('',#2920);
#1394=VERTEX_POINT('',#2921);
#1395=VERTEX_POINT('',#2930);
#1396=VERTEX_POINT('',#2935);
#1397=VERTEX_POINT('',#2941);
#1398=VERTEX_POINT('',#2943);
#1399=VERTEX_POINT('',#2959);
#1400=VERTEX_POINT('',#2961);
#1401=VERTEX_POINT('',#2967);
#1402=VERTEX_POINT('',#2969);
#1403=VERTEX_POINT('',#2977);
#1404=VERTEX_POINT('',#2978);
#1405=VERTEX_POINT('',#2987);
#1406=VERTEX_POINT('',#2992);
#1407=VERTEX_POINT('',#2998);
#1408=VERTEX_POINT('',#3000);
#1409=VERTEX_POINT('',#3016);
#1410=VERTEX_POINT('',#3018);
#1411=VERTEX_POINT('',#3024);
#1412=VERTEX_POINT('',#3026);
#1413=VERTEX_POINT('',#3034);
#1414=VERTEX_POINT('',#3035);
#1415=VERTEX_POINT('',#3037);
#1416=VERTEX_POINT('',#3039);
#1417=VERTEX_POINT('',#3042);
#1418=VERTEX_POINT('',#3043);
#1419=VERTEX_POINT('',#3045);
#1420=VERTEX_POINT('',#3047);
#1421=VERTEX_POINT('',#3049);
#1422=VERTEX_POINT('',#3051);
#1423=VERTEX_POINT('',#3053);
#1424=VERTEX_POINT('',#3055);
#1425=VERTEX_POINT('',#3058);
#1426=VERTEX_POINT('',#3059);
#1427=VERTEX_POINT('',#3061);
#1428=VERTEX_POINT('',#3063);
#1429=VERTEX_POINT('',#3066);
#1430=VERTEX_POINT('',#3067);
#1431=VERTEX_POINT('',#3069);
#1432=VERTEX_POINT('',#3071);
#1433=VERTEX_POINT('',#3073);
#1434=VERTEX_POINT('',#3077);
#1435=VERTEX_POINT('',#3079);
#1436=VERTEX_POINT('',#3081);
#1437=VERTEX_POINT('',#3083);
#1438=VERTEX_POINT('',#3085);
#1439=VERTEX_POINT('',#3089);
#1440=VERTEX_POINT('',#3090);
#1441=VERTEX_POINT('',#3092);
#1442=VERTEX_POINT('',#3094);
#1443=VERTEX_POINT('',#3097);
#1444=VERTEX_POINT('',#3098);
#1445=VERTEX_POINT('',#3100);
#1446=VERTEX_POINT('',#3102);
#1447=VERTEX_POINT('',#3105);
#1448=VERTEX_POINT('',#3106);
#1449=VERTEX_POINT('',#3108);
#1450=VERTEX_POINT('',#3110);
#1451=VERTEX_POINT('',#3113);
#1452=VERTEX_POINT('',#3114);
#1453=VERTEX_POINT('',#3116);
#1454=VERTEX_POINT('',#3118);
#1455=VERTEX_POINT('',#3120);
#1456=VERTEX_POINT('',#3122);
#1457=VERTEX_POINT('',#3124);
#1458=VERTEX_POINT('',#3128);
#1459=VERTEX_POINT('',#3130);
#1460=VERTEX_POINT('',#3132);
#1461=VERTEX_POINT('',#3136);
#1462=VERTEX_POINT('',#3139);
#1463=VERTEX_POINT('',#3147);
#1464=VERTEX_POINT('',#3148);
#1465=VERTEX_POINT('',#3150);
#1466=VERTEX_POINT('',#3152);
#1467=VERTEX_POINT('',#3155);
#1468=VERTEX_POINT('',#3156);
#1469=VERTEX_POINT('',#3158);
#1470=VERTEX_POINT('',#3160);
#1471=VERTEX_POINT('',#3162);
#1472=VERTEX_POINT('',#3164);
#1473=VERTEX_POINT('',#3166);
#1474=VERTEX_POINT('',#3168);
#1475=VERTEX_POINT('',#3171);
#1476=VERTEX_POINT('',#3172);
#1477=VERTEX_POINT('',#3174);
#1478=VERTEX_POINT('',#3176);
#1479=VERTEX_POINT('',#3179);
#1480=VERTEX_POINT('',#3180);
#1481=VERTEX_POINT('',#3182);
#1482=VERTEX_POINT('',#3184);
#1483=VERTEX_POINT('',#3188);
#1484=VERTEX_POINT('',#3189);
#1485=VERTEX_POINT('',#3191);
#1486=VERTEX_POINT('',#3193);
#1487=VERTEX_POINT('',#3196);
#1488=VERTEX_POINT('',#3197);
#1489=VERTEX_POINT('',#3199);
#1490=VERTEX_POINT('',#3201);
#1491=VERTEX_POINT('',#3203);
#1492=VERTEX_POINT('',#3205);
#1493=VERTEX_POINT('',#3207);
#1494=VERTEX_POINT('',#3209);
#1495=VERTEX_POINT('',#3212);
#1496=VERTEX_POINT('',#3213);
#1497=VERTEX_POINT('',#3215);
#1498=VERTEX_POINT('',#3217);
#1499=VERTEX_POINT('',#3220);
#1500=VERTEX_POINT('',#3221);
#1501=VERTEX_POINT('',#3223);
#1502=VERTEX_POINT('',#3225);
#1503=VERTEX_POINT('',#3228);
#1504=VERTEX_POINT('',#3229);
#1505=VERTEX_POINT('',#3231);
#1506=VERTEX_POINT('',#3233);
#1507=VERTEX_POINT('',#3237);
#1508=VERTEX_POINT('',#3238);
#1509=VERTEX_POINT('',#3240);
#1510=VERTEX_POINT('',#3242);
#1511=VERTEX_POINT('',#3244);
#1512=VERTEX_POINT('',#3246);
#1513=VERTEX_POINT('',#3248);
#1514=VERTEX_POINT('',#3250);
#1515=VERTEX_POINT('',#3254);
#1516=VERTEX_POINT('',#3255);
#1517=VERTEX_POINT('',#3257);
#1518=VERTEX_POINT('',#3259);
#1519=VERTEX_POINT('',#3265);
#1520=VERTEX_POINT('',#3266);
#1521=VERTEX_POINT('',#3268);
#1522=VERTEX_POINT('',#3270);
#1523=VERTEX_POINT('',#3279);
#1524=VERTEX_POINT('',#3281);
#1525=VERTEX_POINT('',#3283);
#1526=VERTEX_POINT('',#3285);
#1527=VERTEX_POINT('',#3287);
#1528=VERTEX_POINT('',#3289);
#1529=VERTEX_POINT('',#3291);
#1530=VERTEX_POINT('',#3293);
#1531=VERTEX_POINT('',#3295);
#1532=VERTEX_POINT('',#3297);
#1533=VERTEX_POINT('',#3298);
#1534=VERTEX_POINT('',#3301);
#1535=VERTEX_POINT('',#3303);
#1536=VERTEX_POINT('',#3306);
#1537=VERTEX_POINT('',#3307);
#1538=VERTEX_POINT('',#3309);
#1539=VERTEX_POINT('',#3311);
#1540=VERTEX_POINT('',#3314);
#1541=VERTEX_POINT('',#3316);
#1542=VERTEX_POINT('',#3318);
#1543=VERTEX_POINT('',#3320);
#1544=VERTEX_POINT('',#3322);
#1545=VERTEX_POINT('',#3324);
#1546=VERTEX_POINT('',#3326);
#1547=VERTEX_POINT('',#3328);
#1548=VERTEX_POINT('',#3330);
#1549=VERTEX_POINT('',#3333);
#1550=VERTEX_POINT('',#3335);
#1551=VERTEX_POINT('',#3339);
#1552=VERTEX_POINT('',#3341);
#1553=VERTEX_POINT('',#3345);
#1554=VERTEX_POINT('',#3347);
#1555=VERTEX_POINT('',#3348);
#1556=VERTEX_POINT('',#3355);
#1557=VERTEX_POINT('',#3357);
#1558=VERTEX_POINT('',#3360);
#1559=VERTEX_POINT('',#3363);
#1560=VERTEX_POINT('',#3366);
#1561=VERTEX_POINT('',#3368);
#1562=VERTEX_POINT('',#3371);
#1563=VERTEX_POINT('',#3374);
#1564=VERTEX_POINT('',#3377);
#1565=VERTEX_POINT('',#3379);
#1566=VERTEX_POINT('',#3382);
#1567=VERTEX_POINT('',#3385);
#1568=VERTEX_POINT('',#3389);
#1569=VERTEX_POINT('',#3391);
#1570=VERTEX_POINT('',#3395);
#1571=VERTEX_POINT('',#3399);
#1572=VERTEX_POINT('',#3405);
#1573=VERTEX_POINT('',#3410);
#1574=VERTEX_POINT('',#3442);
#1575=VERTEX_POINT('',#3449);
#1576=VERTEX_POINT('',#3487);
#1577=VERTEX_POINT('',#3489);
#1578=VERTEX_POINT('',#3493);
#1579=VERTEX_POINT('',#3497);
#1580=VERTEX_POINT('',#3511);
#1581=VERTEX_POINT('',#3515);
#1582=VERTEX_POINT('',#3523);
#1583=VERTEX_POINT('',#3526);
#1584=VERTEX_POINT('',#3530);
#1585=VERTEX_POINT('',#3538);
#1586=VERTEX_POINT('',#3541);
#1587=VERTEX_POINT('',#3544);
#1588=VERTEX_POINT('',#3548);
#1589=VERTEX_POINT('',#3551);
#1590=VERTEX_POINT('',#3564);
#1591=VERTEX_POINT('',#3567);
#1592=VERTEX_POINT('',#3572);
#1593=VERTEX_POINT('',#3576);
#1594=CIRCLE('',#2165,0.006);
#1595=CIRCLE('',#2166,0.003);
#1596=CIRCLE('',#2168,0.00600000000000157);
#1597=CIRCLE('',#2169,0.00300000000000157);
#1598=CIRCLE('',#2171,0.006);
#1599=CIRCLE('',#2172,0.003);
#1600=CIRCLE('',#2174,0.00600000000000177);
#1601=CIRCLE('',#2175,0.00300000000000178);
#1602=CIRCLE('',#2177,0.00198);
#1603=CIRCLE('',#2178,0.00198);
#1604=CIRCLE('',#2179,0.00198);
#1605=CIRCLE('',#2180,0.00198);
#1606=CIRCLE('',#2185,0.00198);
#1607=CIRCLE('',#2186,0.00198);
#1608=CIRCLE('',#2187,0.00198);
#1609=CIRCLE('',#2188,0.00198);
#1610=CIRCLE('',#2194,0.001);
#1611=CIRCLE('',#2195,0.001);
#1612=CIRCLE('',#2196,0.001);
#1613=CIRCLE('',#2197,0.001);
#1614=CIRCLE('',#2198,0.001);
#1615=CIRCLE('',#2199,0.001);
#1616=CIRCLE('',#2200,0.001);
#1617=CIRCLE('',#2201,0.001);
#1618=CIRCLE('',#2202,0.001);
#1619=CIRCLE('',#2203,0.003);
#1620=CIRCLE('',#2204,0.003);
#1621=CIRCLE('',#2205,0.003);
#1622=CIRCLE('',#2207,0.001);
#1623=CIRCLE('',#2208,0.001);
#1624=CIRCLE('',#2209,0.001);
#1625=CIRCLE('',#2210,0.001);
#1626=CIRCLE('',#2211,0.001);
#1627=CIRCLE('',#2212,0.001);
#1628=CIRCLE('',#2213,0.001);
#1629=CIRCLE('',#2214,0.001);
#1630=CIRCLE('',#2215,0.001);
#1631=CIRCLE('',#2217,0.00125);
#1632=CIRCLE('',#2218,0.003);
#1633=CIRCLE('',#2221,0.00125);
#1634=CIRCLE('',#2222,0.003);
#1635=CIRCLE('',#2225,0.00125);
#1636=CIRCLE('',#2226,0.003);
#1637=CIRCLE('',#2230,0.001);
#1638=CIRCLE('',#2232,0.001);
#1639=CIRCLE('',#2234,0.00125);
#1640=CIRCLE('',#2237,0.001);
#1641=CIRCLE('',#2239,0.001);
#1642=CIRCLE('',#2241,0.00125);
#1643=CIRCLE('',#2244,0.001);
#1644=CIRCLE('',#2246,0.001);
#1645=CIRCLE('',#2248,0.00125);
#1646=CIRCLE('',#2271,0.003);
#1647=CIRCLE('',#2274,0.003);
#1648=CIRCLE('',#2301,0.003);
#1649=CIRCLE('',#2303,0.003);
#1650=CIRCLE('',#2305,0.00300000000000157);
#1651=CIRCLE('',#2307,0.001);
#1652=CIRCLE('',#2309,0.00125);
#1653=CIRCLE('',#2311,0.003);
#1654=CIRCLE('',#2313,0.003);
#1655=CIRCLE('',#2315,0.00300000000000178);
#1656=CIRCLE('',#2317,0.001);
#1657=CIRCLE('',#2319,0.00125);
#1658=CIRCLE('',#2321,0.001);
#1659=CIRCLE('',#2323,0.00125);
#1660=CIRCLE('',#2326,0.001);
#1661=CIRCLE('',#2328,0.00125);
#1662=EDGE_LOOP('',(#541,#542,#543,#544,#545,#546));
#1663=EDGE_LOOP('',(#547,#548,#549,#550,#551,#552));
#1664=EDGE_LOOP('',(#553,#554,#555,#556,#557,#558));
#1665=EDGE_LOOP('',(#559,#560,#561,#562,#563,#564));
#1666=EDGE_LOOP('',(#565,#566,#567,#568));
#1667=EDGE_LOOP('',(#569,#570,#571,#572,#573,#574,#575,#576));
#1668=EDGE_LOOP('',(#577,#578,#579,#580));
#1669=EDGE_LOOP('',(#581,#582,#583,#584,#585,#586,#587,#588,#589,#590,#591,
#592,#593));
#1670=EDGE_LOOP('',(#594,#595,#596,#597));
#1671=EDGE_LOOP('',(#598,#599,#600,#601));
#1672=EDGE_LOOP('',(#602,#603,#604,#605));
#1673=EDGE_LOOP('',(#606,#607,#608,#609,#610,#611,#612,#613,#614,#615,#616,
#617,#618));
#1674=EDGE_LOOP('',(#619,#620,#621,#622,#623,#624,#625,#626,#627,#628,#629,
#630,#631,#632));
#1675=EDGE_LOOP('',(#633,#634,#635,#636));
#1676=EDGE_LOOP('',(#637,#638,#639,#640,#641,#642,#643,#644));
#1677=EDGE_LOOP('',(#645,#646,#647,#648));
#1678=EDGE_LOOP('',(#649,#650,#651,#652));
#1679=EDGE_LOOP('',(#653,#654,#655,#656));
#1680=EDGE_LOOP('',(#657,#658,#659,#660,#661,#662,#663,#664));
#1681=EDGE_LOOP('',(#665,#666,#667,#668));
#1682=EDGE_LOOP('',(#669,#670,#671,#672));
#1683=EDGE_LOOP('',(#673,#674,#675,#676));
#1684=EDGE_LOOP('',(#677,#678,#679,#680,#681,#682,#683,#684));
#1685=EDGE_LOOP('',(#685,#686,#687,#688));
#1686=EDGE_LOOP('',(#689,#690,#691,#692));
#1687=EDGE_LOOP('',(#693,#694,#695,#696));
#1688=EDGE_LOOP('',(#697,#698,#699,#700));
#1689=EDGE_LOOP('',(#701,#702,#703,#704,#705,#706,#707,#708));
#1690=EDGE_LOOP('',(#709));
#1691=EDGE_LOOP('',(#710));
#1692=EDGE_LOOP('',(#711));
#1693=EDGE_LOOP('',(#712));
#1694=EDGE_LOOP('',(#713));
#1695=EDGE_LOOP('',(#714));
#1696=EDGE_LOOP('',(#715));
#1697=EDGE_LOOP('',(#716));
#1698=EDGE_LOOP('',(#717));
#1699=EDGE_LOOP('',(#718,#719));
#1700=EDGE_LOOP('',(#720));
#1701=EDGE_LOOP('',(#721));
#1702=EDGE_LOOP('',(#722,#723,#724,#725));
#1703=EDGE_LOOP('',(#726,#727,#728,#729));
#1704=EDGE_LOOP('',(#730));
#1705=EDGE_LOOP('',(#731));
#1706=EDGE_LOOP('',(#732));
#1707=EDGE_LOOP('',(#733));
#1708=EDGE_LOOP('',(#734));
#1709=EDGE_LOOP('',(#735));
#1710=EDGE_LOOP('',(#736));
#1711=EDGE_LOOP('',(#737));
#1712=EDGE_LOOP('',(#738));
#1713=EDGE_LOOP('',(#739));
#1714=EDGE_LOOP('',(#740));
#1715=EDGE_LOOP('',(#741));
#1716=EDGE_LOOP('',(#742));
#1717=EDGE_LOOP('',(#743));
#1718=EDGE_LOOP('',(#744));
#1719=EDGE_LOOP('',(#745));
#1720=EDGE_LOOP('',(#746));
#1721=EDGE_LOOP('',(#747));
#1722=EDGE_LOOP('',(#748,#749));
#1723=EDGE_LOOP('',(#750,#751,#752,#753));
#1724=EDGE_LOOP('',(#754,#755,#756,#757));
#1725=EDGE_LOOP('',(#758));
#1726=EDGE_LOOP('',(#759));
#1727=EDGE_LOOP('',(#760));
#1728=EDGE_LOOP('',(#761));
#1729=EDGE_LOOP('',(#762));
#1730=EDGE_LOOP('',(#763));
#1731=EDGE_LOOP('',(#764));
#1732=EDGE_LOOP('',(#765));
#1733=EDGE_LOOP('',(#766));
#1734=EDGE_LOOP('',(#767));
#1735=EDGE_LOOP('',(#768));
#1736=EDGE_LOOP('',(#769));
#1737=EDGE_LOOP('',(#770));
#1738=EDGE_LOOP('',(#771));
#1739=EDGE_LOOP('',(#772));
#1740=EDGE_LOOP('',(#773));
#1741=EDGE_LOOP('',(#774));
#1742=EDGE_LOOP('',(#775));
#1743=EDGE_LOOP('',(#776));
#1744=EDGE_LOOP('',(#777));
#1745=EDGE_LOOP('',(#778));
#1746=EDGE_LOOP('',(#779,#780,#781,#782));
#1747=EDGE_LOOP('',(#783,#784,#785,#786));
#1748=EDGE_LOOP('',(#787,#788,#789,#790));
#1749=EDGE_LOOP('',(#791,#792,#793,#794));
#1750=EDGE_LOOP('',(#795,#796,#797,#798,#799));
#1751=EDGE_LOOP('',(#800,#801,#802,#803));
#1752=EDGE_LOOP('',(#804,#805,#806,#807));
#1753=EDGE_LOOP('',(#808,#809,#810,#811,#812));
#1754=EDGE_LOOP('',(#813,#814,#815,#816));
#1755=EDGE_LOOP('',(#817,#818,#819,#820));
#1756=EDGE_LOOP('',(#821,#822,#823,#824));
#1757=EDGE_LOOP('',(#825,#826,#827,#828));
#1758=EDGE_LOOP('',(#829,#830,#831,#832));
#1759=EDGE_LOOP('',(#833,#834,#835,#836));
#1760=EDGE_LOOP('',(#837,#838,#839,#840));
#1761=EDGE_LOOP('',(#841,#842,#843,#844));
#1762=EDGE_LOOP('',(#845,#846,#847,#848));
#1763=EDGE_LOOP('',(#849,#850,#851,#852));
#1764=EDGE_LOOP('',(#853,#854,#855,#856));
#1765=EDGE_LOOP('',(#857,#858,#859,#860));
#1766=EDGE_LOOP('',(#861,#862,#863,#864,#865));
#1767=EDGE_LOOP('',(#866,#867,#868,#869));
#1768=EDGE_LOOP('',(#870,#871,#872,#873,#874));
#1769=EDGE_LOOP('',(#875,#876,#877,#878));
#1770=EDGE_LOOP('',(#879,#880,#881,#882));
#1771=EDGE_LOOP('',(#883,#884,#885,#886));
#1772=EDGE_LOOP('',(#887,#888,#889,#890));
#1773=EDGE_LOOP('',(#891,#892,#893,#894));
#1774=EDGE_LOOP('',(#895,#896,#897,#898));
#1775=EDGE_LOOP('',(#899,#900,#901,#902));
#1776=EDGE_LOOP('',(#903,#904,#905,#906));
#1777=EDGE_LOOP('',(#907,#908,#909,#910));
#1778=EDGE_LOOP('',(#911,#912,#913,#914));
#1779=EDGE_LOOP('',(#915,#916,#917,#918));
#1780=EDGE_LOOP('',(#919,#920,#921,#922));
#1781=EDGE_LOOP('',(#923,#924,#925,#926));
#1782=EDGE_LOOP('',(#927,#928,#929,#930));
#1783=EDGE_LOOP('',(#931,#932,#933,#934));
#1784=EDGE_LOOP('',(#935,#936,#937,#938));
#1785=EDGE_LOOP('',(#939,#940,#941,#942));
#1786=EDGE_LOOP('',(#943,#944,#945,#946));
#1787=EDGE_LOOP('',(#947,#948,#949,#950));
#1788=EDGE_LOOP('',(#951,#952,#953,#954));
#1789=EDGE_LOOP('',(#955,#956,#957,#958));
#1790=EDGE_LOOP('',(#959,#960,#961,#962));
#1791=EDGE_LOOP('',(#963,#964,#965,#966));
#1792=EDGE_LOOP('',(#967,#968,#969,#970));
#1793=EDGE_LOOP('',(#971,#972,#973,#974));
#1794=EDGE_LOOP('',(#975,#976,#977,#978));
#1795=EDGE_LOOP('',(#979,#980,#981,#982,#983));
#1796=EDGE_LOOP('',(#984,#985,#986,#987));
#1797=EDGE_LOOP('',(#988,#989,#990,#991,#992));
#1798=EDGE_LOOP('',(#993));
#1799=EDGE_LOOP('',(#994,#995,#996,#997,#998));
#1800=EDGE_LOOP('',(#999,#1000,#1001,#1002));
#1801=EDGE_LOOP('',(#1003,#1004,#1005,#1006,#1007));
#1802=EDGE_LOOP('',(#1008,#1009,#1010,#1011));
#1803=EDGE_LOOP('',(#1012,#1013,#1014,#1015,#1016));
#1804=EDGE_LOOP('',(#1017));
#1805=EDGE_LOOP('',(#1018,#1019,#1020,#1021,#1022));
#1806=EDGE_LOOP('',(#1023,#1024,#1025));
#1807=EDGE_LOOP('',(#1026));
#1808=EDGE_LOOP('',(#1027));
#1809=EDGE_LOOP('',(#1028));
#1810=EDGE_LOOP('',(#1029));
#1811=EDGE_LOOP('',(#1030));
#1812=EDGE_LOOP('',(#1031,#1032,#1033));
#1813=EDGE_LOOP('',(#1034));
#1814=EDGE_LOOP('',(#1035));
#1815=EDGE_LOOP('',(#1036));
#1816=EDGE_LOOP('',(#1037));
#1817=EDGE_LOOP('',(#1038));
#1818=EDGE_LOOP('',(#1039));
#1819=EDGE_LOOP('',(#1040));
#1820=EDGE_LOOP('',(#1041));
#1821=EDGE_LOOP('',(#1042));
#1822=EDGE_LOOP('',(#1043));
#1823=EDGE_LOOP('',(#1044));
#1824=EDGE_LOOP('',(#1045));
#1825=EDGE_LOOP('',(#1046));
#1826=EDGE_LOOP('',(#1047));
#1827=EDGE_LOOP('',(#1048));
#1828=EDGE_LOOP('',(#1049));
#1829=EDGE_LOOP('',(#1050));
#1830=EDGE_LOOP('',(#1051));
#1831=EDGE_LOOP('',(#1052));
#1832=EDGE_LOOP('',(#1053));
#1833=EDGE_LOOP('',(#1054));
#1834=EDGE_LOOP('',(#1055));
#1835=EDGE_LOOP('',(#1056));
#1836=EDGE_LOOP('',(#1057,#1058,#1059,#1060,#1061,#1062));
#1837=EDGE_LOOP('',(#1063,#1064,#1065,#1066,#1067,#1068,#1069,#1070,#1071,
#1072));
#1838=EDGE_LOOP('',(#1073,#1074,#1075,#1076,#1077,#1078));
#1839=EDGE_LOOP('',(#1079,#1080,#1081,#1082,#1083,#1084,#1085,#1086,#1087,
#1088));
#1840=EDGE_LOOP('',(#1089,#1090,#1091,#1092,#1093));
#1841=EDGE_LOOP('',(#1094,#1095,#1096,#1097,#1098));
#1842=EDGE_LOOP('',(#1099,#1100,#1101,#1102,#1103));
#1843=EDGE_LOOP('',(#1104,#1105,#1106,#1107,#1108));
#1844=FACE_BOUND('',#1662,.T.);
#1845=FACE_BOUND('',#1663,.T.);
#1846=FACE_BOUND('',#1664,.T.);
#1847=FACE_BOUND('',#1665,.T.);
#1848=FACE_BOUND('',#1666,.T.);
#1849=FACE_BOUND('',#1667,.T.);
#1850=FACE_BOUND('',#1668,.T.);
#1851=FACE_BOUND('',#1669,.T.);
#1852=FACE_BOUND('',#1670,.T.);
#1853=FACE_BOUND('',#1671,.T.);
#1854=FACE_BOUND('',#1672,.T.);
#1855=FACE_BOUND('',#1673,.T.);
#1856=FACE_BOUND('',#1674,.T.);
#1857=FACE_BOUND('',#1675,.T.);
#1858=FACE_BOUND('',#1676,.T.);
#1859=FACE_BOUND('',#1677,.T.);
#1860=FACE_BOUND('',#1678,.T.);
#1861=FACE_BOUND('',#1679,.T.);
#1862=FACE_BOUND('',#1680,.T.);
#1863=FACE_BOUND('',#1681,.T.);
#1864=FACE_BOUND('',#1682,.T.);
#1865=FACE_BOUND('',#1683,.T.);
#1866=FACE_BOUND('',#1684,.T.);
#1867=FACE_BOUND('',#1685,.T.);
#1868=FACE_BOUND('',#1686,.T.);
#1869=FACE_BOUND('',#1687,.T.);
#1870=FACE_BOUND('',#1688,.T.);
#1871=FACE_BOUND('',#1689,.T.);
#1872=FACE_BOUND('',#1690,.T.);
#1873=FACE_BOUND('',#1691,.T.);
#1874=FACE_BOUND('',#1692,.T.);
#1875=FACE_BOUND('',#1693,.T.);
#1876=FACE_BOUND('',#1694,.T.);
#1877=FACE_BOUND('',#1695,.T.);
#1878=FACE_BOUND('',#1696,.T.);
#1879=FACE_BOUND('',#1697,.T.);
#1880=FACE_BOUND('',#1698,.T.);
#1881=FACE_BOUND('',#1699,.T.);
#1882=FACE_BOUND('',#1700,.T.);
#1883=FACE_BOUND('',#1701,.T.);
#1884=FACE_BOUND('',#1702,.T.);
#1885=FACE_BOUND('',#1703,.T.);
#1886=FACE_BOUND('',#1704,.T.);
#1887=FACE_BOUND('',#1705,.T.);
#1888=FACE_BOUND('',#1706,.T.);
#1889=FACE_BOUND('',#1707,.T.);
#1890=FACE_BOUND('',#1708,.T.);
#1891=FACE_BOUND('',#1709,.T.);
#1892=FACE_BOUND('',#1710,.T.);
#1893=FACE_BOUND('',#1711,.T.);
#1894=FACE_BOUND('',#1712,.T.);
#1895=FACE_BOUND('',#1713,.T.);
#1896=FACE_BOUND('',#1714,.T.);
#1897=FACE_BOUND('',#1715,.T.);
#1898=FACE_BOUND('',#1716,.T.);
#1899=FACE_BOUND('',#1717,.T.);
#1900=FACE_BOUND('',#1718,.T.);
#1901=FACE_BOUND('',#1719,.T.);
#1902=FACE_BOUND('',#1720,.T.);
#1903=FACE_BOUND('',#1721,.T.);
#1904=FACE_BOUND('',#1722,.T.);
#1905=FACE_BOUND('',#1723,.T.);
#1906=FACE_BOUND('',#1724,.T.);
#1907=FACE_BOUND('',#12,.T.);
#1908=FACE_BOUND('',#1725,.T.);
#1909=FACE_BOUND('',#1726,.T.);
#1910=FACE_BOUND('',#1727,.T.);
#1911=FACE_BOUND('',#1728,.T.);
#1912=FACE_BOUND('',#1729,.T.);
#1913=FACE_BOUND('',#1730,.T.);
#1914=FACE_BOUND('',#1731,.T.);
#1915=FACE_BOUND('',#13,.T.);
#1916=FACE_BOUND('',#1732,.T.);
#1917=FACE_BOUND('',#1733,.T.);
#1918=FACE_BOUND('',#1734,.T.);
#1919=FACE_BOUND('',#1735,.T.);
#1920=FACE_BOUND('',#1736,.T.);
#1921=FACE_BOUND('',#1737,.T.);
#1922=FACE_BOUND('',#1738,.T.);
#1923=FACE_BOUND('',#14,.T.);
#1924=FACE_BOUND('',#1739,.T.);
#1925=FACE_BOUND('',#1740,.T.);
#1926=FACE_BOUND('',#1741,.T.);
#1927=FACE_BOUND('',#1742,.T.);
#1928=FACE_BOUND('',#1743,.T.);
#1929=FACE_BOUND('',#1744,.T.);
#1930=FACE_BOUND('',#1745,.T.);
#1931=FACE_BOUND('',#1746,.T.);
#1932=FACE_BOUND('',#1747,.T.);
#1933=FACE_BOUND('',#1748,.T.);
#1934=FACE_BOUND('',#1749,.T.);
#1935=FACE_BOUND('',#1750,.T.);
#1936=FACE_BOUND('',#1751,.T.);
#1937=FACE_BOUND('',#1752,.T.);
#1938=FACE_BOUND('',#1753,.T.);
#1939=FACE_BOUND('',#1754,.T.);
#1940=FACE_BOUND('',#1755,.T.);
#1941=FACE_BOUND('',#1756,.T.);
#1942=FACE_BOUND('',#1757,.T.);
#1943=FACE_BOUND('',#1758,.T.);
#1944=FACE_BOUND('',#1759,.T.);
#1945=FACE_BOUND('',#1760,.T.);
#1946=FACE_BOUND('',#1761,.T.);
#1947=FACE_BOUND('',#1762,.T.);
#1948=FACE_BOUND('',#1763,.T.);
#1949=FACE_BOUND('',#1764,.T.);
#1950=FACE_BOUND('',#1765,.T.);
#1951=FACE_BOUND('',#1766,.T.);
#1952=FACE_BOUND('',#1767,.T.);
#1953=FACE_BOUND('',#1768,.T.);
#1954=FACE_BOUND('',#1769,.T.);
#1955=FACE_BOUND('',#1770,.T.);
#1956=FACE_BOUND('',#1771,.T.);
#1957=FACE_BOUND('',#1772,.T.);
#1958=FACE_BOUND('',#1773,.T.);
#1959=FACE_BOUND('',#1774,.T.);
#1960=FACE_BOUND('',#1775,.T.);
#1961=FACE_BOUND('',#1776,.T.);
#1962=FACE_BOUND('',#1777,.T.);
#1963=FACE_BOUND('',#1778,.T.);
#1964=FACE_BOUND('',#1779,.T.);
#1965=FACE_BOUND('',#1780,.T.);
#1966=FACE_BOUND('',#1781,.T.);
#1967=FACE_BOUND('',#1782,.T.);
#1968=FACE_BOUND('',#1783,.T.);
#1969=FACE_BOUND('',#1784,.T.);
#1970=FACE_BOUND('',#1785,.T.);
#1971=FACE_BOUND('',#1786,.T.);
#1972=FACE_BOUND('',#1787,.T.);
#1973=FACE_BOUND('',#1788,.T.);
#1974=FACE_BOUND('',#1789,.T.);
#1975=FACE_BOUND('',#1790,.T.);
#1976=FACE_BOUND('',#1791,.T.);
#1977=FACE_BOUND('',#1792,.T.);
#1978=FACE_BOUND('',#1793,.T.);
#1979=FACE_BOUND('',#1794,.T.);
#1980=FACE_BOUND('',#1795,.T.);
#1981=FACE_BOUND('',#1796,.T.);
#1982=FACE_BOUND('',#1797,.T.);
#1983=FACE_BOUND('',#1798,.T.);
#1984=FACE_BOUND('',#1799,.T.);
#1985=FACE_BOUND('',#1800,.T.);
#1986=FACE_BOUND('',#1801,.T.);
#1987=FACE_BOUND('',#1802,.T.);
#1988=FACE_BOUND('',#1803,.T.);
#1989=FACE_BOUND('',#1804,.T.);
#1990=FACE_BOUND('',#1805,.T.);
#1991=FACE_BOUND('',#1806,.T.);
#1992=FACE_BOUND('',#1807,.T.);
#1993=FACE_BOUND('',#1808,.T.);
#1994=FACE_BOUND('',#1809,.T.);
#1995=FACE_BOUND('',#1810,.T.);
#1996=FACE_BOUND('',#1811,.T.);
#1997=FACE_BOUND('',#1812,.T.);
#1998=FACE_BOUND('',#1813,.T.);
#1999=FACE_BOUND('',#1814,.T.);
#2000=FACE_BOUND('',#1815,.T.);
#2001=FACE_BOUND('',#1816,.T.);
#2002=FACE_BOUND('',#1817,.T.);
#2003=FACE_BOUND('',#1818,.T.);
#2004=FACE_BOUND('',#1819,.T.);
#2005=FACE_BOUND('',#1820,.T.);
#2006=FACE_BOUND('',#1821,.T.);
#2007=FACE_BOUND('',#1822,.T.);
#2008=FACE_BOUND('',#1823,.T.);
#2009=FACE_BOUND('',#1824,.T.);
#2010=FACE_BOUND('',#1825,.T.);
#2011=FACE_BOUND('',#1826,.T.);
#2012=FACE_BOUND('',#1827,.T.);
#2013=FACE_BOUND('',#1828,.T.);
#2014=FACE_BOUND('',#1829,.T.);
#2015=FACE_BOUND('',#1830,.T.);
#2016=FACE_BOUND('',#1831,.T.);
#2017=FACE_BOUND('',#1832,.T.);
#2018=FACE_BOUND('',#1833,.T.);
#2019=FACE_BOUND('',#1834,.T.);
#2020=FACE_BOUND('',#1835,.T.);
#2021=FACE_BOUND('',#1836,.T.);
#2022=FACE_BOUND('',#1837,.T.);
#2023=FACE_BOUND('',#1838,.T.);
#2024=FACE_BOUND('',#1839,.T.);
#2025=FACE_BOUND('',#1840,.T.);
#2026=FACE_BOUND('',#1841,.T.);
#2027=FACE_BOUND('',#1842,.T.);
#2028=FACE_BOUND('',#1843,.T.);
#2029=CONICAL_SURFACE('',#2164,0.006,0.785398163397448);
#2030=CONICAL_SURFACE('',#2167,0.00600000000000157,0.785398163397449);
#2031=CONICAL_SURFACE('',#2170,0.006,0.785398163397448);
#2032=CONICAL_SURFACE('',#2173,0.00600000000000178,0.785398163397448);
#2033=CONICAL_SURFACE('',#2229,0.001,1.02974425867665);
#2034=CONICAL_SURFACE('',#2236,0.001,1.02974425867665);
#2035=CONICAL_SURFACE('',#2243,0.001,1.02974425867665);
#2036=ADVANCED_FACE('',(#1844),#2029,.F.);
#2037=ADVANCED_FACE('',(#1845),#2030,.F.);
#2038=ADVANCED_FACE('',(#1846),#2031,.F.);
#2039=ADVANCED_FACE('',(#1847),#2032,.F.);
#2040=ADVANCED_FACE('',(#1848,#1849,#1850,#1851),#452,.F.);
#2041=ADVANCED_FACE('',(#1852,#1853,#1854,#1855),#453,.F.);
#2042=ADVANCED_FACE('',(#1856),#454,.F.);
#2043=ADVANCED_FACE('',(#1857,#1858,#1859,#1860),#455,.T.);
#2044=ADVANCED_FACE('',(#1861,#1862,#1863,#1864,#1865),#456,.T.);
#2045=ADVANCED_FACE('',(#1866),#457,.T.);
#2046=ADVANCED_FACE('',(#1867,#1868),#458,.F.);
#2047=ADVANCED_FACE('',(#1869),#459,.T.);
#2048=ADVANCED_FACE('',(#1870,#1871),#460,.T.);
#2049=ADVANCED_FACE('',(#1872,#1873,#1874,#1875,#1876,#1877,#1878,#1879,
#1880,#1881,#1882,#1883,#1884),#461,.F.);
#2050=ADVANCED_FACE('',(#1885,#1886,#1887,#1888,#1889,#1890,#1891,#1892,
#1893,#1894),#462,.T.);
#2051=ADVANCED_FACE('',(#1895,#1896),#463,.F.);
#2052=ADVANCED_FACE('',(#1897,#1898),#15,.T.);
#2053=ADVANCED_FACE('',(#1899,#1900),#464,.F.);
#2054=ADVANCED_FACE('',(#1901,#1902),#16,.T.);
#2055=ADVANCED_FACE('',(#1903,#1904),#465,.F.);
#2056=ADVANCED_FACE('',(#1905),#466,.F.);
#2057=ADVANCED_FACE('',(#1906),#17,.T.);
#2058=ADVANCED_FACE('',(#1907,#1908),#2033,.F.);
#2059=ADVANCED_FACE('',(#1909,#1910),#18,.F.);
#2060=ADVANCED_FACE('',(#1911,#1912),#467,.T.);
#2061=ADVANCED_FACE('',(#1913,#1914),#19,.F.);
#2062=ADVANCED_FACE('',(#1915,#1916),#2034,.F.);
#2063=ADVANCED_FACE('',(#1917,#1918),#20,.F.);
#2064=ADVANCED_FACE('',(#1919,#1920),#468,.T.);
#2065=ADVANCED_FACE('',(#1921,#1922),#21,.F.);
#2066=ADVANCED_FACE('',(#1923,#1924),#2035,.F.);
#2067=ADVANCED_FACE('',(#1925,#1926),#22,.F.);
#2068=ADVANCED_FACE('',(#1927,#1928),#469,.T.);
#2069=ADVANCED_FACE('',(#1929,#1930),#23,.F.);
#2070=ADVANCED_FACE('',(#1931),#470,.T.);
#2071=ADVANCED_FACE('',(#1932),#471,.F.);
#2072=ADVANCED_FACE('',(#1933),#472,.T.);
#2073=ADVANCED_FACE('',(#1934),#473,.F.);
#2074=ADVANCED_FACE('',(#1935),#474,.T.);
#2075=ADVANCED_FACE('',(#1936),#475,.F.);
#2076=ADVANCED_FACE('',(#1937),#476,.T.);
#2077=ADVANCED_FACE('',(#1938),#477,.F.);
#2078=ADVANCED_FACE('',(#1939),#478,.T.);
#2079=ADVANCED_FACE('',(#1940),#24,.F.);
#2080=ADVANCED_FACE('',(#1941),#25,.F.);
#2081=ADVANCED_FACE('',(#1942),#479,.F.);
#2082=ADVANCED_FACE('',(#1943),#26,.F.);
#2083=ADVANCED_FACE('',(#1944),#480,.T.);
#2084=ADVANCED_FACE('',(#1945),#27,.F.);
#2085=ADVANCED_FACE('',(#1946),#481,.F.);
#2086=ADVANCED_FACE('',(#1947),#482,.T.);
#2087=ADVANCED_FACE('',(#1948),#483,.F.);
#2088=ADVANCED_FACE('',(#1949),#484,.T.);
#2089=ADVANCED_FACE('',(#1950),#485,.F.);
#2090=ADVANCED_FACE('',(#1951),#486,.T.);
#2091=ADVANCED_FACE('',(#1952),#487,.F.);
#2092=ADVANCED_FACE('',(#1953),#488,.F.);
#2093=ADVANCED_FACE('',(#1954),#28,.T.);
#2094=ADVANCED_FACE('',(#1955),#489,.T.);
#2095=ADVANCED_FACE('',(#1956),#490,.F.);
#2096=ADVANCED_FACE('',(#1957),#491,.F.);
#2097=ADVANCED_FACE('',(#1958),#492,.T.);
#2098=ADVANCED_FACE('',(#1959),#493,.T.);
#2099=ADVANCED_FACE('',(#1960),#494,.F.);
#2100=ADVANCED_FACE('',(#1961),#495,.F.);
#2101=ADVANCED_FACE('',(#1962),#496,.T.);
#2102=ADVANCED_FACE('',(#1963),#497,.T.);
#2103=ADVANCED_FACE('',(#1964),#498,.F.);
#2104=ADVANCED_FACE('',(#1965),#499,.F.);
#2105=ADVANCED_FACE('',(#1966),#500,.T.);
#2106=ADVANCED_FACE('',(#1967),#501,.T.);
#2107=ADVANCED_FACE('',(#1968),#502,.F.);
#2108=ADVANCED_FACE('',(#1969),#503,.F.);
#2109=ADVANCED_FACE('',(#1970),#504,.T.);
#2110=ADVANCED_FACE('',(#1971),#505,.F.);
#2111=ADVANCED_FACE('',(#1972),#506,.T.);
#2112=ADVANCED_FACE('',(#1973),#507,.F.);
#2113=ADVANCED_FACE('',(#1974),#508,.T.);
#2114=ADVANCED_FACE('',(#1975),#509,.F.);
#2115=ADVANCED_FACE('',(#1976),#510,.F.);
#2116=ADVANCED_FACE('',(#1977),#511,.T.);
#2117=ADVANCED_FACE('',(#1978),#512,.T.);
#2118=ADVANCED_FACE('',(#1979),#29,.F.);
#2119=ADVANCED_FACE('',(#1980),#30,.T.);
#2120=ADVANCED_FACE('',(#1981),#31,.F.);
#2121=ADVANCED_FACE('',(#1982),#513,.F.);
#2122=ADVANCED_FACE('',(#1983,#1984),#514,.T.);
#2123=ADVANCED_FACE('',(#1985),#32,.F.);
#2124=ADVANCED_FACE('',(#1986),#33,.T.);
#2125=ADVANCED_FACE('',(#1987),#34,.F.);
#2126=ADVANCED_FACE('',(#1988),#515,.F.);
#2127=ADVANCED_FACE('',(#1989,#1990),#516,.T.);
#2128=ADVANCED_FACE('',(#1991,#1992),#35,.F.);
#2129=ADVANCED_FACE('',(#1993,#1994),#517,.T.);
#2130=ADVANCED_FACE('',(#1995,#1996),#36,.F.);
#2131=ADVANCED_FACE('',(#1997,#1998),#37,.F.);
#2132=ADVANCED_FACE('',(#1999,#2000),#518,.T.);
#2133=ADVANCED_FACE('',(#2001,#2002),#38,.F.);
#2134=ADVANCED_FACE('',(#2003,#2004),#39,.F.);
#2135=ADVANCED_FACE('',(#2005,#2006),#40,.F.);
#2136=ADVANCED_FACE('',(#2007,#2008),#41,.F.);
#2137=ADVANCED_FACE('',(#2009,#2010),#42,.F.);
#2138=ADVANCED_FACE('',(#2011,#2012),#43,.F.);
#2139=ADVANCED_FACE('',(#2013,#2014),#44,.F.);
#2140=ADVANCED_FACE('',(#2015,#2016),#45,.F.);
#2141=ADVANCED_FACE('',(#2017,#2018),#46,.F.);
#2142=ADVANCED_FACE('',(#2019,#2020),#47,.F.);
#2143=ADVANCED_FACE('',(#2021),#519,.F.);
#2144=ADVANCED_FACE('',(#2022),#520,.F.);
#2145=ADVANCED_FACE('',(#2023),#521,.F.);
#2146=ADVANCED_FACE('',(#2024),#522,.F.);
#2147=ADVANCED_FACE('',(#2025),#523,.F.);
#2148=ADVANCED_FACE('',(#2026),#524,.F.);
#2149=ADVANCED_FACE('',(#2027),#525,.F.);
#2150=ADVANCED_FACE('',(#2028),#526,.F.);
#2151=CLOSED_SHELL('',(#2036,#2037,#2038,#2039,#2040,#2041,#2042,#2043,
#2044,#2045,#2046,#2047,#2048,#2049,#2050,#2051,#2052,#2053,#2054,#2055,
#2056,#2057,#2058,#2059,#2060,#2061,#2062,#2063,#2064,#2065,#2066,#2067,
#2068,#2069,#2070,#2071,#2072,#2073,#2074,#2075,#2076,#2077,#2078,#2079,
#2080,#2081,#2082,#2083,#2084,#2085,#2086,#2087,#2088,#2089,#2090,#2091,
#2092,#2093,#2094,#2095,#2096,#2097,#2098,#2099,#2100,#2101,#2102,#2103,
#2104,#2105,#2106,#2107,#2108,#2109,#2110,#2111,#2112,#2113,#2114,#2115,
#2116,#2117,#2118,#2119,#2120,#2121,#2122,#2123,#2124,#2125,#2126,#2127,
#2128,#2129,#2130,#2131,#2132,#2133,#2134,#2135,#2136,#2137,#2138,#2139,
#2140,#2141,#2142,#2143,#2144,#2145,#2146,#2147,#2148,#2149,#2150));
#2152=STYLED_ITEM('',(#2153),#2160);
#2153=PRESENTATION_STYLE_ASSIGNMENT((#2154));
#2154=SURFACE_STYLE_USAGE(.BOTH.,#2155);
#2155=SURFACE_SIDE_STYLE('',(#2156));
#2156=SURFACE_STYLE_FILL_AREA(#2157);
#2157=FILL_AREA_STYLE('',(#2158));
#2158=FILL_AREA_STYLE_COLOUR('',#2159);
#2159=COLOUR_RGB('',0.647058823529412,0.647058823529412,0.647058823529412);
#2160=MANIFOLD_SOLID_BREP('Box around',#2151);
#2161=SHAPE_DEFINITION_REPRESENTATION(#3592,#2162);
#2162=SHAPE_REPRESENTATION('Box around',(#2163),#3587);
#2163=AXIS2_PLACEMENT_3D('',#2917,#2347,#2348);
#2164=AXIS2_PLACEMENT_3D('',#2918,#2349,#2350);
#2165=AXIS2_PLACEMENT_3D('',#2919,#2351,#2352);
#2166=AXIS2_PLACEMENT_3D('',#2942,#2353,#2354);
#2167=AXIS2_PLACEMENT_3D('',#2950,#2355,#2356);
#2168=AXIS2_PLACEMENT_3D('',#2960,#2357,#2358);
#2169=AXIS2_PLACEMENT_3D('',#2968,#2359,#2360);
#2170=AXIS2_PLACEMENT_3D('',#2975,#2361,#2362);
#2171=AXIS2_PLACEMENT_3D('',#2976,#2363,#2364);
#2172=AXIS2_PLACEMENT_3D('',#2999,#2365,#2366);
#2173=AXIS2_PLACEMENT_3D('',#3007,#2367,#2368);
#2174=AXIS2_PLACEMENT_3D('',#3017,#2369,#2370);
#2175=AXIS2_PLACEMENT_3D('',#3025,#2371,#2372);
#2176=AXIS2_PLACEMENT_3D('',#3032,#2373,#2374);
#2177=AXIS2_PLACEMENT_3D('',#3041,#2379,#2380);
#2178=AXIS2_PLACEMENT_3D('',#3046,#2382,#2383);
#2179=AXIS2_PLACEMENT_3D('',#3050,#2385,#2386);
#2180=AXIS2_PLACEMENT_3D('',#3054,#2388,#2389);
#2181=AXIS2_PLACEMENT_3D('',#3087,#2407,#2408);
#2182=AXIS2_PLACEMENT_3D('',#3134,#2433,#2434);
#2183=AXIS2_PLACEMENT_3D('',#3145,#2443,#2444);
#2184=AXIS2_PLACEMENT_3D('',#3186,#2465,#2466);
#2185=AXIS2_PLACEMENT_3D('',#3195,#2471,#2472);
#2186=AXIS2_PLACEMENT_3D('',#3200,#2474,#2475);
#2187=AXIS2_PLACEMENT_3D('',#3204,#2477,#2478);
#2188=AXIS2_PLACEMENT_3D('',#3208,#2480,#2481);
#2189=AXIS2_PLACEMENT_3D('',#3235,#2495,#2496);
#2190=AXIS2_PLACEMENT_3D('',#3252,#2505,#2506);
#2191=AXIS2_PLACEMENT_3D('',#3263,#2513,#2514);
#2192=AXIS2_PLACEMENT_3D('',#3272,#2519,#2520);
#2193=AXIS2_PLACEMENT_3D('',#3277,#2525,#2526);
#2194=AXIS2_PLACEMENT_3D('',#3278,#2527,#2528);
#2195=AXIS2_PLACEMENT_3D('',#3280,#2529,#2530);
#2196=AXIS2_PLACEMENT_3D('',#3282,#2531,#2532);
#2197=AXIS2_PLACEMENT_3D('',#3284,#2533,#2534);
#2198=AXIS2_PLACEMENT_3D('',#3286,#2535,#2536);
#2199=AXIS2_PLACEMENT_3D('',#3288,#2537,#2538);
#2200=AXIS2_PLACEMENT_3D('',#3290,#2539,#2540);
#2201=AXIS2_PLACEMENT_3D('',#3292,#2541,#2542);
#2202=AXIS2_PLACEMENT_3D('',#3294,#2543,#2544);
#2203=AXIS2_PLACEMENT_3D('',#3296,#2545,#2546);
#2204=AXIS2_PLACEMENT_3D('',#3300,#2548,#2549);
#2205=AXIS2_PLACEMENT_3D('',#3302,#2550,#2551);
#2206=AXIS2_PLACEMENT_3D('',#3304,#2552,#2553);
#2207=AXIS2_PLACEMENT_3D('',#3313,#2558,#2559);
#2208=AXIS2_PLACEMENT_3D('',#3315,#2560,#2561);
#2209=AXIS2_PLACEMENT_3D('',#3317,#2562,#2563);
#2210=AXIS2_PLACEMENT_3D('',#3319,#2564,#2565);
#2211=AXIS2_PLACEMENT_3D('',#3321,#2566,#2567);
#2212=AXIS2_PLACEMENT_3D('',#3323,#2568,#2569);
#2213=AXIS2_PLACEMENT_3D('',#3325,#2570,#2571);
#2214=AXIS2_PLACEMENT_3D('',#3327,#2572,#2573);
#2215=AXIS2_PLACEMENT_3D('',#3329,#2574,#2575);
#2216=AXIS2_PLACEMENT_3D('',#3331,#2576,#2577);
#2217=AXIS2_PLACEMENT_3D('',#3332,#2578,#2579);
#2218=AXIS2_PLACEMENT_3D('',#3334,#2580,#2581);
#2219=AXIS2_PLACEMENT_3D('',#3336,#2582,#2583);
#2220=AXIS2_PLACEMENT_3D('',#3337,#2584,#2585);
#2221=AXIS2_PLACEMENT_3D('',#3338,#2586,#2587);
#2222=AXIS2_PLACEMENT_3D('',#3340,#2588,#2589);
#2223=AXIS2_PLACEMENT_3D('',#3342,#2590,#2591);
#2224=AXIS2_PLACEMENT_3D('',#3343,#2592,#2593);
#2225=AXIS2_PLACEMENT_3D('',#3344,#2594,#2595);
#2226=AXIS2_PLACEMENT_3D('',#3349,#2597,#2598);
#2227=AXIS2_PLACEMENT_3D('',#3350,#2599,#2600);
#2228=AXIS2_PLACEMENT_3D('',#3353,#2603,#2604);
#2229=AXIS2_PLACEMENT_3D('',#3354,#2605,#2606);
#2230=AXIS2_PLACEMENT_3D('',#3356,#2607,#2608);
#2231=AXIS2_PLACEMENT_3D('',#3358,#2609,#2610);
#2232=AXIS2_PLACEMENT_3D('',#3359,#2611,#2612);
#2233=AXIS2_PLACEMENT_3D('',#3361,#2613,#2614);
#2234=AXIS2_PLACEMENT_3D('',#3362,#2615,#2616);
#2235=AXIS2_PLACEMENT_3D('',#3364,#2617,#2618);
#2236=AXIS2_PLACEMENT_3D('',#3365,#2619,#2620);
#2237=AXIS2_PLACEMENT_3D('',#3367,#2621,#2622);
#2238=AXIS2_PLACEMENT_3D('',#3369,#2623,#2624);
#2239=AXIS2_PLACEMENT_3D('',#3370,#2625,#2626);
#2240=AXIS2_PLACEMENT_3D('',#3372,#2627,#2628);
#2241=AXIS2_PLACEMENT_3D('',#3373,#2629,#2630);
#2242=AXIS2_PLACEMENT_3D('',#3375,#2631,#2632);
#2243=AXIS2_PLACEMENT_3D('',#3376,#2633,#2634);
#2244=AXIS2_PLACEMENT_3D('',#3378,#2635,#2636);
#2245=AXIS2_PLACEMENT_3D('',#3380,#2637,#2638);
#2246=AXIS2_PLACEMENT_3D('',#3381,#2639,#2640);
#2247=AXIS2_PLACEMENT_3D('',#3383,#2641,#2642);
#2248=AXIS2_PLACEMENT_3D('',#3384,#2643,#2644);
#2249=AXIS2_PLACEMENT_3D('',#3386,#2645,#2646);
#2250=AXIS2_PLACEMENT_3D('',#3387,#2647,#2648);
#2251=AXIS2_PLACEMENT_3D('',#3393,#2652,#2653);
#2252=AXIS2_PLACEMENT_3D('',#3397,#2656,#2657);
#2253=AXIS2_PLACEMENT_3D('',#3401,#2660,#2661);
#2254=AXIS2_PLACEMENT_3D('',#3403,#2663,#2664);
#2255=AXIS2_PLACEMENT_3D('',#3408,#2668,#2669);
#2256=AXIS2_PLACEMENT_3D('',#3412,#2672,#2673);
#2257=AXIS2_PLACEMENT_3D('',#3414,#2675,#2676);
#2258=AXIS2_PLACEMENT_3D('',#3416,#2678,#2679);
#2259=AXIS2_PLACEMENT_3D('',#3419,#2682,#2683);
#2260=AXIS2_PLACEMENT_3D('',#3421,#2685,#2686);
#2261=AXIS2_PLACEMENT_3D('',#3423,#2688,#2689);
#2262=AXIS2_PLACEMENT_3D('',#3425,#2691,#2692);
#2263=AXIS2_PLACEMENT_3D('',#3427,#2694,#2695);
#2264=AXIS2_PLACEMENT_3D('',#3429,#2697,#2698);
#2265=AXIS2_PLACEMENT_3D('',#3431,#2700,#2701);
#2266=AXIS2_PLACEMENT_3D('',#3432,#2702,#2703);
#2267=AXIS2_PLACEMENT_3D('',#3435,#2706,#2707);
#2268=AXIS2_PLACEMENT_3D('',#3437,#2709,#2710);
#2269=AXIS2_PLACEMENT_3D('',#3439,#2712,#2713);
#2270=AXIS2_PLACEMENT_3D('',#3440,#2714,#2715);
#2271=AXIS2_PLACEMENT_3D('',#3443,#2717,#2718);
#2272=AXIS2_PLACEMENT_3D('',#3445,#2720,#2721);
#2273=AXIS2_PLACEMENT_3D('',#3447,#2723,#2724);
#2274=AXIS2_PLACEMENT_3D('',#3448,#2725,#2726);
#2275=AXIS2_PLACEMENT_3D('',#3451,#2728,#2729);
#2276=AXIS2_PLACEMENT_3D('',#3453,#2731,#2732);
#2277=AXIS2_PLACEMENT_3D('',#3456,#2735,#2736);
#2278=AXIS2_PLACEMENT_3D('',#3458,#2738,#2739);
#2279=AXIS2_PLACEMENT_3D('',#3460,#2741,#2742);
#2280=AXIS2_PLACEMENT_3D('',#3461,#2743,#2744);
#2281=AXIS2_PLACEMENT_3D('',#3464,#2747,#2748);
#2282=AXIS2_PLACEMENT_3D('',#3466,#2750,#2751);
#2283=AXIS2_PLACEMENT_3D('',#3468,#2753,#2754);
#2284=AXIS2_PLACEMENT_3D('',#3469,#2755,#2756);
#2285=AXIS2_PLACEMENT_3D('',#3472,#2759,#2760);
#2286=AXIS2_PLACEMENT_3D('',#3474,#2762,#2763);
#2287=AXIS2_PLACEMENT_3D('',#3476,#2765,#2766);
#2288=AXIS2_PLACEMENT_3D('',#3477,#2767,#2768);
#2289=AXIS2_PLACEMENT_3D('',#3480,#2771,#2772);
#2290=AXIS2_PLACEMENT_3D('',#3482,#2774,#2775);
#2291=AXIS2_PLACEMENT_3D('',#3484,#2777,#2778);
#2292=AXIS2_PLACEMENT_3D('',#3485,#2779,#2780);
#2293=AXIS2_PLACEMENT_3D('',#3491,#2784,#2785);
#2294=AXIS2_PLACEMENT_3D('',#3495,#2788,#2789);
#2295=AXIS2_PLACEMENT_3D('',#3499,#2792,#2793);
#2296=AXIS2_PLACEMENT_3D('',#3501,#2795,#2796);
#2297=AXIS2_PLACEMENT_3D('',#3504,#2799,#2800);
#2298=AXIS2_PLACEMENT_3D('',#3506,#2802,#2803);
#2299=AXIS2_PLACEMENT_3D('',#3508,#2805,#2806);
#2300=AXIS2_PLACEMENT_3D('',#3509,#2807,#2808);
#2301=AXIS2_PLACEMENT_3D('',#3512,#2810,#2811);
#2302=AXIS2_PLACEMENT_3D('',#3513,#2812,#2813);
#2303=AXIS2_PLACEMENT_3D('',#3516,#2815,#2816);
#2304=AXIS2_PLACEMENT_3D('',#3517,#2817,#2818);
#2305=AXIS2_PLACEMENT_3D('',#3518,#2819,#2820);
#2306=AXIS2_PLACEMENT_3D('',#3519,#2821,#2822);
#2307=AXIS2_PLACEMENT_3D('',#3520,#2823,#2824);
#2308=AXIS2_PLACEMENT_3D('',#3521,#2825,#2826);
#2309=AXIS2_PLACEMENT_3D('',#3522,#2827,#2828);
#2310=AXIS2_PLACEMENT_3D('',#3524,#2829,#2830);
#2311=AXIS2_PLACEMENT_3D('',#3527,#2832,#2833);
#2312=AXIS2_PLACEMENT_3D('',#3528,#2834,#2835);
#2313=AXIS2_PLACEMENT_3D('',#3531,#2837,#2838);
#2314=AXIS2_PLACEMENT_3D('',#3532,#2839,#2840);
#2315=AXIS2_PLACEMENT_3D('',#3533,#2841,#2842);
#2316=AXIS2_PLACEMENT_3D('',#3534,#2843,#2844);
#2317=AXIS2_PLACEMENT_3D('',#3535,#2845,#2846);
#2318=AXIS2_PLACEMENT_3D('',#3536,#2847,#2848);
#2319=AXIS2_PLACEMENT_3D('',#3537,#2849,#2850);
#2320=AXIS2_PLACEMENT_3D('',#3539,#2851,#2852);
#2321=AXIS2_PLACEMENT_3D('',#3540,#2853,#2854);
#2322=AXIS2_PLACEMENT_3D('',#3542,#2855,#2856);
#2323=AXIS2_PLACEMENT_3D('',#3543,#2857,#2858);
#2324=AXIS2_PLACEMENT_3D('',#3545,#2859,#2860);
#2325=AXIS2_PLACEMENT_3D('',#3546,#2861,#2862);
#2326=AXIS2_PLACEMENT_3D('',#3547,#2863,#2864);
#2327=AXIS2_PLACEMENT_3D('',#3549,#2865,#2866);
#2328=AXIS2_PLACEMENT_3D('',#3550,#2867,#2868);
#2329=AXIS2_PLACEMENT_3D('',#3552,#2869,#2870);
#2330=AXIS2_PLACEMENT_3D('',#3553,#2871,#2872);
#2331=AXIS2_PLACEMENT_3D('',#3554,#2873,#2874);
#2332=AXIS2_PLACEMENT_3D('',#3555,#2875,#2876);
#2333=AXIS2_PLACEMENT_3D('',#3556,#2877,#2878);
#2334=AXIS2_PLACEMENT_3D('',#3557,#2879,#2880);
#2335=AXIS2_PLACEMENT_3D('',#3558,#2881,#2882);
#2336=AXIS2_PLACEMENT_3D('',#3559,#2883,#2884);
#2337=AXIS2_PLACEMENT_3D('',#3560,#2885,#2886);
#2338=AXIS2_PLACEMENT_3D('',#3561,#2887,#2888);
#2339=AXIS2_PLACEMENT_3D('',#3562,#2889,#2890);
#2340=AXIS2_PLACEMENT_3D('',#3569,#2895,#2896);
#2341=AXIS2_PLACEMENT_3D('',#3574,#2900,#2901);
#2342=AXIS2_PLACEMENT_3D('',#3579,#2905,#2906);
#2343=AXIS2_PLACEMENT_3D('',#3582,#2909,#2910);
#2344=AXIS2_PLACEMENT_3D('',#3583,#2911,#2912);
#2345=AXIS2_PLACEMENT_3D('',#3584,#2913,#2914);
#2346=AXIS2_PLACEMENT_3D('',#3585,#2915,#2916);
#2347=DIRECTION('',(0.,0.,1.));
#2348=DIRECTION('',(1.,0.,0.));
#2349=DIRECTION('',(0.,0.,1.));
#2350=DIRECTION('',(1.,0.,0.));
#2351=DIRECTION('',(0.,0.,-1.));
#2352=DIRECTION('',(-1.,0.,0.));
#2353=DIRECTION('',(0.,0.,-1.));
#2354=DIRECTION('',(-1.,0.,0.));
#2355=DIRECTION('',(0.,0.,1.));
#2356=DIRECTION('',(1.,0.,0.));
#2357=DIRECTION('',(0.,0.,-1.));
#2358=DIRECTION('',(-1.,0.,0.));
#2359=DIRECTION('',(0.,0.,-1.));
#2360=DIRECTION('',(-1.,0.,0.));
#2361=DIRECTION('',(0.,0.,1.));
#2362=DIRECTION('',(1.,0.,0.));
#2363=DIRECTION('',(0.,0.,-1.));
#2364=DIRECTION('',(-1.,0.,0.));
#2365=DIRECTION('',(0.,0.,-1.));
#2366=DIRECTION('',(-1.,0.,0.));
#2367=DIRECTION('',(0.,0.,1.));
#2368=DIRECTION('',(1.,0.,0.));
#2369=DIRECTION('',(0.,0.,-1.));
#2370=DIRECTION('',(-1.,0.,0.));
#2371=DIRECTION('',(0.,0.,-1.));
#2372=DIRECTION('',(-1.,0.,0.));
#2373=DIRECTION('',(-1.,0.,0.));
#2374=DIRECTION('',(0.,0.,1.));
#2375=DIRECTION('',(0.,-1.,-2.36553201269565E-16));
#2376=DIRECTION('',(0.,0.,1.));
#2377=DIRECTION('',(0.,-1.,0.));
#2378=DIRECTION('',(0.,0.,1.));
#2379=DIRECTION('',(-1.,0.,0.));
#2380=DIRECTION('',(0.,0.,1.));
#2381=DIRECTION('',(0.,0.,-1.));
#2382=DIRECTION('',(-1.,0.,0.));
#2383=DIRECTION('',(0.,0.,1.));
#2384=DIRECTION('',(0.,1.,4.10423535325743E-16));
#2385=DIRECTION('',(-1.,0.,0.));
#2386=DIRECTION('',(0.,0.,1.));
#2387=DIRECTION('',(0.,0.,1.));
#2388=DIRECTION('',(-1.,0.,0.));
#2389=DIRECTION('',(0.,0.,1.));
#2390=DIRECTION('',(0.,-1.,0.));
#2391=DIRECTION('',(0.,1.,-2.56996070515082E-16));
#2392=DIRECTION('',(0.,0.,1.));
#2393=DIRECTION('',(0.,1.,-1.92747052886312E-16));
#2394=DIRECTION('',(0.,1.29399200472556E-16,1.));
#2395=DIRECTION('',(0.,1.,0.));
#2396=DIRECTION('',(0.,0.,1.));
#2397=DIRECTION('',(0.,-1.,0.));
#2398=DIRECTION('',(0.,0.,1.));
#2399=DIRECTION('',(0.,-1.,-2.36553201269565E-16));
#2400=DIRECTION('',(0.,0.,-1.));
#2401=DIRECTION('',(0.,1.,0.));
#2402=DIRECTION('',(0.,0.,-1.));
#2403=DIRECTION('',(0.,1.,0.));
#2404=DIRECTION('',(0.,0.,-1.));
#2405=DIRECTION('',(0.,1.,0.));
#2406=DIRECTION('',(0.,0.,-1.));
#2407=DIRECTION('',(1.,0.,0.));
#2408=DIRECTION('',(0.,0.,-1.));
#2409=DIRECTION('',(0.,1.,2.36553201269565E-16));
#2410=DIRECTION('',(0.,0.,-1.));
#2411=DIRECTION('',(0.,1.,0.));
#2412=DIRECTION('',(0.,0.,-1.));
#2413=DIRECTION('',(0.,-1.,-2.92369125164631E-16));
#2414=DIRECTION('',(0.,0.,1.));
#2415=DIRECTION('',(0.,-1.,-1.21820468818596E-16));
#2416=DIRECTION('',(0.,0.,1.));
#2417=DIRECTION('',(0.,1.,0.));
#2418=DIRECTION('',(0.,0.,1.));
#2419=DIRECTION('',(0.,-1.,0.));
#2420=DIRECTION('',(0.,0.,-1.));
#2421=DIRECTION('',(0.,-1.,0.));
#2422=DIRECTION('',(0.,0.,-1.));
#2423=DIRECTION('',(0.,-1.,0.));
#2424=DIRECTION('',(0.,0.,-1.));
#2425=DIRECTION('',(0.,-1.,0.));
#2426=DIRECTION('',(0.,0.,-1.));
#2427=DIRECTION('',(0.,-1.,0.));
#2428=DIRECTION('',(0.,0.,-1.));
#2429=DIRECTION('',(0.,1.,2.36553201269565E-16));
#2430=DIRECTION('',(0.,0.,-1.));
#2431=DIRECTION('',(0.,1.,0.));
#2432=DIRECTION('',(0.,0.,-1.));
#2433=DIRECTION('',(0.,1.,0.));
#2434=DIRECTION('',(0.,0.,1.));
#2435=DIRECTION('',(1.,0.,0.));
#2436=DIRECTION('',(1.,0.,0.));
#2437=DIRECTION('',(-1.,0.,0.));
#2438=DIRECTION('',(0.,0.,-1.));
#2439=DIRECTION('',(-1.,0.,0.));
#2440=DIRECTION('',(1.,0.,0.));
#2441=DIRECTION('',(1.,0.,0.));
#2442=DIRECTION('',(0.,0.,-1.));
#2443=DIRECTION('',(1.,0.,0.));
#2444=DIRECTION('',(0.,0.,-1.));
#2445=DIRECTION('',(0.,0.,-1.));
#2446=DIRECTION('',(0.,1.,0.));
#2447=DIRECTION('',(0.,0.,-1.));
#2448=DIRECTION('',(0.,1.,0.));
#2449=DIRECTION('',(0.,-1.,0.));
#2450=DIRECTION('',(0.,0.,1.));
#2451=DIRECTION('',(0.,-1.,0.));
#2452=DIRECTION('',(0.,0.,-1.));
#2453=DIRECTION('',(0.,-1.,-1.21820468818596E-16));
#2454=DIRECTION('',(0.,0.,1.));
#2455=DIRECTION('',(0.,-1.,0.));
#2456=DIRECTION('',(0.,0.,-1.));
#2457=DIRECTION('',(0.,0.,-1.));
#2458=DIRECTION('',(0.,1.,2.36553201269565E-16));
#2459=DIRECTION('',(0.,0.,-1.));
#2460=DIRECTION('',(0.,1.,0.));
#2461=DIRECTION('',(0.,0.,-1.));
#2462=DIRECTION('',(0.,1.,2.36553201269565E-16));
#2463=DIRECTION('',(0.,0.,-1.));
#2464=DIRECTION('',(0.,1.,0.));
#2465=DIRECTION('',(-1.,0.,0.));
#2466=DIRECTION('',(0.,0.,1.));
#2467=DIRECTION('',(0.,0.,-1.));
#2468=DIRECTION('',(0.,-1.,2.56996070515082E-16));
#2469=DIRECTION('',(0.,-1.29399200472556E-16,-1.));
#2470=DIRECTION('',(0.,-1.,1.92747052886312E-16));
#2471=DIRECTION('',(-1.,0.,0.));
#2472=DIRECTION('',(0.,0.,1.));
#2473=DIRECTION('',(0.,1.,0.));
#2474=DIRECTION('',(-1.,0.,0.));
#2475=DIRECTION('',(0.,0.,1.));
#2476=DIRECTION('',(0.,0.,-1.));
#2477=DIRECTION('',(-1.,0.,0.));
#2478=DIRECTION('',(0.,0.,1.));
#2479=DIRECTION('',(0.,-1.,-4.10423535325743E-16));
#2480=DIRECTION('',(-1.,0.,0.));
#2481=DIRECTION('',(0.,0.,1.));
#2482=DIRECTION('',(0.,0.,1.));
#2483=DIRECTION('',(0.,1.,0.));
#2484=DIRECTION('',(0.,0.,-1.));
#2485=DIRECTION('',(0.,1.,0.));
#2486=DIRECTION('',(0.,0.,1.));
#2487=DIRECTION('',(0.,0.,1.));
#2488=DIRECTION('',(0.,-1.,-2.36553201269565E-16));
#2489=DIRECTION('',(0.,0.,1.));
#2490=DIRECTION('',(0.,-1.,0.));
#2491=DIRECTION('',(0.,0.,1.));
#2492=DIRECTION('',(0.,-1.,-2.36553201269565E-16));
#2493=DIRECTION('',(0.,0.,1.));
#2494=DIRECTION('',(0.,-1.,0.));
#2495=DIRECTION('',(0.,-1.,0.));
#2496=DIRECTION('',(0.,0.,-1.));
#2497=DIRECTION('',(-1.,0.,0.));
#2498=DIRECTION('',(0.,0.,-1.));
#2499=DIRECTION('',(-1.,0.,0.));
#2500=DIRECTION('',(0.,0.,1.));
#2501=DIRECTION('',(-1.,0.,0.));
#2502=DIRECTION('',(0.,0.,-1.));
#2503=DIRECTION('',(1.,0.,3.0719061553756E-16));
#2504=DIRECTION('',(0.,0.,-1.));
#2505=DIRECTION('',(0.,-1.,0.));
#2506=DIRECTION('',(0.,0.,-1.));
#2507=DIRECTION('',(0.,0.,1.));
#2508=DIRECTION('',(1.,0.,9.6373526443156E-17));
#2509=DIRECTION('',(0.,0.,1.));
#2510=DIRECTION('',(-1.,0.,-3.0719061553756E-16));
#2511=DIRECTION('',(-1.,0.,0.));
#2512=DIRECTION('',(-1.,0.,0.));
#2513=DIRECTION('',(0.,1.,0.));
#2514=DIRECTION('',(0.,0.,1.));
#2515=DIRECTION('',(1.,0.,0.));
#2516=DIRECTION('',(0.,0.,-1.));
#2517=DIRECTION('',(1.,0.,0.));
#2518=DIRECTION('',(0.,0.,1.));
#2519=DIRECTION('',(0.,0.,-1.));
#2520=DIRECTION('',(1.,0.,0.));
#2521=DIRECTION('',(-0.707106781186547,0.707106781186548,0.));
#2522=DIRECTION('',(0.707106781186547,0.707106781186548,0.));
#2523=DIRECTION('',(0.707106781186547,-0.707106781186548,0.));
#2524=DIRECTION('',(-0.707106781186547,-0.707106781186548,0.));
#2525=DIRECTION('',(0.,0.,1.));
#2526=DIRECTION('',(1.,0.,0.));
#2527=DIRECTION('',(0.,0.,-1.));
#2528=DIRECTION('',(-1.,0.,0.));
#2529=DIRECTION('',(0.,0.,-1.));
#2530=DIRECTION('',(-1.,0.,0.));
#2531=DIRECTION('',(0.,0.,-1.));
#2532=DIRECTION('',(-1.,0.,0.));
#2533=DIRECTION('',(0.,0.,-1.));
#2534=DIRECTION('',(-1.,0.,0.));
#2535=DIRECTION('',(0.,0.,-1.));
#2536=DIRECTION('',(-1.,0.,0.));
#2537=DIRECTION('',(0.,0.,-1.));
#2538=DIRECTION('',(-1.,0.,0.));
#2539=DIRECTION('',(0.,0.,-1.));
#2540=DIRECTION('',(-1.,0.,0.));
#2541=DIRECTION('',(0.,0.,-1.));
#2542=DIRECTION('',(-1.,0.,0.));
#2543=DIRECTION('',(0.,0.,-1.));
#2544=DIRECTION('',(-1.,0.,0.));
#2545=DIRECTION('',(0.,0.,-1.));
#2546=DIRECTION('',(-1.,0.,0.));
#2547=DIRECTION('',(0.,1.,0.));
#2548=DIRECTION('',(0.,0.,1.));
#2549=DIRECTION('',(1.,0.,0.));
#2550=DIRECTION('',(0.,0.,1.));
#2551=DIRECTION('',(1.,0.,0.));
#2552=DIRECTION('',(0.,0.,1.));
#2553=DIRECTION('',(1.,0.,0.));
#2554=DIRECTION('',(1.,0.,0.));
#2555=DIRECTION('',(0.,1.,0.));
#2556=DIRECTION('',(-1.,0.,0.));
#2557=DIRECTION('',(0.,-1.,0.));
#2558=DIRECTION('',(0.,0.,-1.));
#2559=DIRECTION('',(-1.,0.,0.));
#2560=DIRECTION('',(0.,0.,-1.));
#2561=DIRECTION('',(-1.,0.,0.));
#2562=DIRECTION('',(0.,0.,-1.));
#2563=DIRECTION('',(-1.,0.,0.));
#2564=DIRECTION('',(0.,0.,-1.));
#2565=DIRECTION('',(-1.,0.,0.));
#2566=DIRECTION('',(0.,0.,-1.));
#2567=DIRECTION('',(-1.,0.,0.));
#2568=DIRECTION('',(0.,0.,-1.));
#2569=DIRECTION('',(-1.,0.,0.));
#2570=DIRECTION('',(0.,0.,-1.));
#2571=DIRECTION('',(-1.,0.,0.));
#2572=DIRECTION('',(0.,0.,-1.));
#2573=DIRECTION('',(-1.,0.,0.));
#2574=DIRECTION('',(0.,0.,-1.));
#2575=DIRECTION('',(-1.,0.,0.));
#2576=DIRECTION('',(0.,0.,1.));
#2577=DIRECTION('',(1.,0.,0.));
#2578=DIRECTION('',(0.,0.,1.));
#2579=DIRECTION('',(1.,0.,0.));
#2580=DIRECTION('',(0.,0.,1.));
#2581=DIRECTION('',(1.,0.,0.));
#2582=DIRECTION('',(0.,0.,1.));
#2583=DIRECTION('',(1.,0.,0.));
#2584=DIRECTION('',(0.,0.,1.));
#2585=DIRECTION('',(1.,0.,0.));
#2586=DIRECTION('',(0.,0.,1.));
#2587=DIRECTION('',(1.,0.,0.));
#2588=DIRECTION('',(0.,0.,1.));
#2589=DIRECTION('',(1.,0.,0.));
#2590=DIRECTION('',(0.,0.,1.));
#2591=DIRECTION('',(1.,0.,0.));
#2592=DIRECTION('',(0.,0.,1.));
#2593=DIRECTION('',(1.,0.,0.));
#2594=DIRECTION('',(0.,0.,1.));
#2595=DIRECTION('',(1.,0.,0.));
#2596=DIRECTION('',(0.,-1.,0.));
#2597=DIRECTION('',(0.,0.,1.));
#2598=DIRECTION('',(1.,0.,0.));
#2599=DIRECTION('',(1.,0.,0.));
#2600=DIRECTION('',(0.,0.,-1.));
#2601=DIRECTION('',(0.,0.,1.));
#2602=DIRECTION('',(0.,0.,1.));
#2603=DIRECTION('',(0.,0.,1.));
#2604=DIRECTION('',(1.,0.,0.));
#2605=DIRECTION('',(0.,0.,-1.));
#2606=DIRECTION('',(-1.,0.,0.));
#2607=DIRECTION('',(0.,0.,1.));
#2608=DIRECTION('',(1.,0.,0.));
#2609=DIRECTION('',(0.,0.,1.));
#2610=DIRECTION('',(1.,0.,0.));
#2611=DIRECTION('',(0.,0.,1.));
#2612=DIRECTION('',(1.,0.,0.));
#2613=DIRECTION('',(0.,0.,-1.));
#2614=DIRECTION('',(-1.,0.,0.));
#2615=DIRECTION('',(0.,0.,1.));
#2616=DIRECTION('',(1.,0.,0.));
#2617=DIRECTION('',(0.,0.,1.));
#2618=DIRECTION('',(1.,0.,0.));
#2619=DIRECTION('',(0.,0.,-1.));
#2620=DIRECTION('',(-1.,0.,0.));
#2621=DIRECTION('',(0.,0.,1.));
#2622=DIRECTION('',(1.,0.,0.));
#2623=DIRECTION('',(0.,0.,1.));
#2624=DIRECTION('',(1.,0.,0.));
#2625=DIRECTION('',(0.,0.,1.));
#2626=DIRECTION('',(1.,0.,0.));
#2627=DIRECTION('',(0.,0.,-1.));
#2628=DIRECTION('',(-1.,0.,0.));
#2629=DIRECTION('',(0.,0.,1.));
#2630=DIRECTION('',(1.,0.,0.));
#2631=DIRECTION('',(0.,0.,1.));
#2632=DIRECTION('',(1.,0.,0.));
#2633=DIRECTION('',(0.,0.,-1.));
#2634=DIRECTION('',(-1.,0.,0.));
#2635=DIRECTION('',(0.,0.,1.));
#2636=DIRECTION('',(1.,0.,0.));
#2637=DIRECTION('',(0.,0.,1.));
#2638=DIRECTION('',(1.,0.,0.));
#2639=DIRECTION('',(0.,0.,1.));
#2640=DIRECTION('',(1.,0.,0.));
#2641=DIRECTION('',(0.,0.,-1.));
#2642=DIRECTION('',(-1.,0.,0.));
#2643=DIRECTION('',(0.,0.,1.));
#2644=DIRECTION('',(1.,0.,0.));
#2645=DIRECTION('',(0.,0.,1.));
#2646=DIRECTION('',(1.,0.,0.));
#2647=DIRECTION('',(0.,-1.,0.));
#2648=DIRECTION('',(0.,0.,-1.));
#2649=DIRECTION('',(1.,0.,0.));
#2650=DIRECTION('',(0.,0.,1.));
#2651=DIRECTION('',(1.,0.,0.));
#2652=DIRECTION('',(0.,1.21820468818596E-16,-1.));
#2653=DIRECTION('',(0.,1.,1.21820468818596E-16));
#2654=DIRECTION('',(1.,0.,0.));
#2655=DIRECTION('',(0.,1.,1.21820468818596E-16));
#2656=DIRECTION('',(0.,2.92369125164631E-16,-1.));
#2657=DIRECTION('',(0.,1.,2.92369125164631E-16));
#2658=DIRECTION('',(0.,-1.,-2.92369125164631E-16));
#2659=DIRECTION('',(1.,0.,0.));
#2660=DIRECTION('',(0.,-1.,0.));
#2661=DIRECTION('',(0.,0.,-1.));
#2662=DIRECTION('',(0.,0.,-1.));
#2663=DIRECTION('',(0.707106781186548,0.707106781186548,0.));
#2664=DIRECTION('',(0.,0.,1.));
#2665=DIRECTION('',(-0.577350269189626,0.577350269189626,-0.577350269189626));
#2666=DIRECTION('',(-0.577350269189626,0.577350269189626,0.577350269189626));
#2667=DIRECTION('',(0.577350269189626,-0.577350269189626,-0.577350269189626));
#2668=DIRECTION('',(-0.707106781186548,-2.06736191013488E-16,0.707106781186548));
#2669=DIRECTION('',(0.,1.,2.92369125164631E-16));
#2670=DIRECTION('',(0.577350269189626,0.577350269189626,0.577350269189626));
#2671=DIRECTION('',(1.46184562582315E-16,-1.,-1.46184562582315E-16));
#2672=DIRECTION('',(0.707106781186548,-8.61400795889536E-17,0.707106781186548));
#2673=DIRECTION('',(0.,-1.,-1.21820468818596E-16));
#2674=DIRECTION('',(0.577350269189626,0.577350269189626,-0.577350269189626));
#2675=DIRECTION('',(-0.707106781186548,0.707106781186548,0.));
#2676=DIRECTION('',(0.,0.,-1.));
#2677=DIRECTION('',(-0.577350269189626,-0.577350269189626,0.577350269189626));
#2678=DIRECTION('',(0.,0.,1.));
#2679=DIRECTION('',(1.,0.,0.));
#2680=DIRECTION('',(-1.,0.,0.));
#2681=DIRECTION('',(-1.,0.,0.));
#2682=DIRECTION('',(-1.,0.,0.));
#2683=DIRECTION('',(0.,0.,1.));
#2684=DIRECTION('',(-1.,0.,0.));
#2685=DIRECTION('',(-1.,0.,0.));
#2686=DIRECTION('',(0.,0.,1.));
#2687=DIRECTION('',(-1.,0.,0.));
#2688=DIRECTION('',(0.,1.,0.));
#2689=DIRECTION('',(0.,0.,1.));
#2690=DIRECTION('',(-1.,0.,0.));
#2691=DIRECTION('',(-1.,0.,0.));
#2692=DIRECTION('',(0.,0.,1.));
#2693=DIRECTION('',(-1.,0.,0.));
#2694=DIRECTION('',(0.,4.10423535325743E-16,-1.));
#2695=DIRECTION('',(0.,1.,4.10423535325743E-16));
#2696=DIRECTION('',(-1.,0.,0.));
#2697=DIRECTION('',(-1.,0.,0.));
#2698=DIRECTION('',(0.,0.,1.));
#2699=DIRECTION('',(-1.,0.,0.));
#2700=DIRECTION('',(0.,-1.,0.));
#2701=DIRECTION('',(0.,0.,-1.));
#2702=DIRECTION('',(0.,1.,-1.29399200472556E-16));
#2703=DIRECTION('',(0.,1.29399200472556E-16,1.));
#2704=DIRECTION('',(-1.,0.,0.));
#2705=DIRECTION('',(-1.,0.,0.));
#2706=DIRECTION('',(0.,-1.92747052886312E-16,-1.));
#2707=DIRECTION('',(0.,1.,-1.92747052886312E-16));
#2708=DIRECTION('',(-1.,0.,0.));
#2709=DIRECTION('',(0.,-2.56996070515082E-16,-1.));
#2710=DIRECTION('',(0.,1.,-2.56996070515082E-16));
#2711=DIRECTION('',(-1.,0.,0.));
#2712=DIRECTION('',(0.,1.,0.));
#2713=DIRECTION('',(0.,0.,1.));
#2714=DIRECTION('',(-1.,0.,0.));
#2715=DIRECTION('',(0.,0.,1.));
#2716=DIRECTION('',(0.,-0.707106781186548,-0.707106781186547));
#2717=DIRECTION('',(-1.,0.,0.));
#2718=DIRECTION('',(0.,0.,1.));
#2719=DIRECTION('',(0.,-1.,0.));
#2720=DIRECTION('',(3.0719061553756E-16,0.,-1.));
#2721=DIRECTION('',(-1.,0.,-3.0719061553756E-16));
#2722=DIRECTION('',(0.,-1.,0.));
#2723=DIRECTION('',(-1.,0.,0.));
#2724=DIRECTION('',(0.,0.,1.));
#2725=DIRECTION('',(-1.,0.,0.));
#2726=DIRECTION('',(0.,0.,1.));
#2727=DIRECTION('',(0.,0.707106781186548,0.707106781186547));
#2728=DIRECTION('',(1.,0.,9.6373526443156E-17));
#2729=DIRECTION('',(9.6373526443156E-17,0.,-1.));
#2730=DIRECTION('',(1.,0.,9.6373526443156E-17));
#2731=DIRECTION('',(0.,-1.,0.));
#2732=DIRECTION('',(0.,0.,-1.));
#2733=DIRECTION('',(1.,0.,0.));
#2734=DIRECTION('',(1.,0.,0.));
#2735=DIRECTION('',(0.,0.,-1.));
#2736=DIRECTION('',(-1.,0.,0.));
#2737=DIRECTION('',(1.,0.,0.));
#2738=DIRECTION('',(0.,-1.,0.));
#2739=DIRECTION('',(0.,0.,-1.));
#2740=DIRECTION('',(1.,0.,0.));
#2741=DIRECTION('',(0.,2.36553201269565E-16,-1.));
#2742=DIRECTION('',(0.,1.,2.36553201269565E-16));
#2743=DIRECTION('',(0.,-1.,0.));
#2744=DIRECTION('',(0.,0.,-1.));
#2745=DIRECTION('',(1.,0.,0.));
#2746=DIRECTION('',(1.,0.,0.));
#2747=DIRECTION('',(0.,0.,-1.));
#2748=DIRECTION('',(-1.,0.,0.));
#2749=DIRECTION('',(1.,0.,0.));
#2750=DIRECTION('',(0.,-1.,0.));
#2751=DIRECTION('',(0.,0.,-1.));
#2752=DIRECTION('',(1.,0.,0.));
#2753=DIRECTION('',(0.,2.36553201269565E-16,-1.));
#2754=DIRECTION('',(0.,1.,2.36553201269565E-16));
#2755=DIRECTION('',(0.,2.36553201269565E-16,-1.));
#2756=DIRECTION('',(0.,1.,2.36553201269565E-16));
#2757=DIRECTION('',(1.,0.,0.));
#2758=DIRECTION('',(1.,0.,0.));
#2759=DIRECTION('',(0.,-1.,0.));
#2760=DIRECTION('',(0.,0.,-1.));
#2761=DIRECTION('',(1.,0.,0.));
#2762=DIRECTION('',(0.,0.,-1.));
#2763=DIRECTION('',(-1.,0.,0.));
#2764=DIRECTION('',(1.,0.,0.));
#2765=DIRECTION('',(0.,-1.,0.));
#2766=DIRECTION('',(0.,0.,-1.));
#2767=DIRECTION('',(0.,2.36553201269565E-16,-1.));
#2768=DIRECTION('',(0.,1.,2.36553201269565E-16));
#2769=DIRECTION('',(1.,0.,0.));
#2770=DIRECTION('',(1.,0.,0.));
#2771=DIRECTION('',(0.,-1.,0.));
#2772=DIRECTION('',(0.,0.,-1.));
#2773=DIRECTION('',(1.,0.,0.));
#2774=DIRECTION('',(0.,0.,-1.));
#2775=DIRECTION('',(-1.,0.,0.));
#2776=DIRECTION('',(1.,0.,0.));
#2777=DIRECTION('',(0.,-1.,0.));
#2778=DIRECTION('',(0.,0.,-1.));
#2779=DIRECTION('',(0.,-1.,0.));
#2780=DIRECTION('',(0.,0.,-1.));
#2781=DIRECTION('',(1.,0.,0.));
#2782=DIRECTION('',(0.,0.,1.));
#2783=DIRECTION('',(1.,0.,0.));
#2784=DIRECTION('',(0.,0.,-1.));
#2785=DIRECTION('',(-1.,0.,0.));
#2786=DIRECTION('',(0.,1.,0.));
#2787=DIRECTION('',(1.,0.,0.));
#2788=DIRECTION('',(0.,0.,-1.));
#2789=DIRECTION('',(-1.,0.,0.));
#2790=DIRECTION('',(1.,0.,0.));
#2791=DIRECTION('',(0.,-1.,0.));
#2792=DIRECTION('',(0.,-1.,0.));
#2793=DIRECTION('',(0.,0.,-1.));
#2794=DIRECTION('',(0.,0.,-1.));
#2795=DIRECTION('',(0.707106781186547,-0.707106781186548,0.));
#2796=DIRECTION('',(0.,0.,1.));
#2797=DIRECTION('',(0.577350269189626,0.577350269189625,-0.577350269189625));
#2798=DIRECTION('',(-0.577350269189626,-0.577350269189625,-0.577350269189625));
#2799=DIRECTION('',(0.707106781186547,0.,-0.707106781186548));
#2800=DIRECTION('',(0.,-1.,0.));
#2801=DIRECTION('',(0.577350269189626,-0.577350269189626,0.577350269189625));
#2802=DIRECTION('',(-0.707106781186547,0.,-0.707106781186548));
#2803=DIRECTION('',(0.,1.,0.));
#2804=DIRECTION('',(0.577350269189626,-0.577350269189626,-0.577350269189625));
#2805=DIRECTION('',(-0.707106781186547,-0.707106781186548,0.));
#2806=DIRECTION('',(0.,0.,-1.));
#2807=DIRECTION('',(0.,0.,-1.));
#2808=DIRECTION('',(-1.,0.,0.));
#2809=DIRECTION('',(0.,0.,-1.));
#2810=DIRECTION('',(0.,0.,-1.));
#2811=DIRECTION('',(-1.,0.,0.));
#2812=DIRECTION('',(0.,0.,-1.));
#2813=DIRECTION('',(-1.,0.,0.));
#2814=DIRECTION('',(0.,0.,-1.));
#2815=DIRECTION('',(0.,0.,-1.));
#2816=DIRECTION('',(-1.,0.,0.));
#2817=DIRECTION('',(0.,0.,-1.));
#2818=DIRECTION('',(-1.,0.,0.));
#2819=DIRECTION('',(0.,0.,-1.));
#2820=DIRECTION('',(-1.,0.,0.));
#2821=DIRECTION('',(0.,0.,-1.));
#2822=DIRECTION('',(1.,0.,0.));
#2823=DIRECTION('',(0.,0.,1.));
#2824=DIRECTION('',(1.,0.,0.));
#2825=DIRECTION('',(0.,0.,-1.));
#2826=DIRECTION('',(1.,0.,0.));
#2827=DIRECTION('',(0.,0.,1.));
#2828=DIRECTION('',(1.,0.,0.));
#2829=DIRECTION('',(0.,0.,-1.));
#2830=DIRECTION('',(-1.,0.,0.));
#2831=DIRECTION('',(0.,0.,-1.));
#2832=DIRECTION('',(0.,0.,-1.));
#2833=DIRECTION('',(-1.,0.,0.));
#2834=DIRECTION('',(0.,0.,-1.));
#2835=DIRECTION('',(-1.,0.,0.));
#2836=DIRECTION('',(0.,0.,-1.));
#2837=DIRECTION('',(0.,0.,-1.));
#2838=DIRECTION('',(-1.,0.,0.));
#2839=DIRECTION('',(0.,0.,-1.));
#2840=DIRECTION('',(-1.,0.,0.));
#2841=DIRECTION('',(0.,0.,-1.));
#2842=DIRECTION('',(-1.,0.,0.));
#2843=DIRECTION('',(0.,0.,-1.));
#2844=DIRECTION('',(1.,0.,0.));
#2845=DIRECTION('',(0.,0.,1.));
#2846=DIRECTION('',(1.,0.,0.));
#2847=DIRECTION('',(0.,0.,-1.));
#2848=DIRECTION('',(1.,0.,0.));
#2849=DIRECTION('',(0.,0.,1.));
#2850=DIRECTION('',(1.,0.,0.));
#2851=DIRECTION('',(0.,0.,1.));
#2852=DIRECTION('',(1.,0.,0.));
#2853=DIRECTION('',(0.,0.,1.));
#2854=DIRECTION('',(1.,0.,0.));
#2855=DIRECTION('',(0.,0.,-1.));
#2856=DIRECTION('',(-1.,0.,0.));
#2857=DIRECTION('',(0.,0.,1.));
#2858=DIRECTION('',(1.,0.,0.));
#2859=DIRECTION('',(0.,0.,1.));
#2860=DIRECTION('',(1.,0.,0.));
#2861=DIRECTION('',(0.,0.,1.));
#2862=DIRECTION('',(1.,0.,0.));
#2863=DIRECTION('',(0.,0.,1.));
#2864=DIRECTION('',(1.,0.,0.));
#2865=DIRECTION('',(0.,0.,-1.));
#2866=DIRECTION('',(-1.,0.,0.));
#2867=DIRECTION('',(0.,0.,1.));
#2868=DIRECTION('',(1.,0.,0.));
#2869=DIRECTION('',(0.,0.,1.));
#2870=DIRECTION('',(1.,0.,0.));
#2871=DIRECTION('',(0.,0.,-1.));
#2872=DIRECTION('',(-1.,0.,0.));
#2873=DIRECTION('',(0.,0.,-1.));
#2874=DIRECTION('',(-1.,0.,0.));
#2875=DIRECTION('',(0.,0.,-1.));
#2876=DIRECTION('',(-1.,0.,0.));
#2877=DIRECTION('',(0.,0.,-1.));
#2878=DIRECTION('',(-1.,0.,0.));
#2879=DIRECTION('',(0.,0.,-1.));
#2880=DIRECTION('',(-1.,0.,0.));
#2881=DIRECTION('',(0.,0.,-1.));
#2882=DIRECTION('',(-1.,0.,0.));
#2883=DIRECTION('',(0.,0.,-1.));
#2884=DIRECTION('',(-1.,0.,0.));
#2885=DIRECTION('',(0.,0.,-1.));
#2886=DIRECTION('',(-1.,0.,0.));
#2887=DIRECTION('',(0.,0.,-1.));
#2888=DIRECTION('',(-1.,0.,0.));
#2889=DIRECTION('',(0.707106781186548,0.,-0.707106781186547));
#2890=DIRECTION('',(0.,1.,0.));
#2891=DIRECTION('',(0.577350269189626,-0.577350269189626,0.577350269189626));
#2892=DIRECTION('',(-0.577350269189625,-0.577350269189626,-0.577350269189626));
#2893=DIRECTION('',(0.577350269189625,-0.577350269189626,0.577350269189626));
#2894=DIRECTION('',(0.577350269189626,0.577350269189626,0.577350269189626));
#2895=DIRECTION('',(0.,0.707106781186547,-0.707106781186548));
#2896=DIRECTION('',(1.,0.,0.));
#2897=DIRECTION('',(0.577350269189626,-0.577350269189626,-0.577350269189626));
#2898=DIRECTION('',(0.577350269189626,0.577350269189626,0.577350269189626));
#2899=DIRECTION('',(-0.577350269189626,0.577350269189626,0.577350269189626));
#2900=DIRECTION('',(0.,-0.707106781186547,-0.707106781186548));
#2901=DIRECTION('',(1.,0.,0.));
#2902=DIRECTION('',(0.577350269189626,0.577350269189626,-0.577350269189626));
#2903=DIRECTION('',(-0.577350269189626,0.577350269189626,-0.577350269189626));
#2904=DIRECTION('',(-0.577350269189626,-0.577350269189626,0.577350269189626));
#2905=DIRECTION('',(-0.707106781186548,0.,-0.707106781186547));
#2906=DIRECTION('',(0.,1.,0.));
#2907=DIRECTION('',(-0.577350269189625,0.577350269189626,0.577350269189626));
#2908=DIRECTION('',(0.577350269189625,0.577350269189626,-0.577350269189626));
#2909=DIRECTION('',(-0.707106781186548,-0.707106781186547,0.));
#2910=DIRECTION('',(0.,0.,-1.));
#2911=DIRECTION('',(0.707106781186548,-0.707106781186547,0.));
#2912=DIRECTION('',(0.,0.,-1.));
#2913=DIRECTION('',(0.707106781186548,0.707106781186547,0.));
#2914=DIRECTION('',(0.,0.,-1.));
#2915=DIRECTION('',(-0.707106781186548,0.707106781186547,0.));
#2916=DIRECTION('',(0.,0.,-1.));
#2917=CARTESIAN_POINT('',(0.,0.,0.));
#2918=CARTESIAN_POINT('',(0.0134198756564776,0.0290098134847164,-0.001));
#2919=CARTESIAN_POINT('',(0.0134198756564776,0.0290098134847164,-0.001));
#2920=CARTESIAN_POINT('',(0.0142486106220334,0.0349523044066166,-0.001));
#2921=CARTESIAN_POINT('',(0.01625,0.0343004085552357,-0.001));
#2922=CARTESIAN_POINT('',(0.0142486106220334,0.0349523044066166,-0.00099999999999998));
#2923=CARTESIAN_POINT('',(0.0142400194887416,0.0347894976819999,-0.00116243287593522));
#2924=CARTESIAN_POINT('',(0.014147018382881,0.0344780158221039,-0.00148407131474781));
#2925=CARTESIAN_POINT('',(0.0138286095898423,0.0341435704260767,-0.00185551713456337));
#2926=CARTESIAN_POINT('',(0.0134076870495837,0.0339964822830276,-0.00201756060836277));
#2927=CARTESIAN_POINT('',(0.0129316057032835,0.0340090120174492,-0.00198585999496013));
#2928=CARTESIAN_POINT('',(0.0126681293011132,0.0341726571365137,-0.00178373160481901));
#2929=CARTESIAN_POINT('',(0.0125428932188135,0.0342978932188134,-0.00163969352833826));
#2930=CARTESIAN_POINT('',(0.0125428932188135,0.0342978932188134,-0.00163969352833828));
#2931=CARTESIAN_POINT('',(0.0125428932188135,0.0342978932188134,-0.00163969352833827));
#2932=CARTESIAN_POINT('',(0.0121001418772799,0.0338551418772798,-0.00200404195803271));
#2933=CARTESIAN_POINT('',(0.0116394527072968,0.0333944527072967,-0.00231967421040994));
#2934=CARTESIAN_POINT('',(0.0111286796564404,0.0328836796564402,-0.00249928692016336));
#2935=CARTESIAN_POINT('',(0.0111286796564404,0.0328836796564403,-0.0024992869201634));
#2936=CARTESIAN_POINT('',(0.01325,0.032005,-0.004));
#2937=CARTESIAN_POINT('',(0.0127677772793103,0.032005,-0.00397269403291813));
#2938=CARTESIAN_POINT('',(0.0119291368782357,0.0322330787535412,-0.00347063095194588));
#2939=CARTESIAN_POINT('',(0.0113707723982225,0.0326415869146582,-0.0028309047722556));
#2940=CARTESIAN_POINT('',(0.0111286796564404,0.0328836796564403,-0.0024992869201634));
#2941=CARTESIAN_POINT('',(0.01325,0.032005,-0.004));
#2942=CARTESIAN_POINT('',(0.0134198756564776,0.0290098134847164,-0.004));
#2943=CARTESIAN_POINT('',(0.01625,0.030005,-0.004));
#2944=CARTESIAN_POINT('',(0.01625,0.0343004085552357,-0.001));
#2945=CARTESIAN_POINT('',(0.01625,0.0336421612410225,-0.00158041999929311));
#2946=CARTESIAN_POINT('',(0.01625,0.0326417529055752,-0.00243481695822881));
#2947=CARTESIAN_POINT('',(0.01625,0.0312148756476698,-0.00344698536625206));
#2948=CARTESIAN_POINT('',(0.01625,0.0304261887286101,-0.00386027955229926));
#2949=CARTESIAN_POINT('',(0.01625,0.030005,-0.004));
#2950=CARTESIAN_POINT('',(0.00725481348471491,0.0351748756564777,-0.001));
#2951=CARTESIAN_POINT('',(0.0125428932188135,0.0342978932188135,-0.00163969352833828));
#2952=CARTESIAN_POINT('',(0.0124178377298635,0.0344229487077634,-0.00178352389855545));
#2953=CARTESIAN_POINT('',(0.0122539159962465,0.0346863470506463,-0.00198596336378647));
#2954=CARTESIAN_POINT('',(0.012241586715463,0.0351631544590474,-0.00201745127452014));
#2955=CARTESIAN_POINT('',(0.012388308862234,0.035582826044982,-0.00185580743942427));
#2956=CARTESIAN_POINT('',(0.0127223347967302,0.0359018741482324,-0.00148478915096089));
#2957=CARTESIAN_POINT('',(0.0130346521865202,0.0359950276417767,-0.00116227872619959));
#2958=CARTESIAN_POINT('',(0.0131973044066166,0.0360036106220334,-0.00100000000000001));
#2959=CARTESIAN_POINT('',(0.0131973044066166,0.0360036106220334,-0.001));
#2960=CARTESIAN_POINT('',(0.00725481348471491,0.0351748756564777,-0.001));
#2961=CARTESIAN_POINT('',(0.0125454085552359,0.038005,-0.001));
#2962=CARTESIAN_POINT('',(0.00825000000000036,0.038005000000001,-0.004));
#2963=CARTESIAN_POINT('',(0.00909391298471156,0.038005000000001,-0.00372004972584719));
#2964=CARTESIAN_POINT('',(0.010543010925962,0.0380049999999995,-0.00271256943276445));
#2965=CARTESIAN_POINT('',(0.0118860731574236,0.038005,-0.00158137943424754));
#2966=CARTESIAN_POINT('',(0.0125454085552359,0.038005,-0.001));
#2967=CARTESIAN_POINT('',(0.00825,0.038005,-0.004));
#2968=CARTESIAN_POINT('',(0.00725481348471491,0.0351748756564777,-0.004));
#2969=CARTESIAN_POINT('',(0.01025,0.035005,-0.004));
#2970=CARTESIAN_POINT('',(0.0111286796564404,0.0328836796564403,-0.00249928692016335));
#2971=CARTESIAN_POINT('',(0.0108865409949106,0.0331258183179701,-0.00283096767297696));
#2972=CARTESIAN_POINT('',(0.0104803524799229,0.0336793646584736,-0.00346658925203954));
#2973=CARTESIAN_POINT('',(0.01025,0.0345224737865402,-0.00397267684757362));
#2974=CARTESIAN_POINT('',(0.01025,0.035005,-0.004));
#2975=CARTESIAN_POINT('',(-0.00725481348471647,0.0351748756564777,-0.001));
#2976=CARTESIAN_POINT('',(-0.00725481348471647,0.0351748756564777,-0.001));
#2977=CARTESIAN_POINT('',(-0.0131973044066166,0.0360036106220334,-0.001));
#2978=CARTESIAN_POINT('',(-0.0125454085552357,0.038005,-0.001));
#2979=CARTESIAN_POINT('',(-0.0131973044066166,0.0360036106220334,-0.000999999999999997));
#2980=CARTESIAN_POINT('',(-0.0130344976819999,0.0359950194887416,-0.00116243287593524));
#2981=CARTESIAN_POINT('',(-0.0127230158221039,0.035902018382881,-0.00148407131474784));
#2982=CARTESIAN_POINT('',(-0.0123885704260767,0.0355836095898423,-0.00185551713456339));
#2983=CARTESIAN_POINT('',(-0.0122414822830275,0.0351626870495837,-0.00201756060836279));
#2984=CARTESIAN_POINT('',(-0.0122540120174493,0.0346866057032835,-0.00198585999496014));
#2985=CARTESIAN_POINT('',(-0.0124176571365137,0.0344231293011132,-0.00178373160481903));
#2986=CARTESIAN_POINT('',(-0.0125428932188134,0.0342978932188135,-0.00163969352833828));
#2987=CARTESIAN_POINT('',(-0.0125428932188134,0.0342978932188134,-0.00163969352833829));
#2988=CARTESIAN_POINT('',(-0.0125428932188134,0.0342978932188135,-0.00163969352833829));
#2989=CARTESIAN_POINT('',(-0.0121001418772798,0.0338551418772799,-0.00200404195803273));
#2990=CARTESIAN_POINT('',(-0.0116394527072968,0.0333944527072969,-0.00231967421040996));
#2991=CARTESIAN_POINT('',(-0.0111286796564402,0.0328836796564404,-0.00249928692016339));
#2992=CARTESIAN_POINT('',(-0.0111286796564403,0.0328836796564404,-0.00249928692016343));
#2993=CARTESIAN_POINT('',(-0.01025,0.035005,-0.004));
#2994=CARTESIAN_POINT('',(-0.01025,0.0345227772793103,-0.00397269403291813));
#2995=CARTESIAN_POINT('',(-0.0104780787535412,0.0336841368782357,-0.00347063095194591));
#2996=CARTESIAN_POINT('',(-0.0108865869146582,0.0331257723982225,-0.00283090477225563));
#2997=CARTESIAN_POINT('',(-0.0111286796564403,0.0328836796564404,-0.00249928692016343));
#2998=CARTESIAN_POINT('',(-0.01025,0.035005,-0.004));
#2999=CARTESIAN_POINT('',(-0.00725481348471647,0.0351748756564777,-0.004));
#3000=CARTESIAN_POINT('',(-0.00825,0.038005,-0.004));
#3001=CARTESIAN_POINT('',(-0.0125454085552357,0.038005,-0.001));
#3002=CARTESIAN_POINT('',(-0.0118871612410225,0.038005,-0.00158041999929311));
#3003=CARTESIAN_POINT('',(-0.0108867529055752,0.038005,-0.00243481695822883));
#3004=CARTESIAN_POINT('',(-0.00945987564766985,0.038005,-0.00344698536625208));
#3005=CARTESIAN_POINT('',(-0.00867118872861013,0.038005,-0.00386027955229926));
#3006=CARTESIAN_POINT('',(-0.00825,0.038005,-0.004));
#3007=CARTESIAN_POINT('',(-0.0134198756564776,0.0290098134847147,-0.001));
#3008=CARTESIAN_POINT('',(-0.0125428932188134,0.0342978932188135,-0.00163969352833829));
#3009=CARTESIAN_POINT('',(-0.0126679487077634,0.0341728377298635,-0.00178352389855546));
#3010=CARTESIAN_POINT('',(-0.0129313470506463,0.0340089159962466,-0.00198596336378648));
#3011=CARTESIAN_POINT('',(-0.0134081544590474,0.033996586715463,-0.00201745127452014));
#3012=CARTESIAN_POINT('',(-0.013827826044982,0.034143308862234,-0.00185580743942426));
#3013=CARTESIAN_POINT('',(-0.0141468741482324,0.0344773347967302,-0.00148478915096087));
#3014=CARTESIAN_POINT('',(-0.0142400276417767,0.0347896521865202,-0.00116227872619958));
#3015=CARTESIAN_POINT('',(-0.0142486106220334,0.0349523044066166,-0.001));
#3016=CARTESIAN_POINT('',(-0.0142486106220334,0.0349523044066166,-0.001));
#3017=CARTESIAN_POINT('',(-0.0134198756564776,0.0290098134847147,-0.001));
#3018=CARTESIAN_POINT('',(-0.01625,0.0343004085552359,-0.001));
#3019=CARTESIAN_POINT('',(-0.0162500000000011,0.0300050000000004,-0.004));
#3020=CARTESIAN_POINT('',(-0.0162500000000011,0.0308489129847116,-0.00372004972584715));
#3021=CARTESIAN_POINT('',(-0.0162499999999995,0.0322980109259621,-0.00271256943276445));
#3022=CARTESIAN_POINT('',(-0.01625,0.0336410731574235,-0.00158137943424753));
#3023=CARTESIAN_POINT('',(-0.01625,0.0343004085552359,-0.001));
#3024=CARTESIAN_POINT('',(-0.01625,0.030005,-0.004));
#3025=CARTESIAN_POINT('',(-0.0134198756564776,0.0290098134847147,-0.004));
#3026=CARTESIAN_POINT('',(-0.01325,0.032005,-0.004));
#3027=CARTESIAN_POINT('',(-0.0111286796564403,0.0328836796564404,-0.00249928692016339));
#3028=CARTESIAN_POINT('',(-0.0113708183179701,0.0326415409949106,-0.002830967672977));
#3029=CARTESIAN_POINT('',(-0.0119243646584736,0.0322353524799229,-0.00346658925203961));
#3030=CARTESIAN_POINT('',(-0.0127674737865402,0.032005,-0.00397267684757364));
#3031=CARTESIAN_POINT('',(-0.01325,0.032005,-0.004));
#3032=CARTESIAN_POINT('',(-0.01625,0.,0.007));
#3033=CARTESIAN_POINT('',(-0.01625,3.3117448177739E-18,-0.007));
#3034=CARTESIAN_POINT('',(-0.01625,-0.019005,-0.007));
#3035=CARTESIAN_POINT('',(-0.01625,-0.030005,-0.007));
#3036=CARTESIAN_POINT('',(-0.01625,-0.019005,0.007));
#3037=CARTESIAN_POINT('',(-0.01625,-0.019005,-0.009));
#3038=CARTESIAN_POINT('',(-0.01625,0.,-0.009));
#3039=CARTESIAN_POINT('',(-0.01625,-0.030005,-0.009));
#3040=CARTESIAN_POINT('',(-0.01625,-0.030005,0.007));
#3041=CARTESIAN_POINT('',(-0.01625,-0.009675,0.003045));
#3042=CARTESIAN_POINT('',(-0.01625,-0.011655,0.003045));
#3043=CARTESIAN_POINT('',(-0.01625,-0.009675,0.001065));
#3044=CARTESIAN_POINT('',(-0.01625,-0.011655,0.003325));
#3045=CARTESIAN_POINT('',(-0.01625,-0.011655,0.003605));
#3046=CARTESIAN_POINT('',(-0.01625,-0.009675,0.003605));
#3047=CARTESIAN_POINT('',(-0.01625,-0.009675,0.005585));
#3048=CARTESIAN_POINT('',(-0.01625,-0.006505,0.005585));
#3049=CARTESIAN_POINT('',(-0.01625,-0.003335,0.005585));
#3050=CARTESIAN_POINT('',(-0.01625,-0.003335,0.003605));
#3051=CARTESIAN_POINT('',(-0.01625,-0.001355,0.003605));
#3052=CARTESIAN_POINT('',(-0.01625,-0.001355,0.003325));
#3053=CARTESIAN_POINT('',(-0.01625,-0.001355,0.003045));
#3054=CARTESIAN_POINT('',(-0.01625,-0.003335,0.003045));
#3055=CARTESIAN_POINT('',(-0.01625,-0.003335,0.001065));
#3056=CARTESIAN_POINT('',(-0.01625,-0.006505,0.001065));
#3057=CARTESIAN_POINT('',(-0.01625,0.004085688,0.005055));
#3058=CARTESIAN_POINT('',(-0.01625,0.000710688,0.005055));
#3059=CARTESIAN_POINT('',(-0.01625,0.007460688,0.005055));
#3060=CARTESIAN_POINT('',(-0.01625,0.007460688,0.00296031516321955));
#3061=CARTESIAN_POINT('',(-0.01625,0.007460688,0.000865630326439101));
#3062=CARTESIAN_POINT('',(-0.01625,0.004085688,0.000865630326439102));
#3063=CARTESIAN_POINT('',(-0.01625,0.000710688,0.000865630326439103));
#3064=CARTESIAN_POINT('',(-0.01625,0.000710688,0.00296031516321955));
#3065=CARTESIAN_POINT('',(-0.01625,0.036505,-0.007));
#3066=CARTESIAN_POINT('',(-0.01625,0.030005,-0.007));
#3067=CARTESIAN_POINT('',(-0.01625,0.038005,-0.007));
#3068=CARTESIAN_POINT('',(-0.01625,0.030005,0.007));
#3069=CARTESIAN_POINT('',(-0.01625,0.030005,-0.009));
#3070=CARTESIAN_POINT('',(-0.01625,0.,-0.009));
#3071=CARTESIAN_POINT('',(-0.01625,0.019005,-0.009));
#3072=CARTESIAN_POINT('',(-0.01625,0.019005,0.007));
#3073=CARTESIAN_POINT('',(-0.01625,0.019005,-0.007));
#3074=CARTESIAN_POINT('',(-0.01625,3.3117448177739E-18,-0.007));
#3075=CARTESIAN_POINT('',(-0.01625,0.030005,-0.001));
#3076=CARTESIAN_POINT('',(-0.01625,0.036505,-0.001));
#3077=CARTESIAN_POINT('',(-0.01625,0.038005,-0.001));
#3078=CARTESIAN_POINT('',(-0.01625,0.038005,0.007));
#3079=CARTESIAN_POINT('',(-0.01625,0.038005,0.007));
#3080=CARTESIAN_POINT('',(-0.01625,0.,0.007));
#3081=CARTESIAN_POINT('',(-0.01625,-0.038005,0.007));
#3082=CARTESIAN_POINT('',(-0.01625,-0.038005,0.007));
#3083=CARTESIAN_POINT('',(-0.01625,-0.038005,-0.011));
#3084=CARTESIAN_POINT('',(-0.01625,0.,-0.011));
#3085=CARTESIAN_POINT('',(-0.01625,0.038005,-0.011));
#3086=CARTESIAN_POINT('',(-0.01625,0.038005,0.007));
#3087=CARTESIAN_POINT('',(0.01625,0.,0.007));
#3088=CARTESIAN_POINT('',(0.01625,3.3117448177739E-18,-0.007));
#3089=CARTESIAN_POINT('',(0.01625,-0.030005,-0.007));
#3090=CARTESIAN_POINT('',(0.01625,-0.019005,-0.007));
#3091=CARTESIAN_POINT('',(0.01625,-0.030005,0.007));
#3092=CARTESIAN_POINT('',(0.01625,-0.030005,-0.009));
#3093=CARTESIAN_POINT('',(0.01625,0.,-0.009));
#3094=CARTESIAN_POINT('',(0.01625,-0.019005,-0.009));
#3095=CARTESIAN_POINT('',(0.01625,-0.019005,0.007));
#3096=CARTESIAN_POINT('',(0.01625,-0.024039312,0.006795));
#3097=CARTESIAN_POINT('',(0.01625,-0.019589312,0.006795));
#3098=CARTESIAN_POINT('',(0.01625,-0.028489312,0.006795));
#3099=CARTESIAN_POINT('',(0.01625,-0.028489312,0.004095));
#3100=CARTESIAN_POINT('',(0.01625,-0.028489312,0.001395));
#3101=CARTESIAN_POINT('',(0.01625,-0.024039312,0.001395));
#3102=CARTESIAN_POINT('',(0.01625,-0.019589312,0.001395));
#3103=CARTESIAN_POINT('',(0.01625,-0.019589312,0.004095));
#3104=CARTESIAN_POINT('',(0.01625,0.,-0.01));
#3105=CARTESIAN_POINT('',(0.01625,-0.012005,-0.01));
#3106=CARTESIAN_POINT('',(0.01625,-0.004005,-0.01));
#3107=CARTESIAN_POINT('',(0.01625,-0.004005,-0.004));
#3108=CARTESIAN_POINT('',(0.01625,-0.004005,-0.003));
#3109=CARTESIAN_POINT('',(0.01625,-0.011005,-0.003));
#3110=CARTESIAN_POINT('',(0.01625,-0.012005,-0.003));
#3111=CARTESIAN_POINT('',(0.01625,-0.012005,0.007));
#3112=CARTESIAN_POINT('',(0.01625,0.036505,-0.007));
#3113=CARTESIAN_POINT('',(0.01625,0.038005,-0.007));
#3114=CARTESIAN_POINT('',(0.01625,0.030005,-0.007));
#3115=CARTESIAN_POINT('',(0.01625,0.038005,0.007));
#3116=CARTESIAN_POINT('',(0.01625,0.038005,-0.011));
#3117=CARTESIAN_POINT('',(0.01625,0.,-0.011));
#3118=CARTESIAN_POINT('',(0.01625,-0.038005,-0.011));
#3119=CARTESIAN_POINT('',(0.01625,-0.038005,0.007));
#3120=CARTESIAN_POINT('',(0.01625,-0.038005,0.007));
#3121=CARTESIAN_POINT('',(0.01625,0.,0.007));
#3122=CARTESIAN_POINT('',(0.01625,0.038005,0.007));
#3123=CARTESIAN_POINT('',(0.01625,0.038005,0.007));
#3124=CARTESIAN_POINT('',(0.01625,0.038005,-0.001));
#3125=CARTESIAN_POINT('',(0.01625,0.036505,-0.001));
#3126=CARTESIAN_POINT('',(0.01625,0.030005,-0.001));
#3127=CARTESIAN_POINT('',(0.01625,3.3117448177739E-18,-0.007));
#3128=CARTESIAN_POINT('',(0.01625,0.019005,-0.007));
#3129=CARTESIAN_POINT('',(0.01625,0.019005,0.007));
#3130=CARTESIAN_POINT('',(0.01625,0.019005,-0.009));
#3131=CARTESIAN_POINT('',(0.01625,0.,-0.009));
#3132=CARTESIAN_POINT('',(0.01625,0.030005,-0.009));
#3133=CARTESIAN_POINT('',(0.01625,0.030005,0.007));
#3134=CARTESIAN_POINT('',(0.,0.038005,0.007));
#3135=CARTESIAN_POINT('',(-0.01075,0.038005,-0.007));
#3136=CARTESIAN_POINT('',(-0.00825,0.038005,-0.007));
#3137=CARTESIAN_POINT('',(0.,0.038005,-0.011));
#3138=CARTESIAN_POINT('',(0.01475,0.038005,-0.007));
#3139=CARTESIAN_POINT('',(0.00825,0.038005,-0.007));
#3140=CARTESIAN_POINT('',(0.00825,0.038005,-0.001));
#3141=CARTESIAN_POINT('',(0.01475,0.038005,-0.001));
#3142=CARTESIAN_POINT('',(0.,0.038005,0.007));
#3143=CARTESIAN_POINT('',(-0.01075,0.038005,-0.001));
#3144=CARTESIAN_POINT('',(-0.00825,0.038005,-0.001));
#3145=CARTESIAN_POINT('',(0.01825,0.,0.007));
#3146=CARTESIAN_POINT('',(0.01825,-0.011005,-0.0065));
#3147=CARTESIAN_POINT('',(0.01825,-0.011005,-0.004));
#3148=CARTESIAN_POINT('',(0.01825,-0.011005,-0.009));
#3149=CARTESIAN_POINT('',(0.01825,-0.008005,-0.004));
#3150=CARTESIAN_POINT('',(0.01825,-0.005005,-0.004));
#3151=CARTESIAN_POINT('',(0.01825,-0.005005,-0.0065));
#3152=CARTESIAN_POINT('',(0.01825,-0.005005,-0.009));
#3153=CARTESIAN_POINT('',(0.01825,-0.008005,-0.009));
#3154=CARTESIAN_POINT('',(0.01825,0.,-0.011));
#3155=CARTESIAN_POINT('',(0.01825,0.037005,-0.011));
#3156=CARTESIAN_POINT('',(0.01825,-0.037005,-0.011));
#3157=CARTESIAN_POINT('',(0.01825,0.037005,0.007));
#3158=CARTESIAN_POINT('',(0.01825,0.037005,0.006));
#3159=CARTESIAN_POINT('',(0.01825,0.,0.006));
#3160=CARTESIAN_POINT('',(0.01825,-0.018589312,0.006));
#3161=CARTESIAN_POINT('',(0.01825,-0.018589312,0.007));
#3162=CARTESIAN_POINT('',(0.01825,-0.018589312,0.000395));
#3163=CARTESIAN_POINT('',(0.01825,-0.028489312,0.000395));
#3164=CARTESIAN_POINT('',(0.01825,-0.029489312,0.000395));
#3165=CARTESIAN_POINT('',(0.01825,-0.029489312,0.006795));
#3166=CARTESIAN_POINT('',(0.01825,-0.029489312,0.006));
#3167=CARTESIAN_POINT('',(0.01825,0.,0.006));
#3168=CARTESIAN_POINT('',(0.01825,-0.037005,0.006));
#3169=CARTESIAN_POINT('',(0.01825,-0.037005,0.007));
#3170=CARTESIAN_POINT('',(0.01825,0.019005,-0.008));
#3171=CARTESIAN_POINT('',(0.01825,0.019005,-0.007));
#3172=CARTESIAN_POINT('',(0.01825,0.019005,-0.009));
#3173=CARTESIAN_POINT('',(0.01825,0.024505,-0.007));
#3174=CARTESIAN_POINT('',(0.01825,0.030005,-0.007));
#3175=CARTESIAN_POINT('',(0.01825,0.030005,-0.008));
#3176=CARTESIAN_POINT('',(0.01825,0.030005,-0.009));
#3177=CARTESIAN_POINT('',(0.01825,0.024505,-0.009));
#3178=CARTESIAN_POINT('',(0.01825,-0.030005,-0.008));
#3179=CARTESIAN_POINT('',(0.01825,-0.030005,-0.007));
#3180=CARTESIAN_POINT('',(0.01825,-0.030005,-0.009));
#3181=CARTESIAN_POINT('',(0.01825,-0.024505,-0.007));
#3182=CARTESIAN_POINT('',(0.01825,-0.019005,-0.007));
#3183=CARTESIAN_POINT('',(0.01825,-0.019005,-0.008));
#3184=CARTESIAN_POINT('',(0.01825,-0.019005,-0.009));
#3185=CARTESIAN_POINT('',(0.01825,-0.024505,-0.009));
#3186=CARTESIAN_POINT('',(-0.01825,0.,0.007));
#3187=CARTESIAN_POINT('',(-0.01825,0.007460688,0.00296031516321955));
#3188=CARTESIAN_POINT('',(-0.01825,0.007460688,0.005055));
#3189=CARTESIAN_POINT('',(-0.01825,0.007460688,0.000865630326439101));
#3190=CARTESIAN_POINT('',(-0.01825,0.004085688,0.005055));
#3191=CARTESIAN_POINT('',(-0.01825,0.000710688,0.005055));
#3192=CARTESIAN_POINT('',(-0.01825,0.000710688,0.00296031516321955));
#3193=CARTESIAN_POINT('',(-0.01825,0.000710688,0.000865630326439103));
#3194=CARTESIAN_POINT('',(-0.01825,0.004085688,0.000865630326439102));
#3195=CARTESIAN_POINT('',(-0.01825,-0.009675,0.003045));
#3196=CARTESIAN_POINT('',(-0.01825,-0.009675,0.001065));
#3197=CARTESIAN_POINT('',(-0.01825,-0.011655,0.003045));
#3198=CARTESIAN_POINT('',(-0.01825,-0.006505,0.001065));
#3199=CARTESIAN_POINT('',(-0.01825,-0.003335,0.001065));
#3200=CARTESIAN_POINT('',(-0.01825,-0.003335,0.003045));
#3201=CARTESIAN_POINT('',(-0.01825,-0.001355,0.003045));
#3202=CARTESIAN_POINT('',(-0.01825,-0.001355,0.003325));
#3203=CARTESIAN_POINT('',(-0.01825,-0.001355,0.003605));
#3204=CARTESIAN_POINT('',(-0.01825,-0.003335,0.003605));
#3205=CARTESIAN_POINT('',(-0.01825,-0.003335,0.005585));
#3206=CARTESIAN_POINT('',(-0.01825,-0.006505,0.005585));
#3207=CARTESIAN_POINT('',(-0.01825,-0.009675,0.005585));
#3208=CARTESIAN_POINT('',(-0.01825,-0.009675,0.003605));
#3209=CARTESIAN_POINT('',(-0.01825,-0.011655,0.003605));
#3210=CARTESIAN_POINT('',(-0.01825,-0.011655,0.003325));
#3211=CARTESIAN_POINT('',(-0.01825,0.,0.006));
#3212=CARTESIAN_POINT('',(-0.01825,-0.037005,0.006));
#3213=CARTESIAN_POINT('',(-0.01825,0.037005,0.006));
#3214=CARTESIAN_POINT('',(-0.01825,0.037005,0.007));
#3215=CARTESIAN_POINT('',(-0.01825,0.037005,-0.011));
#3216=CARTESIAN_POINT('',(-0.01825,0.,-0.011));
#3217=CARTESIAN_POINT('',(-0.01825,-0.037005,-0.011));
#3218=CARTESIAN_POINT('',(-0.01825,-0.037005,0.007));
#3219=CARTESIAN_POINT('',(-0.01825,0.030005,0.007));
#3220=CARTESIAN_POINT('',(-0.01825,0.030005,-0.009));
#3221=CARTESIAN_POINT('',(-0.01825,0.030005,-0.007));
#3222=CARTESIAN_POINT('',(-0.01825,3.3117448177739E-18,-0.007));
#3223=CARTESIAN_POINT('',(-0.01825,0.019005,-0.007));
#3224=CARTESIAN_POINT('',(-0.01825,0.019005,0.007));
#3225=CARTESIAN_POINT('',(-0.01825,0.019005,-0.009));
#3226=CARTESIAN_POINT('',(-0.01825,0.,-0.009));
#3227=CARTESIAN_POINT('',(-0.01825,-0.019005,0.007));
#3228=CARTESIAN_POINT('',(-0.01825,-0.019005,-0.009));
#3229=CARTESIAN_POINT('',(-0.01825,-0.019005,-0.007));
#3230=CARTESIAN_POINT('',(-0.01825,3.3117448177739E-18,-0.007));
#3231=CARTESIAN_POINT('',(-0.01825,-0.030005,-0.007));
#3232=CARTESIAN_POINT('',(-0.01825,-0.030005,0.007));
#3233=CARTESIAN_POINT('',(-0.01825,-0.030005,-0.009));
#3234=CARTESIAN_POINT('',(-0.01825,0.,-0.009));
#3235=CARTESIAN_POINT('',(0.,-0.040005,0.007));
#3236=CARTESIAN_POINT('',(0.,-0.040005,0.006));
#3237=CARTESIAN_POINT('',(-0.009015,-0.040005,0.006));
#3238=CARTESIAN_POINT('',(-0.01525,-0.040005,0.006));
#3239=CARTESIAN_POINT('',(-0.01525,-0.040005,0.007));
#3240=CARTESIAN_POINT('',(-0.01525,-0.040005,-0.011));
#3241=CARTESIAN_POINT('',(0.,-0.040005,-0.011));
#3242=CARTESIAN_POINT('',(0.01525,-0.040005,-0.011));
#3243=CARTESIAN_POINT('',(0.01525,-0.040005,0.007));
#3244=CARTESIAN_POINT('',(0.01525,-0.040005,0.006));
#3245=CARTESIAN_POINT('',(0.,-0.040005,0.006));
#3246=CARTESIAN_POINT('',(0.008985,-0.040005,0.006));
#3247=CARTESIAN_POINT('',(0.008985,-0.040005,0.002545));
#3248=CARTESIAN_POINT('',(0.008985,-0.040005,0.000895));
#3249=CARTESIAN_POINT('',(-1.49999999999994E-5,-0.040005,0.000895));
#3250=CARTESIAN_POINT('',(-0.009015,-0.040005,0.000895));
#3251=CARTESIAN_POINT('',(-0.009015,-0.040005,0.002545));
#3252=CARTESIAN_POINT('',(0.,-0.038005,0.007));
#3253=CARTESIAN_POINT('',(0.008985,-0.038005,0.002545));
#3254=CARTESIAN_POINT('',(0.008985,-0.038005,0.000895));
#3255=CARTESIAN_POINT('',(0.008985,-0.038005,0.00436657287525375));
#3256=CARTESIAN_POINT('',(-1.49999999999991E-5,-0.038005,0.00436657287525381));
#3257=CARTESIAN_POINT('',(-0.009015,-0.038005,0.00436657287525375));
#3258=CARTESIAN_POINT('',(-0.009015,-0.038005,0.002545));
#3259=CARTESIAN_POINT('',(-0.009015,-0.038005,0.000895));
#3260=CARTESIAN_POINT('',(-1.49999999999994E-5,-0.038005,0.000895));
#3261=CARTESIAN_POINT('',(0.,-0.038005,-0.011));
#3262=CARTESIAN_POINT('',(0.,-0.038005,0.007));
#3263=CARTESIAN_POINT('',(0.,0.040005,0.007));
#3264=CARTESIAN_POINT('',(0.,0.040005,0.006));
#3265=CARTESIAN_POINT('',(-0.01525,0.040005,0.006));
#3266=CARTESIAN_POINT('',(0.01525,0.040005,0.006));
#3267=CARTESIAN_POINT('',(0.01525,0.040005,0.007));
#3268=CARTESIAN_POINT('',(0.01525,0.040005,-0.011));
#3269=CARTESIAN_POINT('',(0.,0.040005,-0.011));
#3270=CARTESIAN_POINT('',(-0.01525,0.040005,-0.011));
#3271=CARTESIAN_POINT('',(-0.01525,0.040005,0.007));
#3272=CARTESIAN_POINT('',(0.,0.,-0.011));
#3273=CARTESIAN_POINT('',(0.0276275,0.0276275,-0.011));
#3274=CARTESIAN_POINT('',(0.0276275,-0.0276275,-0.011));
#3275=CARTESIAN_POINT('',(-0.0276275,-0.0276275,-0.011));
#3276=CARTESIAN_POINT('',(-0.0276275,0.0276275,-0.011));
#3277=CARTESIAN_POINT('',(0.,0.,0.007));
#3278=CARTESIAN_POINT('',(-0.0109460737174897,-0.021755,0.007));
#3279=CARTESIAN_POINT('',(-0.0119460737174897,-0.021755,0.007));
#3280=CARTESIAN_POINT('',(0.00774004295300482,-0.0140149570469952,0.007));
#3281=CARTESIAN_POINT('',(0.00674004295300482,-0.0140149570469952,0.007));
#3282=CARTESIAN_POINT('',(-3.46944695195361E-18,-0.0108089262825103,0.007));
#3283=CARTESIAN_POINT('',(-0.001,-0.0108089262825103,0.007));
#3284=CARTESIAN_POINT('',(-0.00774004295300483,-0.0140149570469952,0.007));
#3285=CARTESIAN_POINT('',(-0.00874004295300483,-0.0140149570469952,0.007));
#3286=CARTESIAN_POINT('',(-1.7347234759768E-18,-0.021755,0.007));
#3287=CARTESIAN_POINT('',(-0.001,-0.021755,0.007));
#3288=CARTESIAN_POINT('',(0.0109460737174897,-0.021755,0.007));
#3289=CARTESIAN_POINT('',(0.00994607371748972,-0.021755,0.007));
#3290=CARTESIAN_POINT('',(0.00774004295300482,-0.0294950429530048,0.007));
#3291=CARTESIAN_POINT('',(0.00674004295300482,-0.0294950429530048,0.007));
#3292=CARTESIAN_POINT('',(0.,-0.0327010737174897,0.007));
#3293=CARTESIAN_POINT('',(-0.001,-0.0327010737174897,0.007));
#3294=CARTESIAN_POINT('',(-0.00774004295300482,-0.0294950429530048,0.007));
#3295=CARTESIAN_POINT('',(-0.00874004295300482,-0.0294950429530048,0.007));
#3296=CARTESIAN_POINT('',(-0.012765,-0.034505,0.007));
#3297=CARTESIAN_POINT('',(-0.01575,-0.0342053752346684,0.007));
#3298=CARTESIAN_POINT('',(-0.01575,-0.0348046247653316,0.007));
#3299=CARTESIAN_POINT('',(-0.01575,-0.034505,0.007));
#3300=CARTESIAN_POINT('',(0.012735,-0.034505,0.007));
#3301=CARTESIAN_POINT('',(0.015735,-0.034505,0.007));
#3302=CARTESIAN_POINT('',(0.012735,0.009795,0.007));
#3303=CARTESIAN_POINT('',(0.015735,0.009795,0.007));
#3304=CARTESIAN_POINT('',(0.,0.,0.009));
#3305=CARTESIAN_POINT('',(0.,-0.037005,0.009));
#3306=CARTESIAN_POINT('',(-0.01525,-0.037005,0.009));
#3307=CARTESIAN_POINT('',(0.01525,-0.037005,0.009));
#3308=CARTESIAN_POINT('',(0.01525,0.,0.009));
#3309=CARTESIAN_POINT('',(0.01525,0.037005,0.009));
#3310=CARTESIAN_POINT('',(0.,0.037005,0.009));
#3311=CARTESIAN_POINT('',(-0.01525,0.037005,0.009));
#3312=CARTESIAN_POINT('',(-0.01525,0.,0.009));
#3313=CARTESIAN_POINT('',(-0.0109460737174897,-0.021755,0.009));
#3314=CARTESIAN_POINT('',(-0.0119460737174897,-0.021755,0.009));
#3315=CARTESIAN_POINT('',(0.00774004295300482,-0.0140149570469952,0.009));
#3316=CARTESIAN_POINT('',(0.00674004295300482,-0.0140149570469952,0.009));
#3317=CARTESIAN_POINT('',(-3.46944695195361E-18,-0.0108089262825103,0.009));
#3318=CARTESIAN_POINT('',(-0.001,-0.0108089262825103,0.009));
#3319=CARTESIAN_POINT('',(-0.00774004295300483,-0.0140149570469952,0.009));
#3320=CARTESIAN_POINT('',(-0.00874004295300483,-0.0140149570469952,0.009));
#3321=CARTESIAN_POINT('',(-1.7347234759768E-18,-0.021755,0.009));
#3322=CARTESIAN_POINT('',(-0.001,-0.021755,0.009));
#3323=CARTESIAN_POINT('',(0.0109460737174897,-0.021755,0.009));
#3324=CARTESIAN_POINT('',(0.00994607371748972,-0.021755,0.009));
#3325=CARTESIAN_POINT('',(0.00774004295300482,-0.0294950429530048,0.009));
#3326=CARTESIAN_POINT('',(0.00674004295300482,-0.0294950429530048,0.009));
#3327=CARTESIAN_POINT('',(0.,-0.0327010737174897,0.009));
#3328=CARTESIAN_POINT('',(-0.001,-0.0327010737174897,0.009));
#3329=CARTESIAN_POINT('',(-0.00774004295300482,-0.0294950429530048,0.009));
#3330=CARTESIAN_POINT('',(-0.00874004295300482,-0.0294950429530048,0.009));
#3331=CARTESIAN_POINT('',(0.,0.,0.00151));
#3332=CARTESIAN_POINT('',(0.012735,0.009795,0.00151));
#3333=CARTESIAN_POINT('',(0.013985,0.009795,0.00151));
#3334=CARTESIAN_POINT('',(0.012735,0.009795,0.00151));
#3335=CARTESIAN_POINT('',(0.015735,0.009795,0.00151));
#3336=CARTESIAN_POINT('',(0.012735,0.009795,0.001508));
#3337=CARTESIAN_POINT('',(0.,0.,0.00151));
#3338=CARTESIAN_POINT('',(0.012735,-0.034505,0.00151));
#3339=CARTESIAN_POINT('',(0.013985,-0.034505,0.00151));
#3340=CARTESIAN_POINT('',(0.012735,-0.034505,0.00151));
#3341=CARTESIAN_POINT('',(0.015735,-0.034505,0.00151));
#3342=CARTESIAN_POINT('',(0.012735,-0.034505,0.001508));
#3343=CARTESIAN_POINT('',(0.,0.,0.00151));
#3344=CARTESIAN_POINT('',(-0.012765,-0.034505,0.00151));
#3345=CARTESIAN_POINT('',(-0.011515,-0.034505,0.00151));
#3346=CARTESIAN_POINT('',(-0.01575,-0.034505,0.00151));
#3347=CARTESIAN_POINT('',(-0.01575,-0.0342053752346684,0.00151));
#3348=CARTESIAN_POINT('',(-0.01575,-0.0348046247653316,0.00151));
#3349=CARTESIAN_POINT('',(-0.012765,-0.034505,0.00151));
#3350=CARTESIAN_POINT('',(-0.01575,-0.034505,0.001508));
#3351=CARTESIAN_POINT('',(-0.01575,-0.0342053752346684,0.001508));
#3352=CARTESIAN_POINT('',(-0.01575,-0.0348046247653316,0.001508));
#3353=CARTESIAN_POINT('',(-0.012765,-0.034505,0.001508));
#3354=CARTESIAN_POINT('',(-0.012765,-0.034505,0.00751));
#3355=CARTESIAN_POINT('',(-0.012765,-0.034505,0.00811086061902756));
#3356=CARTESIAN_POINT('',(-0.012765,-0.034505,0.00751));
#3357=CARTESIAN_POINT('',(-0.011765,-0.034505,0.00751));
#3358=CARTESIAN_POINT('',(-0.012765,-0.034505,0.));
#3359=CARTESIAN_POINT('',(-0.012765,-0.034505,0.00551));
#3360=CARTESIAN_POINT('',(-0.011765,-0.034505,0.00551));
#3361=CARTESIAN_POINT('',(-0.011515,-0.034505,0.00551));
#3362=CARTESIAN_POINT('',(-0.012765,-0.034505,0.00551));
#3363=CARTESIAN_POINT('',(-0.011515,-0.034505,0.00551));
#3364=CARTESIAN_POINT('',(-0.012765,-0.034505,0.));
#3365=CARTESIAN_POINT('',(0.012735,-0.034505,0.00751));
#3366=CARTESIAN_POINT('',(0.012735,-0.034505,0.00811086061902756));
#3367=CARTESIAN_POINT('',(0.012735,-0.034505,0.00751));
#3368=CARTESIAN_POINT('',(0.013735,-0.034505,0.00751));
#3369=CARTESIAN_POINT('',(0.012735,-0.034505,0.));
#3370=CARTESIAN_POINT('',(0.012735,-0.034505,0.00551));
#3371=CARTESIAN_POINT('',(0.013735,-0.034505,0.00551));
#3372=CARTESIAN_POINT('',(0.013985,-0.034505,0.00551));
#3373=CARTESIAN_POINT('',(0.012735,-0.034505,0.00551));
#3374=CARTESIAN_POINT('',(0.013985,-0.034505,0.00551));
#3375=CARTESIAN_POINT('',(0.012735,-0.034505,0.));
#3376=CARTESIAN_POINT('',(0.012735,0.009795,0.00751));
#3377=CARTESIAN_POINT('',(0.012735,0.009795,0.00811086061902756));
#3378=CARTESIAN_POINT('',(0.012735,0.009795,0.00751));
#3379=CARTESIAN_POINT('',(0.013735,0.009795,0.00751));
#3380=CARTESIAN_POINT('',(0.012735,0.009795,0.));
#3381=CARTESIAN_POINT('',(0.012735,0.009795,0.00551));
#3382=CARTESIAN_POINT('',(0.013735,0.009795,0.00551));
#3383=CARTESIAN_POINT('',(0.013985,0.009795,0.00551));
#3384=CARTESIAN_POINT('',(0.012735,0.009795,0.00551));
#3385=CARTESIAN_POINT('',(0.013985,0.009795,0.00551));
#3386=CARTESIAN_POINT('',(0.012735,0.009795,0.));
#3387=CARTESIAN_POINT('',(-0.018252,-0.019589312,0.004095));
#3388=CARTESIAN_POINT('',(-0.018252,-0.019589312,0.001395));
#3389=CARTESIAN_POINT('',(0.01725,-0.019589312,0.001395));
#3390=CARTESIAN_POINT('',(0.01725,-0.019589312,0.004095));
#3391=CARTESIAN_POINT('',(0.01725,-0.019589312,0.006795));
#3392=CARTESIAN_POINT('',(-0.018252,-0.019589312,0.006795));
#3393=CARTESIAN_POINT('',(-0.018252,-0.024039312,0.001395));
#3394=CARTESIAN_POINT('',(-0.018252,-0.028489312,0.001395));
#3395=CARTESIAN_POINT('',(0.01725,-0.028489312,0.001395));
#3396=CARTESIAN_POINT('',(0.01725,-0.019589312,0.001395));
#3397=CARTESIAN_POINT('',(-0.018252,-0.024039312,0.006795));
#3398=CARTESIAN_POINT('',(0.01725,-0.024039312,0.006795));
#3399=CARTESIAN_POINT('',(0.01725,-0.028489312,0.006795));
#3400=CARTESIAN_POINT('',(-0.018252,-0.028489312,0.006795));
#3401=CARTESIAN_POINT('',(-0.018252,-0.028489312,0.004095));
#3402=CARTESIAN_POINT('',(0.01725,-0.028489312,0.001395));
#3403=CARTESIAN_POINT('',(0.01725,-0.028489312,0.004095));
#3404=CARTESIAN_POINT('',(0.00842022933333334,-0.0196595413333333,-0.00203477066666666));
#3405=CARTESIAN_POINT('',(0.0173525,-0.028591812,0.0068975));
#3406=CARTESIAN_POINT('',(0.0182183333333334,-0.0294576453333334,0.00603166666666667));
#3407=CARTESIAN_POINT('',(0.01635,-0.027589312,0.002295));
#3408=CARTESIAN_POINT('',(0.01825,-2.32433454505884E-19,0.007795));
#3409=CARTESIAN_POINT('',(0.017985,-0.018854312,0.00753));
#3410=CARTESIAN_POINT('',(0.0173525,-0.019486812,0.0068975));
#3411=CARTESIAN_POINT('',(0.0173525,-2.32433454505884E-19,0.0068975));
#3412=CARTESIAN_POINT('',(0.01725,-0.024039312,0.001395));
#3413=CARTESIAN_POINT('',(0.0160483333333334,-0.0207909786666667,0.00259666666666667));
#3414=CARTESIAN_POINT('',(0.01825,-0.018589312,0.007));
#3415=CARTESIAN_POINT('',(0.0179166666666667,-0.0189226453333334,0.00633333333333333));
#3416=CARTESIAN_POINT('',(0.018252,-0.006505,0.001065));
#3417=CARTESIAN_POINT('',(0.018252,-0.003335,0.001065));
#3418=CARTESIAN_POINT('',(0.018252,-0.009675,0.001065));
#3419=CARTESIAN_POINT('',(0.018252,-0.003335,0.003045));
#3420=CARTESIAN_POINT('',(0.018252,-0.001355,0.003045));
#3421=CARTESIAN_POINT('',(0.018252,-0.009675,0.003045));
#3422=CARTESIAN_POINT('',(0.018252,-0.011655,0.003045));
#3423=CARTESIAN_POINT('',(0.018252,-0.001355,0.003325));
#3424=CARTESIAN_POINT('',(0.018252,-0.001355,0.003605));
#3425=CARTESIAN_POINT('',(0.018252,-0.003335,0.003605));
#3426=CARTESIAN_POINT('',(0.018252,-0.003335,0.005585));
#3427=CARTESIAN_POINT('',(0.018252,-0.006505,0.005585));
#3428=CARTESIAN_POINT('',(0.018252,-0.009675,0.005585));
#3429=CARTESIAN_POINT('',(0.018252,-0.009675,0.003605));
#3430=CARTESIAN_POINT('',(0.018252,-0.011655,0.003605));
#3431=CARTESIAN_POINT('',(0.018252,-0.011655,0.003325));
#3432=CARTESIAN_POINT('',(0.018252,0.000710688,0.00296031516321955));
#3433=CARTESIAN_POINT('',(0.018252,0.000710688,0.000865630326439103));
#3434=CARTESIAN_POINT('',(0.018252,0.000710688,0.005055));
#3435=CARTESIAN_POINT('',(0.018252,0.004085688,0.000865630326439102));
#3436=CARTESIAN_POINT('',(0.018252,0.007460688,0.000865630326439101));
#3437=CARTESIAN_POINT('',(0.018252,0.004085688,0.005055));
#3438=CARTESIAN_POINT('',(0.018252,0.007460688,0.005055));
#3439=CARTESIAN_POINT('',(0.018252,0.007460688,0.00296031516321955));
#3440=CARTESIAN_POINT('',(0.008985,0.040007,0.002545));
#3441=CARTESIAN_POINT('',(0.008985,-0.00172649999999995,0.0442785));
#3442=CARTESIAN_POINT('',(0.008985,-0.0398272639828895,0.00617773601711044));
#3443=CARTESIAN_POINT('',(0.008985,-0.037005,0.007195));
#3444=CARTESIAN_POINT('',(0.008985,0.040007,0.000895));
#3445=CARTESIAN_POINT('',(-1.49999999999994E-5,0.040007,0.000895));
#3446=CARTESIAN_POINT('',(-0.009015,0.040007,0.000895));
#3447=CARTESIAN_POINT('',(-0.009015,0.040007,0.002545));
#3448=CARTESIAN_POINT('',(-0.009015,-0.037005,0.007195));
#3449=CARTESIAN_POINT('',(-0.009015,-0.0398272639828895,0.00617773601711044));
#3450=CARTESIAN_POINT('',(-0.009015,-0.037005,0.009));
#3451=CARTESIAN_POINT('',(-1.87928376564155E-20,-0.037005,0.007195));
#3452=CARTESIAN_POINT('',(0.008985,-0.0398272639828895,0.00617773601711044));
#3453=CARTESIAN_POINT('',(-0.0719478600477913,0.030005,-0.008));
#3454=CARTESIAN_POINT('',(-0.0719478600477913,0.030005,-0.009));
#3455=CARTESIAN_POINT('',(-0.0719478600477913,0.030005,-0.007));
#3456=CARTESIAN_POINT('',(-0.0719478600477913,0.024505,-0.009));
#3457=CARTESIAN_POINT('',(-0.0719478600477913,0.019005,-0.009));
#3458=CARTESIAN_POINT('',(-0.0719478600477913,0.019005,-0.008));
#3459=CARTESIAN_POINT('',(-0.0719478600477913,0.019005,-0.007));
#3460=CARTESIAN_POINT('',(-0.0719478600477913,0.024505,-0.007));
#3461=CARTESIAN_POINT('',(-0.0719478600477913,-0.019005,-0.008));
#3462=CARTESIAN_POINT('',(-0.0719478600477913,-0.019005,-0.009));
#3463=CARTESIAN_POINT('',(-0.0719478600477913,-0.019005,-0.007));
#3464=CARTESIAN_POINT('',(-0.0719478600477913,-0.024505,-0.009));
#3465=CARTESIAN_POINT('',(-0.0719478600477913,-0.030005,-0.009));
#3466=CARTESIAN_POINT('',(-0.0719478600477913,-0.030005,-0.008));
#3467=CARTESIAN_POINT('',(-0.0719478600477913,-0.030005,-0.007));
#3468=CARTESIAN_POINT('',(-0.0719478600477913,-0.024505,-0.007));
#3469=CARTESIAN_POINT('',(-0.0719478600477913,0.024505,-0.007));
#3470=CARTESIAN_POINT('',(-0.0719478600477913,0.019005,-0.007));
#3471=CARTESIAN_POINT('',(-0.0719478600477913,0.030005,-0.007));
#3472=CARTESIAN_POINT('',(-0.0719478600477913,0.019005,-0.008));
#3473=CARTESIAN_POINT('',(-0.0719478600477913,0.019005,-0.009));
#3474=CARTESIAN_POINT('',(-0.0719478600477913,0.024505,-0.009));
#3475=CARTESIAN_POINT('',(-0.0719478600477913,0.030005,-0.009));
#3476=CARTESIAN_POINT('',(-0.0719478600477913,0.030005,-0.008));
#3477=CARTESIAN_POINT('',(-0.0719478600477913,-0.024505,-0.007));
#3478=CARTESIAN_POINT('',(-0.0719478600477913,-0.030005,-0.007));
#3479=CARTESIAN_POINT('',(-0.0719478600477913,-0.019005,-0.007));
#3480=CARTESIAN_POINT('',(-0.0719478600477913,-0.030005,-0.008));
#3481=CARTESIAN_POINT('',(-0.0719478600477913,-0.030005,-0.009));
#3482=CARTESIAN_POINT('',(-0.0719478600477913,-0.024505,-0.009));
#3483=CARTESIAN_POINT('',(-0.0719478600477913,-0.019005,-0.009));
#3484=CARTESIAN_POINT('',(-0.0719478600477913,-0.019005,-0.008));
#3485=CARTESIAN_POINT('',(-0.018252,-0.011005,-0.0065));
#3486=CARTESIAN_POINT('',(-0.018252,-0.011005,-0.009));
#3487=CARTESIAN_POINT('',(0.01725,-0.011005,-0.009));
#3488=CARTESIAN_POINT('',(0.01725,-0.011005,-0.0065));
#3489=CARTESIAN_POINT('',(0.01725,-0.011005,-0.004));
#3490=CARTESIAN_POINT('',(-0.018252,-0.011005,-0.004));
#3491=CARTESIAN_POINT('',(-0.018252,-0.008005,-0.004));
#3492=CARTESIAN_POINT('',(0.01725,-0.005005,-0.004));
#3493=CARTESIAN_POINT('',(0.01725,-0.005005,-0.004));
#3494=CARTESIAN_POINT('',(-0.018252,-0.005005,-0.004));
#3495=CARTESIAN_POINT('',(-0.018252,-0.008005,-0.009));
#3496=CARTESIAN_POINT('',(-0.018252,-0.005005,-0.009));
#3497=CARTESIAN_POINT('',(0.01725,-0.005005,-0.009));
#3498=CARTESIAN_POINT('',(0.01725,-0.008005,-0.009));
#3499=CARTESIAN_POINT('',(-0.018252,-0.005005,-0.0065));
#3500=CARTESIAN_POINT('',(0.01725,-0.005005,-0.009));
#3501=CARTESIAN_POINT('',(0.01725,-0.011005,-0.0065));
#3502=CARTESIAN_POINT('',(0.0180833333333334,-0.0101716666666667,-0.00483333333333333));
#3503=CARTESIAN_POINT('',(0.01825,-0.010005,-0.008));
#3504=CARTESIAN_POINT('',(0.01725,-0.008005,-0.009));
#3505=CARTESIAN_POINT('',(0.0219166666666667,-0.00967166666666666,-0.00433333333333335));
#3506=CARTESIAN_POINT('',(0.01625,0.,-0.003));
#3507=CARTESIAN_POINT('',(0.0129166666666667,-0.000671666666666666,0.000333333333333328));
#3508=CARTESIAN_POINT('',(0.01625,-0.004005,0.007));
#3509=CARTESIAN_POINT('',(0.0134198756564776,0.0290098134847164,-0.001));
#3510=CARTESIAN_POINT('',(0.01325,0.032005,-0.001));
#3511=CARTESIAN_POINT('',(0.01325,0.032005,-0.007));
#3512=CARTESIAN_POINT('',(0.0134198756564776,0.0290098134847164,-0.007));
#3513=CARTESIAN_POINT('',(0.01325,0.035005,-0.001));
#3514=CARTESIAN_POINT('',(0.01025,0.035005,-0.001));
#3515=CARTESIAN_POINT('',(0.01025,0.035005,-0.007));
#3516=CARTESIAN_POINT('',(0.01325,0.035005,-0.007));
#3517=CARTESIAN_POINT('',(0.00725481348471491,0.0351748756564777,-0.001));
#3518=CARTESIAN_POINT('',(0.00725481348471491,0.0351748756564777,-0.007));
#3519=CARTESIAN_POINT('',(0.,0.034005,-0.001));
#3520=CARTESIAN_POINT('',(0.01325,0.035005,-0.001));
#3521=CARTESIAN_POINT('',(0.,0.034005,-0.007));
#3522=CARTESIAN_POINT('',(0.01325,0.035005,-0.007));
#3523=CARTESIAN_POINT('',(0.0145,0.035005,-0.007));
#3524=CARTESIAN_POINT('',(-0.00725481348471647,0.0351748756564777,-0.001));
#3525=CARTESIAN_POINT('',(-0.01025,0.035005,-0.001));
#3526=CARTESIAN_POINT('',(-0.01025,0.035005,-0.007));
#3527=CARTESIAN_POINT('',(-0.00725481348471647,0.0351748756564777,-0.007));
#3528=CARTESIAN_POINT('',(-0.01325,0.035005,-0.001));
#3529=CARTESIAN_POINT('',(-0.01325,0.032005,-0.001));
#3530=CARTESIAN_POINT('',(-0.01325,0.032005,-0.007));
#3531=CARTESIAN_POINT('',(-0.01325,0.035005,-0.007));
#3532=CARTESIAN_POINT('',(-0.0134198756564776,0.0290098134847147,-0.001));
#3533=CARTESIAN_POINT('',(-0.0134198756564776,0.0290098134847147,-0.007));
#3534=CARTESIAN_POINT('',(0.,0.034005,-0.001));
#3535=CARTESIAN_POINT('',(-0.01325,0.035005,-0.001));
#3536=CARTESIAN_POINT('',(0.,0.034005,-0.007));
#3537=CARTESIAN_POINT('',(-0.01325,0.035005,-0.007));
#3538=CARTESIAN_POINT('',(-0.012,0.035005,-0.007));
#3539=CARTESIAN_POINT('',(-0.01325,0.035005,-0.007));
#3540=CARTESIAN_POINT('',(-0.01325,0.035005,-0.003));
#3541=CARTESIAN_POINT('',(-0.01225,0.035005,-0.003));
#3542=CARTESIAN_POINT('',(-0.012,0.035005,-0.003));
#3543=CARTESIAN_POINT('',(-0.01325,0.035005,-0.003));
#3544=CARTESIAN_POINT('',(-0.012,0.035005,-0.003));
#3545=CARTESIAN_POINT('',(-0.01325,0.035005,-0.007));
#3546=CARTESIAN_POINT('',(0.01325,0.035005,-0.007));
#3547=CARTESIAN_POINT('',(0.01325,0.035005,-0.003));
#3548=CARTESIAN_POINT('',(0.01425,0.035005,-0.003));
#3549=CARTESIAN_POINT('',(0.0145,0.035005,-0.003));
#3550=CARTESIAN_POINT('',(0.01325,0.035005,-0.003));
#3551=CARTESIAN_POINT('',(0.0145,0.035005,-0.003));
#3552=CARTESIAN_POINT('',(0.01325,0.035005,-0.007));
#3553=CARTESIAN_POINT('',(-0.00774004295300482,-0.0294950429530048,0.009));
#3554=CARTESIAN_POINT('',(0.,-0.0327010737174897,0.009));
#3555=CARTESIAN_POINT('',(0.00774004295300482,-0.0294950429530048,0.009));
#3556=CARTESIAN_POINT('',(0.0109460737174897,-0.021755,0.009));
#3557=CARTESIAN_POINT('',(-1.7347234759768E-18,-0.021755,0.009));
#3558=CARTESIAN_POINT('',(-0.00774004295300483,-0.0140149570469952,0.009));
#3559=CARTESIAN_POINT('',(-3.46944695195361E-18,-0.0108089262825103,0.009));
#3560=CARTESIAN_POINT('',(0.00774004295300482,-0.0140149570469952,0.009));
#3561=CARTESIAN_POINT('',(-0.0109460737174897,-0.021755,0.009));
#3562=CARTESIAN_POINT('',(-0.01825,0.,0.006));
#3563=CARTESIAN_POINT('',(-0.0121666666666667,0.0339216666666666,0.0120833333333333));
#3564=CARTESIAN_POINT('',(-0.01675,0.038505,0.0075));
#3565=CARTESIAN_POINT('',(-0.030585,0.02467,-0.006335));
#3566=CARTESIAN_POINT('',(-0.030585,-0.02467,-0.006335));
#3567=CARTESIAN_POINT('',(-0.01675,-0.038505,0.0075));
#3568=CARTESIAN_POINT('',(-0.004915,-0.02667,0.019335));
#3569=CARTESIAN_POINT('',(0.,-0.037005,0.009));
#3570=CARTESIAN_POINT('',(-0.0121666666666667,-0.0430883333333333,0.00291666666666667));
#3571=CARTESIAN_POINT('',(0.0121666666666667,-0.0430883333333333,0.00291666666666667));
#3572=CARTESIAN_POINT('',(0.01675,-0.038505,0.0075));
#3573=CARTESIAN_POINT('',(0.0101666666666667,-0.0319216666666667,0.0140833333333333));
#3574=CARTESIAN_POINT('',(0.,0.040005,0.006));
#3575=CARTESIAN_POINT('',(0.0121666666666667,0.0339216666666666,0.0120833333333333));
#3576=CARTESIAN_POINT('',(0.01675,0.038505,0.0075));
#3577=CARTESIAN_POINT('',(0.0101666666666667,0.0450883333333333,0.000916666666666667));
#3578=CARTESIAN_POINT('',(-0.0101666666666667,0.0450883333333333,0.000916666666666669));
#3579=CARTESIAN_POINT('',(0.01525,0.,0.009));
#3580=CARTESIAN_POINT('',(0.028585,0.02667,-0.004335));
#3581=CARTESIAN_POINT('',(0.028585,-0.02667,-0.004335));
#3582=CARTESIAN_POINT('',(0.01525,0.040005,0.007));
#3583=CARTESIAN_POINT('',(-0.01825,0.037005,0.007));
#3584=CARTESIAN_POINT('',(-0.01525,-0.040005,0.007));
#3585=CARTESIAN_POINT('',(0.01825,-0.037005,0.007));
#3586=MECHANICAL_DESIGN_GEOMETRIC_PRESENTATION_REPRESENTATION('',(#2152),
#3587);
#3587=(
GEOMETRIC_REPRESENTATION_CONTEXT(3)
GLOBAL_UNCERTAINTY_ASSIGNED_CONTEXT((#3588))
GLOBAL_UNIT_ASSIGNED_CONTEXT((#3591,#3590,#3589))
REPRESENTATION_CONTEXT('Box around','TOP_LEVEL_ASSEMBLY_PART')
);
#3588=UNCERTAINTY_MEASURE_WITH_UNIT(LENGTH_MEASURE(2.E-5),#3591,
'DISTANCE_ACCURACY_VALUE','Maximum Tolerance applied to model');
#3589=(
NAMED_UNIT(*)
SI_UNIT($,.STERADIAN.)
SOLID_ANGLE_UNIT()
);
#3590=(
NAMED_UNIT(*)
PLANE_ANGLE_UNIT()
SI_UNIT($,.RADIAN.)
);
#3591=(
LENGTH_UNIT()
NAMED_UNIT(*)
SI_UNIT($,.METRE.)
);
#3592=PRODUCT_DEFINITION_SHAPE('','',#3593);
#3593=PRODUCT_DEFINITION('','',#3595,#3594);
#3594=PRODUCT_DEFINITION_CONTEXT('',#3601,'design');
#3595=PRODUCT_DEFINITION_FORMATION_WITH_SPECIFIED_SOURCE('','',#3597,
 .NOT_KNOWN.);
#3596=PRODUCT_RELATED_PRODUCT_CATEGORY('','',(#3597));
#3597=PRODUCT('Box around','Box around','Box around',(#3599));
#3598=PRODUCT_CATEGORY('','');
#3599=PRODUCT_CONTEXT('',#3601,'mechanical');
#3600=APPLICATION_PROTOCOL_DEFINITION('international standard',
'ap242_managed_model_based_3d_engineering',2020,#3601);
#3601=APPLICATION_CONTEXT('managed model based 3d engineering');
ENDSEC;
END-ISO-10303-21;
