ISO-10303-21;
HEADER;
/* Generated by software containing ST-Developer
 * from STEP Tools, Inc. (www.steptools.com) 
 */
/* OPTION: using custom renumber hook */

FILE_DESCRIPTION(
/* description */ ('STEP AP242 Edition 2',
'CAx-IF Rec.Pracs.---Representation and Presentation of Product Manufa
cturing Information (PMI)---4.0---2014-10-13',
'CAx-IF Rec.Pracs.---3D Tessellated Geometry---0.4---2014-09-14','2;1',
'CAx-IF Rec.Pracs.---User Defined Attributes---1.5---2016-08-15'),
/* implementation_level */ '2;1');

FILE_NAME(
/* name */ 'Flex mount - Top Bit',
/* time_stamp */ '2026-06-11T15:06:31Z',
/* author */ (''),
/* organization */ (''),
/* preprocessor_version */ 'ST-DEVELOPER v20',
/* originating_system */ 'ONSHAPE BY PTC INC, 1.216',
/* authorisation */ '  ');

FILE_SCHEMA (('AP242_MANAGED_MODEL_BASED_3D_ENGINEERING_MIM_LF { 1 0 10303 442 3 1 4 }'));
ENDSEC;

DATA;
#10=SHAPE_REPRESENTATION_RELATIONSHIP('','',#5356,#11);
#11=ADVANCED_BREP_SHAPE_REPRESENTATION('',(#5354),#9352);
#12=B_SPLINE_SURFACE_WITH_KNOTS('',3,1,((#7991,#7992),(#7993,#7994),(#7995,
#7996),(#7997,#7998)),.SURF_OF_LINEAR_EXTRUSION.,.F.,.F.,.F.,(4,4),(2,2),
(0.,1.),(0.,1.),.PIECEWISE_BEZIER_KNOTS.);
#13=B_SPLINE_SURFACE_WITH_KNOTS('',3,1,((#8020,#8021),(#8022,#8023),(#8024,
#8025),(#8026,#8027)),.SURF_OF_LINEAR_EXTRUSION.,.F.,.F.,.F.,(4,4),(2,2),
(0.,1.),(0.,1.),.PIECEWISE_BEZIER_KNOTS.);
#14=B_SPLINE_SURFACE_WITH_KNOTS('',3,1,((#8041,#8042),(#8043,#8044),(#8045,
#8046),(#8047,#8048)),.SURF_OF_LINEAR_EXTRUSION.,.F.,.F.,.F.,(4,4),(2,2),
(0.,1.),(0.,1.),.PIECEWISE_BEZIER_KNOTS.);
#15=B_SPLINE_SURFACE_WITH_KNOTS('',3,1,((#8066,#8067),(#8068,#8069),(#8070,
#8071),(#8072,#8073)),.SURF_OF_LINEAR_EXTRUSION.,.F.,.F.,.F.,(4,4),(2,2),
(0.,1.),(0.,1.),.PIECEWISE_BEZIER_KNOTS.);
#16=B_SPLINE_SURFACE_WITH_KNOTS('',3,1,((#8079,#8080),(#8081,#8082),(#8083,
#8084),(#8085,#8086)),.SURF_OF_LINEAR_EXTRUSION.,.F.,.F.,.F.,(4,4),(2,2),
(0.,1.),(0.,1.),.PIECEWISE_BEZIER_KNOTS.);
#17=B_SPLINE_SURFACE_WITH_KNOTS('',3,1,((#8100,#8101),(#8102,#8103),(#8104,
#8105),(#8106,#8107)),.SURF_OF_LINEAR_EXTRUSION.,.F.,.F.,.F.,(4,4),(2,2),
(0.,1.),(0.,1.),.PIECEWISE_BEZIER_KNOTS.);
#18=B_SPLINE_SURFACE_WITH_KNOTS('',3,1,((#8120,#8121),(#8122,#8123),(#8124,
#8125),(#8126,#8127)),.SURF_OF_LINEAR_EXTRUSION.,.F.,.F.,.F.,(4,4),(2,2),
(0.,1.),(0.,1.),.PIECEWISE_BEZIER_KNOTS.);
#19=B_SPLINE_SURFACE_WITH_KNOTS('',3,1,((#8135,#8136),(#8137,#8138),(#8139,
#8140),(#8141,#8142)),.SURF_OF_LINEAR_EXTRUSION.,.F.,.F.,.F.,(4,4),(2,2),
(0.,1.),(0.,1.),.PIECEWISE_BEZIER_KNOTS.);
#20=B_SPLINE_SURFACE_WITH_KNOTS('',3,1,((#8148,#8149),(#8150,#8151),(#8152,
#8153),(#8154,#8155)),.SURF_OF_LINEAR_EXTRUSION.,.F.,.F.,.F.,(4,4),(2,2),
(0.,1.),(0.,1.),.PIECEWISE_BEZIER_KNOTS.);
#21=B_SPLINE_SURFACE_WITH_KNOTS('',3,1,((#8161,#8162),(#8163,#8164),(#8165,
#8166),(#8167,#8168)),.SURF_OF_LINEAR_EXTRUSION.,.F.,.F.,.F.,(4,4),(2,2),
(0.,1.),(0.,1.),.PIECEWISE_BEZIER_KNOTS.);
#22=B_SPLINE_SURFACE_WITH_KNOTS('',3,1,((#8186,#8187),(#8188,#8189),(#8190,
#8191),(#8192,#8193)),.SURF_OF_LINEAR_EXTRUSION.,.F.,.F.,.F.,(4,4),(2,2),
(0.,1.),(0.,1.),.PIECEWISE_BEZIER_KNOTS.);
#23=B_SPLINE_SURFACE_WITH_KNOTS('',3,1,((#8199,#8200),(#8201,#8202),(#8203,
#8204),(#8205,#8206)),.SURF_OF_LINEAR_EXTRUSION.,.F.,.F.,.F.,(4,4),(2,2),
(0.,1.),(0.,1.),.PIECEWISE_BEZIER_KNOTS.);
#24=B_SPLINE_SURFACE_WITH_KNOTS('',3,1,((#8212,#8213),(#8214,#8215),(#8216,
#8217),(#8218,#8219)),.SURF_OF_LINEAR_EXTRUSION.,.F.,.F.,.F.,(4,4),(2,2),
(0.,1.),(0.,1.),.PIECEWISE_BEZIER_KNOTS.);
#25=B_SPLINE_SURFACE_WITH_KNOTS('',3,1,((#8237,#8238),(#8239,#8240),(#8241,
#8242),(#8243,#8244)),.SURF_OF_LINEAR_EXTRUSION.,.F.,.F.,.F.,(4,4),(2,2),
(0.,1.),(0.,1.),.PIECEWISE_BEZIER_KNOTS.);
#26=B_SPLINE_SURFACE_WITH_KNOTS('',3,1,((#8250,#8251),(#8252,#8253),(#8254,
#8255),(#8256,#8257)),.SURF_OF_LINEAR_EXTRUSION.,.F.,.F.,.F.,(4,4),(2,2),
(0.,1.),(0.,1.),.PIECEWISE_BEZIER_KNOTS.);
#27=B_SPLINE_SURFACE_WITH_KNOTS('',3,1,((#8263,#8264),(#8265,#8266),(#8267,
#8268),(#8269,#8270)),.SURF_OF_LINEAR_EXTRUSION.,.F.,.F.,.F.,(4,4),(2,2),
(0.,1.),(0.,1.),.PIECEWISE_BEZIER_KNOTS.);
#28=B_SPLINE_SURFACE_WITH_KNOTS('',3,1,((#8276,#8277),(#8278,#8279),(#8280,
#8281),(#8282,#8283)),.SURF_OF_LINEAR_EXTRUSION.,.F.,.F.,.F.,(4,4),(2,2),
(0.,1.),(0.,1.),.PIECEWISE_BEZIER_KNOTS.);
#29=B_SPLINE_SURFACE_WITH_KNOTS('',3,1,((#8301,#8302),(#8303,#8304),(#8305,
#8306),(#8307,#8308)),.SURF_OF_LINEAR_EXTRUSION.,.F.,.F.,.F.,(4,4),(2,2),
(0.,1.),(0.,1.),.PIECEWISE_BEZIER_KNOTS.);
#30=B_SPLINE_SURFACE_WITH_KNOTS('',3,1,((#8314,#8315),(#8316,#8317),(#8318,
#8319),(#8320,#8321)),.SURF_OF_LINEAR_EXTRUSION.,.F.,.F.,.F.,(4,4),(2,2),
(0.,1.),(0.,1.),.PIECEWISE_BEZIER_KNOTS.);
#31=B_SPLINE_SURFACE_WITH_KNOTS('',3,1,((#8327,#8328),(#8329,#8330),(#8331,
#8332),(#8333,#8334)),.SURF_OF_LINEAR_EXTRUSION.,.F.,.F.,.F.,(4,4),(2,2),
(0.,1.),(0.,1.),.PIECEWISE_BEZIER_KNOTS.);
#32=B_SPLINE_SURFACE_WITH_KNOTS('',3,1,((#8340,#8341),(#8342,#8343),(#8344,
#8345),(#8346,#8347)),.SURF_OF_LINEAR_EXTRUSION.,.F.,.F.,.F.,(4,4),(2,2),
(0.,1.),(0.,1.),.PIECEWISE_BEZIER_KNOTS.);
#33=B_SPLINE_SURFACE_WITH_KNOTS('',3,1,((#8353,#8354),(#8355,#8356),(#8357,
#8358),(#8359,#8360)),.SURF_OF_LINEAR_EXTRUSION.,.F.,.F.,.F.,(4,4),(2,2),
(0.,1.),(0.,1.),.PIECEWISE_BEZIER_KNOTS.);
#34=B_SPLINE_SURFACE_WITH_KNOTS('',3,1,((#8370,#8371),(#8372,#8373),(#8374,
#8375),(#8376,#8377)),.SURF_OF_LINEAR_EXTRUSION.,.F.,.F.,.F.,(4,4),(2,2),
(0.,1.),(0.,1.),.PIECEWISE_BEZIER_KNOTS.);
#35=B_SPLINE_SURFACE_WITH_KNOTS('',3,1,((#8470,#8471),(#8472,#8473),(#8474,
#8475),(#8476,#8477)),.SURF_OF_LINEAR_EXTRUSION.,.F.,.F.,.F.,(4,4),(2,2),
(0.,1.),(0.,1.),.PIECEWISE_BEZIER_KNOTS.);
#36=B_SPLINE_SURFACE_WITH_KNOTS('',3,1,((#8525,#8526),(#8527,#8528),(#8529,
#8530),(#8531,#8532)),.SURF_OF_LINEAR_EXTRUSION.,.F.,.F.,.F.,(4,4),(2,2),
(0.,1.),(0.,1.),.PIECEWISE_BEZIER_KNOTS.);
#37=B_SPLINE_SURFACE_WITH_KNOTS('',3,1,((#8538,#8539),(#8540,#8541),(#8542,
#8543),(#8544,#8545)),.SURF_OF_LINEAR_EXTRUSION.,.F.,.F.,.F.,(4,4),(2,2),
(0.,1.),(0.,1.),.PIECEWISE_BEZIER_KNOTS.);
#38=B_SPLINE_SURFACE_WITH_KNOTS('',3,1,((#8563,#8564),(#8565,#8566),(#8567,
#8568),(#8569,#8570)),.SURF_OF_LINEAR_EXTRUSION.,.F.,.F.,.F.,(4,4),(2,2),
(0.,1.),(0.,1.),.PIECEWISE_BEZIER_KNOTS.);
#39=B_SPLINE_SURFACE_WITH_KNOTS('',3,1,((#8576,#8577),(#8578,#8579),(#8580,
#8581),(#8582,#8583)),.SURF_OF_LINEAR_EXTRUSION.,.F.,.F.,.F.,(4,4),(2,2),
(0.,1.),(0.,1.),.PIECEWISE_BEZIER_KNOTS.);
#40=B_SPLINE_SURFACE_WITH_KNOTS('',3,1,((#8589,#8590),(#8591,#8592),(#8593,
#8594),(#8595,#8596)),.SURF_OF_LINEAR_EXTRUSION.,.F.,.F.,.F.,(4,4),(2,2),
(0.,1.),(0.,1.),.PIECEWISE_BEZIER_KNOTS.);
#41=B_SPLINE_SURFACE_WITH_KNOTS('',3,1,((#8602,#8603),(#8604,#8605),(#8606,
#8607),(#8608,#8609)),.SURF_OF_LINEAR_EXTRUSION.,.F.,.F.,.F.,(4,4),(2,2),
(0.,1.),(0.,1.),.PIECEWISE_BEZIER_KNOTS.);
#42=B_SPLINE_SURFACE_WITH_KNOTS('',3,1,((#8614,#8615),(#8616,#8617),(#8618,
#8619),(#8620,#8621)),.SURF_OF_LINEAR_EXTRUSION.,.F.,.F.,.F.,(4,4),(2,2),
(0.,1.),(0.,1.),.PIECEWISE_BEZIER_KNOTS.);
#43=B_SPLINE_SURFACE_WITH_KNOTS('',3,1,((#8634,#8635),(#8636,#8637),(#8638,
#8639),(#8640,#8641)),.SURF_OF_LINEAR_EXTRUSION.,.F.,.F.,.F.,(4,4),(2,2),
(0.,1.),(0.,1.),.PIECEWISE_BEZIER_KNOTS.);
#44=B_SPLINE_SURFACE_WITH_KNOTS('',3,1,((#8651,#8652),(#8653,#8654),(#8655,
#8656),(#8657,#8658)),.SURF_OF_LINEAR_EXTRUSION.,.F.,.F.,.F.,(4,4),(2,2),
(0.,1.),(0.,1.),.PIECEWISE_BEZIER_KNOTS.);
#45=B_SPLINE_SURFACE_WITH_KNOTS('',3,1,((#8668,#8669),(#8670,#8671),(#8672,
#8673),(#8674,#8675)),.SURF_OF_LINEAR_EXTRUSION.,.F.,.F.,.F.,(4,4),(2,2),
(0.,1.),(0.,1.),.PIECEWISE_BEZIER_KNOTS.);
#46=B_SPLINE_SURFACE_WITH_KNOTS('',3,1,((#8691,#8692),(#8693,#8694),(#8695,
#8696),(#8697,#8698)),.SURF_OF_LINEAR_EXTRUSION.,.F.,.F.,.F.,(4,4),(2,2),
(0.,1.),(0.,1.),.PIECEWISE_BEZIER_KNOTS.);
#47=B_SPLINE_SURFACE_WITH_KNOTS('',3,1,((#8708,#8709),(#8710,#8711),(#8712,
#8713),(#8714,#8715)),.SURF_OF_LINEAR_EXTRUSION.,.F.,.F.,.F.,(4,4),(2,2),
(0.,1.),(0.,1.),.PIECEWISE_BEZIER_KNOTS.);
#48=B_SPLINE_SURFACE_WITH_KNOTS('',3,1,((#8725,#8726),(#8727,#8728),(#8729,
#8730),(#8731,#8732)),.SURF_OF_LINEAR_EXTRUSION.,.F.,.F.,.F.,(4,4),(2,2),
(0.,1.),(0.,1.),.PIECEWISE_BEZIER_KNOTS.);
#49=B_SPLINE_SURFACE_WITH_KNOTS('',3,1,((#8740,#8741),(#8742,#8743),(#8744,
#8745),(#8746,#8747)),.SURF_OF_LINEAR_EXTRUSION.,.F.,.F.,.F.,(4,4),(2,2),
(0.,1.),(0.,1.),.PIECEWISE_BEZIER_KNOTS.);
#50=B_SPLINE_SURFACE_WITH_KNOTS('',3,1,((#8753,#8754),(#8755,#8756),(#8757,
#8758),(#8759,#8760)),.SURF_OF_LINEAR_EXTRUSION.,.F.,.F.,.F.,(4,4),(2,2),
(0.,1.),(0.,1.),.PIECEWISE_BEZIER_KNOTS.);
#51=B_SPLINE_SURFACE_WITH_KNOTS('',3,1,((#8766,#8767),(#8768,#8769),(#8770,
#8771),(#8772,#8773)),.SURF_OF_LINEAR_EXTRUSION.,.F.,.F.,.F.,(4,4),(2,2),
(0.,1.),(0.,1.),.PIECEWISE_BEZIER_KNOTS.);
#52=B_SPLINE_SURFACE_WITH_KNOTS('',3,1,((#8779,#8780),(#8781,#8782),(#8783,
#8784),(#8785,#8786)),.SURF_OF_LINEAR_EXTRUSION.,.F.,.F.,.F.,(4,4),(2,2),
(0.,1.),(0.,1.),.PIECEWISE_BEZIER_KNOTS.);
#53=B_SPLINE_SURFACE_WITH_KNOTS('',3,1,((#8792,#8793),(#8794,#8795),(#8796,
#8797),(#8798,#8799)),.SURF_OF_LINEAR_EXTRUSION.,.F.,.F.,.F.,(4,4),(2,2),
(0.,1.),(0.,1.),.PIECEWISE_BEZIER_KNOTS.);
#54=B_SPLINE_SURFACE_WITH_KNOTS('',3,1,((#8805,#8806),(#8807,#8808),(#8809,
#8810),(#8811,#8812)),.SURF_OF_LINEAR_EXTRUSION.,.F.,.F.,.F.,(4,4),(2,2),
(0.,1.),(0.,1.),.PIECEWISE_BEZIER_KNOTS.);
#55=B_SPLINE_SURFACE_WITH_KNOTS('',3,1,((#8818,#8819),(#8820,#8821),(#8822,
#8823),(#8824,#8825)),.SURF_OF_LINEAR_EXTRUSION.,.F.,.F.,.F.,(4,4),(2,2),
(0.,1.),(0.,1.),.PIECEWISE_BEZIER_KNOTS.);
#56=B_SPLINE_SURFACE_WITH_KNOTS('',3,1,((#8831,#8832),(#8833,#8834),(#8835,
#8836),(#8837,#8838)),.SURF_OF_LINEAR_EXTRUSION.,.F.,.F.,.F.,(4,4),(2,2),
(0.,1.),(0.,1.),.PIECEWISE_BEZIER_KNOTS.);
#57=B_SPLINE_SURFACE_WITH_KNOTS('',3,1,((#8848,#8849),(#8850,#8851),(#8852,
#8853),(#8854,#8855)),.SURF_OF_LINEAR_EXTRUSION.,.F.,.F.,.F.,(4,4),(2,2),
(0.,1.),(0.,1.),.PIECEWISE_BEZIER_KNOTS.);
#58=B_SPLINE_SURFACE_WITH_KNOTS('',3,1,((#8865,#8866),(#8867,#8868),(#8869,
#8870),(#8871,#8872)),.SURF_OF_LINEAR_EXTRUSION.,.F.,.F.,.F.,(4,4),(2,2),
(0.,1.),(0.,1.),.PIECEWISE_BEZIER_KNOTS.);
#59=B_SPLINE_SURFACE_WITH_KNOTS('',3,1,((#8886,#8887),(#8888,#8889),(#8890,
#8891),(#8892,#8893)),.SURF_OF_LINEAR_EXTRUSION.,.F.,.F.,.F.,(4,4),(2,2),
(0.,1.),(0.,1.),.PIECEWISE_BEZIER_KNOTS.);
#60=B_SPLINE_SURFACE_WITH_KNOTS('',3,1,((#8899,#8900),(#8901,#8902),(#8903,
#8904),(#8905,#8906)),.SURF_OF_LINEAR_EXTRUSION.,.F.,.F.,.F.,(4,4),(2,2),
(0.,1.),(0.,1.),.PIECEWISE_BEZIER_KNOTS.);
#61=B_SPLINE_SURFACE_WITH_KNOTS('',3,1,((#8910,#8911),(#8912,#8913),(#8914,
#8915),(#8916,#8917)),.SURF_OF_LINEAR_EXTRUSION.,.F.,.F.,.F.,(4,4),(2,2),
(0.,1.),(0.,1.),.PIECEWISE_BEZIER_KNOTS.);
#62=B_SPLINE_SURFACE_WITH_KNOTS('',3,1,((#8955,#8956),(#8957,#8958),(#8959,
#8960),(#8961,#8962)),.SURF_OF_LINEAR_EXTRUSION.,.F.,.F.,.F.,(4,4),(2,2),
(0.,1.),(0.,1.),.PIECEWISE_BEZIER_KNOTS.);
#63=B_SPLINE_SURFACE_WITH_KNOTS('',3,1,((#8975,#8976),(#8977,#8978),(#8979,
#8980),(#8981,#8982)),.SURF_OF_LINEAR_EXTRUSION.,.F.,.F.,.F.,(4,4),(2,2),
(0.,1.),(0.,1.),.PIECEWISE_BEZIER_KNOTS.);
#64=B_SPLINE_SURFACE_WITH_KNOTS('',3,1,((#9004,#9005),(#9006,#9007),(#9008,
#9009),(#9010,#9011)),.SURF_OF_LINEAR_EXTRUSION.,.F.,.F.,.F.,(4,4),(2,2),
(0.,1.),(0.,1.),.PIECEWISE_BEZIER_KNOTS.);
#65=B_SPLINE_SURFACE_WITH_KNOTS('',3,1,((#9021,#9022),(#9023,#9024),(#9025,
#9026),(#9027,#9028)),.SURF_OF_LINEAR_EXTRUSION.,.F.,.F.,.F.,(4,4),(2,2),
(0.,1.),(0.,1.),.PIECEWISE_BEZIER_KNOTS.);
#66=B_SPLINE_SURFACE_WITH_KNOTS('',3,1,((#9044,#9045),(#9046,#9047),(#9048,
#9049),(#9050,#9051)),.SURF_OF_LINEAR_EXTRUSION.,.F.,.F.,.F.,(4,4),(2,2),
(0.,1.),(0.,1.),.PIECEWISE_BEZIER_KNOTS.);
#67=B_SPLINE_SURFACE_WITH_KNOTS('',3,1,((#9064,#9065),(#9066,#9067),(#9068,
#9069),(#9070,#9071)),.SURF_OF_LINEAR_EXTRUSION.,.F.,.F.,.F.,(4,4),(2,2),
(0.,1.),(0.,1.),.PIECEWISE_BEZIER_KNOTS.);
#68=B_SPLINE_SURFACE_WITH_KNOTS('',3,1,((#9081,#9082),(#9083,#9084),(#9085,
#9086),(#9087,#9088)),.SURF_OF_LINEAR_EXTRUSION.,.F.,.F.,.F.,(4,4),(2,2),
(0.,1.),(0.,1.),.PIECEWISE_BEZIER_KNOTS.);
#69=B_SPLINE_SURFACE_WITH_KNOTS('',3,1,((#9098,#9099),(#9100,#9101),(#9102,
#9103),(#9104,#9105)),.SURF_OF_LINEAR_EXTRUSION.,.F.,.F.,.F.,(4,4),(2,2),
(0.,1.),(0.,1.),.PIECEWISE_BEZIER_KNOTS.);
#70=B_SPLINE_SURFACE_WITH_KNOTS('',3,1,((#9121,#9122),(#9123,#9124),(#9125,
#9126),(#9127,#9128)),.SURF_OF_LINEAR_EXTRUSION.,.F.,.F.,.F.,(4,4),(2,2),
(0.,1.),(0.,1.),.PIECEWISE_BEZIER_KNOTS.);
#71=B_SPLINE_SURFACE_WITH_KNOTS('',3,1,((#9138,#9139),(#9140,#9141),(#9142,
#9143),(#9144,#9145)),.SURF_OF_LINEAR_EXTRUSION.,.F.,.F.,.F.,(4,4),(2,2),
(0.,1.),(0.,1.),.PIECEWISE_BEZIER_KNOTS.);
#72=B_SPLINE_SURFACE_WITH_KNOTS('',3,1,((#9153,#9154),(#9155,#9156),(#9157,
#9158),(#9159,#9160)),.SURF_OF_LINEAR_EXTRUSION.,.F.,.F.,.F.,(4,4),(2,2),
(0.,1.),(0.,1.),.PIECEWISE_BEZIER_KNOTS.);
#73=B_SPLINE_SURFACE_WITH_KNOTS('',3,1,((#9166,#9167),(#9168,#9169),(#9170,
#9171),(#9172,#9173)),.SURF_OF_LINEAR_EXTRUSION.,.F.,.F.,.F.,(4,4),(2,2),
(0.,1.),(0.,1.),.PIECEWISE_BEZIER_KNOTS.);
#74=B_SPLINE_SURFACE_WITH_KNOTS('',3,1,((#9183,#9184),(#9185,#9186),(#9187,
#9188),(#9189,#9190)),.SURF_OF_LINEAR_EXTRUSION.,.F.,.F.,.F.,(4,4),(2,2),
(0.,1.),(0.,1.),.PIECEWISE_BEZIER_KNOTS.);
#75=B_SPLINE_SURFACE_WITH_KNOTS('',3,1,((#9196,#9197),(#9198,#9199),(#9200,
#9201),(#9202,#9203)),.SURF_OF_LINEAR_EXTRUSION.,.F.,.F.,.F.,(4,4),(2,2),
(0.,1.),(0.,1.),.PIECEWISE_BEZIER_KNOTS.);
#76=B_SPLINE_SURFACE_WITH_KNOTS('',3,1,((#9213,#9214),(#9215,#9216),(#9217,
#9218),(#9219,#9220)),.SURF_OF_LINEAR_EXTRUSION.,.F.,.F.,.F.,(4,4),(2,2),
(0.,1.),(0.,1.),.PIECEWISE_BEZIER_KNOTS.);
#77=B_SPLINE_SURFACE_WITH_KNOTS('',3,1,((#9226,#9227),(#9228,#9229),(#9230,
#9231),(#9232,#9233)),.SURF_OF_LINEAR_EXTRUSION.,.F.,.F.,.F.,(4,4),(2,2),
(0.,1.),(0.,1.),.PIECEWISE_BEZIER_KNOTS.);
#78=B_SPLINE_SURFACE_WITH_KNOTS('',3,1,((#9239,#9240),(#9241,#9242),(#9243,
#9244),(#9245,#9246)),.SURF_OF_LINEAR_EXTRUSION.,.F.,.F.,.F.,(4,4),(2,2),
(0.,1.),(0.,1.),.PIECEWISE_BEZIER_KNOTS.);
#79=B_SPLINE_SURFACE_WITH_KNOTS('',3,1,((#9252,#9253),(#9254,#9255),(#9256,
#9257),(#9258,#9259)),.SURF_OF_LINEAR_EXTRUSION.,.F.,.F.,.F.,(4,4),(2,2),
(0.,1.),(0.,1.),.PIECEWISE_BEZIER_KNOTS.);
#80=B_SPLINE_SURFACE_WITH_KNOTS('',3,1,((#9269,#9270),(#9271,#9272),(#9273,
#9274),(#9275,#9276)),.SURF_OF_LINEAR_EXTRUSION.,.F.,.F.,.F.,(4,4),(2,2),
(0.,1.),(0.,1.),.PIECEWISE_BEZIER_KNOTS.);
#81=B_SPLINE_SURFACE_WITH_KNOTS('',3,1,((#9282,#9283),(#9284,#9285),(#9286,
#9287),(#9288,#9289)),.SURF_OF_LINEAR_EXTRUSION.,.F.,.F.,.F.,(4,4),(2,2),
(0.,1.),(0.,1.),.PIECEWISE_BEZIER_KNOTS.);
#82=B_SPLINE_SURFACE_WITH_KNOTS('',3,1,((#9299,#9300),(#9301,#9302),(#9303,
#9304),(#9305,#9306)),.SURF_OF_LINEAR_EXTRUSION.,.F.,.F.,.F.,(4,4),(2,2),
(0.,1.),(0.,1.),.PIECEWISE_BEZIER_KNOTS.);
#83=B_SPLINE_SURFACE_WITH_KNOTS('',3,1,((#9313,#9314),(#9315,#9316),(#9317,
#9318),(#9319,#9320)),.SURF_OF_LINEAR_EXTRUSION.,.F.,.F.,.F.,(4,4),(2,2),
(0.,1.),(0.,1.),.PIECEWISE_BEZIER_KNOTS.);
#84=B_SPLINE_SURFACE_WITH_KNOTS('',3,1,((#9324,#9325),(#9326,#9327),(#9328,
#9329),(#9330,#9331)),.SURF_OF_LINEAR_EXTRUSION.,.F.,.F.,.F.,(4,4),(2,2),
(0.,1.),(0.,1.),.PIECEWISE_BEZIER_KNOTS.);
#85=ELLIPSE('',#5558,0.00139115937599319,0.001);
#86=ELLIPSE('',#5560,0.00126638062511709,0.001);
#87=ELLIPSE('',#5562,0.00132390334961793,0.001);
#88=ELLIPSE('',#5564,0.00132390334961793,0.001);
#89=ELLIPSE('',#5711,0.00141421356237309,0.001);
#90=ELLIPSE('',#5713,0.00141421356237309,0.001);
#91=ELLIPSE('',#5716,0.00141421356237309,0.001);
#92=ELLIPSE('',#5718,0.00141421356237309,0.001);
#93=CYLINDRICAL_SURFACE('',#5433,0.005316);
#94=CYLINDRICAL_SURFACE('',#5436,0.005316);
#95=CYLINDRICAL_SURFACE('',#5438,0.005316);
#96=CYLINDRICAL_SURFACE('',#5442,0.005316);
#97=CYLINDRICAL_SURFACE('',#5445,0.005316);
#98=CYLINDRICAL_SURFACE('',#5448,0.005316);
#99=CYLINDRICAL_SURFACE('',#5450,0.005316);
#100=CYLINDRICAL_SURFACE('',#5453,0.005316);
#101=CYLINDRICAL_SURFACE('',#5455,0.008316);
#102=CYLINDRICAL_SURFACE('',#5457,0.008316);
#103=CYLINDRICAL_SURFACE('',#5459,0.008316);
#104=CYLINDRICAL_SURFACE('',#5461,0.008316);
#105=CYLINDRICAL_SURFACE('',#5463,0.008316);
#106=CYLINDRICAL_SURFACE('',#5465,0.008316);
#107=CYLINDRICAL_SURFACE('',#5467,0.008316);
#108=CYLINDRICAL_SURFACE('',#5469,0.008316);
#109=CYLINDRICAL_SURFACE('',#5477,0.006366);
#110=CYLINDRICAL_SURFACE('',#5479,0.006816);
#111=CYLINDRICAL_SURFACE('',#5496,0.006366);
#112=CYLINDRICAL_SURFACE('',#5498,0.006816);
#113=CYLINDRICAL_SURFACE('',#5500,0.006366);
#114=CYLINDRICAL_SURFACE('',#5502,0.006816);
#115=CYLINDRICAL_SURFACE('',#5504,0.006366);
#116=CYLINDRICAL_SURFACE('',#5506,0.006816);
#117=CYLINDRICAL_SURFACE('',#5508,0.006366);
#118=CYLINDRICAL_SURFACE('',#5510,0.006816);
#119=CYLINDRICAL_SURFACE('',#5512,0.006366);
#120=CYLINDRICAL_SURFACE('',#5514,0.006816);
#121=CYLINDRICAL_SURFACE('',#5516,0.006366);
#122=CYLINDRICAL_SURFACE('',#5518,0.006816);
#123=CYLINDRICAL_SURFACE('',#5526,0.006366);
#124=CYLINDRICAL_SURFACE('',#5527,0.006816);
#125=CYLINDRICAL_SURFACE('',#5533,0.001);
#126=CYLINDRICAL_SURFACE('',#5573,0.00481226072095746);
#127=CYLINDRICAL_SURFACE('',#5584,0.00198158932153027);
#128=CYLINDRICAL_SURFACE('',#5586,0.00136730452199663);
#129=CYLINDRICAL_SURFACE('',#5588,0.00100749348180343);
#130=CYLINDRICAL_SURFACE('',#5590,0.00104642063621454);
#131=CYLINDRICAL_SURFACE('',#5592,0.00216401731968567);
#132=CYLINDRICAL_SURFACE('',#5594,0.00178928863003456);
#133=CYLINDRICAL_SURFACE('',#5597,0.00233057904755688);
#134=CYLINDRICAL_SURFACE('',#5599,0.0010076576574055);
#135=CYLINDRICAL_SURFACE('',#5601,0.000822199715775967);
#136=CYLINDRICAL_SURFACE('',#5603,0.00140414984605936);
#137=CYLINDRICAL_SURFACE('',#5609,0.00196210831236543);
#138=CYLINDRICAL_SURFACE('',#5611,0.00129335588059465);
#139=CYLINDRICAL_SURFACE('',#5616,0.00213269370005149);
#140=CYLINDRICAL_SURFACE('',#5618,0.00259283107318659);
#141=CYLINDRICAL_SURFACE('',#5626,0.0030268729333764);
#142=CYLINDRICAL_SURFACE('',#5630,0.00807675308832008);
#143=CYLINDRICAL_SURFACE('',#5644,0.0126855469718064);
#144=CYLINDRICAL_SURFACE('',#5649,0.00188621897773405);
#145=CYLINDRICAL_SURFACE('',#5658,0.0023212181669628);
#146=CYLINDRICAL_SURFACE('',#5660,0.00196871794407217);
#147=CYLINDRICAL_SURFACE('',#5662,0.00220985089101683);
#148=CYLINDRICAL_SURFACE('',#5664,0.00222246593305433);
#149=CYLINDRICAL_SURFACE('',#5668,0.000620999658992061);
#150=CYLINDRICAL_SURFACE('',#5672,0.000872850068509083);
#151=CYLINDRICAL_SURFACE('',#5674,0.00215513832912429);
#152=CYLINDRICAL_SURFACE('',#5687,0.00035788903618126);
#153=CYLINDRICAL_SURFACE('',#5690,0.000463804315086211);
#154=CYLINDRICAL_SURFACE('',#5693,0.000449134155451339);
#155=CYLINDRICAL_SURFACE('',#5696,0.00044434806242076);
#156=CYLINDRICAL_SURFACE('',#5699,0.00100649351518713);
#157=CYLINDRICAL_SURFACE('',#5701,0.00103776430886874);
#158=CYLINDRICAL_SURFACE('',#5703,0.00092693761736695);
#159=CYLINDRICAL_SURFACE('',#5705,0.000911076399473941);
#160=CYLINDRICAL_SURFACE('',#5710,0.001);
#161=CYLINDRICAL_SURFACE('',#5712,0.001);
#162=CYLINDRICAL_SURFACE('',#5714,0.001);
#163=CYLINDRICAL_SURFACE('',#5715,0.001);
#164=CYLINDRICAL_SURFACE('',#5717,0.001);
#165=CYLINDRICAL_SURFACE('',#5719,0.001);
#166=B_SPLINE_CURVE_WITH_KNOTS('',2,(#7090,#7091,#7092),.UNSPECIFIED.,.F.,
 .F.,(3,3),(0.,1.),.PIECEWISE_BEZIER_KNOTS.);
#167=B_SPLINE_CURVE_WITH_KNOTS('',2,(#7095,#7096,#7097),.UNSPECIFIED.,.F.,
 .F.,(3,3),(0.,1.),.PIECEWISE_BEZIER_KNOTS.);
#168=B_SPLINE_CURVE_WITH_KNOTS('',2,(#7101,#7102,#7103),.UNSPECIFIED.,.F.,
 .F.,(3,3),(0.,1.),.PIECEWISE_BEZIER_KNOTS.);
#169=B_SPLINE_CURVE_WITH_KNOTS('',2,(#7105,#7106,#7107),.UNSPECIFIED.,.F.,
 .F.,(3,3),(0.,1.),.PIECEWISE_BEZIER_KNOTS.);
#170=B_SPLINE_CURVE_WITH_KNOTS('',2,(#7111,#7112,#7113),.UNSPECIFIED.,.F.,
 .F.,(3,3),(0.,1.),.PIECEWISE_BEZIER_KNOTS.);
#171=B_SPLINE_CURVE_WITH_KNOTS('',2,(#7115,#7116,#7117),.UNSPECIFIED.,.F.,
 .F.,(3,3),(0.,1.),.PIECEWISE_BEZIER_KNOTS.);
#172=B_SPLINE_CURVE_WITH_KNOTS('',2,(#7119,#7120,#7121),.UNSPECIFIED.,.F.,
 .F.,(3,3),(0.,1.),.PIECEWISE_BEZIER_KNOTS.);
#173=B_SPLINE_CURVE_WITH_KNOTS('',2,(#7123,#7124,#7125),.UNSPECIFIED.,.F.,
 .F.,(3,3),(0.,1.),.PIECEWISE_BEZIER_KNOTS.);
#174=B_SPLINE_CURVE_WITH_KNOTS('',2,(#7129,#7130,#7131),.UNSPECIFIED.,.F.,
 .F.,(3,3),(0.,1.),.PIECEWISE_BEZIER_KNOTS.);
#175=B_SPLINE_CURVE_WITH_KNOTS('',2,(#7133,#7134,#7135),.UNSPECIFIED.,.F.,
 .F.,(3,3),(0.,1.),.PIECEWISE_BEZIER_KNOTS.);
#176=B_SPLINE_CURVE_WITH_KNOTS('',2,(#7139,#7140,#7141),.UNSPECIFIED.,.F.,
 .F.,(3,3),(0.,1.),.PIECEWISE_BEZIER_KNOTS.);
#177=B_SPLINE_CURVE_WITH_KNOTS('',2,(#7143,#7144,#7145),.UNSPECIFIED.,.F.,
 .F.,(3,3),(0.,1.),.PIECEWISE_BEZIER_KNOTS.);
#178=B_SPLINE_CURVE_WITH_KNOTS('',2,(#7172,#7173,#7174),.UNSPECIFIED.,.F.,
 .F.,(3,3),(0.,1.),.PIECEWISE_BEZIER_KNOTS.);
#179=B_SPLINE_CURVE_WITH_KNOTS('',2,(#7177,#7178,#7179),.UNSPECIFIED.,.F.,
 .F.,(3,3),(0.,1.),.PIECEWISE_BEZIER_KNOTS.);
#180=B_SPLINE_CURVE_WITH_KNOTS('',2,(#7181,#7182,#7183),.UNSPECIFIED.,.F.,
 .F.,(3,3),(0.,1.),.PIECEWISE_BEZIER_KNOTS.);
#181=B_SPLINE_CURVE_WITH_KNOTS('',2,(#7189,#7190,#7191),.UNSPECIFIED.,.F.,
 .F.,(3,3),(0.,1.),.PIECEWISE_BEZIER_KNOTS.);
#182=B_SPLINE_CURVE_WITH_KNOTS('',2,(#7195,#7196,#7197),.UNSPECIFIED.,.F.,
 .F.,(3,3),(0.,1.),.PIECEWISE_BEZIER_KNOTS.);
#183=B_SPLINE_CURVE_WITH_KNOTS('',2,(#7201,#7202,#7203),.UNSPECIFIED.,.F.,
 .F.,(3,3),(0.,1.),.PIECEWISE_BEZIER_KNOTS.);
#184=B_SPLINE_CURVE_WITH_KNOTS('',2,(#7205,#7206,#7207),.UNSPECIFIED.,.F.,
 .F.,(3,3),(0.,1.),.PIECEWISE_BEZIER_KNOTS.);
#185=B_SPLINE_CURVE_WITH_KNOTS('',2,(#7209,#7210,#7211),.UNSPECIFIED.,.F.,
 .F.,(3,3),(0.,1.),.PIECEWISE_BEZIER_KNOTS.);
#186=B_SPLINE_CURVE_WITH_KNOTS('',2,(#7213,#7214,#7215),.UNSPECIFIED.,.F.,
 .F.,(3,3),(0.,1.),.PIECEWISE_BEZIER_KNOTS.);
#187=B_SPLINE_CURVE_WITH_KNOTS('',2,(#7217,#7218,#7219),.UNSPECIFIED.,.F.,
 .F.,(3,3),(0.,1.),.PIECEWISE_BEZIER_KNOTS.);
#188=B_SPLINE_CURVE_WITH_KNOTS('',2,(#7221,#7222,#7223),.UNSPECIFIED.,.F.,
 .F.,(3,3),(0.,1.),.PIECEWISE_BEZIER_KNOTS.);
#189=B_SPLINE_CURVE_WITH_KNOTS('',2,(#7225,#7226,#7227),.UNSPECIFIED.,.F.,
 .F.,(3,3),(0.,1.),.PIECEWISE_BEZIER_KNOTS.);
#190=B_SPLINE_CURVE_WITH_KNOTS('',2,(#7229,#7230,#7231),.UNSPECIFIED.,.F.,
 .F.,(3,3),(0.,1.),.PIECEWISE_BEZIER_KNOTS.);
#191=B_SPLINE_CURVE_WITH_KNOTS('',2,(#7238,#7239,#7240),.UNSPECIFIED.,.F.,
 .F.,(3,3),(0.,1.),.PIECEWISE_BEZIER_KNOTS.);
#192=B_SPLINE_CURVE_WITH_KNOTS('',2,(#7243,#7244,#7245),.UNSPECIFIED.,.F.,
 .F.,(3,3),(0.,1.),.PIECEWISE_BEZIER_KNOTS.);
#193=B_SPLINE_CURVE_WITH_KNOTS('',2,(#7247,#7248,#7249),.UNSPECIFIED.,.F.,
 .F.,(3,3),(0.,1.),.PIECEWISE_BEZIER_KNOTS.);
#194=B_SPLINE_CURVE_WITH_KNOTS('',2,(#7251,#7252,#7253),.UNSPECIFIED.,.F.,
 .F.,(3,3),(0.,1.),.PIECEWISE_BEZIER_KNOTS.);
#195=B_SPLINE_CURVE_WITH_KNOTS('',2,(#7255,#7256,#7257),.UNSPECIFIED.,.F.,
 .F.,(3,3),(0.,1.),.PIECEWISE_BEZIER_KNOTS.);
#196=B_SPLINE_CURVE_WITH_KNOTS('',2,(#7265,#7266,#7267),.UNSPECIFIED.,.F.,
 .F.,(3,3),(0.,1.),.PIECEWISE_BEZIER_KNOTS.);
#197=B_SPLINE_CURVE_WITH_KNOTS('',2,(#7269,#7270,#7271),.UNSPECIFIED.,.F.,
 .F.,(3,3),(0.,1.),.PIECEWISE_BEZIER_KNOTS.);
#198=B_SPLINE_CURVE_WITH_KNOTS('',2,(#7326,#7327,#7328),.UNSPECIFIED.,.F.,
 .F.,(3,3),(0.,1.),.PIECEWISE_BEZIER_KNOTS.);
#199=B_SPLINE_CURVE_WITH_KNOTS('',2,(#7331,#7332,#7333),.UNSPECIFIED.,.F.,
 .F.,(3,3),(0.,1.),.PIECEWISE_BEZIER_KNOTS.);
#200=B_SPLINE_CURVE_WITH_KNOTS('',2,(#7337,#7338,#7339),.UNSPECIFIED.,.F.,
 .F.,(3,3),(0.,1.),.PIECEWISE_BEZIER_KNOTS.);
#201=B_SPLINE_CURVE_WITH_KNOTS('',2,(#7341,#7342,#7343),.UNSPECIFIED.,.F.,
 .F.,(3,3),(0.,1.),.PIECEWISE_BEZIER_KNOTS.);
#202=B_SPLINE_CURVE_WITH_KNOTS('',2,(#7345,#7346,#7347),.UNSPECIFIED.,.F.,
 .F.,(3,3),(0.,1.),.PIECEWISE_BEZIER_KNOTS.);
#203=B_SPLINE_CURVE_WITH_KNOTS('',2,(#7349,#7350,#7351),.UNSPECIFIED.,.F.,
 .F.,(3,3),(0.,1.),.PIECEWISE_BEZIER_KNOTS.);
#204=B_SPLINE_CURVE_WITH_KNOTS('',2,(#7353,#7354,#7355),.UNSPECIFIED.,.F.,
 .F.,(3,3),(0.,1.),.PIECEWISE_BEZIER_KNOTS.);
#205=B_SPLINE_CURVE_WITH_KNOTS('',2,(#7363,#7364,#7365),.UNSPECIFIED.,.F.,
 .F.,(3,3),(0.,1.),.PIECEWISE_BEZIER_KNOTS.);
#206=B_SPLINE_CURVE_WITH_KNOTS('',2,(#7367,#7368,#7369),.UNSPECIFIED.,.F.,
 .F.,(3,3),(0.,1.),.PIECEWISE_BEZIER_KNOTS.);
#207=B_SPLINE_CURVE_WITH_KNOTS('',2,(#7371,#7372,#7373),.UNSPECIFIED.,.F.,
 .F.,(3,3),(0.,1.),.PIECEWISE_BEZIER_KNOTS.);
#208=B_SPLINE_CURVE_WITH_KNOTS('',2,(#7375,#7376,#7377),.UNSPECIFIED.,.F.,
 .F.,(3,3),(0.,1.),.PIECEWISE_BEZIER_KNOTS.);
#209=B_SPLINE_CURVE_WITH_KNOTS('',2,(#7385,#7386,#7387),.UNSPECIFIED.,.F.,
 .F.,(3,3),(0.,1.),.PIECEWISE_BEZIER_KNOTS.);
#210=B_SPLINE_CURVE_WITH_KNOTS('',2,(#7389,#7390,#7391),.UNSPECIFIED.,.F.,
 .F.,(3,3),(0.,1.),.PIECEWISE_BEZIER_KNOTS.);
#211=B_SPLINE_CURVE_WITH_KNOTS('',2,(#7393,#7394,#7395),.UNSPECIFIED.,.F.,
 .F.,(3,3),(0.,1.),.PIECEWISE_BEZIER_KNOTS.);
#212=B_SPLINE_CURVE_WITH_KNOTS('',2,(#7403,#7404,#7405),.UNSPECIFIED.,.F.,
 .F.,(3,3),(0.,1.),.PIECEWISE_BEZIER_KNOTS.);
#213=B_SPLINE_CURVE_WITH_KNOTS('',2,(#7407,#7408,#7409),.UNSPECIFIED.,.F.,
 .F.,(3,3),(0.,1.),.PIECEWISE_BEZIER_KNOTS.);
#214=B_SPLINE_CURVE_WITH_KNOTS('',2,(#7411,#7412,#7413),.UNSPECIFIED.,.F.,
 .F.,(3,3),(0.,1.),.PIECEWISE_BEZIER_KNOTS.);
#215=B_SPLINE_CURVE_WITH_KNOTS('',2,(#7427,#7428,#7429),.UNSPECIFIED.,.F.,
 .F.,(3,3),(0.,1.),.PIECEWISE_BEZIER_KNOTS.);
#216=B_SPLINE_CURVE_WITH_KNOTS('',2,(#7435,#7436,#7437),.UNSPECIFIED.,.F.,
 .F.,(3,3),(0.,1.),.PIECEWISE_BEZIER_KNOTS.);
#217=B_SPLINE_CURVE_WITH_KNOTS('',2,(#7439,#7440,#7441),.UNSPECIFIED.,.F.,
 .F.,(3,3),(0.,1.),.PIECEWISE_BEZIER_KNOTS.);
#218=B_SPLINE_CURVE_WITH_KNOTS('',2,(#7449,#7450,#7451),.UNSPECIFIED.,.F.,
 .F.,(3,3),(0.,1.),.PIECEWISE_BEZIER_KNOTS.);
#219=B_SPLINE_CURVE_WITH_KNOTS('',2,(#7457,#7458,#7459),.UNSPECIFIED.,.F.,
 .F.,(3,3),(0.,1.),.PIECEWISE_BEZIER_KNOTS.);
#220=B_SPLINE_CURVE_WITH_KNOTS('',2,(#7469,#7470,#7471),.UNSPECIFIED.,.F.,
 .F.,(3,3),(0.,1.),.PIECEWISE_BEZIER_KNOTS.);
#221=B_SPLINE_CURVE_WITH_KNOTS('',3,(#7634,#7635,#7636,#7637),
 .UNSPECIFIED.,.F.,.F.,(4,4),(0.,0.000476938302720935),.UNSPECIFIED.);
#222=B_SPLINE_CURVE_WITH_KNOTS('',3,(#7639,#7640,#7641,#7642),
 .UNSPECIFIED.,.F.,.F.,(4,4),(0.,9.63528982818318E-5),.UNSPECIFIED.);
#223=B_SPLINE_CURVE_WITH_KNOTS('',3,(#7733,#7734,#7735,#7736),
 .UNSPECIFIED.,.F.,.F.,(4,4),(0.,0.000180357516546747),.UNSPECIFIED.);
#224=B_SPLINE_CURVE_WITH_KNOTS('',3,(#7738,#7739,#7740,#7741),
 .UNSPECIFIED.,.F.,.F.,(4,4),(0.,2.54022820444172E-5),.UNSPECIFIED.);
#225=B_SPLINE_CURVE_WITH_KNOTS('',3,(#7746,#7747,#7748,#7749),
 .UNSPECIFIED.,.F.,.F.,(4,4),(0.,2.54022820444237E-5),.UNSPECIFIED.);
#226=B_SPLINE_CURVE_WITH_KNOTS('',3,(#7751,#7752,#7753,#7754),
 .UNSPECIFIED.,.F.,.F.,(4,4),(0.,0.000180357516546745),.UNSPECIFIED.);
#227=B_SPLINE_CURVE_WITH_KNOTS('',3,(#7777,#7778,#7779,#7780),
 .UNSPECIFIED.,.F.,.F.,(4,4),(0.,0.000261696438774672),.UNSPECIFIED.);
#228=B_SPLINE_CURVE_WITH_KNOTS('',3,(#7782,#7783,#7784,#7785),
 .UNSPECIFIED.,.F.,.F.,(4,4),(0.,0.00102831499582867),.UNSPECIFIED.);
#229=B_SPLINE_CURVE_WITH_KNOTS('',2,(#8001,#8002,#8003),.UNSPECIFIED.,.F.,
 .F.,(3,3),(0.,1.),.PIECEWISE_BEZIER_KNOTS.);
#230=B_SPLINE_CURVE_WITH_KNOTS('',2,(#8030,#8031,#8032),.UNSPECIFIED.,.F.,
 .F.,(3,3),(0.,1.),.PIECEWISE_BEZIER_KNOTS.);
#231=B_SPLINE_CURVE_WITH_KNOTS('',2,(#8051,#8052,#8053),.UNSPECIFIED.,.F.,
 .F.,(3,3),(0.,1.),.PIECEWISE_BEZIER_KNOTS.);
#232=B_SPLINE_CURVE_WITH_KNOTS('',2,(#8076,#8077,#8078),.UNSPECIFIED.,.F.,
 .F.,(3,3),(0.,1.),.PIECEWISE_BEZIER_KNOTS.);
#233=B_SPLINE_CURVE_WITH_KNOTS('',2,(#8089,#8090,#8091),.UNSPECIFIED.,.F.,
 .F.,(3,3),(0.,1.),.PIECEWISE_BEZIER_KNOTS.);
#234=B_SPLINE_CURVE_WITH_KNOTS('',2,(#8110,#8111,#8112),.UNSPECIFIED.,.F.,
 .F.,(3,3),(0.,1.),.PIECEWISE_BEZIER_KNOTS.);
#235=B_SPLINE_CURVE_WITH_KNOTS('',2,(#8130,#8131,#8132),.UNSPECIFIED.,.F.,
 .F.,(3,3),(0.,1.),.PIECEWISE_BEZIER_KNOTS.);
#236=B_SPLINE_CURVE_WITH_KNOTS('',2,(#8145,#8146,#8147),.UNSPECIFIED.,.F.,
 .F.,(3,3),(0.,1.),.PIECEWISE_BEZIER_KNOTS.);
#237=B_SPLINE_CURVE_WITH_KNOTS('',2,(#8158,#8159,#8160),.UNSPECIFIED.,.F.,
 .F.,(3,3),(0.,1.),.PIECEWISE_BEZIER_KNOTS.);
#238=B_SPLINE_CURVE_WITH_KNOTS('',2,(#8171,#8172,#8173),.UNSPECIFIED.,.F.,
 .F.,(3,3),(0.,1.),.PIECEWISE_BEZIER_KNOTS.);
#239=B_SPLINE_CURVE_WITH_KNOTS('',2,(#8196,#8197,#8198),.UNSPECIFIED.,.F.,
 .F.,(3,3),(0.,1.),.PIECEWISE_BEZIER_KNOTS.);
#240=B_SPLINE_CURVE_WITH_KNOTS('',2,(#8209,#8210,#8211),.UNSPECIFIED.,.F.,
 .F.,(3,3),(0.,1.),.PIECEWISE_BEZIER_KNOTS.);
#241=B_SPLINE_CURVE_WITH_KNOTS('',2,(#8222,#8223,#8224),.UNSPECIFIED.,.F.,
 .F.,(3,3),(0.,1.),.PIECEWISE_BEZIER_KNOTS.);
#242=B_SPLINE_CURVE_WITH_KNOTS('',2,(#8247,#8248,#8249),.UNSPECIFIED.,.F.,
 .F.,(3,3),(0.,1.),.PIECEWISE_BEZIER_KNOTS.);
#243=B_SPLINE_CURVE_WITH_KNOTS('',2,(#8260,#8261,#8262),.UNSPECIFIED.,.F.,
 .F.,(3,3),(0.,1.),.PIECEWISE_BEZIER_KNOTS.);
#244=B_SPLINE_CURVE_WITH_KNOTS('',2,(#8273,#8274,#8275),.UNSPECIFIED.,.F.,
 .F.,(3,3),(0.,1.),.PIECEWISE_BEZIER_KNOTS.);
#245=B_SPLINE_CURVE_WITH_KNOTS('',2,(#8286,#8287,#8288),.UNSPECIFIED.,.F.,
 .F.,(3,3),(0.,1.),.PIECEWISE_BEZIER_KNOTS.);
#246=B_SPLINE_CURVE_WITH_KNOTS('',2,(#8311,#8312,#8313),.UNSPECIFIED.,.F.,
 .F.,(3,3),(0.,1.),.PIECEWISE_BEZIER_KNOTS.);
#247=B_SPLINE_CURVE_WITH_KNOTS('',2,(#8324,#8325,#8326),.UNSPECIFIED.,.F.,
 .F.,(3,3),(0.,1.),.PIECEWISE_BEZIER_KNOTS.);
#248=B_SPLINE_CURVE_WITH_KNOTS('',2,(#8337,#8338,#8339),.UNSPECIFIED.,.F.,
 .F.,(3,3),(0.,1.),.PIECEWISE_BEZIER_KNOTS.);
#249=B_SPLINE_CURVE_WITH_KNOTS('',2,(#8350,#8351,#8352),.UNSPECIFIED.,.F.,
 .F.,(3,3),(0.,1.),.PIECEWISE_BEZIER_KNOTS.);
#250=B_SPLINE_CURVE_WITH_KNOTS('',2,(#8363,#8364,#8365),.UNSPECIFIED.,.F.,
 .F.,(3,3),(0.,1.),.PIECEWISE_BEZIER_KNOTS.);
#251=B_SPLINE_CURVE_WITH_KNOTS('',2,(#8378,#8379,#8380),.UNSPECIFIED.,.F.,
 .F.,(3,3),(0.,1.),.PIECEWISE_BEZIER_KNOTS.);
#252=B_SPLINE_CURVE_WITH_KNOTS('',2,(#8480,#8481,#8482),.UNSPECIFIED.,.F.,
 .F.,(3,3),(0.,1.),.PIECEWISE_BEZIER_KNOTS.);
#253=B_SPLINE_CURVE_WITH_KNOTS('',2,(#8535,#8536,#8537),.UNSPECIFIED.,.F.,
 .F.,(3,3),(0.,1.),.PIECEWISE_BEZIER_KNOTS.);
#254=B_SPLINE_CURVE_WITH_KNOTS('',2,(#8548,#8549,#8550),.UNSPECIFIED.,.F.,
 .F.,(3,3),(0.,1.),.PIECEWISE_BEZIER_KNOTS.);
#255=B_SPLINE_CURVE_WITH_KNOTS('',2,(#8573,#8574,#8575),.UNSPECIFIED.,.F.,
 .F.,(3,3),(0.,1.),.PIECEWISE_BEZIER_KNOTS.);
#256=B_SPLINE_CURVE_WITH_KNOTS('',2,(#8586,#8587,#8588),.UNSPECIFIED.,.F.,
 .F.,(3,3),(0.,1.),.PIECEWISE_BEZIER_KNOTS.);
#257=B_SPLINE_CURVE_WITH_KNOTS('',2,(#8599,#8600,#8601),.UNSPECIFIED.,.F.,
 .F.,(3,3),(0.,1.),.PIECEWISE_BEZIER_KNOTS.);
#258=B_SPLINE_CURVE_WITH_KNOTS('',2,(#8610,#8611,#8612),.UNSPECIFIED.,.F.,
 .F.,(3,3),(0.,1.),.PIECEWISE_BEZIER_KNOTS.);
#259=B_SPLINE_CURVE_WITH_KNOTS('',2,(#8622,#8623,#8624),.UNSPECIFIED.,.F.,
 .F.,(3,3),(0.,1.),.PIECEWISE_BEZIER_KNOTS.);
#260=B_SPLINE_CURVE_WITH_KNOTS('',2,(#8629,#8630,#8631),.UNSPECIFIED.,.F.,
 .F.,(3,3),(0.,1.),.PIECEWISE_BEZIER_KNOTS.);
#261=B_SPLINE_CURVE_WITH_KNOTS('',2,(#8642,#8643,#8644),.UNSPECIFIED.,.F.,
 .F.,(3,3),(0.,1.),.PIECEWISE_BEZIER_KNOTS.);
#262=B_SPLINE_CURVE_WITH_KNOTS('',2,(#8648,#8649,#8650),.UNSPECIFIED.,.F.,
 .F.,(3,3),(0.,1.),.PIECEWISE_BEZIER_KNOTS.);
#263=B_SPLINE_CURVE_WITH_KNOTS('',2,(#8659,#8660,#8661),.UNSPECIFIED.,.F.,
 .F.,(3,3),(0.,1.),.PIECEWISE_BEZIER_KNOTS.);
#264=B_SPLINE_CURVE_WITH_KNOTS('',2,(#8665,#8666,#8667),.UNSPECIFIED.,.F.,
 .F.,(3,3),(0.,1.),.PIECEWISE_BEZIER_KNOTS.);
#265=B_SPLINE_CURVE_WITH_KNOTS('',2,(#8676,#8677,#8678),.UNSPECIFIED.,.F.,
 .F.,(3,3),(0.,1.),.PIECEWISE_BEZIER_KNOTS.);
#266=B_SPLINE_CURVE_WITH_KNOTS('',2,(#8682,#8683,#8684),.UNSPECIFIED.,.F.,
 .F.,(3,3),(0.,1.),.PIECEWISE_BEZIER_KNOTS.);
#267=B_SPLINE_CURVE_WITH_KNOTS('',2,(#8699,#8700,#8701),.UNSPECIFIED.,.F.,
 .F.,(3,3),(0.,1.),.PIECEWISE_BEZIER_KNOTS.);
#268=B_SPLINE_CURVE_WITH_KNOTS('',2,(#8705,#8706,#8707),.UNSPECIFIED.,.F.,
 .F.,(3,3),(0.,1.),.PIECEWISE_BEZIER_KNOTS.);
#269=B_SPLINE_CURVE_WITH_KNOTS('',2,(#8716,#8717,#8718),.UNSPECIFIED.,.F.,
 .F.,(3,3),(0.,1.),.PIECEWISE_BEZIER_KNOTS.);
#270=B_SPLINE_CURVE_WITH_KNOTS('',2,(#8722,#8723,#8724),.UNSPECIFIED.,.F.,
 .F.,(3,3),(0.,1.),.PIECEWISE_BEZIER_KNOTS.);
#271=B_SPLINE_CURVE_WITH_KNOTS('',2,(#8735,#8736,#8737),.UNSPECIFIED.,.F.,
 .F.,(3,3),(0.,1.),.PIECEWISE_BEZIER_KNOTS.);
#272=B_SPLINE_CURVE_WITH_KNOTS('',2,(#8750,#8751,#8752),.UNSPECIFIED.,.F.,
 .F.,(3,3),(0.,1.),.PIECEWISE_BEZIER_KNOTS.);
#273=B_SPLINE_CURVE_WITH_KNOTS('',2,(#8763,#8764,#8765),.UNSPECIFIED.,.F.,
 .F.,(3,3),(0.,1.),.PIECEWISE_BEZIER_KNOTS.);
#274=B_SPLINE_CURVE_WITH_KNOTS('',2,(#8776,#8777,#8778),.UNSPECIFIED.,.F.,
 .F.,(3,3),(0.,1.),.PIECEWISE_BEZIER_KNOTS.);
#275=B_SPLINE_CURVE_WITH_KNOTS('',2,(#8789,#8790,#8791),.UNSPECIFIED.,.F.,
 .F.,(3,3),(0.,1.),.PIECEWISE_BEZIER_KNOTS.);
#276=B_SPLINE_CURVE_WITH_KNOTS('',2,(#8802,#8803,#8804),.UNSPECIFIED.,.F.,
 .F.,(3,3),(0.,1.),.PIECEWISE_BEZIER_KNOTS.);
#277=B_SPLINE_CURVE_WITH_KNOTS('',2,(#8815,#8816,#8817),.UNSPECIFIED.,.F.,
 .F.,(3,3),(0.,1.),.PIECEWISE_BEZIER_KNOTS.);
#278=B_SPLINE_CURVE_WITH_KNOTS('',2,(#8828,#8829,#8830),.UNSPECIFIED.,.F.,
 .F.,(3,3),(0.,1.),.PIECEWISE_BEZIER_KNOTS.);
#279=B_SPLINE_CURVE_WITH_KNOTS('',2,(#8841,#8842,#8843),.UNSPECIFIED.,.F.,
 .F.,(3,3),(0.,1.),.PIECEWISE_BEZIER_KNOTS.);
#280=B_SPLINE_CURVE_WITH_KNOTS('',2,(#8858,#8859,#8860),.UNSPECIFIED.,.F.,
 .F.,(3,3),(0.,1.),.PIECEWISE_BEZIER_KNOTS.);
#281=B_SPLINE_CURVE_WITH_KNOTS('',2,(#8875,#8876,#8877),.UNSPECIFIED.,.F.,
 .F.,(3,3),(0.,1.),.PIECEWISE_BEZIER_KNOTS.);
#282=B_SPLINE_CURVE_WITH_KNOTS('',2,(#8896,#8897,#8898),.UNSPECIFIED.,.F.,
 .F.,(3,3),(0.,1.),.PIECEWISE_BEZIER_KNOTS.);
#283=B_SPLINE_CURVE_WITH_KNOTS('',2,(#8907,#8908,#8909),.UNSPECIFIED.,.F.,
 .F.,(3,3),(0.,1.),.PIECEWISE_BEZIER_KNOTS.);
#284=B_SPLINE_CURVE_WITH_KNOTS('',2,(#8918,#8919,#8920),.UNSPECIFIED.,.F.,
 .F.,(3,3),(0.,1.),.PIECEWISE_BEZIER_KNOTS.);
#285=B_SPLINE_CURVE_WITH_KNOTS('',2,(#8921,#8922,#8923),.UNSPECIFIED.,.F.,
 .F.,(3,3),(0.,1.),.PIECEWISE_BEZIER_KNOTS.);
#286=B_SPLINE_CURVE_WITH_KNOTS('',2,(#8963,#8964,#8965),.UNSPECIFIED.,.F.,
 .F.,(3,3),(0.,1.),.PIECEWISE_BEZIER_KNOTS.);
#287=B_SPLINE_CURVE_WITH_KNOTS('',2,(#8970,#8971,#8972),.UNSPECIFIED.,.F.,
 .F.,(3,3),(0.,1.),.PIECEWISE_BEZIER_KNOTS.);
#288=B_SPLINE_CURVE_WITH_KNOTS('',2,(#8983,#8984,#8985),.UNSPECIFIED.,.F.,
 .F.,(3,3),(0.,1.),.PIECEWISE_BEZIER_KNOTS.);
#289=B_SPLINE_CURVE_WITH_KNOTS('',2,(#8989,#8990,#8991),.UNSPECIFIED.,.F.,
 .F.,(3,3),(0.,1.),.PIECEWISE_BEZIER_KNOTS.);
#290=B_SPLINE_CURVE_WITH_KNOTS('',2,(#9012,#9013,#9014),.UNSPECIFIED.,.F.,
 .F.,(3,3),(0.,1.),.PIECEWISE_BEZIER_KNOTS.);
#291=B_SPLINE_CURVE_WITH_KNOTS('',2,(#9018,#9019,#9020),.UNSPECIFIED.,.F.,
 .F.,(3,3),(0.,1.),.PIECEWISE_BEZIER_KNOTS.);
#292=B_SPLINE_CURVE_WITH_KNOTS('',2,(#9029,#9030,#9031),.UNSPECIFIED.,.F.,
 .F.,(3,3),(0.,1.),.PIECEWISE_BEZIER_KNOTS.);
#293=B_SPLINE_CURVE_WITH_KNOTS('',2,(#9035,#9036,#9037),.UNSPECIFIED.,.F.,
 .F.,(3,3),(0.,1.),.PIECEWISE_BEZIER_KNOTS.);
#294=B_SPLINE_CURVE_WITH_KNOTS('',2,(#9052,#9053,#9054),.UNSPECIFIED.,.F.,
 .F.,(3,3),(0.,1.),.PIECEWISE_BEZIER_KNOTS.);
#295=B_SPLINE_CURVE_WITH_KNOTS('',2,(#9059,#9060,#9061),.UNSPECIFIED.,.F.,
 .F.,(3,3),(0.,1.),.PIECEWISE_BEZIER_KNOTS.);
#296=B_SPLINE_CURVE_WITH_KNOTS('',2,(#9072,#9073,#9074),.UNSPECIFIED.,.F.,
 .F.,(3,3),(0.,1.),.PIECEWISE_BEZIER_KNOTS.);
#297=B_SPLINE_CURVE_WITH_KNOTS('',2,(#9078,#9079,#9080),.UNSPECIFIED.,.F.,
 .F.,(3,3),(0.,1.),.PIECEWISE_BEZIER_KNOTS.);
#298=B_SPLINE_CURVE_WITH_KNOTS('',2,(#9089,#9090,#9091),.UNSPECIFIED.,.F.,
 .F.,(3,3),(0.,1.),.PIECEWISE_BEZIER_KNOTS.);
#299=B_SPLINE_CURVE_WITH_KNOTS('',2,(#9095,#9096,#9097),.UNSPECIFIED.,.F.,
 .F.,(3,3),(0.,1.),.PIECEWISE_BEZIER_KNOTS.);
#300=B_SPLINE_CURVE_WITH_KNOTS('',2,(#9106,#9107,#9108),.UNSPECIFIED.,.F.,
 .F.,(3,3),(0.,1.),.PIECEWISE_BEZIER_KNOTS.);
#301=B_SPLINE_CURVE_WITH_KNOTS('',2,(#9112,#9113,#9114),.UNSPECIFIED.,.F.,
 .F.,(3,3),(0.,1.),.PIECEWISE_BEZIER_KNOTS.);
#302=B_SPLINE_CURVE_WITH_KNOTS('',2,(#9129,#9130,#9131),.UNSPECIFIED.,.F.,
 .F.,(3,3),(0.,1.),.PIECEWISE_BEZIER_KNOTS.);
#303=B_SPLINE_CURVE_WITH_KNOTS('',2,(#9135,#9136,#9137),.UNSPECIFIED.,.F.,
 .F.,(3,3),(0.,1.),.PIECEWISE_BEZIER_KNOTS.);
#304=B_SPLINE_CURVE_WITH_KNOTS('',2,(#9148,#9149,#9150),.UNSPECIFIED.,.F.,
 .F.,(3,3),(0.,1.),.PIECEWISE_BEZIER_KNOTS.);
#305=B_SPLINE_CURVE_WITH_KNOTS('',2,(#9163,#9164,#9165),.UNSPECIFIED.,.F.,
 .F.,(3,3),(0.,1.),.PIECEWISE_BEZIER_KNOTS.);
#306=B_SPLINE_CURVE_WITH_KNOTS('',2,(#9176,#9177,#9178),.UNSPECIFIED.,.F.,
 .F.,(3,3),(0.,1.),.PIECEWISE_BEZIER_KNOTS.);
#307=B_SPLINE_CURVE_WITH_KNOTS('',2,(#9193,#9194,#9195),.UNSPECIFIED.,.F.,
 .F.,(3,3),(0.,1.),.PIECEWISE_BEZIER_KNOTS.);
#308=B_SPLINE_CURVE_WITH_KNOTS('',2,(#9206,#9207,#9208),.UNSPECIFIED.,.F.,
 .F.,(3,3),(0.,1.),.PIECEWISE_BEZIER_KNOTS.);
#309=B_SPLINE_CURVE_WITH_KNOTS('',2,(#9223,#9224,#9225),.UNSPECIFIED.,.F.,
 .F.,(3,3),(0.,1.),.PIECEWISE_BEZIER_KNOTS.);
#310=B_SPLINE_CURVE_WITH_KNOTS('',2,(#9236,#9237,#9238),.UNSPECIFIED.,.F.,
 .F.,(3,3),(0.,1.),.PIECEWISE_BEZIER_KNOTS.);
#311=B_SPLINE_CURVE_WITH_KNOTS('',2,(#9249,#9250,#9251),.UNSPECIFIED.,.F.,
 .F.,(3,3),(0.,1.),.PIECEWISE_BEZIER_KNOTS.);
#312=B_SPLINE_CURVE_WITH_KNOTS('',2,(#9262,#9263,#9264),.UNSPECIFIED.,.F.,
 .F.,(3,3),(0.,1.),.PIECEWISE_BEZIER_KNOTS.);
#313=B_SPLINE_CURVE_WITH_KNOTS('',2,(#9279,#9280,#9281),.UNSPECIFIED.,.F.,
 .F.,(3,3),(0.,1.),.PIECEWISE_BEZIER_KNOTS.);
#314=B_SPLINE_CURVE_WITH_KNOTS('',2,(#9292,#9293,#9294),.UNSPECIFIED.,.F.,
 .F.,(3,3),(0.,1.),.PIECEWISE_BEZIER_KNOTS.);
#315=B_SPLINE_CURVE_WITH_KNOTS('',2,(#9307,#9308,#9309),.UNSPECIFIED.,.F.,
 .F.,(3,3),(0.,1.),.PIECEWISE_BEZIER_KNOTS.);
#316=B_SPLINE_CURVE_WITH_KNOTS('',2,(#9310,#9311,#9312),.UNSPECIFIED.,.F.,
 .F.,(3,3),(0.,1.),.PIECEWISE_BEZIER_KNOTS.);
#317=B_SPLINE_CURVE_WITH_KNOTS('',2,(#9321,#9322,#9323),.UNSPECIFIED.,.F.,
 .F.,(3,3),(0.,1.),.PIECEWISE_BEZIER_KNOTS.);
#318=B_SPLINE_CURVE_WITH_KNOTS('',2,(#9332,#9333,#9334),.UNSPECIFIED.,.F.,
 .F.,(3,3),(0.,1.),.PIECEWISE_BEZIER_KNOTS.);
#319=B_SPLINE_CURVE_WITH_KNOTS('',2,(#9335,#9336,#9337),.UNSPECIFIED.,.F.,
 .F.,(3,3),(0.,1.),.PIECEWISE_BEZIER_KNOTS.);
#320=LINE('',#6938,#807);
#321=LINE('',#6942,#808);
#322=LINE('',#6946,#809);
#323=LINE('',#6950,#810);
#324=LINE('',#6954,#811);
#325=LINE('',#6958,#812);
#326=LINE('',#6962,#813);
#327=LINE('',#6966,#814);
#328=LINE('',#6970,#815);
#329=LINE('',#6972,#816);
#330=LINE('',#6976,#817);
#331=LINE('',#6980,#818);
#332=LINE('',#6984,#819);
#333=LINE('',#6988,#820);
#334=LINE('',#6992,#821);
#335=LINE('',#6996,#822);
#336=LINE('',#7000,#823);
#337=LINE('',#7004,#824);
#338=LINE('',#7008,#825);
#339=LINE('',#7012,#826);
#340=LINE('',#7016,#827);
#341=LINE('',#7018,#828);
#342=LINE('',#7020,#829);
#343=LINE('',#7024,#830);
#344=LINE('',#7028,#831);
#345=LINE('',#7030,#832);
#346=LINE('',#7033,#833);
#347=LINE('',#7039,#834);
#348=LINE('',#7042,#835);
#349=LINE('',#7046,#836);
#350=LINE('',#7050,#837);
#351=LINE('',#7054,#838);
#352=LINE('',#7058,#839);
#353=LINE('',#7060,#840);
#354=LINE('',#7064,#841);
#355=LINE('',#7068,#842);
#356=LINE('',#7072,#843);
#357=LINE('',#7079,#844);
#358=LINE('',#7083,#845);
#359=LINE('',#7085,#846);
#360=LINE('',#7088,#847);
#361=LINE('',#7089,#848);
#362=LINE('',#7147,#849);
#363=LINE('',#7150,#850);
#364=LINE('',#7151,#851);
#365=LINE('',#7152,#852);
#366=LINE('',#7155,#853);
#367=LINE('',#7157,#854);
#368=LINE('',#7159,#855);
#369=LINE('',#7161,#856);
#370=LINE('',#7163,#857);
#371=LINE('',#7165,#858);
#372=LINE('',#7167,#859);
#373=LINE('',#7170,#860);
#374=LINE('',#7171,#861);
#375=LINE('',#7185,#862);
#376=LINE('',#7199,#863);
#377=LINE('',#7233,#864);
#378=LINE('',#7236,#865);
#379=LINE('',#7237,#866);
#380=LINE('',#7259,#867);
#381=LINE('',#7277,#868);
#382=LINE('',#7279,#869);
#383=LINE('',#7281,#870);
#384=LINE('',#7283,#871);
#385=LINE('',#7285,#872);
#386=LINE('',#7287,#873);
#387=LINE('',#7289,#874);
#388=LINE('',#7293,#875);
#389=LINE('',#7296,#876);
#390=LINE('',#7297,#877);
#391=LINE('',#7298,#878);
#392=LINE('',#7301,#879);
#393=LINE('',#7303,#880);
#394=LINE('',#7305,#881);
#395=LINE('',#7307,#882);
#396=LINE('',#7309,#883);
#397=LINE('',#7311,#884);
#398=LINE('',#7313,#885);
#399=LINE('',#7315,#886);
#400=LINE('',#7317,#887);
#401=LINE('',#7319,#888);
#402=LINE('',#7321,#889);
#403=LINE('',#7324,#890);
#404=LINE('',#7325,#891);
#405=LINE('',#7335,#892);
#406=LINE('',#7357,#893);
#407=LINE('',#7379,#894);
#408=LINE('',#7381,#895);
#409=LINE('',#7383,#896);
#410=LINE('',#7401,#897);
#411=LINE('',#7415,#898);
#412=LINE('',#7418,#899);
#413=LINE('',#7419,#900);
#414=LINE('',#7420,#901);
#415=LINE('',#7423,#902);
#416=LINE('',#7425,#903);
#417=LINE('',#7447,#904);
#418=LINE('',#7473,#905);
#419=LINE('',#7475,#906);
#420=LINE('',#7477,#907);
#421=LINE('',#7479,#908);
#422=LINE('',#7481,#909);
#423=LINE('',#7484,#910);
#424=LINE('',#7485,#911);
#425=LINE('',#7486,#912);
#426=LINE('',#7489,#913);
#427=LINE('',#7491,#914);
#428=LINE('',#7493,#915);
#429=LINE('',#7497,#916);
#430=LINE('',#7499,#917);
#431=LINE('',#7501,#918);
#432=LINE('',#7503,#919);
#433=LINE('',#7505,#920);
#434=LINE('',#7510,#921);
#435=LINE('',#7514,#922);
#436=LINE('',#7519,#923);
#437=LINE('',#7520,#924);
#438=LINE('',#7522,#925);
#439=LINE('',#7524,#926);
#440=LINE('',#7526,#927);
#441=LINE('',#7533,#928);
#442=LINE('',#7534,#929);
#443=LINE('',#7538,#930);
#444=LINE('',#7540,#931);
#445=LINE('',#7542,#932);
#446=LINE('',#7543,#933);
#447=LINE('',#7545,#934);
#448=LINE('',#7549,#935);
#449=LINE('',#7551,#936);
#450=LINE('',#7553,#937);
#451=LINE('',#7557,#938);
#452=LINE('',#7559,#939);
#453=LINE('',#7561,#940);
#454=LINE('',#7563,#941);
#455=LINE('',#7570,#942);
#456=LINE('',#7571,#943);
#457=LINE('',#7573,#944);
#458=LINE('',#7575,#945);
#459=LINE('',#7579,#946);
#460=LINE('',#7597,#947);
#461=LINE('',#7599,#948);
#462=LINE('',#7601,#949);
#463=LINE('',#7603,#950);
#464=LINE('',#7604,#951);
#465=LINE('',#7606,#952);
#466=LINE('',#7608,#953);
#467=LINE('',#7610,#954);
#468=LINE('',#7612,#955);
#469=LINE('',#7614,#956);
#470=LINE('',#7616,#957);
#471=LINE('',#7618,#958);
#472=LINE('',#7620,#959);
#473=LINE('',#7622,#960);
#474=LINE('',#7624,#961);
#475=LINE('',#7626,#962);
#476=LINE('',#7628,#963);
#477=LINE('',#7630,#964);
#478=LINE('',#7632,#965);
#479=LINE('',#7647,#966);
#480=LINE('',#7649,#967);
#481=LINE('',#7651,#968);
#482=LINE('',#7653,#969);
#483=LINE('',#7655,#970);
#484=LINE('',#7657,#971);
#485=LINE('',#7659,#972);
#486=LINE('',#7661,#973);
#487=LINE('',#7663,#974);
#488=LINE('',#7665,#975);
#489=LINE('',#7667,#976);
#490=LINE('',#7669,#977);
#491=LINE('',#7671,#978);
#492=LINE('',#7673,#979);
#493=LINE('',#7675,#980);
#494=LINE('',#7677,#981);
#495=LINE('',#7679,#982);
#496=LINE('',#7681,#983);
#497=LINE('',#7683,#984);
#498=LINE('',#7685,#985);
#499=LINE('',#7687,#986);
#500=LINE('',#7689,#987);
#501=LINE('',#7691,#988);
#502=LINE('',#7693,#989);
#503=LINE('',#7695,#990);
#504=LINE('',#7697,#991);
#505=LINE('',#7699,#992);
#506=LINE('',#7701,#993);
#507=LINE('',#7703,#994);
#508=LINE('',#7705,#995);
#509=LINE('',#7707,#996);
#510=LINE('',#7709,#997);
#511=LINE('',#7711,#998);
#512=LINE('',#7715,#999);
#513=LINE('',#7717,#1000);
#514=LINE('',#7719,#1001);
#515=LINE('',#7721,#1002);
#516=LINE('',#7767,#1003);
#517=LINE('',#7768,#1004);
#518=LINE('',#7770,#1005);
#519=LINE('',#7771,#1006);
#520=LINE('',#7788,#1007);
#521=LINE('',#7789,#1008);
#522=LINE('',#7791,#1009);
#523=LINE('',#7792,#1010);
#524=LINE('',#7794,#1011);
#525=LINE('',#7795,#1012);
#526=LINE('',#7797,#1013);
#527=LINE('',#7798,#1014);
#528=LINE('',#7800,#1015);
#529=LINE('',#7801,#1016);
#530=LINE('',#7803,#1017);
#531=LINE('',#7805,#1018);
#532=LINE('',#7813,#1019);
#533=LINE('',#7816,#1020);
#534=LINE('',#7818,#1021);
#535=LINE('',#7820,#1022);
#536=LINE('',#7822,#1023);
#537=LINE('',#7824,#1024);
#538=LINE('',#7826,#1025);
#539=LINE('',#7828,#1026);
#540=LINE('',#7830,#1027);
#541=LINE('',#7832,#1028);
#542=LINE('',#7834,#1029);
#543=LINE('',#7836,#1030);
#544=LINE('',#7838,#1031);
#545=LINE('',#7841,#1032);
#546=LINE('',#7842,#1033);
#547=LINE('',#7844,#1034);
#548=LINE('',#7846,#1035);
#549=LINE('',#7848,#1036);
#550=LINE('',#7850,#1037);
#551=LINE('',#7852,#1038);
#552=LINE('',#7854,#1039);
#553=LINE('',#7855,#1040);
#554=LINE('',#7857,#1041);
#555=LINE('',#7859,#1042);
#556=LINE('',#7861,#1043);
#557=LINE('',#7864,#1044);
#558=LINE('',#7867,#1045);
#559=LINE('',#7869,#1046);
#560=LINE('',#7871,#1047);
#561=LINE('',#7873,#1048);
#562=LINE('',#7875,#1049);
#563=LINE('',#7877,#1050);
#564=LINE('',#7879,#1051);
#565=LINE('',#7881,#1052);
#566=LINE('',#7883,#1053);
#567=LINE('',#7885,#1054);
#568=LINE('',#7887,#1055);
#569=LINE('',#7889,#1056);
#570=LINE('',#7892,#1057);
#571=LINE('',#7893,#1058);
#572=LINE('',#7895,#1059);
#573=LINE('',#7897,#1060);
#574=LINE('',#7899,#1061);
#575=LINE('',#7901,#1062);
#576=LINE('',#7903,#1063);
#577=LINE('',#7905,#1064);
#578=LINE('',#7906,#1065);
#579=LINE('',#7908,#1066);
#580=LINE('',#7910,#1067);
#581=LINE('',#7912,#1068);
#582=LINE('',#7915,#1069);
#583=LINE('',#7918,#1070);
#584=LINE('',#7921,#1071);
#585=LINE('',#7924,#1072);
#586=LINE('',#7929,#1073);
#587=LINE('',#7931,#1074);
#588=LINE('',#7933,#1075);
#589=LINE('',#7935,#1076);
#590=LINE('',#7937,#1077);
#591=LINE('',#7939,#1078);
#592=LINE('',#7941,#1079);
#593=LINE('',#7943,#1080);
#594=LINE('',#7945,#1081);
#595=LINE('',#7947,#1082);
#596=LINE('',#7949,#1083);
#597=LINE('',#7951,#1084);
#598=LINE('',#7953,#1085);
#599=LINE('',#7955,#1086);
#600=LINE('',#7959,#1087);
#601=LINE('',#7961,#1088);
#602=LINE('',#7963,#1089);
#603=LINE('',#7965,#1090);
#604=LINE('',#7967,#1091);
#605=LINE('',#7970,#1092);
#606=LINE('',#7972,#1093);
#607=LINE('',#7974,#1094);
#608=LINE('',#7976,#1095);
#609=LINE('',#7978,#1096);
#610=LINE('',#7980,#1097);
#611=LINE('',#7982,#1098);
#612=LINE('',#7984,#1099);
#613=LINE('',#7986,#1100);
#614=LINE('',#7988,#1101);
#615=LINE('',#7990,#1102);
#616=LINE('',#7999,#1103);
#617=LINE('',#8005,#1104);
#618=LINE('',#8009,#1105);
#619=LINE('',#8013,#1106);
#620=LINE('',#8017,#1107);
#621=LINE('',#8028,#1108);
#622=LINE('',#8034,#1109);
#623=LINE('',#8038,#1110);
#624=LINE('',#8049,#1111);
#625=LINE('',#8055,#1112);
#626=LINE('',#8057,#1113);
#627=LINE('',#8059,#1114);
#628=LINE('',#8063,#1115);
#629=LINE('',#8074,#1116);
#630=LINE('',#8087,#1117);
#631=LINE('',#8093,#1118);
#632=LINE('',#8097,#1119);
#633=LINE('',#8108,#1120);
#634=LINE('',#8114,#1121);
#635=LINE('',#8116,#1122);
#636=LINE('',#8118,#1123);
#637=LINE('',#8128,#1124);
#638=LINE('',#8134,#1125);
#639=LINE('',#8143,#1126);
#640=LINE('',#8156,#1127);
#641=LINE('',#8169,#1128);
#642=LINE('',#8175,#1129);
#643=LINE('',#8177,#1130);
#644=LINE('',#8179,#1131);
#645=LINE('',#8183,#1132);
#646=LINE('',#8194,#1133);
#647=LINE('',#8207,#1134);
#648=LINE('',#8220,#1135);
#649=LINE('',#8226,#1136);
#650=LINE('',#8228,#1137);
#651=LINE('',#8230,#1138);
#652=LINE('',#8232,#1139);
#653=LINE('',#8234,#1140);
#654=LINE('',#8236,#1141);
#655=LINE('',#8245,#1142);
#656=LINE('',#8258,#1143);
#657=LINE('',#8271,#1144);
#658=LINE('',#8284,#1145);
#659=LINE('',#8290,#1146);
#660=LINE('',#8294,#1147);
#661=LINE('',#8298,#1148);
#662=LINE('',#8300,#1149);
#663=LINE('',#8309,#1150);
#664=LINE('',#8322,#1151);
#665=LINE('',#8335,#1152);
#666=LINE('',#8348,#1153);
#667=LINE('',#8361,#1154);
#668=LINE('',#8367,#1155);
#669=LINE('',#8369,#1156);
#670=LINE('',#8383,#1157);
#671=LINE('',#8386,#1158);
#672=LINE('',#8388,#1159);
#673=LINE('',#8390,#1160);
#674=LINE('',#8392,#1161);
#675=LINE('',#8394,#1162);
#676=LINE('',#8396,#1163);
#677=LINE('',#8398,#1164);
#678=LINE('',#8400,#1165);
#679=LINE('',#8402,#1166);
#680=LINE('',#8406,#1167);
#681=LINE('',#8410,#1168);
#682=LINE('',#8412,#1169);
#683=LINE('',#8414,#1170);
#684=LINE('',#8418,#1171);
#685=LINE('',#8422,#1172);
#686=LINE('',#8424,#1173);
#687=LINE('',#8426,#1174);
#688=LINE('',#8428,#1175);
#689=LINE('',#8430,#1176);
#690=LINE('',#8432,#1177);
#691=LINE('',#8434,#1178);
#692=LINE('',#8436,#1179);
#693=LINE('',#8438,#1180);
#694=LINE('',#8440,#1181);
#695=LINE('',#8442,#1182);
#696=LINE('',#8444,#1183);
#697=LINE('',#8446,#1184);
#698=LINE('',#8448,#1185);
#699=LINE('',#8450,#1186);
#700=LINE('',#8452,#1187);
#701=LINE('',#8454,#1188);
#702=LINE('',#8456,#1189);
#703=LINE('',#8458,#1190);
#704=LINE('',#8460,#1191);
#705=LINE('',#8462,#1192);
#706=LINE('',#8464,#1193);
#707=LINE('',#8478,#1194);
#708=LINE('',#8484,#1195);
#709=LINE('',#8486,#1196);
#710=LINE('',#8490,#1197);
#711=LINE('',#8492,#1198);
#712=LINE('',#8494,#1199);
#713=LINE('',#8496,#1200);
#714=LINE('',#8498,#1201);
#715=LINE('',#8500,#1202);
#716=LINE('',#8502,#1203);
#717=LINE('',#8504,#1204);
#718=LINE('',#8506,#1205);
#719=LINE('',#8508,#1206);
#720=LINE('',#8510,#1207);
#721=LINE('',#8512,#1208);
#722=LINE('',#8514,#1209);
#723=LINE('',#8516,#1210);
#724=LINE('',#8518,#1211);
#725=LINE('',#8522,#1212);
#726=LINE('',#8533,#1213);
#727=LINE('',#8546,#1214);
#728=LINE('',#8552,#1215);
#729=LINE('',#8556,#1216);
#730=LINE('',#8560,#1217);
#731=LINE('',#8562,#1218);
#732=LINE('',#8571,#1219);
#733=LINE('',#8584,#1220);
#734=LINE('',#8597,#1221);
#735=LINE('',#8627,#1222);
#736=LINE('',#8633,#1223);
#737=LINE('',#8646,#1224);
#738=LINE('',#8663,#1225);
#739=LINE('',#8680,#1226);
#740=LINE('',#8688,#1227);
#741=LINE('',#8703,#1228);
#742=LINE('',#8720,#1229);
#743=LINE('',#8733,#1230);
#744=LINE('',#8739,#1231);
#745=LINE('',#8748,#1232);
#746=LINE('',#8761,#1233);
#747=LINE('',#8774,#1234);
#748=LINE('',#8787,#1235);
#749=LINE('',#8800,#1236);
#750=LINE('',#8813,#1237);
#751=LINE('',#8826,#1238);
#752=LINE('',#8839,#1239);
#753=LINE('',#8845,#1240);
#754=LINE('',#8847,#1241);
#755=LINE('',#8856,#1242);
#756=LINE('',#8862,#1243);
#757=LINE('',#8873,#1244);
#758=LINE('',#8879,#1245);
#759=LINE('',#8883,#1246);
#760=LINE('',#8885,#1247);
#761=LINE('',#8894,#1248);
#762=LINE('',#8927,#1249);
#763=LINE('',#8929,#1250);
#764=LINE('',#8931,#1251);
#765=LINE('',#8933,#1252);
#766=LINE('',#8935,#1253);
#767=LINE('',#8937,#1254);
#768=LINE('',#8939,#1255);
#769=LINE('',#8941,#1256);
#770=LINE('',#8943,#1257);
#771=LINE('',#8945,#1258);
#772=LINE('',#8947,#1259);
#773=LINE('',#8949,#1260);
#774=LINE('',#8951,#1261);
#775=LINE('',#8953,#1262);
#776=LINE('',#8968,#1263);
#777=LINE('',#8974,#1264);
#778=LINE('',#8987,#1265);
#779=LINE('',#8995,#1266);
#780=LINE('',#9001,#1267);
#781=LINE('',#9016,#1268);
#782=LINE('',#9033,#1269);
#783=LINE('',#9041,#1270);
#784=LINE('',#9057,#1271);
#785=LINE('',#9063,#1272);
#786=LINE('',#9076,#1273);
#787=LINE('',#9093,#1274);
#788=LINE('',#9110,#1275);
#789=LINE('',#9118,#1276);
#790=LINE('',#9133,#1277);
#791=LINE('',#9146,#1278);
#792=LINE('',#9152,#1279);
#793=LINE('',#9161,#1280);
#794=LINE('',#9174,#1281);
#795=LINE('',#9180,#1282);
#796=LINE('',#9191,#1283);
#797=LINE('',#9204,#1284);
#798=LINE('',#9210,#1285);
#799=LINE('',#9221,#1286);
#800=LINE('',#9234,#1287);
#801=LINE('',#9247,#1288);
#802=LINE('',#9260,#1289);
#803=LINE('',#9266,#1290);
#804=LINE('',#9277,#1291);
#805=LINE('',#9290,#1292);
#806=LINE('',#9296,#1293);
#807=VECTOR('',#5726,1.);
#808=VECTOR('',#5729,1.);
#809=VECTOR('',#5732,1.);
#810=VECTOR('',#5735,1.);
#811=VECTOR('',#5738,1.);
#812=VECTOR('',#5741,1.);
#813=VECTOR('',#5744,1.);
#814=VECTOR('',#5747,1.);
#815=VECTOR('',#5750,1.);
#816=VECTOR('',#5751,1.);
#817=VECTOR('',#5754,1.);
#818=VECTOR('',#5757,1.);
#819=VECTOR('',#5760,1.);
#820=VECTOR('',#5763,1.);
#821=VECTOR('',#5766,1.);
#822=VECTOR('',#5769,1.);
#823=VECTOR('',#5772,1.);
#824=VECTOR('',#5775,1.);
#825=VECTOR('',#5778,1.);
#826=VECTOR('',#5781,1.);
#827=VECTOR('',#5784,1.);
#828=VECTOR('',#5785,1.);
#829=VECTOR('',#5786,1.);
#830=VECTOR('',#5789,1.);
#831=VECTOR('',#5792,1.);
#832=VECTOR('',#5795,1.);
#833=VECTOR('',#5796,1.);
#834=VECTOR('',#5803,1.);
#835=VECTOR('',#5804,1.);
#836=VECTOR('',#5807,1.);
#837=VECTOR('',#5810,1.);
#838=VECTOR('',#5813,1.);
#839=VECTOR('',#5816,1.);
#840=VECTOR('',#5817,1.);
#841=VECTOR('',#5820,1.);
#842=VECTOR('',#5823,1.);
#843=VECTOR('',#5826,1.);
#844=VECTOR('',#5833,1.);
#845=VECTOR('',#5836,1.);
#846=VECTOR('',#5839,1.);
#847=VECTOR('',#5840,1.);
#848=VECTOR('',#5841,1.);
#849=VECTOR('',#5852,1.);
#850=VECTOR('',#5853,1.);
#851=VECTOR('',#5854,1.);
#852=VECTOR('',#5855,1.);
#853=VECTOR('',#5856,1.);
#854=VECTOR('',#5857,1.);
#855=VECTOR('',#5858,1.);
#856=VECTOR('',#5859,1.);
#857=VECTOR('',#5860,1.);
#858=VECTOR('',#5861,1.);
#859=VECTOR('',#5864,1.);
#860=VECTOR('',#5865,1.);
#861=VECTOR('',#5866,1.);
#862=VECTOR('',#5867,1.);
#863=VECTOR('',#5872,1.);
#864=VECTOR('',#5875,1.);
#865=VECTOR('',#5876,1.);
#866=VECTOR('',#5877,1.);
#867=VECTOR('',#5878,1.);
#868=VECTOR('',#5887,1.);
#869=VECTOR('',#5888,1.);
#870=VECTOR('',#5889,1.);
#871=VECTOR('',#5890,1.);
#872=VECTOR('',#5891,1.);
#873=VECTOR('',#5892,1.);
#874=VECTOR('',#5893,1.);
#875=VECTOR('',#5898,1.);
#876=VECTOR('',#5899,1.);
#877=VECTOR('',#5900,1.);
#878=VECTOR('',#5901,1.);
#879=VECTOR('',#5902,1.);
#880=VECTOR('',#5903,1.);
#881=VECTOR('',#5904,1.);
#882=VECTOR('',#5905,1.);
#883=VECTOR('',#5906,1.);
#884=VECTOR('',#5907,1.);
#885=VECTOR('',#5908,1.);
#886=VECTOR('',#5909,1.);
#887=VECTOR('',#5910,1.);
#888=VECTOR('',#5911,1.);
#889=VECTOR('',#5914,1.);
#890=VECTOR('',#5915,1.);
#891=VECTOR('',#5916,1.);
#892=VECTOR('',#5917,1.);
#893=VECTOR('',#5918,1.);
#894=VECTOR('',#5923,1.);
#895=VECTOR('',#5924,1.);
#896=VECTOR('',#5925,1.);
#897=VECTOR('',#5930,1.);
#898=VECTOR('',#5933,1.);
#899=VECTOR('',#5934,1.);
#900=VECTOR('',#5935,1.);
#901=VECTOR('',#5936,1.);
#902=VECTOR('',#5937,1.);
#903=VECTOR('',#5938,1.);
#904=VECTOR('',#5947,1.);
#905=VECTOR('',#5960,1.);
#906=VECTOR('',#5961,1.);
#907=VECTOR('',#5962,1.);
#908=VECTOR('',#5963,1.);
#909=VECTOR('',#5966,1.);
#910=VECTOR('',#5967,1.);
#911=VECTOR('',#5968,1.);
#912=VECTOR('',#5969,1.);
#913=VECTOR('',#5970,1.);
#914=VECTOR('',#5971,1.);
#915=VECTOR('',#5972,1.);
#916=VECTOR('',#5975,1.);
#917=VECTOR('',#5976,1.);
#918=VECTOR('',#5977,1.);
#919=VECTOR('',#5978,1.);
#920=VECTOR('',#5979,1.);
#921=VECTOR('',#5984,1.);
#922=VECTOR('',#5987,1.);
#923=VECTOR('',#5992,1.);
#924=VECTOR('',#5993,1.);
#925=VECTOR('',#5996,1.);
#926=VECTOR('',#5997,1.);
#927=VECTOR('',#6000,1.);
#928=VECTOR('',#6007,1.);
#929=VECTOR('',#6008,1.);
#930=VECTOR('',#6011,1.);
#931=VECTOR('',#6014,1.);
#932=VECTOR('',#6015,1.);
#933=VECTOR('',#6016,1.);
#934=VECTOR('',#6017,1.);
#935=VECTOR('',#6022,1.);
#936=VECTOR('',#6025,1.);
#937=VECTOR('',#6026,1.);
#938=VECTOR('',#6031,1.);
#939=VECTOR('',#6034,1.);
#940=VECTOR('',#6035,1.);
#941=VECTOR('',#6038,1.);
#942=VECTOR('',#6045,1.);
#943=VECTOR('',#6046,1.);
#944=VECTOR('',#6049,1.);
#945=VECTOR('',#6050,1.);
#946=VECTOR('',#6055,1.);
#947=VECTOR('',#6090,1.);
#948=VECTOR('',#6093,1.);
#949=VECTOR('',#6094,1.);
#950=VECTOR('',#6095,1.);
#951=VECTOR('',#6096,1.);
#952=VECTOR('',#6097,1.);
#953=VECTOR('',#6098,1.);
#954=VECTOR('',#6101,1.);
#955=VECTOR('',#6102,1.);
#956=VECTOR('',#6103,1.);
#957=VECTOR('',#6106,1.);
#958=VECTOR('',#6107,1.);
#959=VECTOR('',#6108,1.);
#960=VECTOR('',#6111,1.);
#961=VECTOR('',#6112,1.);
#962=VECTOR('',#6113,1.);
#963=VECTOR('',#6116,1.);
#964=VECTOR('',#6117,1.);
#965=VECTOR('',#6118,1.);
#966=VECTOR('',#6129,1.);
#967=VECTOR('',#6130,1.);
#968=VECTOR('',#6131,1.);
#969=VECTOR('',#6134,1.);
#970=VECTOR('',#6135,1.);
#971=VECTOR('',#6136,1.);
#972=VECTOR('',#6139,1.);
#973=VECTOR('',#6140,1.);
#974=VECTOR('',#6141,1.);
#975=VECTOR('',#6144,1.);
#976=VECTOR('',#6145,1.);
#977=VECTOR('',#6146,1.);
#978=VECTOR('',#6149,1.);
#979=VECTOR('',#6150,1.);
#980=VECTOR('',#6151,1.);
#981=VECTOR('',#6154,1.);
#982=VECTOR('',#6155,1.);
#983=VECTOR('',#6156,1.);
#984=VECTOR('',#6159,1.);
#985=VECTOR('',#6160,1.);
#986=VECTOR('',#6161,1.);
#987=VECTOR('',#6164,1.);
#988=VECTOR('',#6165,1.);
#989=VECTOR('',#6166,1.);
#990=VECTOR('',#6169,1.);
#991=VECTOR('',#6170,1.);
#992=VECTOR('',#6171,1.);
#993=VECTOR('',#6174,1.);
#994=VECTOR('',#6175,1.);
#995=VECTOR('',#6176,1.);
#996=VECTOR('',#6179,1.);
#997=VECTOR('',#6180,1.);
#998=VECTOR('',#6181,1.);
#999=VECTOR('',#6186,1.);
#1000=VECTOR('',#6187,1.);
#1001=VECTOR('',#6190,1.);
#1002=VECTOR('',#6191,1.);
#1003=VECTOR('',#6244,1.);
#1004=VECTOR('',#6245,1.);
#1005=VECTOR('',#6248,1.);
#1006=VECTOR('',#6249,1.);
#1007=VECTOR('',#6264,1.);
#1008=VECTOR('',#6265,1.);
#1009=VECTOR('',#6268,1.);
#1010=VECTOR('',#6269,1.);
#1011=VECTOR('',#6272,1.);
#1012=VECTOR('',#6273,1.);
#1013=VECTOR('',#6276,1.);
#1014=VECTOR('',#6277,1.);
#1015=VECTOR('',#6280,1.);
#1016=VECTOR('',#6281,1.);
#1017=VECTOR('',#6284,1.);
#1018=VECTOR('',#6287,1.);
#1019=VECTOR('',#6302,1.);
#1020=VECTOR('',#6303,1.);
#1021=VECTOR('',#6304,1.);
#1022=VECTOR('',#6305,1.);
#1023=VECTOR('',#6308,1.);
#1024=VECTOR('',#6309,1.);
#1025=VECTOR('',#6310,1.);
#1026=VECTOR('',#6311,1.);
#1027=VECTOR('',#6312,1.);
#1028=VECTOR('',#6313,1.);
#1029=VECTOR('',#6314,1.);
#1030=VECTOR('',#6315,1.);
#1031=VECTOR('',#6318,1.);
#1032=VECTOR('',#6319,1.);
#1033=VECTOR('',#6320,1.);
#1034=VECTOR('',#6321,1.);
#1035=VECTOR('',#6322,1.);
#1036=VECTOR('',#6323,1.);
#1037=VECTOR('',#6324,1.);
#1038=VECTOR('',#6325,1.);
#1039=VECTOR('',#6328,1.);
#1040=VECTOR('',#6329,1.);
#1041=VECTOR('',#6332,1.);
#1042=VECTOR('',#6335,1.);
#1043=VECTOR('',#6338,1.);
#1044=VECTOR('',#6343,1.);
#1045=VECTOR('',#6344,1.);
#1046=VECTOR('',#6345,1.);
#1047=VECTOR('',#6346,1.);
#1048=VECTOR('',#6349,1.);
#1049=VECTOR('',#6350,1.);
#1050=VECTOR('',#6351,1.);
#1051=VECTOR('',#6352,1.);
#1052=VECTOR('',#6353,1.);
#1053=VECTOR('',#6354,1.);
#1054=VECTOR('',#6355,1.);
#1055=VECTOR('',#6356,1.);
#1056=VECTOR('',#6359,1.);
#1057=VECTOR('',#6360,1.);
#1058=VECTOR('',#6361,1.);
#1059=VECTOR('',#6362,1.);
#1060=VECTOR('',#6363,1.);
#1061=VECTOR('',#6364,1.);
#1062=VECTOR('',#6365,1.);
#1063=VECTOR('',#6366,1.);
#1064=VECTOR('',#6369,1.);
#1065=VECTOR('',#6370,1.);
#1066=VECTOR('',#6373,1.);
#1067=VECTOR('',#6376,1.);
#1068=VECTOR('',#6379,1.);
#1069=VECTOR('',#6384,1.);
#1070=VECTOR('',#6389,1.);
#1071=VECTOR('',#6394,1.);
#1072=VECTOR('',#6399,1.);
#1073=VECTOR('',#6408,1.);
#1074=VECTOR('',#6409,1.);
#1075=VECTOR('',#6410,1.);
#1076=VECTOR('',#6413,1.);
#1077=VECTOR('',#6414,1.);
#1078=VECTOR('',#6417,1.);
#1079=VECTOR('',#6418,1.);
#1080=VECTOR('',#6421,1.);
#1081=VECTOR('',#6422,1.);
#1082=VECTOR('',#6425,1.);
#1083=VECTOR('',#6426,1.);
#1084=VECTOR('',#6429,1.);
#1085=VECTOR('',#6430,1.);
#1086=VECTOR('',#6433,1.);
#1087=VECTOR('',#6438,1.);
#1088=VECTOR('',#6439,1.);
#1089=VECTOR('',#6442,1.);
#1090=VECTOR('',#6443,1.);
#1091=VECTOR('',#6446,1.);
#1092=VECTOR('',#6451,1.);
#1093=VECTOR('',#6452,1.);
#1094=VECTOR('',#6453,1.);
#1095=VECTOR('',#6456,1.);
#1096=VECTOR('',#6457,1.);
#1097=VECTOR('',#6460,1.);
#1098=VECTOR('',#6461,1.);
#1099=VECTOR('',#6464,1.);
#1100=VECTOR('',#6465,1.);
#1101=VECTOR('',#6468,1.);
#1102=VECTOR('',#6469,1.);
#1103=VECTOR('',#6470,1.);
#1104=VECTOR('',#6473,1.);
#1105=VECTOR('',#6478,1.);
#1106=VECTOR('',#6483,1.);
#1107=VECTOR('',#6488,1.);
#1108=VECTOR('',#6491,1.);
#1109=VECTOR('',#6494,1.);
#1110=VECTOR('',#6499,1.);
#1111=VECTOR('',#6502,1.);
#1112=VECTOR('',#6505,1.);
#1113=VECTOR('',#6506,1.);
#1114=VECTOR('',#6509,1.);
#1115=VECTOR('',#6514,1.);
#1116=VECTOR('',#6517,1.);
#1117=VECTOR('',#6518,1.);
#1118=VECTOR('',#6521,1.);
#1119=VECTOR('',#6526,1.);
#1120=VECTOR('',#6529,1.);
#1121=VECTOR('',#6532,1.);
#1122=VECTOR('',#6533,1.);
#1123=VECTOR('',#6536,1.);
#1124=VECTOR('',#6539,1.);
#1125=VECTOR('',#6540,1.);
#1126=VECTOR('',#6541,1.);
#1127=VECTOR('',#6542,1.);
#1128=VECTOR('',#6543,1.);
#1129=VECTOR('',#6546,1.);
#1130=VECTOR('',#6547,1.);
#1131=VECTOR('',#6550,1.);
#1132=VECTOR('',#6555,1.);
#1133=VECTOR('',#6558,1.);
#1134=VECTOR('',#6559,1.);
#1135=VECTOR('',#6560,1.);
#1136=VECTOR('',#6563,1.);
#1137=VECTOR('',#6564,1.);
#1138=VECTOR('',#6567,1.);
#1139=VECTOR('',#6568,1.);
#1140=VECTOR('',#6571,1.);
#1141=VECTOR('',#6572,1.);
#1142=VECTOR('',#6573,1.);
#1143=VECTOR('',#6574,1.);
#1144=VECTOR('',#6575,1.);
#1145=VECTOR('',#6576,1.);
#1146=VECTOR('',#6579,1.);
#1147=VECTOR('',#6584,1.);
#1148=VECTOR('',#6589,1.);
#1149=VECTOR('',#6590,1.);
#1150=VECTOR('',#6591,1.);
#1151=VECTOR('',#6592,1.);
#1152=VECTOR('',#6593,1.);
#1153=VECTOR('',#6594,1.);
#1154=VECTOR('',#6595,1.);
#1155=VECTOR('',#6598,1.);
#1156=VECTOR('',#6599,1.);
#1157=VECTOR('',#6604,1.);
#1158=VECTOR('',#6605,1.);
#1159=VECTOR('',#6606,1.);
#1160=VECTOR('',#6607,1.);
#1161=VECTOR('',#6610,1.);
#1162=VECTOR('',#6611,1.);
#1163=VECTOR('',#6612,1.);
#1164=VECTOR('',#6615,1.);
#1165=VECTOR('',#6616,1.);
#1166=VECTOR('',#6617,1.);
#1167=VECTOR('',#6622,1.);
#1168=VECTOR('',#6627,1.);
#1169=VECTOR('',#6628,1.);
#1170=VECTOR('',#6629,1.);
#1171=VECTOR('',#6634,1.);
#1172=VECTOR('',#6639,1.);
#1173=VECTOR('',#6640,1.);
#1174=VECTOR('',#6641,1.);
#1175=VECTOR('',#6644,1.);
#1176=VECTOR('',#6645,1.);
#1177=VECTOR('',#6648,1.);
#1178=VECTOR('',#6649,1.);
#1179=VECTOR('',#6652,1.);
#1180=VECTOR('',#6653,1.);
#1181=VECTOR('',#6656,1.);
#1182=VECTOR('',#6657,1.);
#1183=VECTOR('',#6660,1.);
#1184=VECTOR('',#6661,1.);
#1185=VECTOR('',#6664,1.);
#1186=VECTOR('',#6665,1.);
#1187=VECTOR('',#6668,1.);
#1188=VECTOR('',#6669,1.);
#1189=VECTOR('',#6672,1.);
#1190=VECTOR('',#6673,1.);
#1191=VECTOR('',#6676,1.);
#1192=VECTOR('',#6677,1.);
#1193=VECTOR('',#6680,1.);
#1194=VECTOR('',#6691,1.);
#1195=VECTOR('',#6692,1.);
#1196=VECTOR('',#6695,1.);
#1197=VECTOR('',#6700,1.);
#1198=VECTOR('',#6701,1.);
#1199=VECTOR('',#6704,1.);
#1200=VECTOR('',#6705,1.);
#1201=VECTOR('',#6708,1.);
#1202=VECTOR('',#6709,1.);
#1203=VECTOR('',#6712,1.);
#1204=VECTOR('',#6713,1.);
#1205=VECTOR('',#6716,1.);
#1206=VECTOR('',#6717,1.);
#1207=VECTOR('',#6720,1.);
#1208=VECTOR('',#6721,1.);
#1209=VECTOR('',#6724,1.);
#1210=VECTOR('',#6725,1.);
#1211=VECTOR('',#6728,1.);
#1212=VECTOR('',#6733,1.);
#1213=VECTOR('',#6736,1.);
#1214=VECTOR('',#6737,1.);
#1215=VECTOR('',#6740,1.);
#1216=VECTOR('',#6745,1.);
#1217=VECTOR('',#6750,1.);
#1218=VECTOR('',#6751,1.);
#1219=VECTOR('',#6752,1.);
#1220=VECTOR('',#6753,1.);
#1221=VECTOR('',#6754,1.);
#1222=VECTOR('',#6757,1.);
#1223=VECTOR('',#6758,1.);
#1224=VECTOR('',#6759,1.);
#1225=VECTOR('',#6760,1.);
#1226=VECTOR('',#6761,1.);
#1227=VECTOR('',#6766,1.);
#1228=VECTOR('',#6769,1.);
#1229=VECTOR('',#6770,1.);
#1230=VECTOR('',#6771,1.);
#1231=VECTOR('',#6772,1.);
#1232=VECTOR('',#6773,1.);
#1233=VECTOR('',#6774,1.);
#1234=VECTOR('',#6775,1.);
#1235=VECTOR('',#6776,1.);
#1236=VECTOR('',#6777,1.);
#1237=VECTOR('',#6778,1.);
#1238=VECTOR('',#6779,1.);
#1239=VECTOR('',#6780,1.);
#1240=VECTOR('',#6783,1.);
#1241=VECTOR('',#6784,1.);
#1242=VECTOR('',#6785,1.);
#1243=VECTOR('',#6788,1.);
#1244=VECTOR('',#6791,1.);
#1245=VECTOR('',#6794,1.);
#1246=VECTOR('',#6799,1.);
#1247=VECTOR('',#6800,1.);
#1248=VECTOR('',#6801,1.);
#1249=VECTOR('',#6808,1.);
#1250=VECTOR('',#6809,1.);
#1251=VECTOR('',#6810,1.);
#1252=VECTOR('',#6813,1.);
#1253=VECTOR('',#6814,1.);
#1254=VECTOR('',#6817,1.);
#1255=VECTOR('',#6818,1.);
#1256=VECTOR('',#6821,1.);
#1257=VECTOR('',#6822,1.);
#1258=VECTOR('',#6825,1.);
#1259=VECTOR('',#6826,1.);
#1260=VECTOR('',#6829,1.);
#1261=VECTOR('',#6830,1.);
#1262=VECTOR('',#6833,1.);
#1263=VECTOR('',#6836,1.);
#1264=VECTOR('',#6837,1.);
#1265=VECTOR('',#6838,1.);
#1266=VECTOR('',#6843,1.);
#1267=VECTOR('',#6850,1.);
#1268=VECTOR('',#6853,1.);
#1269=VECTOR('',#6854,1.);
#1270=VECTOR('',#6859,1.);
#1271=VECTOR('',#6862,1.);
#1272=VECTOR('',#6863,1.);
#1273=VECTOR('',#6864,1.);
#1274=VECTOR('',#6865,1.);
#1275=VECTOR('',#6866,1.);
#1276=VECTOR('',#6871,1.);
#1277=VECTOR('',#6874,1.);
#1278=VECTOR('',#6875,1.);
#1279=VECTOR('',#6876,1.);
#1280=VECTOR('',#6877,1.);
#1281=VECTOR('',#6878,1.);
#1282=VECTOR('',#6881,1.);
#1283=VECTOR('',#6884,1.);
#1284=VECTOR('',#6885,1.);
#1285=VECTOR('',#6888,1.);
#1286=VECTOR('',#6891,1.);
#1287=VECTOR('',#6892,1.);
#1288=VECTOR('',#6893,1.);
#1289=VECTOR('',#6894,1.);
#1290=VECTOR('',#6897,1.);
#1291=VECTOR('',#6900,1.);
#1292=VECTOR('',#6901,1.);
#1293=VECTOR('',#6904,1.);
#1294=ORIENTED_EDGE('',*,*,#2870,.T.);
#1295=ORIENTED_EDGE('',*,*,#2871,.T.);
#1296=ORIENTED_EDGE('',*,*,#2872,.T.);
#1297=ORIENTED_EDGE('',*,*,#2873,.T.);
#1298=ORIENTED_EDGE('',*,*,#2874,.T.);
#1299=ORIENTED_EDGE('',*,*,#2875,.T.);
#1300=ORIENTED_EDGE('',*,*,#2876,.T.);
#1301=ORIENTED_EDGE('',*,*,#2877,.T.);
#1302=ORIENTED_EDGE('',*,*,#2878,.T.);
#1303=ORIENTED_EDGE('',*,*,#2879,.T.);
#1304=ORIENTED_EDGE('',*,*,#2880,.T.);
#1305=ORIENTED_EDGE('',*,*,#2881,.T.);
#1306=ORIENTED_EDGE('',*,*,#2882,.T.);
#1307=ORIENTED_EDGE('',*,*,#2883,.T.);
#1308=ORIENTED_EDGE('',*,*,#2884,.T.);
#1309=ORIENTED_EDGE('',*,*,#2885,.T.);
#1310=ORIENTED_EDGE('',*,*,#2886,.F.);
#1311=ORIENTED_EDGE('',*,*,#2887,.T.);
#1312=ORIENTED_EDGE('',*,*,#2888,.T.);
#1313=ORIENTED_EDGE('',*,*,#2889,.F.);
#1314=ORIENTED_EDGE('',*,*,#2890,.F.);
#1315=ORIENTED_EDGE('',*,*,#2891,.F.);
#1316=ORIENTED_EDGE('',*,*,#2892,.F.);
#1317=ORIENTED_EDGE('',*,*,#2893,.F.);
#1318=ORIENTED_EDGE('',*,*,#2894,.F.);
#1319=ORIENTED_EDGE('',*,*,#2895,.T.);
#1320=ORIENTED_EDGE('',*,*,#2896,.T.);
#1321=ORIENTED_EDGE('',*,*,#2897,.T.);
#1322=ORIENTED_EDGE('',*,*,#2898,.T.);
#1323=ORIENTED_EDGE('',*,*,#2899,.T.);
#1324=ORIENTED_EDGE('',*,*,#2900,.T.);
#1325=ORIENTED_EDGE('',*,*,#2901,.T.);
#1326=ORIENTED_EDGE('',*,*,#2902,.T.);
#1327=ORIENTED_EDGE('',*,*,#2903,.T.);
#1328=ORIENTED_EDGE('',*,*,#2904,.T.);
#1329=ORIENTED_EDGE('',*,*,#2905,.T.);
#1330=ORIENTED_EDGE('',*,*,#2906,.T.);
#1331=ORIENTED_EDGE('',*,*,#2907,.T.);
#1332=ORIENTED_EDGE('',*,*,#2908,.T.);
#1333=ORIENTED_EDGE('',*,*,#2909,.T.);
#1334=ORIENTED_EDGE('',*,*,#2910,.T.);
#1335=ORIENTED_EDGE('',*,*,#2911,.T.);
#1336=ORIENTED_EDGE('',*,*,#2912,.F.);
#1337=ORIENTED_EDGE('',*,*,#2913,.F.);
#1338=ORIENTED_EDGE('',*,*,#2914,.F.);
#1339=ORIENTED_EDGE('',*,*,#2915,.F.);
#1340=ORIENTED_EDGE('',*,*,#2916,.F.);
#1341=ORIENTED_EDGE('',*,*,#2917,.T.);
#1342=ORIENTED_EDGE('',*,*,#2918,.T.);
#1343=ORIENTED_EDGE('',*,*,#2919,.F.);
#1344=ORIENTED_EDGE('',*,*,#2920,.F.);
#1345=ORIENTED_EDGE('',*,*,#2921,.T.);
#1346=ORIENTED_EDGE('',*,*,#2922,.T.);
#1347=ORIENTED_EDGE('',*,*,#2923,.F.);
#1348=ORIENTED_EDGE('',*,*,#2924,.F.);
#1349=ORIENTED_EDGE('',*,*,#2925,.F.);
#1350=ORIENTED_EDGE('',*,*,#2926,.F.);
#1351=ORIENTED_EDGE('',*,*,#2927,.F.);
#1352=ORIENTED_EDGE('',*,*,#2928,.F.);
#1353=ORIENTED_EDGE('',*,*,#2929,.F.);
#1354=ORIENTED_EDGE('',*,*,#2930,.T.);
#1355=ORIENTED_EDGE('',*,*,#2931,.T.);
#1356=ORIENTED_EDGE('',*,*,#2932,.F.);
#1357=ORIENTED_EDGE('',*,*,#2933,.F.);
#1358=ORIENTED_EDGE('',*,*,#2934,.F.);
#1359=ORIENTED_EDGE('',*,*,#2935,.F.);
#1360=ORIENTED_EDGE('',*,*,#2936,.F.);
#1361=ORIENTED_EDGE('',*,*,#2937,.F.);
#1362=ORIENTED_EDGE('',*,*,#2938,.F.);
#1363=ORIENTED_EDGE('',*,*,#2939,.F.);
#1364=ORIENTED_EDGE('',*,*,#2940,.T.);
#1365=ORIENTED_EDGE('',*,*,#2941,.F.);
#1366=ORIENTED_EDGE('',*,*,#2942,.F.);
#1367=ORIENTED_EDGE('',*,*,#2943,.T.);
#1368=ORIENTED_EDGE('',*,*,#2944,.F.);
#1369=ORIENTED_EDGE('',*,*,#2885,.F.);
#1370=ORIENTED_EDGE('',*,*,#2945,.T.);
#1371=ORIENTED_EDGE('',*,*,#2946,.T.);
#1372=ORIENTED_EDGE('',*,*,#2947,.T.);
#1373=ORIENTED_EDGE('',*,*,#2948,.T.);
#1374=ORIENTED_EDGE('',*,*,#2949,.T.);
#1375=ORIENTED_EDGE('',*,*,#2950,.T.);
#1376=ORIENTED_EDGE('',*,*,#2951,.T.);
#1377=ORIENTED_EDGE('',*,*,#2952,.T.);
#1378=ORIENTED_EDGE('',*,*,#2953,.T.);
#1379=ORIENTED_EDGE('',*,*,#2954,.T.);
#1380=ORIENTED_EDGE('',*,*,#2955,.T.);
#1381=ORIENTED_EDGE('',*,*,#2956,.T.);
#1382=ORIENTED_EDGE('',*,*,#2957,.T.);
#1383=ORIENTED_EDGE('',*,*,#2958,.T.);
#1384=ORIENTED_EDGE('',*,*,#2959,.T.);
#1385=ORIENTED_EDGE('',*,*,#2960,.T.);
#1386=ORIENTED_EDGE('',*,*,#2961,.T.);
#1387=ORIENTED_EDGE('',*,*,#2962,.T.);
#1388=ORIENTED_EDGE('',*,*,#2963,.F.);
#1389=ORIENTED_EDGE('',*,*,#2871,.F.);
#1390=ORIENTED_EDGE('',*,*,#2964,.T.);
#1391=ORIENTED_EDGE('',*,*,#2965,.T.);
#1392=ORIENTED_EDGE('',*,*,#2966,.T.);
#1393=ORIENTED_EDGE('',*,*,#2967,.T.);
#1394=ORIENTED_EDGE('',*,*,#2968,.T.);
#1395=ORIENTED_EDGE('',*,*,#2969,.T.);
#1396=ORIENTED_EDGE('',*,*,#2970,.T.);
#1397=ORIENTED_EDGE('',*,*,#2971,.T.);
#1398=ORIENTED_EDGE('',*,*,#2972,.T.);
#1399=ORIENTED_EDGE('',*,*,#2973,.F.);
#1400=ORIENTED_EDGE('',*,*,#2873,.F.);
#1401=ORIENTED_EDGE('',*,*,#2974,.T.);
#1402=ORIENTED_EDGE('',*,*,#2975,.T.);
#1403=ORIENTED_EDGE('',*,*,#2976,.T.);
#1404=ORIENTED_EDGE('',*,*,#2977,.T.);
#1405=ORIENTED_EDGE('',*,*,#2978,.T.);
#1406=ORIENTED_EDGE('',*,*,#2979,.T.);
#1407=ORIENTED_EDGE('',*,*,#2980,.T.);
#1408=ORIENTED_EDGE('',*,*,#2981,.T.);
#1409=ORIENTED_EDGE('',*,*,#2982,.T.);
#1410=ORIENTED_EDGE('',*,*,#2983,.T.);
#1411=ORIENTED_EDGE('',*,*,#2984,.T.);
#1412=ORIENTED_EDGE('',*,*,#2985,.T.);
#1413=ORIENTED_EDGE('',*,*,#2986,.T.);
#1414=ORIENTED_EDGE('',*,*,#2987,.T.);
#1415=ORIENTED_EDGE('',*,*,#2988,.T.);
#1416=ORIENTED_EDGE('',*,*,#2989,.T.);
#1417=ORIENTED_EDGE('',*,*,#2990,.T.);
#1418=ORIENTED_EDGE('',*,*,#2991,.T.);
#1419=ORIENTED_EDGE('',*,*,#2992,.T.);
#1420=ORIENTED_EDGE('',*,*,#2993,.F.);
#1421=ORIENTED_EDGE('',*,*,#2875,.F.);
#1422=ORIENTED_EDGE('',*,*,#2994,.T.);
#1423=ORIENTED_EDGE('',*,*,#2995,.T.);
#1424=ORIENTED_EDGE('',*,*,#2996,.T.);
#1425=ORIENTED_EDGE('',*,*,#2997,.T.);
#1426=ORIENTED_EDGE('',*,*,#2998,.T.);
#1427=ORIENTED_EDGE('',*,*,#2999,.T.);
#1428=ORIENTED_EDGE('',*,*,#3000,.T.);
#1429=ORIENTED_EDGE('',*,*,#3001,.T.);
#1430=ORIENTED_EDGE('',*,*,#3002,.T.);
#1431=ORIENTED_EDGE('',*,*,#3003,.T.);
#1432=ORIENTED_EDGE('',*,*,#3004,.T.);
#1433=ORIENTED_EDGE('',*,*,#3005,.T.);
#1434=ORIENTED_EDGE('',*,*,#3006,.T.);
#1435=ORIENTED_EDGE('',*,*,#3007,.T.);
#1436=ORIENTED_EDGE('',*,*,#3008,.T.);
#1437=ORIENTED_EDGE('',*,*,#3009,.T.);
#1438=ORIENTED_EDGE('',*,*,#3010,.T.);
#1439=ORIENTED_EDGE('',*,*,#3011,.T.);
#1440=ORIENTED_EDGE('',*,*,#3012,.T.);
#1441=ORIENTED_EDGE('',*,*,#3013,.T.);
#1442=ORIENTED_EDGE('',*,*,#3014,.T.);
#1443=ORIENTED_EDGE('',*,*,#3015,.T.);
#1444=ORIENTED_EDGE('',*,*,#3016,.F.);
#1445=ORIENTED_EDGE('',*,*,#2877,.F.);
#1446=ORIENTED_EDGE('',*,*,#3017,.T.);
#1447=ORIENTED_EDGE('',*,*,#3018,.T.);
#1448=ORIENTED_EDGE('',*,*,#3019,.T.);
#1449=ORIENTED_EDGE('',*,*,#3020,.T.);
#1450=ORIENTED_EDGE('',*,*,#3021,.T.);
#1451=ORIENTED_EDGE('',*,*,#3022,.T.);
#1452=ORIENTED_EDGE('',*,*,#3023,.T.);
#1453=ORIENTED_EDGE('',*,*,#3024,.T.);
#1454=ORIENTED_EDGE('',*,*,#3025,.T.);
#1455=ORIENTED_EDGE('',*,*,#3026,.T.);
#1456=ORIENTED_EDGE('',*,*,#3027,.T.);
#1457=ORIENTED_EDGE('',*,*,#3028,.T.);
#1458=ORIENTED_EDGE('',*,*,#3029,.T.);
#1459=ORIENTED_EDGE('',*,*,#3030,.F.);
#1460=ORIENTED_EDGE('',*,*,#2879,.F.);
#1461=ORIENTED_EDGE('',*,*,#3031,.T.);
#1462=ORIENTED_EDGE('',*,*,#3032,.T.);
#1463=ORIENTED_EDGE('',*,*,#3033,.T.);
#1464=ORIENTED_EDGE('',*,*,#3034,.T.);
#1465=ORIENTED_EDGE('',*,*,#3035,.T.);
#1466=ORIENTED_EDGE('',*,*,#3036,.T.);
#1467=ORIENTED_EDGE('',*,*,#3037,.T.);
#1468=ORIENTED_EDGE('',*,*,#3038,.T.);
#1469=ORIENTED_EDGE('',*,*,#3039,.T.);
#1470=ORIENTED_EDGE('',*,*,#3040,.T.);
#1471=ORIENTED_EDGE('',*,*,#3041,.T.);
#1472=ORIENTED_EDGE('',*,*,#3042,.T.);
#1473=ORIENTED_EDGE('',*,*,#3043,.T.);
#1474=ORIENTED_EDGE('',*,*,#3044,.T.);
#1475=ORIENTED_EDGE('',*,*,#3045,.T.);
#1476=ORIENTED_EDGE('',*,*,#3046,.T.);
#1477=ORIENTED_EDGE('',*,*,#3047,.T.);
#1478=ORIENTED_EDGE('',*,*,#3048,.T.);
#1479=ORIENTED_EDGE('',*,*,#3049,.T.);
#1480=ORIENTED_EDGE('',*,*,#3050,.T.);
#1481=ORIENTED_EDGE('',*,*,#3051,.T.);
#1482=ORIENTED_EDGE('',*,*,#3052,.T.);
#1483=ORIENTED_EDGE('',*,*,#3053,.T.);
#1484=ORIENTED_EDGE('',*,*,#3054,.T.);
#1485=ORIENTED_EDGE('',*,*,#3055,.T.);
#1486=ORIENTED_EDGE('',*,*,#3056,.T.);
#1487=ORIENTED_EDGE('',*,*,#3057,.T.);
#1488=ORIENTED_EDGE('',*,*,#3058,.T.);
#1489=ORIENTED_EDGE('',*,*,#3059,.T.);
#1490=ORIENTED_EDGE('',*,*,#3060,.F.);
#1491=ORIENTED_EDGE('',*,*,#2881,.F.);
#1492=ORIENTED_EDGE('',*,*,#3061,.T.);
#1493=ORIENTED_EDGE('',*,*,#3062,.T.);
#1494=ORIENTED_EDGE('',*,*,#3063,.T.);
#1495=ORIENTED_EDGE('',*,*,#3064,.T.);
#1496=ORIENTED_EDGE('',*,*,#3065,.T.);
#1497=ORIENTED_EDGE('',*,*,#3066,.T.);
#1498=ORIENTED_EDGE('',*,*,#3067,.T.);
#1499=ORIENTED_EDGE('',*,*,#3068,.T.);
#1500=ORIENTED_EDGE('',*,*,#3069,.T.);
#1501=ORIENTED_EDGE('',*,*,#3070,.T.);
#1502=ORIENTED_EDGE('',*,*,#3071,.T.);
#1503=ORIENTED_EDGE('',*,*,#3072,.T.);
#1504=ORIENTED_EDGE('',*,*,#3073,.T.);
#1505=ORIENTED_EDGE('',*,*,#3074,.T.);
#1506=ORIENTED_EDGE('',*,*,#3075,.T.);
#1507=ORIENTED_EDGE('',*,*,#3076,.T.);
#1508=ORIENTED_EDGE('',*,*,#3077,.T.);
#1509=ORIENTED_EDGE('',*,*,#3078,.T.);
#1510=ORIENTED_EDGE('',*,*,#3079,.T.);
#1511=ORIENTED_EDGE('',*,*,#3080,.T.);
#1512=ORIENTED_EDGE('',*,*,#3081,.T.);
#1513=ORIENTED_EDGE('',*,*,#3082,.T.);
#1514=ORIENTED_EDGE('',*,*,#3083,.T.);
#1515=ORIENTED_EDGE('',*,*,#3084,.T.);
#1516=ORIENTED_EDGE('',*,*,#3085,.T.);
#1517=ORIENTED_EDGE('',*,*,#3086,.T.);
#1518=ORIENTED_EDGE('',*,*,#3087,.F.);
#1519=ORIENTED_EDGE('',*,*,#2883,.F.);
#1520=ORIENTED_EDGE('',*,*,#3088,.T.);
#1521=ORIENTED_EDGE('',*,*,#3089,.T.);
#1522=ORIENTED_EDGE('',*,*,#3090,.T.);
#1523=ORIENTED_EDGE('',*,*,#3091,.T.);
#1524=ORIENTED_EDGE('',*,*,#3092,.T.);
#1525=ORIENTED_EDGE('',*,*,#3093,.T.);
#1526=ORIENTED_EDGE('',*,*,#3094,.T.);
#1527=ORIENTED_EDGE('',*,*,#3095,.T.);
#1528=ORIENTED_EDGE('',*,*,#3096,.T.);
#1529=ORIENTED_EDGE('',*,*,#3097,.T.);
#1530=ORIENTED_EDGE('',*,*,#3098,.T.);
#1531=ORIENTED_EDGE('',*,*,#3099,.F.);
#1532=ORIENTED_EDGE('',*,*,#3100,.T.);
#1533=ORIENTED_EDGE('',*,*,#3101,.F.);
#1534=ORIENTED_EDGE('',*,*,#3102,.F.);
#1535=ORIENTED_EDGE('',*,*,#3103,.F.);
#1536=ORIENTED_EDGE('',*,*,#3104,.F.);
#1537=ORIENTED_EDGE('',*,*,#2934,.T.);
#1538=ORIENTED_EDGE('',*,*,#3105,.T.);
#1539=ORIENTED_EDGE('',*,*,#3106,.F.);
#1540=ORIENTED_EDGE('',*,*,#3105,.F.);
#1541=ORIENTED_EDGE('',*,*,#2933,.T.);
#1542=ORIENTED_EDGE('',*,*,#3107,.T.);
#1543=ORIENTED_EDGE('',*,*,#2932,.T.);
#1544=ORIENTED_EDGE('',*,*,#3108,.T.);
#1545=ORIENTED_EDGE('',*,*,#3109,.F.);
#1546=ORIENTED_EDGE('',*,*,#3107,.F.);
#1547=ORIENTED_EDGE('',*,*,#3110,.F.);
#1548=ORIENTED_EDGE('',*,*,#3111,.T.);
#1549=ORIENTED_EDGE('',*,*,#2920,.T.);
#1550=ORIENTED_EDGE('',*,*,#3112,.T.);
#1551=ORIENTED_EDGE('',*,*,#3113,.F.);
#1552=ORIENTED_EDGE('',*,*,#3114,.T.);
#1553=ORIENTED_EDGE('',*,*,#3115,.F.);
#1554=ORIENTED_EDGE('',*,*,#3116,.F.);
#1555=ORIENTED_EDGE('',*,*,#2894,.T.);
#1556=ORIENTED_EDGE('',*,*,#3117,.T.);
#1557=ORIENTED_EDGE('',*,*,#3118,.F.);
#1558=ORIENTED_EDGE('',*,*,#3114,.F.);
#1559=ORIENTED_EDGE('',*,*,#3119,.F.);
#1560=ORIENTED_EDGE('',*,*,#3117,.F.);
#1561=ORIENTED_EDGE('',*,*,#2893,.T.);
#1562=ORIENTED_EDGE('',*,*,#3120,.T.);
#1563=ORIENTED_EDGE('',*,*,#3121,.F.);
#1564=ORIENTED_EDGE('',*,*,#3120,.F.);
#1565=ORIENTED_EDGE('',*,*,#2892,.T.);
#1566=ORIENTED_EDGE('',*,*,#3122,.T.);
#1567=ORIENTED_EDGE('',*,*,#3123,.F.);
#1568=ORIENTED_EDGE('',*,*,#3122,.F.);
#1569=ORIENTED_EDGE('',*,*,#2891,.T.);
#1570=ORIENTED_EDGE('',*,*,#3124,.T.);
#1571=ORIENTED_EDGE('',*,*,#3125,.F.);
#1572=ORIENTED_EDGE('',*,*,#3124,.F.);
#1573=ORIENTED_EDGE('',*,*,#2890,.T.);
#1574=ORIENTED_EDGE('',*,*,#3126,.T.);
#1575=ORIENTED_EDGE('',*,*,#2889,.T.);
#1576=ORIENTED_EDGE('',*,*,#3127,.T.);
#1577=ORIENTED_EDGE('',*,*,#3128,.F.);
#1578=ORIENTED_EDGE('',*,*,#3126,.F.);
#1579=ORIENTED_EDGE('',*,*,#3129,.F.);
#1580=ORIENTED_EDGE('',*,*,#3130,.T.);
#1581=ORIENTED_EDGE('',*,*,#2938,.T.);
#1582=ORIENTED_EDGE('',*,*,#3131,.T.);
#1583=ORIENTED_EDGE('',*,*,#3132,.F.);
#1584=ORIENTED_EDGE('',*,*,#3131,.F.);
#1585=ORIENTED_EDGE('',*,*,#2937,.T.);
#1586=ORIENTED_EDGE('',*,*,#3133,.T.);
#1587=ORIENTED_EDGE('',*,*,#3134,.F.);
#1588=ORIENTED_EDGE('',*,*,#3133,.F.);
#1589=ORIENTED_EDGE('',*,*,#2936,.T.);
#1590=ORIENTED_EDGE('',*,*,#3135,.T.);
#1591=ORIENTED_EDGE('',*,*,#3136,.T.);
#1592=ORIENTED_EDGE('',*,*,#2964,.F.);
#1593=ORIENTED_EDGE('',*,*,#2870,.F.);
#1594=ORIENTED_EDGE('',*,*,#2944,.T.);
#1595=ORIENTED_EDGE('',*,*,#3137,.T.);
#1596=ORIENTED_EDGE('',*,*,#2945,.F.);
#1597=ORIENTED_EDGE('',*,*,#2884,.F.);
#1598=ORIENTED_EDGE('',*,*,#3087,.T.);
#1599=ORIENTED_EDGE('',*,*,#3138,.T.);
#1600=ORIENTED_EDGE('',*,*,#3088,.F.);
#1601=ORIENTED_EDGE('',*,*,#2882,.F.);
#1602=ORIENTED_EDGE('',*,*,#3060,.T.);
#1603=ORIENTED_EDGE('',*,*,#3139,.T.);
#1604=ORIENTED_EDGE('',*,*,#3061,.F.);
#1605=ORIENTED_EDGE('',*,*,#2880,.F.);
#1606=ORIENTED_EDGE('',*,*,#3030,.T.);
#1607=ORIENTED_EDGE('',*,*,#3140,.T.);
#1608=ORIENTED_EDGE('',*,*,#3031,.F.);
#1609=ORIENTED_EDGE('',*,*,#2878,.F.);
#1610=ORIENTED_EDGE('',*,*,#3016,.T.);
#1611=ORIENTED_EDGE('',*,*,#3141,.T.);
#1612=ORIENTED_EDGE('',*,*,#3017,.F.);
#1613=ORIENTED_EDGE('',*,*,#2876,.F.);
#1614=ORIENTED_EDGE('',*,*,#2993,.T.);
#1615=ORIENTED_EDGE('',*,*,#3142,.T.);
#1616=ORIENTED_EDGE('',*,*,#2994,.F.);
#1617=ORIENTED_EDGE('',*,*,#2874,.F.);
#1618=ORIENTED_EDGE('',*,*,#2973,.T.);
#1619=ORIENTED_EDGE('',*,*,#3143,.T.);
#1620=ORIENTED_EDGE('',*,*,#2974,.F.);
#1621=ORIENTED_EDGE('',*,*,#2872,.F.);
#1622=ORIENTED_EDGE('',*,*,#2963,.T.);
#1623=ORIENTED_EDGE('',*,*,#3144,.F.);
#1624=ORIENTED_EDGE('',*,*,#3135,.F.);
#1625=ORIENTED_EDGE('',*,*,#2935,.T.);
#1626=ORIENTED_EDGE('',*,*,#3104,.T.);
#1627=ORIENTED_EDGE('',*,*,#3136,.F.);
#1628=ORIENTED_EDGE('',*,*,#2943,.F.);
#1629=ORIENTED_EDGE('',*,*,#3137,.F.);
#1630=ORIENTED_EDGE('',*,*,#3086,.F.);
#1631=ORIENTED_EDGE('',*,*,#3138,.F.);
#1632=ORIENTED_EDGE('',*,*,#3059,.F.);
#1633=ORIENTED_EDGE('',*,*,#3139,.F.);
#1634=ORIENTED_EDGE('',*,*,#3029,.F.);
#1635=ORIENTED_EDGE('',*,*,#3140,.F.);
#1636=ORIENTED_EDGE('',*,*,#3015,.F.);
#1637=ORIENTED_EDGE('',*,*,#3141,.F.);
#1638=ORIENTED_EDGE('',*,*,#2992,.F.);
#1639=ORIENTED_EDGE('',*,*,#3142,.F.);
#1640=ORIENTED_EDGE('',*,*,#2972,.F.);
#1641=ORIENTED_EDGE('',*,*,#3143,.F.);
#1642=ORIENTED_EDGE('',*,*,#2962,.F.);
#1643=ORIENTED_EDGE('',*,*,#3145,.T.);
#1644=ORIENTED_EDGE('',*,*,#3146,.T.);
#1645=ORIENTED_EDGE('',*,*,#3147,.T.);
#1646=ORIENTED_EDGE('',*,*,#3110,.T.);
#1647=ORIENTED_EDGE('',*,*,#3118,.T.);
#1648=ORIENTED_EDGE('',*,*,#3119,.T.);
#1649=ORIENTED_EDGE('',*,*,#3121,.T.);
#1650=ORIENTED_EDGE('',*,*,#3123,.T.);
#1651=ORIENTED_EDGE('',*,*,#3125,.T.);
#1652=ORIENTED_EDGE('',*,*,#3128,.T.);
#1653=ORIENTED_EDGE('',*,*,#3148,.T.);
#1654=ORIENTED_EDGE('',*,*,#3149,.T.);
#1655=ORIENTED_EDGE('',*,*,#3150,.T.);
#1656=ORIENTED_EDGE('',*,*,#3129,.T.);
#1657=ORIENTED_EDGE('',*,*,#3132,.T.);
#1658=ORIENTED_EDGE('',*,*,#3134,.T.);
#1659=ORIENTED_EDGE('',*,*,#3144,.T.);
#1660=ORIENTED_EDGE('',*,*,#3103,.T.);
#1661=ORIENTED_EDGE('',*,*,#3106,.T.);
#1662=ORIENTED_EDGE('',*,*,#3109,.T.);
#1663=ORIENTED_EDGE('',*,*,#2928,.T.);
#1664=ORIENTED_EDGE('',*,*,#3151,.F.);
#1665=ORIENTED_EDGE('',*,*,#3152,.T.);
#1666=ORIENTED_EDGE('',*,*,#3153,.F.);
#1667=ORIENTED_EDGE('',*,*,#3154,.T.);
#1668=ORIENTED_EDGE('',*,*,#3155,.F.);
#1669=ORIENTED_EDGE('',*,*,#3156,.T.);
#1670=ORIENTED_EDGE('',*,*,#2898,.F.);
#1671=ORIENTED_EDGE('',*,*,#2942,.T.);
#1672=ORIENTED_EDGE('',*,*,#3157,.T.);
#1673=ORIENTED_EDGE('',*,*,#3158,.T.);
#1674=ORIENTED_EDGE('',*,*,#3159,.F.);
#1675=ORIENTED_EDGE('',*,*,#3160,.T.);
#1676=ORIENTED_EDGE('',*,*,#3161,.F.);
#1677=ORIENTED_EDGE('',*,*,#3162,.F.);
#1678=ORIENTED_EDGE('',*,*,#2896,.F.);
#1679=ORIENTED_EDGE('',*,*,#2941,.T.);
#1680=ORIENTED_EDGE('',*,*,#3163,.T.);
#1681=ORIENTED_EDGE('',*,*,#3164,.T.);
#1682=ORIENTED_EDGE('',*,*,#2929,.T.);
#1683=ORIENTED_EDGE('',*,*,#3153,.T.);
#1684=ORIENTED_EDGE('',*,*,#3165,.T.);
#1685=ORIENTED_EDGE('',*,*,#3157,.F.);
#1686=ORIENTED_EDGE('',*,*,#3162,.T.);
#1687=ORIENTED_EDGE('',*,*,#3166,.F.);
#1688=ORIENTED_EDGE('',*,*,#3154,.F.);
#1689=ORIENTED_EDGE('',*,*,#2897,.F.);
#1690=ORIENTED_EDGE('',*,*,#2926,.T.);
#1691=ORIENTED_EDGE('',*,*,#3167,.F.);
#1692=ORIENTED_EDGE('',*,*,#3168,.T.);
#1693=ORIENTED_EDGE('',*,*,#3169,.T.);
#1694=ORIENTED_EDGE('',*,*,#3170,.F.);
#1695=ORIENTED_EDGE('',*,*,#3171,.F.);
#1696=ORIENTED_EDGE('',*,*,#3172,.T.);
#1697=ORIENTED_EDGE('',*,*,#2900,.F.);
#1698=ORIENTED_EDGE('',*,*,#2924,.T.);
#1699=ORIENTED_EDGE('',*,*,#3173,.F.);
#1700=ORIENTED_EDGE('',*,*,#3174,.T.);
#1701=ORIENTED_EDGE('',*,*,#3175,.T.);
#1702=ORIENTED_EDGE('',*,*,#3176,.F.);
#1703=ORIENTED_EDGE('',*,*,#3177,.F.);
#1704=ORIENTED_EDGE('',*,*,#3178,.T.);
#1705=ORIENTED_EDGE('',*,*,#2902,.F.);
#1706=ORIENTED_EDGE('',*,*,#3102,.T.);
#1707=ORIENTED_EDGE('',*,*,#3179,.F.);
#1708=ORIENTED_EDGE('',*,*,#3180,.T.);
#1709=ORIENTED_EDGE('',*,*,#3181,.T.);
#1710=ORIENTED_EDGE('',*,*,#3182,.F.);
#1711=ORIENTED_EDGE('',*,*,#3183,.F.);
#1712=ORIENTED_EDGE('',*,*,#3184,.T.);
#1713=ORIENTED_EDGE('',*,*,#2904,.F.);
#1714=ORIENTED_EDGE('',*,*,#2916,.T.);
#1715=ORIENTED_EDGE('',*,*,#3185,.F.);
#1716=ORIENTED_EDGE('',*,*,#3186,.T.);
#1717=ORIENTED_EDGE('',*,*,#3187,.T.);
#1718=ORIENTED_EDGE('',*,*,#3188,.F.);
#1719=ORIENTED_EDGE('',*,*,#3189,.F.);
#1720=ORIENTED_EDGE('',*,*,#3190,.T.);
#1721=ORIENTED_EDGE('',*,*,#2906,.F.);
#1722=ORIENTED_EDGE('',*,*,#2914,.T.);
#1723=ORIENTED_EDGE('',*,*,#3191,.F.);
#1724=ORIENTED_EDGE('',*,*,#3192,.T.);
#1725=ORIENTED_EDGE('',*,*,#3193,.T.);
#1726=ORIENTED_EDGE('',*,*,#3194,.F.);
#1727=ORIENTED_EDGE('',*,*,#3195,.F.);
#1728=ORIENTED_EDGE('',*,*,#3196,.T.);
#1729=ORIENTED_EDGE('',*,*,#2908,.F.);
#1730=ORIENTED_EDGE('',*,*,#3197,.T.);
#1731=ORIENTED_EDGE('',*,*,#3198,.T.);
#1732=ORIENTED_EDGE('',*,*,#3199,.F.);
#1733=ORIENTED_EDGE('',*,*,#2911,.F.);
#1734=ORIENTED_EDGE('',*,*,#2912,.T.);
#1735=ORIENTED_EDGE('',*,*,#3199,.T.);
#1736=ORIENTED_EDGE('',*,*,#3200,.T.);
#1737=ORIENTED_EDGE('',*,*,#3201,.T.);
#1738=ORIENTED_EDGE('',*,*,#3202,.T.);
#1739=ORIENTED_EDGE('',*,*,#3203,.F.);
#1740=ORIENTED_EDGE('',*,*,#3204,.F.);
#1741=ORIENTED_EDGE('',*,*,#3205,.F.);
#1742=ORIENTED_EDGE('',*,*,#3197,.F.);
#1743=ORIENTED_EDGE('',*,*,#2910,.F.);
#1744=ORIENTED_EDGE('',*,*,#2913,.T.);
#1745=ORIENTED_EDGE('',*,*,#3202,.F.);
#1746=ORIENTED_EDGE('',*,*,#3206,.T.);
#1747=ORIENTED_EDGE('',*,*,#3191,.T.);
#1748=ORIENTED_EDGE('',*,*,#3196,.F.);
#1749=ORIENTED_EDGE('',*,*,#3207,.F.);
#1750=ORIENTED_EDGE('',*,*,#3203,.T.);
#1751=ORIENTED_EDGE('',*,*,#2909,.F.);
#1752=ORIENTED_EDGE('',*,*,#2915,.T.);
#1753=ORIENTED_EDGE('',*,*,#3193,.F.);
#1754=ORIENTED_EDGE('',*,*,#3208,.T.);
#1755=ORIENTED_EDGE('',*,*,#3185,.T.);
#1756=ORIENTED_EDGE('',*,*,#3190,.F.);
#1757=ORIENTED_EDGE('',*,*,#3209,.F.);
#1758=ORIENTED_EDGE('',*,*,#3194,.T.);
#1759=ORIENTED_EDGE('',*,*,#2907,.F.);
#1760=ORIENTED_EDGE('',*,*,#3101,.T.);
#1761=ORIENTED_EDGE('',*,*,#3210,.T.);
#1762=ORIENTED_EDGE('',*,*,#3211,.T.);
#1763=ORIENTED_EDGE('',*,*,#2886,.T.);
#1764=ORIENTED_EDGE('',*,*,#3187,.F.);
#1765=ORIENTED_EDGE('',*,*,#3212,.T.);
#1766=ORIENTED_EDGE('',*,*,#3179,.T.);
#1767=ORIENTED_EDGE('',*,*,#3184,.F.);
#1768=ORIENTED_EDGE('',*,*,#3213,.F.);
#1769=ORIENTED_EDGE('',*,*,#3188,.T.);
#1770=ORIENTED_EDGE('',*,*,#2905,.F.);
#1771=ORIENTED_EDGE('',*,*,#2923,.T.);
#1772=ORIENTED_EDGE('',*,*,#3214,.T.);
#1773=ORIENTED_EDGE('',*,*,#3215,.T.);
#1774=ORIENTED_EDGE('',*,*,#3099,.T.);
#1775=ORIENTED_EDGE('',*,*,#3181,.F.);
#1776=ORIENTED_EDGE('',*,*,#3216,.T.);
#1777=ORIENTED_EDGE('',*,*,#3173,.T.);
#1778=ORIENTED_EDGE('',*,*,#3178,.F.);
#1779=ORIENTED_EDGE('',*,*,#3217,.F.);
#1780=ORIENTED_EDGE('',*,*,#3182,.T.);
#1781=ORIENTED_EDGE('',*,*,#2903,.F.);
#1782=ORIENTED_EDGE('',*,*,#2925,.T.);
#1783=ORIENTED_EDGE('',*,*,#3175,.F.);
#1784=ORIENTED_EDGE('',*,*,#3218,.T.);
#1785=ORIENTED_EDGE('',*,*,#3167,.T.);
#1786=ORIENTED_EDGE('',*,*,#3172,.F.);
#1787=ORIENTED_EDGE('',*,*,#3219,.F.);
#1788=ORIENTED_EDGE('',*,*,#3176,.T.);
#1789=ORIENTED_EDGE('',*,*,#2901,.F.);
#1790=ORIENTED_EDGE('',*,*,#2927,.T.);
#1791=ORIENTED_EDGE('',*,*,#3169,.F.);
#1792=ORIENTED_EDGE('',*,*,#3220,.T.);
#1793=ORIENTED_EDGE('',*,*,#3151,.T.);
#1794=ORIENTED_EDGE('',*,*,#3156,.F.);
#1795=ORIENTED_EDGE('',*,*,#3221,.F.);
#1796=ORIENTED_EDGE('',*,*,#3170,.T.);
#1797=ORIENTED_EDGE('',*,*,#2899,.F.);
#1798=ORIENTED_EDGE('',*,*,#3222,.T.);
#1799=ORIENTED_EDGE('',*,*,#3152,.F.);
#1800=ORIENTED_EDGE('',*,*,#3223,.F.);
#1801=ORIENTED_EDGE('',*,*,#3155,.T.);
#1802=ORIENTED_EDGE('',*,*,#3224,.T.);
#1803=ORIENTED_EDGE('',*,*,#3158,.F.);
#1804=ORIENTED_EDGE('',*,*,#3225,.F.);
#1805=ORIENTED_EDGE('',*,*,#3161,.T.);
#1806=ORIENTED_EDGE('',*,*,#3225,.T.);
#1807=ORIENTED_EDGE('',*,*,#3165,.F.);
#1808=ORIENTED_EDGE('',*,*,#3222,.F.);
#1809=ORIENTED_EDGE('',*,*,#3166,.T.);
#1810=ORIENTED_EDGE('',*,*,#3113,.T.);
#1811=ORIENTED_EDGE('',*,*,#3226,.F.);
#1812=ORIENTED_EDGE('',*,*,#3224,.F.);
#1813=ORIENTED_EDGE('',*,*,#3227,.T.);
#1814=ORIENTED_EDGE('',*,*,#3115,.T.);
#1815=ORIENTED_EDGE('',*,*,#2919,.T.);
#1816=ORIENTED_EDGE('',*,*,#3228,.T.);
#1817=ORIENTED_EDGE('',*,*,#3229,.T.);
#1818=ORIENTED_EDGE('',*,*,#2939,.T.);
#1819=ORIENTED_EDGE('',*,*,#3159,.T.);
#1820=ORIENTED_EDGE('',*,*,#3226,.T.);
#1821=ORIENTED_EDGE('',*,*,#3112,.F.);
#1822=ORIENTED_EDGE('',*,*,#3116,.T.);
#1823=ORIENTED_EDGE('',*,*,#3227,.F.);
#1824=ORIENTED_EDGE('',*,*,#3160,.F.);
#1825=ORIENTED_EDGE('',*,*,#2895,.F.);
#1826=ORIENTED_EDGE('',*,*,#3171,.T.);
#1827=ORIENTED_EDGE('',*,*,#3230,.T.);
#1828=ORIENTED_EDGE('',*,*,#3168,.F.);
#1829=ORIENTED_EDGE('',*,*,#3231,.F.);
#1830=ORIENTED_EDGE('',*,*,#3177,.T.);
#1831=ORIENTED_EDGE('',*,*,#3232,.T.);
#1832=ORIENTED_EDGE('',*,*,#3174,.F.);
#1833=ORIENTED_EDGE('',*,*,#3233,.F.);
#1834=ORIENTED_EDGE('',*,*,#3183,.T.);
#1835=ORIENTED_EDGE('',*,*,#3234,.T.);
#1836=ORIENTED_EDGE('',*,*,#3180,.F.);
#1837=ORIENTED_EDGE('',*,*,#3235,.F.);
#1838=ORIENTED_EDGE('',*,*,#3189,.T.);
#1839=ORIENTED_EDGE('',*,*,#3236,.T.);
#1840=ORIENTED_EDGE('',*,*,#3186,.F.);
#1841=ORIENTED_EDGE('',*,*,#3237,.F.);
#1842=ORIENTED_EDGE('',*,*,#3195,.T.);
#1843=ORIENTED_EDGE('',*,*,#3238,.T.);
#1844=ORIENTED_EDGE('',*,*,#3192,.F.);
#1845=ORIENTED_EDGE('',*,*,#3239,.F.);
#1846=ORIENTED_EDGE('',*,*,#3240,.T.);
#1847=ORIENTED_EDGE('',*,*,#3200,.F.);
#1848=ORIENTED_EDGE('',*,*,#3198,.F.);
#1849=ORIENTED_EDGE('',*,*,#3205,.T.);
#1850=ORIENTED_EDGE('',*,*,#3204,.T.);
#1851=ORIENTED_EDGE('',*,*,#3241,.T.);
#1852=ORIENTED_EDGE('',*,*,#3201,.F.);
#1853=ORIENTED_EDGE('',*,*,#3240,.F.);
#1854=ORIENTED_EDGE('',*,*,#3239,.T.);
#1855=ORIENTED_EDGE('',*,*,#3206,.F.);
#1856=ORIENTED_EDGE('',*,*,#3241,.F.);
#1857=ORIENTED_EDGE('',*,*,#3207,.T.);
#1858=ORIENTED_EDGE('',*,*,#3237,.T.);
#1859=ORIENTED_EDGE('',*,*,#3208,.F.);
#1860=ORIENTED_EDGE('',*,*,#3238,.F.);
#1861=ORIENTED_EDGE('',*,*,#3209,.T.);
#1862=ORIENTED_EDGE('',*,*,#3235,.T.);
#1863=ORIENTED_EDGE('',*,*,#3212,.F.);
#1864=ORIENTED_EDGE('',*,*,#3236,.F.);
#1865=ORIENTED_EDGE('',*,*,#3213,.T.);
#1866=ORIENTED_EDGE('',*,*,#3233,.T.);
#1867=ORIENTED_EDGE('',*,*,#3216,.F.);
#1868=ORIENTED_EDGE('',*,*,#3234,.F.);
#1869=ORIENTED_EDGE('',*,*,#3217,.T.);
#1870=ORIENTED_EDGE('',*,*,#3231,.T.);
#1871=ORIENTED_EDGE('',*,*,#3218,.F.);
#1872=ORIENTED_EDGE('',*,*,#3232,.F.);
#1873=ORIENTED_EDGE('',*,*,#3219,.T.);
#1874=ORIENTED_EDGE('',*,*,#3223,.T.);
#1875=ORIENTED_EDGE('',*,*,#3220,.F.);
#1876=ORIENTED_EDGE('',*,*,#3230,.F.);
#1877=ORIENTED_EDGE('',*,*,#3221,.T.);
#1878=ORIENTED_EDGE('',*,*,#3242,.F.);
#1879=ORIENTED_EDGE('',*,*,#3243,.T.);
#1880=ORIENTED_EDGE('',*,*,#3244,.F.);
#1881=ORIENTED_EDGE('',*,*,#3245,.F.);
#1882=ORIENTED_EDGE('',*,*,#3244,.T.);
#1883=ORIENTED_EDGE('',*,*,#3246,.T.);
#1884=ORIENTED_EDGE('',*,*,#3247,.T.);
#1885=ORIENTED_EDGE('',*,*,#3248,.T.);
#1886=ORIENTED_EDGE('',*,*,#3249,.F.);
#1887=ORIENTED_EDGE('',*,*,#3250,.T.);
#1888=ORIENTED_EDGE('',*,*,#3251,.T.);
#1889=ORIENTED_EDGE('',*,*,#3252,.T.);
#1890=ORIENTED_EDGE('',*,*,#3253,.F.);
#1891=ORIENTED_EDGE('',*,*,#3254,.T.);
#1892=ORIENTED_EDGE('',*,*,#3255,.T.);
#1893=ORIENTED_EDGE('',*,*,#3242,.T.);
#1894=ORIENTED_EDGE('',*,*,#3256,.F.);
#1895=ORIENTED_EDGE('',*,*,#3257,.F.);
#1896=ORIENTED_EDGE('',*,*,#3258,.T.);
#1897=ORIENTED_EDGE('',*,*,#3259,.T.);
#1898=ORIENTED_EDGE('',*,*,#3260,.F.);
#1899=ORIENTED_EDGE('',*,*,#3261,.T.);
#1900=ORIENTED_EDGE('',*,*,#3249,.T.);
#1901=ORIENTED_EDGE('',*,*,#3262,.T.);
#1902=ORIENTED_EDGE('',*,*,#3260,.T.);
#1903=ORIENTED_EDGE('',*,*,#3263,.T.);
#1904=ORIENTED_EDGE('',*,*,#3256,.T.);
#1905=ORIENTED_EDGE('',*,*,#3245,.T.);
#1906=ORIENTED_EDGE('',*,*,#3253,.T.);
#1907=ORIENTED_EDGE('',*,*,#3264,.T.);
#1908=ORIENTED_EDGE('',*,*,#3252,.F.);
#1909=ORIENTED_EDGE('',*,*,#3265,.T.);
#1910=ORIENTED_EDGE('',*,*,#3257,.T.);
#1911=ORIENTED_EDGE('',*,*,#3264,.F.);
#1912=ORIENTED_EDGE('',*,*,#3259,.F.);
#1913=ORIENTED_EDGE('',*,*,#3266,.T.);
#1914=ORIENTED_EDGE('',*,*,#3250,.F.);
#1915=ORIENTED_EDGE('',*,*,#3263,.F.);
#1916=ORIENTED_EDGE('',*,*,#3251,.F.);
#1917=ORIENTED_EDGE('',*,*,#3266,.F.);
#1918=ORIENTED_EDGE('',*,*,#3258,.F.);
#1919=ORIENTED_EDGE('',*,*,#3265,.F.);
#1920=ORIENTED_EDGE('',*,*,#3267,.F.);
#1921=ORIENTED_EDGE('',*,*,#3268,.T.);
#1922=ORIENTED_EDGE('',*,*,#3269,.F.);
#1923=ORIENTED_EDGE('',*,*,#3270,.F.);
#1924=ORIENTED_EDGE('',*,*,#3269,.T.);
#1925=ORIENTED_EDGE('',*,*,#3271,.T.);
#1926=ORIENTED_EDGE('',*,*,#3272,.T.);
#1927=ORIENTED_EDGE('',*,*,#3273,.T.);
#1928=ORIENTED_EDGE('',*,*,#3274,.F.);
#1929=ORIENTED_EDGE('',*,*,#3275,.F.);
#1930=ORIENTED_EDGE('',*,*,#3276,.T.);
#1931=ORIENTED_EDGE('',*,*,#3277,.T.);
#1932=ORIENTED_EDGE('',*,*,#3278,.T.);
#1933=ORIENTED_EDGE('',*,*,#3279,.T.);
#1934=ORIENTED_EDGE('',*,*,#3280,.T.);
#1935=ORIENTED_EDGE('',*,*,#3267,.T.);
#1936=ORIENTED_EDGE('',*,*,#3281,.T.);
#1937=ORIENTED_EDGE('',*,*,#3282,.F.);
#1938=ORIENTED_EDGE('',*,*,#3283,.T.);
#1939=ORIENTED_EDGE('',*,*,#3284,.F.);
#1940=ORIENTED_EDGE('',*,*,#3285,.F.);
#1941=ORIENTED_EDGE('',*,*,#3286,.T.);
#1942=ORIENTED_EDGE('',*,*,#3274,.T.);
#1943=ORIENTED_EDGE('',*,*,#3287,.T.);
#1944=ORIENTED_EDGE('',*,*,#3285,.T.);
#1945=ORIENTED_EDGE('',*,*,#3288,.F.);
#1946=ORIENTED_EDGE('',*,*,#3281,.F.);
#1947=ORIENTED_EDGE('',*,*,#3270,.T.);
#1948=ORIENTED_EDGE('',*,*,#3278,.F.);
#1949=ORIENTED_EDGE('',*,*,#3289,.F.);
#1950=ORIENTED_EDGE('',*,*,#3277,.F.);
#1951=ORIENTED_EDGE('',*,*,#3290,.T.);
#1952=ORIENTED_EDGE('',*,*,#3282,.T.);
#1953=ORIENTED_EDGE('',*,*,#3289,.T.);
#1954=ORIENTED_EDGE('',*,*,#3284,.T.);
#1955=ORIENTED_EDGE('',*,*,#3291,.T.);
#1956=ORIENTED_EDGE('',*,*,#3275,.T.);
#1957=ORIENTED_EDGE('',*,*,#3288,.T.);
#1958=ORIENTED_EDGE('',*,*,#3283,.F.);
#1959=ORIENTED_EDGE('',*,*,#3290,.F.);
#1960=ORIENTED_EDGE('',*,*,#3276,.F.);
#1961=ORIENTED_EDGE('',*,*,#3291,.F.);
#1962=ORIENTED_EDGE('',*,*,#3147,.F.);
#1963=ORIENTED_EDGE('',*,*,#3292,.T.);
#1964=ORIENTED_EDGE('',*,*,#3272,.F.);
#1965=ORIENTED_EDGE('',*,*,#3293,.T.);
#1966=ORIENTED_EDGE('',*,*,#2917,.F.);
#1967=ORIENTED_EDGE('',*,*,#3111,.F.);
#1968=ORIENTED_EDGE('',*,*,#3279,.F.);
#1969=ORIENTED_EDGE('',*,*,#3294,.T.);
#1970=ORIENTED_EDGE('',*,*,#3145,.F.);
#1971=ORIENTED_EDGE('',*,*,#3108,.F.);
#1972=ORIENTED_EDGE('',*,*,#2931,.F.);
#1973=ORIENTED_EDGE('',*,*,#3295,.T.);
#1974=ORIENTED_EDGE('',*,*,#3150,.F.);
#1975=ORIENTED_EDGE('',*,*,#3296,.T.);
#1976=ORIENTED_EDGE('',*,*,#3247,.F.);
#1977=ORIENTED_EDGE('',*,*,#3297,.T.);
#1978=ORIENTED_EDGE('',*,*,#2921,.F.);
#1979=ORIENTED_EDGE('',*,*,#3130,.F.);
#1980=ORIENTED_EDGE('',*,*,#3254,.F.);
#1981=ORIENTED_EDGE('',*,*,#3298,.T.);
#1982=ORIENTED_EDGE('',*,*,#3148,.F.);
#1983=ORIENTED_EDGE('',*,*,#3127,.F.);
#1984=ORIENTED_EDGE('',*,*,#2888,.F.);
#1985=ORIENTED_EDGE('',*,*,#3299,.T.);
#1986=ORIENTED_EDGE('',*,*,#3292,.F.);
#1987=ORIENTED_EDGE('',*,*,#3146,.F.);
#1988=ORIENTED_EDGE('',*,*,#3294,.F.);
#1989=ORIENTED_EDGE('',*,*,#3286,.F.);
#1990=ORIENTED_EDGE('',*,*,#3287,.F.);
#1991=ORIENTED_EDGE('',*,*,#3273,.F.);
#1992=ORIENTED_EDGE('',*,*,#3296,.F.);
#1993=ORIENTED_EDGE('',*,*,#3149,.F.);
#1994=ORIENTED_EDGE('',*,*,#3298,.F.);
#1995=ORIENTED_EDGE('',*,*,#3261,.F.);
#1996=ORIENTED_EDGE('',*,*,#3262,.F.);
#1997=ORIENTED_EDGE('',*,*,#3248,.F.);
#1998=ORIENTED_EDGE('',*,*,#3089,.F.);
#1999=ORIENTED_EDGE('',*,*,#3300,.F.);
#2000=ORIENTED_EDGE('',*,*,#3301,.T.);
#2001=ORIENTED_EDGE('',*,*,#3302,.T.);
#2002=ORIENTED_EDGE('',*,*,#3098,.F.);
#2003=ORIENTED_EDGE('',*,*,#3303,.F.);
#2004=ORIENTED_EDGE('',*,*,#3304,.T.);
#2005=ORIENTED_EDGE('',*,*,#3300,.T.);
#2006=ORIENTED_EDGE('',*,*,#3097,.F.);
#2007=ORIENTED_EDGE('',*,*,#3305,.F.);
#2008=ORIENTED_EDGE('',*,*,#3306,.T.);
#2009=ORIENTED_EDGE('',*,*,#3303,.T.);
#2010=ORIENTED_EDGE('',*,*,#3096,.F.);
#2011=ORIENTED_EDGE('',*,*,#3307,.F.);
#2012=ORIENTED_EDGE('',*,*,#3308,.T.);
#2013=ORIENTED_EDGE('',*,*,#3305,.T.);
#2014=ORIENTED_EDGE('',*,*,#3095,.F.);
#2015=ORIENTED_EDGE('',*,*,#3309,.F.);
#2016=ORIENTED_EDGE('',*,*,#3310,.T.);
#2017=ORIENTED_EDGE('',*,*,#3307,.T.);
#2018=ORIENTED_EDGE('',*,*,#3094,.F.);
#2019=ORIENTED_EDGE('',*,*,#3311,.F.);
#2020=ORIENTED_EDGE('',*,*,#3312,.T.);
#2021=ORIENTED_EDGE('',*,*,#3309,.T.);
#2022=ORIENTED_EDGE('',*,*,#3093,.F.);
#2023=ORIENTED_EDGE('',*,*,#3313,.F.);
#2024=ORIENTED_EDGE('',*,*,#3314,.T.);
#2025=ORIENTED_EDGE('',*,*,#3311,.T.);
#2026=ORIENTED_EDGE('',*,*,#3092,.F.);
#2027=ORIENTED_EDGE('',*,*,#3315,.F.);
#2028=ORIENTED_EDGE('',*,*,#3316,.T.);
#2029=ORIENTED_EDGE('',*,*,#3313,.T.);
#2030=ORIENTED_EDGE('',*,*,#3091,.F.);
#2031=ORIENTED_EDGE('',*,*,#3317,.F.);
#2032=ORIENTED_EDGE('',*,*,#3318,.T.);
#2033=ORIENTED_EDGE('',*,*,#3315,.T.);
#2034=ORIENTED_EDGE('',*,*,#3090,.F.);
#2035=ORIENTED_EDGE('',*,*,#3302,.F.);
#2036=ORIENTED_EDGE('',*,*,#3319,.T.);
#2037=ORIENTED_EDGE('',*,*,#3317,.T.);
#2038=ORIENTED_EDGE('',*,*,#3301,.F.);
#2039=ORIENTED_EDGE('',*,*,#3304,.F.);
#2040=ORIENTED_EDGE('',*,*,#3306,.F.);
#2041=ORIENTED_EDGE('',*,*,#3308,.F.);
#2042=ORIENTED_EDGE('',*,*,#3310,.F.);
#2043=ORIENTED_EDGE('',*,*,#3312,.F.);
#2044=ORIENTED_EDGE('',*,*,#3314,.F.);
#2045=ORIENTED_EDGE('',*,*,#3316,.F.);
#2046=ORIENTED_EDGE('',*,*,#3318,.F.);
#2047=ORIENTED_EDGE('',*,*,#3319,.F.);
#2048=ORIENTED_EDGE('',*,*,#3062,.F.);
#2049=ORIENTED_EDGE('',*,*,#3320,.F.);
#2050=ORIENTED_EDGE('',*,*,#3321,.T.);
#2051=ORIENTED_EDGE('',*,*,#3322,.T.);
#2052=ORIENTED_EDGE('',*,*,#3085,.F.);
#2053=ORIENTED_EDGE('',*,*,#3323,.F.);
#2054=ORIENTED_EDGE('',*,*,#3324,.T.);
#2055=ORIENTED_EDGE('',*,*,#3320,.T.);
#2056=ORIENTED_EDGE('',*,*,#3084,.F.);
#2057=ORIENTED_EDGE('',*,*,#3325,.F.);
#2058=ORIENTED_EDGE('',*,*,#3326,.T.);
#2059=ORIENTED_EDGE('',*,*,#3323,.T.);
#2060=ORIENTED_EDGE('',*,*,#3083,.F.);
#2061=ORIENTED_EDGE('',*,*,#3327,.F.);
#2062=ORIENTED_EDGE('',*,*,#3328,.T.);
#2063=ORIENTED_EDGE('',*,*,#3325,.T.);
#2064=ORIENTED_EDGE('',*,*,#3082,.F.);
#2065=ORIENTED_EDGE('',*,*,#3329,.F.);
#2066=ORIENTED_EDGE('',*,*,#3330,.T.);
#2067=ORIENTED_EDGE('',*,*,#3327,.T.);
#2068=ORIENTED_EDGE('',*,*,#3081,.F.);
#2069=ORIENTED_EDGE('',*,*,#3331,.F.);
#2070=ORIENTED_EDGE('',*,*,#3332,.T.);
#2071=ORIENTED_EDGE('',*,*,#3329,.T.);
#2072=ORIENTED_EDGE('',*,*,#3080,.F.);
#2073=ORIENTED_EDGE('',*,*,#3333,.F.);
#2074=ORIENTED_EDGE('',*,*,#3334,.T.);
#2075=ORIENTED_EDGE('',*,*,#3331,.T.);
#2076=ORIENTED_EDGE('',*,*,#3079,.F.);
#2077=ORIENTED_EDGE('',*,*,#3335,.F.);
#2078=ORIENTED_EDGE('',*,*,#3336,.T.);
#2079=ORIENTED_EDGE('',*,*,#3333,.T.);
#2080=ORIENTED_EDGE('',*,*,#3078,.F.);
#2081=ORIENTED_EDGE('',*,*,#3337,.F.);
#2082=ORIENTED_EDGE('',*,*,#3338,.T.);
#2083=ORIENTED_EDGE('',*,*,#3335,.T.);
#2084=ORIENTED_EDGE('',*,*,#3077,.F.);
#2085=ORIENTED_EDGE('',*,*,#3339,.F.);
#2086=ORIENTED_EDGE('',*,*,#3340,.T.);
#2087=ORIENTED_EDGE('',*,*,#3337,.T.);
#2088=ORIENTED_EDGE('',*,*,#3076,.F.);
#2089=ORIENTED_EDGE('',*,*,#3341,.F.);
#2090=ORIENTED_EDGE('',*,*,#3342,.T.);
#2091=ORIENTED_EDGE('',*,*,#3339,.T.);
#2092=ORIENTED_EDGE('',*,*,#3075,.F.);
#2093=ORIENTED_EDGE('',*,*,#3343,.F.);
#2094=ORIENTED_EDGE('',*,*,#3344,.T.);
#2095=ORIENTED_EDGE('',*,*,#3341,.T.);
#2096=ORIENTED_EDGE('',*,*,#3074,.F.);
#2097=ORIENTED_EDGE('',*,*,#3345,.F.);
#2098=ORIENTED_EDGE('',*,*,#3346,.T.);
#2099=ORIENTED_EDGE('',*,*,#3343,.T.);
#2100=ORIENTED_EDGE('',*,*,#3073,.F.);
#2101=ORIENTED_EDGE('',*,*,#3347,.F.);
#2102=ORIENTED_EDGE('',*,*,#3348,.T.);
#2103=ORIENTED_EDGE('',*,*,#3345,.T.);
#2104=ORIENTED_EDGE('',*,*,#3072,.F.);
#2105=ORIENTED_EDGE('',*,*,#3349,.F.);
#2106=ORIENTED_EDGE('',*,*,#3350,.T.);
#2107=ORIENTED_EDGE('',*,*,#3347,.T.);
#2108=ORIENTED_EDGE('',*,*,#3071,.F.);
#2109=ORIENTED_EDGE('',*,*,#3351,.F.);
#2110=ORIENTED_EDGE('',*,*,#3352,.T.);
#2111=ORIENTED_EDGE('',*,*,#3349,.T.);
#2112=ORIENTED_EDGE('',*,*,#3070,.F.);
#2113=ORIENTED_EDGE('',*,*,#3353,.F.);
#2114=ORIENTED_EDGE('',*,*,#3354,.T.);
#2115=ORIENTED_EDGE('',*,*,#3351,.T.);
#2116=ORIENTED_EDGE('',*,*,#3069,.F.);
#2117=ORIENTED_EDGE('',*,*,#3355,.F.);
#2118=ORIENTED_EDGE('',*,*,#3356,.T.);
#2119=ORIENTED_EDGE('',*,*,#3353,.T.);
#2120=ORIENTED_EDGE('',*,*,#3068,.F.);
#2121=ORIENTED_EDGE('',*,*,#3357,.F.);
#2122=ORIENTED_EDGE('',*,*,#3358,.T.);
#2123=ORIENTED_EDGE('',*,*,#3355,.T.);
#2124=ORIENTED_EDGE('',*,*,#3067,.F.);
#2125=ORIENTED_EDGE('',*,*,#3359,.F.);
#2126=ORIENTED_EDGE('',*,*,#3360,.T.);
#2127=ORIENTED_EDGE('',*,*,#3357,.T.);
#2128=ORIENTED_EDGE('',*,*,#3066,.F.);
#2129=ORIENTED_EDGE('',*,*,#3361,.F.);
#2130=ORIENTED_EDGE('',*,*,#3362,.T.);
#2131=ORIENTED_EDGE('',*,*,#3359,.T.);
#2132=ORIENTED_EDGE('',*,*,#3065,.F.);
#2133=ORIENTED_EDGE('',*,*,#3363,.F.);
#2134=ORIENTED_EDGE('',*,*,#3364,.T.);
#2135=ORIENTED_EDGE('',*,*,#3361,.T.);
#2136=ORIENTED_EDGE('',*,*,#3064,.F.);
#2137=ORIENTED_EDGE('',*,*,#3365,.F.);
#2138=ORIENTED_EDGE('',*,*,#3366,.T.);
#2139=ORIENTED_EDGE('',*,*,#3363,.T.);
#2140=ORIENTED_EDGE('',*,*,#3063,.F.);
#2141=ORIENTED_EDGE('',*,*,#3322,.F.);
#2142=ORIENTED_EDGE('',*,*,#3367,.T.);
#2143=ORIENTED_EDGE('',*,*,#3365,.T.);
#2144=ORIENTED_EDGE('',*,*,#3321,.F.);
#2145=ORIENTED_EDGE('',*,*,#3324,.F.);
#2146=ORIENTED_EDGE('',*,*,#3326,.F.);
#2147=ORIENTED_EDGE('',*,*,#3328,.F.);
#2148=ORIENTED_EDGE('',*,*,#3330,.F.);
#2149=ORIENTED_EDGE('',*,*,#3332,.F.);
#2150=ORIENTED_EDGE('',*,*,#3334,.F.);
#2151=ORIENTED_EDGE('',*,*,#3336,.F.);
#2152=ORIENTED_EDGE('',*,*,#3338,.F.);
#2153=ORIENTED_EDGE('',*,*,#3340,.F.);
#2154=ORIENTED_EDGE('',*,*,#3342,.F.);
#2155=ORIENTED_EDGE('',*,*,#3344,.F.);
#2156=ORIENTED_EDGE('',*,*,#3346,.F.);
#2157=ORIENTED_EDGE('',*,*,#3348,.F.);
#2158=ORIENTED_EDGE('',*,*,#3350,.F.);
#2159=ORIENTED_EDGE('',*,*,#3352,.F.);
#2160=ORIENTED_EDGE('',*,*,#3354,.F.);
#2161=ORIENTED_EDGE('',*,*,#3356,.F.);
#2162=ORIENTED_EDGE('',*,*,#3358,.F.);
#2163=ORIENTED_EDGE('',*,*,#3360,.F.);
#2164=ORIENTED_EDGE('',*,*,#3362,.F.);
#2165=ORIENTED_EDGE('',*,*,#3364,.F.);
#2166=ORIENTED_EDGE('',*,*,#3366,.F.);
#2167=ORIENTED_EDGE('',*,*,#3367,.F.);
#2168=ORIENTED_EDGE('',*,*,#3032,.F.);
#2169=ORIENTED_EDGE('',*,*,#3368,.F.);
#2170=ORIENTED_EDGE('',*,*,#3369,.T.);
#2171=ORIENTED_EDGE('',*,*,#3370,.T.);
#2172=ORIENTED_EDGE('',*,*,#3058,.F.);
#2173=ORIENTED_EDGE('',*,*,#3371,.F.);
#2174=ORIENTED_EDGE('',*,*,#3372,.T.);
#2175=ORIENTED_EDGE('',*,*,#3368,.T.);
#2176=ORIENTED_EDGE('',*,*,#3057,.F.);
#2177=ORIENTED_EDGE('',*,*,#3373,.F.);
#2178=ORIENTED_EDGE('',*,*,#3374,.T.);
#2179=ORIENTED_EDGE('',*,*,#3371,.T.);
#2180=ORIENTED_EDGE('',*,*,#3056,.F.);
#2181=ORIENTED_EDGE('',*,*,#3375,.F.);
#2182=ORIENTED_EDGE('',*,*,#3376,.T.);
#2183=ORIENTED_EDGE('',*,*,#3373,.T.);
#2184=ORIENTED_EDGE('',*,*,#3055,.F.);
#2185=ORIENTED_EDGE('',*,*,#3377,.F.);
#2186=ORIENTED_EDGE('',*,*,#3378,.T.);
#2187=ORIENTED_EDGE('',*,*,#3375,.T.);
#2188=ORIENTED_EDGE('',*,*,#3054,.F.);
#2189=ORIENTED_EDGE('',*,*,#3379,.F.);
#2190=ORIENTED_EDGE('',*,*,#3380,.T.);
#2191=ORIENTED_EDGE('',*,*,#3377,.T.);
#2192=ORIENTED_EDGE('',*,*,#3053,.F.);
#2193=ORIENTED_EDGE('',*,*,#3381,.F.);
#2194=ORIENTED_EDGE('',*,*,#3382,.T.);
#2195=ORIENTED_EDGE('',*,*,#3379,.T.);
#2196=ORIENTED_EDGE('',*,*,#3052,.F.);
#2197=ORIENTED_EDGE('',*,*,#3383,.F.);
#2198=ORIENTED_EDGE('',*,*,#3384,.T.);
#2199=ORIENTED_EDGE('',*,*,#3381,.T.);
#2200=ORIENTED_EDGE('',*,*,#3051,.F.);
#2201=ORIENTED_EDGE('',*,*,#3385,.F.);
#2202=ORIENTED_EDGE('',*,*,#3386,.T.);
#2203=ORIENTED_EDGE('',*,*,#3383,.T.);
#2204=ORIENTED_EDGE('',*,*,#3050,.F.);
#2205=ORIENTED_EDGE('',*,*,#3387,.F.);
#2206=ORIENTED_EDGE('',*,*,#3388,.T.);
#2207=ORIENTED_EDGE('',*,*,#3385,.T.);
#2208=ORIENTED_EDGE('',*,*,#3049,.F.);
#2209=ORIENTED_EDGE('',*,*,#3389,.F.);
#2210=ORIENTED_EDGE('',*,*,#3390,.T.);
#2211=ORIENTED_EDGE('',*,*,#3387,.T.);
#2212=ORIENTED_EDGE('',*,*,#3048,.F.);
#2213=ORIENTED_EDGE('',*,*,#3391,.F.);
#2214=ORIENTED_EDGE('',*,*,#3392,.T.);
#2215=ORIENTED_EDGE('',*,*,#3389,.T.);
#2216=ORIENTED_EDGE('',*,*,#3047,.F.);
#2217=ORIENTED_EDGE('',*,*,#3393,.F.);
#2218=ORIENTED_EDGE('',*,*,#3394,.T.);
#2219=ORIENTED_EDGE('',*,*,#3391,.T.);
#2220=ORIENTED_EDGE('',*,*,#3046,.F.);
#2221=ORIENTED_EDGE('',*,*,#3395,.F.);
#2222=ORIENTED_EDGE('',*,*,#3396,.T.);
#2223=ORIENTED_EDGE('',*,*,#3393,.T.);
#2224=ORIENTED_EDGE('',*,*,#3045,.F.);
#2225=ORIENTED_EDGE('',*,*,#3397,.F.);
#2226=ORIENTED_EDGE('',*,*,#3398,.T.);
#2227=ORIENTED_EDGE('',*,*,#3395,.T.);
#2228=ORIENTED_EDGE('',*,*,#3044,.F.);
#2229=ORIENTED_EDGE('',*,*,#3399,.F.);
#2230=ORIENTED_EDGE('',*,*,#3400,.T.);
#2231=ORIENTED_EDGE('',*,*,#3397,.T.);
#2232=ORIENTED_EDGE('',*,*,#3043,.F.);
#2233=ORIENTED_EDGE('',*,*,#3401,.F.);
#2234=ORIENTED_EDGE('',*,*,#3402,.T.);
#2235=ORIENTED_EDGE('',*,*,#3399,.T.);
#2236=ORIENTED_EDGE('',*,*,#3042,.F.);
#2237=ORIENTED_EDGE('',*,*,#3403,.F.);
#2238=ORIENTED_EDGE('',*,*,#3404,.T.);
#2239=ORIENTED_EDGE('',*,*,#3401,.T.);
#2240=ORIENTED_EDGE('',*,*,#3041,.F.);
#2241=ORIENTED_EDGE('',*,*,#3405,.F.);
#2242=ORIENTED_EDGE('',*,*,#3406,.T.);
#2243=ORIENTED_EDGE('',*,*,#3403,.T.);
#2244=ORIENTED_EDGE('',*,*,#3040,.F.);
#2245=ORIENTED_EDGE('',*,*,#3407,.F.);
#2246=ORIENTED_EDGE('',*,*,#3408,.T.);
#2247=ORIENTED_EDGE('',*,*,#3405,.T.);
#2248=ORIENTED_EDGE('',*,*,#3039,.F.);
#2249=ORIENTED_EDGE('',*,*,#3409,.F.);
#2250=ORIENTED_EDGE('',*,*,#3410,.T.);
#2251=ORIENTED_EDGE('',*,*,#3407,.T.);
#2252=ORIENTED_EDGE('',*,*,#3038,.F.);
#2253=ORIENTED_EDGE('',*,*,#3411,.F.);
#2254=ORIENTED_EDGE('',*,*,#3412,.T.);
#2255=ORIENTED_EDGE('',*,*,#3409,.T.);
#2256=ORIENTED_EDGE('',*,*,#3037,.F.);
#2257=ORIENTED_EDGE('',*,*,#3413,.F.);
#2258=ORIENTED_EDGE('',*,*,#3414,.T.);
#2259=ORIENTED_EDGE('',*,*,#3411,.T.);
#2260=ORIENTED_EDGE('',*,*,#3036,.F.);
#2261=ORIENTED_EDGE('',*,*,#3415,.F.);
#2262=ORIENTED_EDGE('',*,*,#3416,.T.);
#2263=ORIENTED_EDGE('',*,*,#3413,.T.);
#2264=ORIENTED_EDGE('',*,*,#3035,.F.);
#2265=ORIENTED_EDGE('',*,*,#3417,.F.);
#2266=ORIENTED_EDGE('',*,*,#3418,.T.);
#2267=ORIENTED_EDGE('',*,*,#3415,.T.);
#2268=ORIENTED_EDGE('',*,*,#3034,.F.);
#2269=ORIENTED_EDGE('',*,*,#3419,.F.);
#2270=ORIENTED_EDGE('',*,*,#3420,.T.);
#2271=ORIENTED_EDGE('',*,*,#3417,.T.);
#2272=ORIENTED_EDGE('',*,*,#3033,.F.);
#2273=ORIENTED_EDGE('',*,*,#3370,.F.);
#2274=ORIENTED_EDGE('',*,*,#3421,.T.);
#2275=ORIENTED_EDGE('',*,*,#3419,.T.);
#2276=ORIENTED_EDGE('',*,*,#3369,.F.);
#2277=ORIENTED_EDGE('',*,*,#3372,.F.);
#2278=ORIENTED_EDGE('',*,*,#3374,.F.);
#2279=ORIENTED_EDGE('',*,*,#3376,.F.);
#2280=ORIENTED_EDGE('',*,*,#3378,.F.);
#2281=ORIENTED_EDGE('',*,*,#3380,.F.);
#2282=ORIENTED_EDGE('',*,*,#3382,.F.);
#2283=ORIENTED_EDGE('',*,*,#3384,.F.);
#2284=ORIENTED_EDGE('',*,*,#3386,.F.);
#2285=ORIENTED_EDGE('',*,*,#3388,.F.);
#2286=ORIENTED_EDGE('',*,*,#3390,.F.);
#2287=ORIENTED_EDGE('',*,*,#3392,.F.);
#2288=ORIENTED_EDGE('',*,*,#3394,.F.);
#2289=ORIENTED_EDGE('',*,*,#3396,.F.);
#2290=ORIENTED_EDGE('',*,*,#3398,.F.);
#2291=ORIENTED_EDGE('',*,*,#3400,.F.);
#2292=ORIENTED_EDGE('',*,*,#3402,.F.);
#2293=ORIENTED_EDGE('',*,*,#3404,.F.);
#2294=ORIENTED_EDGE('',*,*,#3406,.F.);
#2295=ORIENTED_EDGE('',*,*,#3408,.F.);
#2296=ORIENTED_EDGE('',*,*,#3410,.F.);
#2297=ORIENTED_EDGE('',*,*,#3412,.F.);
#2298=ORIENTED_EDGE('',*,*,#3414,.F.);
#2299=ORIENTED_EDGE('',*,*,#3416,.F.);
#2300=ORIENTED_EDGE('',*,*,#3418,.F.);
#2301=ORIENTED_EDGE('',*,*,#3420,.F.);
#2302=ORIENTED_EDGE('',*,*,#3421,.F.);
#2303=ORIENTED_EDGE('',*,*,#3422,.F.);
#2304=ORIENTED_EDGE('',*,*,#3423,.F.);
#2305=ORIENTED_EDGE('',*,*,#3424,.T.);
#2306=ORIENTED_EDGE('',*,*,#3425,.T.);
#2307=ORIENTED_EDGE('',*,*,#3426,.F.);
#2308=ORIENTED_EDGE('',*,*,#3427,.F.);
#2309=ORIENTED_EDGE('',*,*,#3428,.T.);
#2310=ORIENTED_EDGE('',*,*,#3423,.T.);
#2311=ORIENTED_EDGE('',*,*,#3429,.F.);
#2312=ORIENTED_EDGE('',*,*,#3430,.F.);
#2313=ORIENTED_EDGE('',*,*,#3431,.T.);
#2314=ORIENTED_EDGE('',*,*,#3427,.T.);
#2315=ORIENTED_EDGE('',*,*,#3432,.F.);
#2316=ORIENTED_EDGE('',*,*,#3433,.F.);
#2317=ORIENTED_EDGE('',*,*,#3434,.T.);
#2318=ORIENTED_EDGE('',*,*,#3430,.T.);
#2319=ORIENTED_EDGE('',*,*,#3435,.F.);
#2320=ORIENTED_EDGE('',*,*,#3436,.F.);
#2321=ORIENTED_EDGE('',*,*,#3437,.T.);
#2322=ORIENTED_EDGE('',*,*,#3433,.T.);
#2323=ORIENTED_EDGE('',*,*,#3438,.F.);
#2324=ORIENTED_EDGE('',*,*,#3439,.F.);
#2325=ORIENTED_EDGE('',*,*,#3440,.T.);
#2326=ORIENTED_EDGE('',*,*,#3436,.T.);
#2327=ORIENTED_EDGE('',*,*,#3018,.F.);
#2328=ORIENTED_EDGE('',*,*,#3441,.F.);
#2329=ORIENTED_EDGE('',*,*,#3442,.T.);
#2330=ORIENTED_EDGE('',*,*,#3443,.T.);
#2331=ORIENTED_EDGE('',*,*,#3028,.F.);
#2332=ORIENTED_EDGE('',*,*,#3444,.F.);
#2333=ORIENTED_EDGE('',*,*,#3445,.T.);
#2334=ORIENTED_EDGE('',*,*,#3441,.T.);
#2335=ORIENTED_EDGE('',*,*,#3027,.F.);
#2336=ORIENTED_EDGE('',*,*,#3446,.F.);
#2337=ORIENTED_EDGE('',*,*,#3447,.T.);
#2338=ORIENTED_EDGE('',*,*,#3444,.T.);
#2339=ORIENTED_EDGE('',*,*,#3026,.F.);
#2340=ORIENTED_EDGE('',*,*,#3448,.F.);
#2341=ORIENTED_EDGE('',*,*,#3449,.T.);
#2342=ORIENTED_EDGE('',*,*,#3446,.T.);
#2343=ORIENTED_EDGE('',*,*,#3025,.F.);
#2344=ORIENTED_EDGE('',*,*,#3450,.F.);
#2345=ORIENTED_EDGE('',*,*,#3451,.T.);
#2346=ORIENTED_EDGE('',*,*,#3448,.T.);
#2347=ORIENTED_EDGE('',*,*,#3024,.F.);
#2348=ORIENTED_EDGE('',*,*,#3452,.F.);
#2349=ORIENTED_EDGE('',*,*,#3453,.T.);
#2350=ORIENTED_EDGE('',*,*,#3450,.T.);
#2351=ORIENTED_EDGE('',*,*,#3023,.F.);
#2352=ORIENTED_EDGE('',*,*,#3454,.F.);
#2353=ORIENTED_EDGE('',*,*,#3455,.T.);
#2354=ORIENTED_EDGE('',*,*,#3452,.T.);
#2355=ORIENTED_EDGE('',*,*,#3022,.F.);
#2356=ORIENTED_EDGE('',*,*,#3456,.F.);
#2357=ORIENTED_EDGE('',*,*,#3457,.T.);
#2358=ORIENTED_EDGE('',*,*,#3454,.T.);
#2359=ORIENTED_EDGE('',*,*,#3021,.F.);
#2360=ORIENTED_EDGE('',*,*,#3458,.F.);
#2361=ORIENTED_EDGE('',*,*,#3459,.T.);
#2362=ORIENTED_EDGE('',*,*,#3456,.T.);
#2363=ORIENTED_EDGE('',*,*,#3020,.F.);
#2364=ORIENTED_EDGE('',*,*,#3460,.F.);
#2365=ORIENTED_EDGE('',*,*,#3461,.T.);
#2366=ORIENTED_EDGE('',*,*,#3458,.T.);
#2367=ORIENTED_EDGE('',*,*,#3019,.F.);
#2368=ORIENTED_EDGE('',*,*,#3443,.F.);
#2369=ORIENTED_EDGE('',*,*,#3462,.T.);
#2370=ORIENTED_EDGE('',*,*,#3460,.T.);
#2371=ORIENTED_EDGE('',*,*,#3463,.F.);
#2372=ORIENTED_EDGE('',*,*,#3425,.F.);
#2373=ORIENTED_EDGE('',*,*,#3464,.T.);
#2374=ORIENTED_EDGE('',*,*,#3439,.T.);
#2375=ORIENTED_EDGE('',*,*,#3442,.F.);
#2376=ORIENTED_EDGE('',*,*,#3445,.F.);
#2377=ORIENTED_EDGE('',*,*,#3447,.F.);
#2378=ORIENTED_EDGE('',*,*,#3449,.F.);
#2379=ORIENTED_EDGE('',*,*,#3451,.F.);
#2380=ORIENTED_EDGE('',*,*,#3453,.F.);
#2381=ORIENTED_EDGE('',*,*,#3455,.F.);
#2382=ORIENTED_EDGE('',*,*,#3457,.F.);
#2383=ORIENTED_EDGE('',*,*,#3459,.F.);
#2384=ORIENTED_EDGE('',*,*,#3461,.F.);
#2385=ORIENTED_EDGE('',*,*,#3462,.F.);
#2386=ORIENTED_EDGE('',*,*,#3424,.F.);
#2387=ORIENTED_EDGE('',*,*,#3428,.F.);
#2388=ORIENTED_EDGE('',*,*,#3431,.F.);
#2389=ORIENTED_EDGE('',*,*,#3434,.F.);
#2390=ORIENTED_EDGE('',*,*,#3437,.F.);
#2391=ORIENTED_EDGE('',*,*,#3440,.F.);
#2392=ORIENTED_EDGE('',*,*,#3464,.F.);
#2393=ORIENTED_EDGE('',*,*,#3422,.T.);
#2394=ORIENTED_EDGE('',*,*,#3463,.T.);
#2395=ORIENTED_EDGE('',*,*,#3438,.T.);
#2396=ORIENTED_EDGE('',*,*,#3435,.T.);
#2397=ORIENTED_EDGE('',*,*,#3432,.T.);
#2398=ORIENTED_EDGE('',*,*,#3429,.T.);
#2399=ORIENTED_EDGE('',*,*,#3426,.T.);
#2400=ORIENTED_EDGE('',*,*,#2995,.F.);
#2401=ORIENTED_EDGE('',*,*,#3465,.F.);
#2402=ORIENTED_EDGE('',*,*,#3466,.T.);
#2403=ORIENTED_EDGE('',*,*,#3467,.T.);
#2404=ORIENTED_EDGE('',*,*,#3014,.F.);
#2405=ORIENTED_EDGE('',*,*,#3468,.F.);
#2406=ORIENTED_EDGE('',*,*,#3469,.T.);
#2407=ORIENTED_EDGE('',*,*,#3465,.T.);
#2408=ORIENTED_EDGE('',*,*,#3013,.F.);
#2409=ORIENTED_EDGE('',*,*,#3470,.F.);
#2410=ORIENTED_EDGE('',*,*,#3471,.T.);
#2411=ORIENTED_EDGE('',*,*,#3468,.T.);
#2412=ORIENTED_EDGE('',*,*,#3012,.F.);
#2413=ORIENTED_EDGE('',*,*,#3472,.F.);
#2414=ORIENTED_EDGE('',*,*,#3473,.T.);
#2415=ORIENTED_EDGE('',*,*,#3470,.T.);
#2416=ORIENTED_EDGE('',*,*,#3011,.F.);
#2417=ORIENTED_EDGE('',*,*,#3474,.F.);
#2418=ORIENTED_EDGE('',*,*,#3475,.T.);
#2419=ORIENTED_EDGE('',*,*,#3472,.T.);
#2420=ORIENTED_EDGE('',*,*,#3010,.F.);
#2421=ORIENTED_EDGE('',*,*,#3476,.F.);
#2422=ORIENTED_EDGE('',*,*,#3477,.T.);
#2423=ORIENTED_EDGE('',*,*,#3474,.T.);
#2424=ORIENTED_EDGE('',*,*,#3009,.F.);
#2425=ORIENTED_EDGE('',*,*,#3478,.F.);
#2426=ORIENTED_EDGE('',*,*,#3479,.T.);
#2427=ORIENTED_EDGE('',*,*,#3476,.T.);
#2428=ORIENTED_EDGE('',*,*,#3008,.F.);
#2429=ORIENTED_EDGE('',*,*,#3480,.F.);
#2430=ORIENTED_EDGE('',*,*,#3481,.T.);
#2431=ORIENTED_EDGE('',*,*,#3478,.T.);
#2432=ORIENTED_EDGE('',*,*,#3007,.F.);
#2433=ORIENTED_EDGE('',*,*,#3482,.F.);
#2434=ORIENTED_EDGE('',*,*,#3483,.T.);
#2435=ORIENTED_EDGE('',*,*,#3480,.T.);
#2436=ORIENTED_EDGE('',*,*,#3006,.F.);
#2437=ORIENTED_EDGE('',*,*,#3484,.F.);
#2438=ORIENTED_EDGE('',*,*,#3485,.T.);
#2439=ORIENTED_EDGE('',*,*,#3482,.T.);
#2440=ORIENTED_EDGE('',*,*,#3005,.F.);
#2441=ORIENTED_EDGE('',*,*,#3486,.F.);
#2442=ORIENTED_EDGE('',*,*,#3487,.T.);
#2443=ORIENTED_EDGE('',*,*,#3484,.T.);
#2444=ORIENTED_EDGE('',*,*,#3004,.F.);
#2445=ORIENTED_EDGE('',*,*,#3488,.F.);
#2446=ORIENTED_EDGE('',*,*,#3489,.T.);
#2447=ORIENTED_EDGE('',*,*,#3486,.T.);
#2448=ORIENTED_EDGE('',*,*,#3003,.F.);
#2449=ORIENTED_EDGE('',*,*,#3490,.F.);
#2450=ORIENTED_EDGE('',*,*,#3491,.T.);
#2451=ORIENTED_EDGE('',*,*,#3488,.T.);
#2452=ORIENTED_EDGE('',*,*,#3002,.F.);
#2453=ORIENTED_EDGE('',*,*,#3492,.F.);
#2454=ORIENTED_EDGE('',*,*,#3493,.T.);
#2455=ORIENTED_EDGE('',*,*,#3490,.T.);
#2456=ORIENTED_EDGE('',*,*,#3001,.F.);
#2457=ORIENTED_EDGE('',*,*,#3494,.F.);
#2458=ORIENTED_EDGE('',*,*,#3495,.T.);
#2459=ORIENTED_EDGE('',*,*,#3492,.T.);
#2460=ORIENTED_EDGE('',*,*,#3000,.F.);
#2461=ORIENTED_EDGE('',*,*,#3496,.F.);
#2462=ORIENTED_EDGE('',*,*,#3497,.T.);
#2463=ORIENTED_EDGE('',*,*,#3494,.T.);
#2464=ORIENTED_EDGE('',*,*,#2999,.F.);
#2465=ORIENTED_EDGE('',*,*,#3498,.F.);
#2466=ORIENTED_EDGE('',*,*,#3499,.T.);
#2467=ORIENTED_EDGE('',*,*,#3496,.T.);
#2468=ORIENTED_EDGE('',*,*,#2998,.F.);
#2469=ORIENTED_EDGE('',*,*,#3500,.F.);
#2470=ORIENTED_EDGE('',*,*,#3501,.T.);
#2471=ORIENTED_EDGE('',*,*,#3498,.T.);
#2472=ORIENTED_EDGE('',*,*,#2997,.F.);
#2473=ORIENTED_EDGE('',*,*,#3502,.F.);
#2474=ORIENTED_EDGE('',*,*,#3503,.T.);
#2475=ORIENTED_EDGE('',*,*,#3500,.T.);
#2476=ORIENTED_EDGE('',*,*,#2996,.F.);
#2477=ORIENTED_EDGE('',*,*,#3467,.F.);
#2478=ORIENTED_EDGE('',*,*,#3504,.T.);
#2479=ORIENTED_EDGE('',*,*,#3502,.T.);
#2480=ORIENTED_EDGE('',*,*,#3466,.F.);
#2481=ORIENTED_EDGE('',*,*,#3469,.F.);
#2482=ORIENTED_EDGE('',*,*,#3471,.F.);
#2483=ORIENTED_EDGE('',*,*,#3473,.F.);
#2484=ORIENTED_EDGE('',*,*,#3475,.F.);
#2485=ORIENTED_EDGE('',*,*,#3477,.F.);
#2486=ORIENTED_EDGE('',*,*,#3479,.F.);
#2487=ORIENTED_EDGE('',*,*,#3481,.F.);
#2488=ORIENTED_EDGE('',*,*,#3483,.F.);
#2489=ORIENTED_EDGE('',*,*,#3485,.F.);
#2490=ORIENTED_EDGE('',*,*,#3487,.F.);
#2491=ORIENTED_EDGE('',*,*,#3489,.F.);
#2492=ORIENTED_EDGE('',*,*,#3491,.F.);
#2493=ORIENTED_EDGE('',*,*,#3493,.F.);
#2494=ORIENTED_EDGE('',*,*,#3495,.F.);
#2495=ORIENTED_EDGE('',*,*,#3497,.F.);
#2496=ORIENTED_EDGE('',*,*,#3499,.F.);
#2497=ORIENTED_EDGE('',*,*,#3501,.F.);
#2498=ORIENTED_EDGE('',*,*,#3503,.F.);
#2499=ORIENTED_EDGE('',*,*,#3504,.F.);
#2500=ORIENTED_EDGE('',*,*,#3505,.F.);
#2501=ORIENTED_EDGE('',*,*,#3506,.F.);
#2502=ORIENTED_EDGE('',*,*,#3507,.T.);
#2503=ORIENTED_EDGE('',*,*,#3508,.T.);
#2504=ORIENTED_EDGE('',*,*,#3509,.F.);
#2505=ORIENTED_EDGE('',*,*,#3510,.F.);
#2506=ORIENTED_EDGE('',*,*,#3511,.T.);
#2507=ORIENTED_EDGE('',*,*,#3506,.T.);
#2508=ORIENTED_EDGE('',*,*,#3512,.F.);
#2509=ORIENTED_EDGE('',*,*,#3513,.F.);
#2510=ORIENTED_EDGE('',*,*,#3514,.T.);
#2511=ORIENTED_EDGE('',*,*,#3510,.T.);
#2512=ORIENTED_EDGE('',*,*,#3515,.F.);
#2513=ORIENTED_EDGE('',*,*,#3516,.F.);
#2514=ORIENTED_EDGE('',*,*,#3517,.T.);
#2515=ORIENTED_EDGE('',*,*,#3513,.T.);
#2516=ORIENTED_EDGE('',*,*,#3518,.F.);
#2517=ORIENTED_EDGE('',*,*,#3519,.F.);
#2518=ORIENTED_EDGE('',*,*,#3520,.T.);
#2519=ORIENTED_EDGE('',*,*,#3516,.T.);
#2520=ORIENTED_EDGE('',*,*,#3521,.F.);
#2521=ORIENTED_EDGE('',*,*,#3522,.F.);
#2522=ORIENTED_EDGE('',*,*,#3523,.T.);
#2523=ORIENTED_EDGE('',*,*,#3519,.T.);
#2524=ORIENTED_EDGE('',*,*,#3524,.F.);
#2525=ORIENTED_EDGE('',*,*,#3525,.F.);
#2526=ORIENTED_EDGE('',*,*,#3526,.T.);
#2527=ORIENTED_EDGE('',*,*,#3522,.T.);
#2528=ORIENTED_EDGE('',*,*,#2975,.F.);
#2529=ORIENTED_EDGE('',*,*,#3527,.F.);
#2530=ORIENTED_EDGE('',*,*,#3528,.T.);
#2531=ORIENTED_EDGE('',*,*,#3529,.T.);
#2532=ORIENTED_EDGE('',*,*,#2991,.F.);
#2533=ORIENTED_EDGE('',*,*,#3530,.F.);
#2534=ORIENTED_EDGE('',*,*,#3531,.T.);
#2535=ORIENTED_EDGE('',*,*,#3527,.T.);
#2536=ORIENTED_EDGE('',*,*,#2990,.F.);
#2537=ORIENTED_EDGE('',*,*,#3532,.F.);
#2538=ORIENTED_EDGE('',*,*,#3533,.T.);
#2539=ORIENTED_EDGE('',*,*,#3530,.T.);
#2540=ORIENTED_EDGE('',*,*,#2989,.F.);
#2541=ORIENTED_EDGE('',*,*,#3534,.F.);
#2542=ORIENTED_EDGE('',*,*,#3535,.T.);
#2543=ORIENTED_EDGE('',*,*,#3532,.T.);
#2544=ORIENTED_EDGE('',*,*,#2988,.F.);
#2545=ORIENTED_EDGE('',*,*,#3536,.F.);
#2546=ORIENTED_EDGE('',*,*,#3537,.T.);
#2547=ORIENTED_EDGE('',*,*,#3534,.T.);
#2548=ORIENTED_EDGE('',*,*,#2987,.F.);
#2549=ORIENTED_EDGE('',*,*,#3538,.F.);
#2550=ORIENTED_EDGE('',*,*,#3539,.T.);
#2551=ORIENTED_EDGE('',*,*,#3536,.T.);
#2552=ORIENTED_EDGE('',*,*,#2986,.F.);
#2553=ORIENTED_EDGE('',*,*,#3540,.F.);
#2554=ORIENTED_EDGE('',*,*,#3541,.T.);
#2555=ORIENTED_EDGE('',*,*,#3538,.T.);
#2556=ORIENTED_EDGE('',*,*,#2985,.F.);
#2557=ORIENTED_EDGE('',*,*,#3542,.F.);
#2558=ORIENTED_EDGE('',*,*,#3543,.T.);
#2559=ORIENTED_EDGE('',*,*,#3540,.T.);
#2560=ORIENTED_EDGE('',*,*,#2984,.F.);
#2561=ORIENTED_EDGE('',*,*,#3544,.F.);
#2562=ORIENTED_EDGE('',*,*,#3545,.T.);
#2563=ORIENTED_EDGE('',*,*,#3542,.T.);
#2564=ORIENTED_EDGE('',*,*,#2983,.F.);
#2565=ORIENTED_EDGE('',*,*,#3546,.F.);
#2566=ORIENTED_EDGE('',*,*,#3547,.T.);
#2567=ORIENTED_EDGE('',*,*,#3544,.T.);
#2568=ORIENTED_EDGE('',*,*,#2982,.F.);
#2569=ORIENTED_EDGE('',*,*,#3548,.F.);
#2570=ORIENTED_EDGE('',*,*,#3549,.T.);
#2571=ORIENTED_EDGE('',*,*,#3546,.T.);
#2572=ORIENTED_EDGE('',*,*,#2981,.F.);
#2573=ORIENTED_EDGE('',*,*,#3550,.F.);
#2574=ORIENTED_EDGE('',*,*,#3551,.T.);
#2575=ORIENTED_EDGE('',*,*,#3548,.T.);
#2576=ORIENTED_EDGE('',*,*,#2980,.F.);
#2577=ORIENTED_EDGE('',*,*,#3552,.F.);
#2578=ORIENTED_EDGE('',*,*,#3553,.T.);
#2579=ORIENTED_EDGE('',*,*,#3550,.T.);
#2580=ORIENTED_EDGE('',*,*,#2979,.F.);
#2581=ORIENTED_EDGE('',*,*,#3554,.F.);
#2582=ORIENTED_EDGE('',*,*,#3555,.T.);
#2583=ORIENTED_EDGE('',*,*,#3552,.T.);
#2584=ORIENTED_EDGE('',*,*,#2978,.F.);
#2585=ORIENTED_EDGE('',*,*,#3556,.F.);
#2586=ORIENTED_EDGE('',*,*,#3557,.T.);
#2587=ORIENTED_EDGE('',*,*,#3554,.T.);
#2588=ORIENTED_EDGE('',*,*,#2977,.F.);
#2589=ORIENTED_EDGE('',*,*,#3558,.F.);
#2590=ORIENTED_EDGE('',*,*,#3559,.T.);
#2591=ORIENTED_EDGE('',*,*,#3556,.T.);
#2592=ORIENTED_EDGE('',*,*,#2976,.F.);
#2593=ORIENTED_EDGE('',*,*,#3529,.F.);
#2594=ORIENTED_EDGE('',*,*,#3560,.T.);
#2595=ORIENTED_EDGE('',*,*,#3558,.T.);
#2596=ORIENTED_EDGE('',*,*,#3561,.F.);
#2597=ORIENTED_EDGE('',*,*,#3508,.F.);
#2598=ORIENTED_EDGE('',*,*,#3562,.T.);
#2599=ORIENTED_EDGE('',*,*,#3525,.T.);
#2600=ORIENTED_EDGE('',*,*,#3528,.F.);
#2601=ORIENTED_EDGE('',*,*,#3531,.F.);
#2602=ORIENTED_EDGE('',*,*,#3533,.F.);
#2603=ORIENTED_EDGE('',*,*,#3535,.F.);
#2604=ORIENTED_EDGE('',*,*,#3537,.F.);
#2605=ORIENTED_EDGE('',*,*,#3539,.F.);
#2606=ORIENTED_EDGE('',*,*,#3541,.F.);
#2607=ORIENTED_EDGE('',*,*,#3543,.F.);
#2608=ORIENTED_EDGE('',*,*,#3545,.F.);
#2609=ORIENTED_EDGE('',*,*,#3547,.F.);
#2610=ORIENTED_EDGE('',*,*,#3549,.F.);
#2611=ORIENTED_EDGE('',*,*,#3551,.F.);
#2612=ORIENTED_EDGE('',*,*,#3553,.F.);
#2613=ORIENTED_EDGE('',*,*,#3555,.F.);
#2614=ORIENTED_EDGE('',*,*,#3557,.F.);
#2615=ORIENTED_EDGE('',*,*,#3559,.F.);
#2616=ORIENTED_EDGE('',*,*,#3560,.F.);
#2617=ORIENTED_EDGE('',*,*,#3507,.F.);
#2618=ORIENTED_EDGE('',*,*,#3511,.F.);
#2619=ORIENTED_EDGE('',*,*,#3514,.F.);
#2620=ORIENTED_EDGE('',*,*,#3517,.F.);
#2621=ORIENTED_EDGE('',*,*,#3520,.F.);
#2622=ORIENTED_EDGE('',*,*,#3523,.F.);
#2623=ORIENTED_EDGE('',*,*,#3526,.F.);
#2624=ORIENTED_EDGE('',*,*,#3562,.F.);
#2625=ORIENTED_EDGE('',*,*,#3505,.T.);
#2626=ORIENTED_EDGE('',*,*,#3561,.T.);
#2627=ORIENTED_EDGE('',*,*,#3524,.T.);
#2628=ORIENTED_EDGE('',*,*,#3521,.T.);
#2629=ORIENTED_EDGE('',*,*,#3518,.T.);
#2630=ORIENTED_EDGE('',*,*,#3515,.T.);
#2631=ORIENTED_EDGE('',*,*,#3512,.T.);
#2632=ORIENTED_EDGE('',*,*,#3509,.T.);
#2633=ORIENTED_EDGE('',*,*,#2965,.F.);
#2634=ORIENTED_EDGE('',*,*,#3563,.F.);
#2635=ORIENTED_EDGE('',*,*,#3564,.T.);
#2636=ORIENTED_EDGE('',*,*,#3565,.T.);
#2637=ORIENTED_EDGE('',*,*,#2971,.F.);
#2638=ORIENTED_EDGE('',*,*,#3566,.F.);
#2639=ORIENTED_EDGE('',*,*,#3567,.T.);
#2640=ORIENTED_EDGE('',*,*,#3563,.T.);
#2641=ORIENTED_EDGE('',*,*,#2970,.F.);
#2642=ORIENTED_EDGE('',*,*,#3568,.F.);
#2643=ORIENTED_EDGE('',*,*,#3569,.T.);
#2644=ORIENTED_EDGE('',*,*,#3566,.T.);
#2645=ORIENTED_EDGE('',*,*,#2969,.F.);
#2646=ORIENTED_EDGE('',*,*,#3570,.F.);
#2647=ORIENTED_EDGE('',*,*,#3571,.T.);
#2648=ORIENTED_EDGE('',*,*,#3568,.T.);
#2649=ORIENTED_EDGE('',*,*,#2968,.F.);
#2650=ORIENTED_EDGE('',*,*,#3572,.F.);
#2651=ORIENTED_EDGE('',*,*,#3573,.T.);
#2652=ORIENTED_EDGE('',*,*,#3570,.T.);
#2653=ORIENTED_EDGE('',*,*,#2967,.F.);
#2654=ORIENTED_EDGE('',*,*,#3574,.F.);
#2655=ORIENTED_EDGE('',*,*,#3575,.T.);
#2656=ORIENTED_EDGE('',*,*,#3572,.T.);
#2657=ORIENTED_EDGE('',*,*,#2966,.F.);
#2658=ORIENTED_EDGE('',*,*,#3565,.F.);
#2659=ORIENTED_EDGE('',*,*,#3576,.T.);
#2660=ORIENTED_EDGE('',*,*,#3574,.T.);
#2661=ORIENTED_EDGE('',*,*,#3564,.F.);
#2662=ORIENTED_EDGE('',*,*,#3567,.F.);
#2663=ORIENTED_EDGE('',*,*,#3569,.F.);
#2664=ORIENTED_EDGE('',*,*,#3571,.F.);
#2665=ORIENTED_EDGE('',*,*,#3573,.F.);
#2666=ORIENTED_EDGE('',*,*,#3575,.F.);
#2667=ORIENTED_EDGE('',*,*,#3576,.F.);
#2668=ORIENTED_EDGE('',*,*,#3577,.F.);
#2669=ORIENTED_EDGE('',*,*,#3578,.F.);
#2670=ORIENTED_EDGE('',*,*,#3579,.T.);
#2671=ORIENTED_EDGE('',*,*,#3580,.T.);
#2672=ORIENTED_EDGE('',*,*,#3581,.F.);
#2673=ORIENTED_EDGE('',*,*,#3582,.F.);
#2674=ORIENTED_EDGE('',*,*,#3583,.T.);
#2675=ORIENTED_EDGE('',*,*,#3578,.T.);
#2676=ORIENTED_EDGE('',*,*,#3584,.F.);
#2677=ORIENTED_EDGE('',*,*,#3585,.F.);
#2678=ORIENTED_EDGE('',*,*,#3586,.T.);
#2679=ORIENTED_EDGE('',*,*,#3582,.T.);
#2680=ORIENTED_EDGE('',*,*,#3587,.F.);
#2681=ORIENTED_EDGE('',*,*,#3588,.F.);
#2682=ORIENTED_EDGE('',*,*,#3589,.T.);
#2683=ORIENTED_EDGE('',*,*,#3585,.T.);
#2684=ORIENTED_EDGE('',*,*,#3590,.F.);
#2685=ORIENTED_EDGE('',*,*,#3591,.F.);
#2686=ORIENTED_EDGE('',*,*,#3592,.T.);
#2687=ORIENTED_EDGE('',*,*,#3588,.T.);
#2688=ORIENTED_EDGE('',*,*,#3593,.F.);
#2689=ORIENTED_EDGE('',*,*,#3594,.F.);
#2690=ORIENTED_EDGE('',*,*,#3595,.T.);
#2691=ORIENTED_EDGE('',*,*,#3591,.T.);
#2692=ORIENTED_EDGE('',*,*,#3596,.F.);
#2693=ORIENTED_EDGE('',*,*,#3597,.F.);
#2694=ORIENTED_EDGE('',*,*,#3598,.T.);
#2695=ORIENTED_EDGE('',*,*,#3594,.T.);
#2696=ORIENTED_EDGE('',*,*,#3599,.F.);
#2697=ORIENTED_EDGE('',*,*,#3600,.F.);
#2698=ORIENTED_EDGE('',*,*,#3601,.T.);
#2699=ORIENTED_EDGE('',*,*,#3602,.T.);
#2700=ORIENTED_EDGE('',*,*,#3603,.F.);
#2701=ORIENTED_EDGE('',*,*,#3604,.F.);
#2702=ORIENTED_EDGE('',*,*,#3605,.T.);
#2703=ORIENTED_EDGE('',*,*,#3600,.T.);
#2704=ORIENTED_EDGE('',*,*,#3606,.F.);
#2705=ORIENTED_EDGE('',*,*,#3607,.F.);
#2706=ORIENTED_EDGE('',*,*,#3608,.T.);
#2707=ORIENTED_EDGE('',*,*,#3604,.T.);
#2708=ORIENTED_EDGE('',*,*,#3609,.F.);
#2709=ORIENTED_EDGE('',*,*,#3610,.F.);
#2710=ORIENTED_EDGE('',*,*,#3611,.T.);
#2711=ORIENTED_EDGE('',*,*,#3607,.T.);
#2712=ORIENTED_EDGE('',*,*,#3612,.F.);
#2713=ORIENTED_EDGE('',*,*,#3613,.F.);
#2714=ORIENTED_EDGE('',*,*,#3614,.T.);
#2715=ORIENTED_EDGE('',*,*,#3610,.T.);
#2716=ORIENTED_EDGE('',*,*,#3615,.F.);
#2717=ORIENTED_EDGE('',*,*,#3616,.F.);
#2718=ORIENTED_EDGE('',*,*,#3617,.T.);
#2719=ORIENTED_EDGE('',*,*,#3613,.T.);
#2720=ORIENTED_EDGE('',*,*,#2946,.F.);
#2721=ORIENTED_EDGE('',*,*,#3618,.F.);
#2722=ORIENTED_EDGE('',*,*,#3619,.T.);
#2723=ORIENTED_EDGE('',*,*,#3620,.T.);
#2724=ORIENTED_EDGE('',*,*,#2961,.F.);
#2725=ORIENTED_EDGE('',*,*,#3621,.F.);
#2726=ORIENTED_EDGE('',*,*,#3622,.T.);
#2727=ORIENTED_EDGE('',*,*,#3618,.T.);
#2728=ORIENTED_EDGE('',*,*,#2960,.F.);
#2729=ORIENTED_EDGE('',*,*,#3623,.F.);
#2730=ORIENTED_EDGE('',*,*,#3624,.T.);
#2731=ORIENTED_EDGE('',*,*,#3621,.T.);
#2732=ORIENTED_EDGE('',*,*,#2959,.F.);
#2733=ORIENTED_EDGE('',*,*,#3625,.F.);
#2734=ORIENTED_EDGE('',*,*,#3626,.T.);
#2735=ORIENTED_EDGE('',*,*,#3623,.T.);
#2736=ORIENTED_EDGE('',*,*,#2958,.F.);
#2737=ORIENTED_EDGE('',*,*,#3627,.F.);
#2738=ORIENTED_EDGE('',*,*,#3628,.T.);
#2739=ORIENTED_EDGE('',*,*,#3625,.T.);
#2740=ORIENTED_EDGE('',*,*,#2957,.F.);
#2741=ORIENTED_EDGE('',*,*,#3629,.F.);
#2742=ORIENTED_EDGE('',*,*,#3630,.T.);
#2743=ORIENTED_EDGE('',*,*,#3627,.T.);
#2744=ORIENTED_EDGE('',*,*,#2956,.F.);
#2745=ORIENTED_EDGE('',*,*,#3631,.F.);
#2746=ORIENTED_EDGE('',*,*,#3632,.T.);
#2747=ORIENTED_EDGE('',*,*,#3629,.T.);
#2748=ORIENTED_EDGE('',*,*,#2955,.F.);
#2749=ORIENTED_EDGE('',*,*,#3633,.F.);
#2750=ORIENTED_EDGE('',*,*,#3634,.T.);
#2751=ORIENTED_EDGE('',*,*,#3631,.T.);
#2752=ORIENTED_EDGE('',*,*,#2954,.F.);
#2753=ORIENTED_EDGE('',*,*,#3635,.F.);
#2754=ORIENTED_EDGE('',*,*,#3636,.T.);
#2755=ORIENTED_EDGE('',*,*,#3633,.T.);
#2756=ORIENTED_EDGE('',*,*,#2953,.F.);
#2757=ORIENTED_EDGE('',*,*,#3637,.F.);
#2758=ORIENTED_EDGE('',*,*,#3638,.T.);
#2759=ORIENTED_EDGE('',*,*,#3635,.T.);
#2760=ORIENTED_EDGE('',*,*,#2952,.F.);
#2761=ORIENTED_EDGE('',*,*,#3639,.F.);
#2762=ORIENTED_EDGE('',*,*,#3640,.T.);
#2763=ORIENTED_EDGE('',*,*,#3637,.T.);
#2764=ORIENTED_EDGE('',*,*,#2951,.F.);
#2765=ORIENTED_EDGE('',*,*,#3641,.F.);
#2766=ORIENTED_EDGE('',*,*,#3642,.T.);
#2767=ORIENTED_EDGE('',*,*,#3639,.T.);
#2768=ORIENTED_EDGE('',*,*,#2950,.F.);
#2769=ORIENTED_EDGE('',*,*,#3643,.F.);
#2770=ORIENTED_EDGE('',*,*,#3644,.T.);
#2771=ORIENTED_EDGE('',*,*,#3641,.T.);
#2772=ORIENTED_EDGE('',*,*,#2949,.F.);
#2773=ORIENTED_EDGE('',*,*,#3645,.F.);
#2774=ORIENTED_EDGE('',*,*,#3646,.T.);
#2775=ORIENTED_EDGE('',*,*,#3643,.T.);
#2776=ORIENTED_EDGE('',*,*,#2948,.F.);
#2777=ORIENTED_EDGE('',*,*,#3647,.F.);
#2778=ORIENTED_EDGE('',*,*,#3648,.T.);
#2779=ORIENTED_EDGE('',*,*,#3645,.T.);
#2780=ORIENTED_EDGE('',*,*,#3649,.F.);
#2781=ORIENTED_EDGE('',*,*,#3602,.F.);
#2782=ORIENTED_EDGE('',*,*,#3650,.T.);
#2783=ORIENTED_EDGE('',*,*,#3616,.T.);
#2784=ORIENTED_EDGE('',*,*,#2947,.F.);
#2785=ORIENTED_EDGE('',*,*,#3620,.F.);
#2786=ORIENTED_EDGE('',*,*,#3651,.T.);
#2787=ORIENTED_EDGE('',*,*,#3647,.T.);
#2788=ORIENTED_EDGE('',*,*,#3652,.F.);
#2789=ORIENTED_EDGE('',*,*,#3580,.F.);
#2790=ORIENTED_EDGE('',*,*,#3653,.T.);
#2791=ORIENTED_EDGE('',*,*,#3597,.T.);
#2792=ORIENTED_EDGE('',*,*,#3619,.F.);
#2793=ORIENTED_EDGE('',*,*,#3622,.F.);
#2794=ORIENTED_EDGE('',*,*,#3624,.F.);
#2795=ORIENTED_EDGE('',*,*,#3626,.F.);
#2796=ORIENTED_EDGE('',*,*,#3628,.F.);
#2797=ORIENTED_EDGE('',*,*,#3630,.F.);
#2798=ORIENTED_EDGE('',*,*,#3632,.F.);
#2799=ORIENTED_EDGE('',*,*,#3634,.F.);
#2800=ORIENTED_EDGE('',*,*,#3636,.F.);
#2801=ORIENTED_EDGE('',*,*,#3638,.F.);
#2802=ORIENTED_EDGE('',*,*,#3640,.F.);
#2803=ORIENTED_EDGE('',*,*,#3642,.F.);
#2804=ORIENTED_EDGE('',*,*,#3644,.F.);
#2805=ORIENTED_EDGE('',*,*,#3646,.F.);
#2806=ORIENTED_EDGE('',*,*,#3648,.F.);
#2807=ORIENTED_EDGE('',*,*,#3651,.F.);
#2808=ORIENTED_EDGE('',*,*,#3601,.F.);
#2809=ORIENTED_EDGE('',*,*,#3605,.F.);
#2810=ORIENTED_EDGE('',*,*,#3608,.F.);
#2811=ORIENTED_EDGE('',*,*,#3611,.F.);
#2812=ORIENTED_EDGE('',*,*,#3614,.F.);
#2813=ORIENTED_EDGE('',*,*,#3617,.F.);
#2814=ORIENTED_EDGE('',*,*,#3650,.F.);
#2815=ORIENTED_EDGE('',*,*,#3579,.F.);
#2816=ORIENTED_EDGE('',*,*,#3583,.F.);
#2817=ORIENTED_EDGE('',*,*,#3586,.F.);
#2818=ORIENTED_EDGE('',*,*,#3589,.F.);
#2819=ORIENTED_EDGE('',*,*,#3592,.F.);
#2820=ORIENTED_EDGE('',*,*,#3595,.F.);
#2821=ORIENTED_EDGE('',*,*,#3598,.F.);
#2822=ORIENTED_EDGE('',*,*,#3653,.F.);
#2823=ORIENTED_EDGE('',*,*,#3599,.T.);
#2824=ORIENTED_EDGE('',*,*,#3649,.T.);
#2825=ORIENTED_EDGE('',*,*,#3615,.T.);
#2826=ORIENTED_EDGE('',*,*,#3612,.T.);
#2827=ORIENTED_EDGE('',*,*,#3609,.T.);
#2828=ORIENTED_EDGE('',*,*,#3606,.T.);
#2829=ORIENTED_EDGE('',*,*,#3603,.T.);
#2830=ORIENTED_EDGE('',*,*,#3577,.T.);
#2831=ORIENTED_EDGE('',*,*,#3652,.T.);
#2832=ORIENTED_EDGE('',*,*,#3596,.T.);
#2833=ORIENTED_EDGE('',*,*,#3593,.T.);
#2834=ORIENTED_EDGE('',*,*,#3590,.T.);
#2835=ORIENTED_EDGE('',*,*,#3587,.T.);
#2836=ORIENTED_EDGE('',*,*,#3584,.T.);
#2837=ORIENTED_EDGE('',*,*,#3581,.T.);
#2838=ORIENTED_EDGE('',*,*,#2930,.F.);
#2839=ORIENTED_EDGE('',*,*,#3164,.F.);
#2840=ORIENTED_EDGE('',*,*,#3654,.F.);
#2841=ORIENTED_EDGE('',*,*,#3280,.F.);
#2842=ORIENTED_EDGE('',*,*,#3295,.F.);
#2843=ORIENTED_EDGE('',*,*,#2940,.F.);
#2844=ORIENTED_EDGE('',*,*,#3229,.F.);
#2845=ORIENTED_EDGE('',*,*,#3655,.F.);
#2846=ORIENTED_EDGE('',*,*,#3268,.F.);
#2847=ORIENTED_EDGE('',*,*,#3654,.T.);
#2848=ORIENTED_EDGE('',*,*,#3163,.F.);
#2849=ORIENTED_EDGE('',*,*,#3228,.F.);
#2850=ORIENTED_EDGE('',*,*,#2918,.F.);
#2851=ORIENTED_EDGE('',*,*,#3293,.F.);
#2852=ORIENTED_EDGE('',*,*,#3271,.F.);
#2853=ORIENTED_EDGE('',*,*,#3655,.T.);
#2854=ORIENTED_EDGE('',*,*,#3297,.F.);
#2855=ORIENTED_EDGE('',*,*,#3246,.F.);
#2856=ORIENTED_EDGE('',*,*,#3656,.F.);
#2857=ORIENTED_EDGE('',*,*,#3214,.F.);
#2858=ORIENTED_EDGE('',*,*,#2922,.F.);
#2859=ORIENTED_EDGE('',*,*,#3656,.T.);
#2860=ORIENTED_EDGE('',*,*,#3243,.F.);
#2861=ORIENTED_EDGE('',*,*,#3657,.F.);
#2862=ORIENTED_EDGE('',*,*,#3210,.F.);
#2863=ORIENTED_EDGE('',*,*,#3100,.F.);
#2864=ORIENTED_EDGE('',*,*,#3215,.F.);
#2865=ORIENTED_EDGE('',*,*,#3299,.F.);
#2866=ORIENTED_EDGE('',*,*,#2887,.F.);
#2867=ORIENTED_EDGE('',*,*,#3211,.F.);
#2868=ORIENTED_EDGE('',*,*,#3657,.T.);
#2869=ORIENTED_EDGE('',*,*,#3255,.F.);
#2870=EDGE_CURVE('',#3658,#3659,#4172,.T.);
#2871=EDGE_CURVE('',#3659,#3660,#320,.T.);
#2872=EDGE_CURVE('',#3660,#3661,#4173,.T.);
#2873=EDGE_CURVE('',#3661,#3662,#321,.T.);
#2874=EDGE_CURVE('',#3662,#3663,#4174,.T.);
#2875=EDGE_CURVE('',#3663,#3664,#322,.T.);
#2876=EDGE_CURVE('',#3664,#3665,#4175,.T.);
#2877=EDGE_CURVE('',#3665,#3666,#323,.T.);
#2878=EDGE_CURVE('',#3666,#3667,#4176,.T.);
#2879=EDGE_CURVE('',#3667,#3668,#324,.T.);
#2880=EDGE_CURVE('',#3668,#3669,#4177,.T.);
#2881=EDGE_CURVE('',#3669,#3670,#325,.T.);
#2882=EDGE_CURVE('',#3670,#3671,#4178,.T.);
#2883=EDGE_CURVE('',#3671,#3672,#326,.T.);
#2884=EDGE_CURVE('',#3672,#3673,#4179,.T.);
#2885=EDGE_CURVE('',#3673,#3658,#327,.T.);
#2886=EDGE_CURVE('',#3674,#3675,#4180,.T.);
#2887=EDGE_CURVE('',#3674,#3676,#328,.F.);
#2888=EDGE_CURVE('',#3676,#3677,#329,.T.);
#2889=EDGE_CURVE('',#3678,#3677,#4181,.T.);
#2890=EDGE_CURVE('',#3679,#3678,#330,.T.);
#2891=EDGE_CURVE('',#3680,#3679,#4182,.T.);
#2892=EDGE_CURVE('',#3681,#3680,#331,.T.);
#2893=EDGE_CURVE('',#3682,#3681,#4183,.T.);
#2894=EDGE_CURVE('',#3683,#3682,#332,.T.);
#2895=EDGE_CURVE('',#3683,#3684,#4184,.T.);
#2896=EDGE_CURVE('',#3684,#3685,#333,.T.);
#2897=EDGE_CURVE('',#3685,#3686,#4185,.T.);
#2898=EDGE_CURVE('',#3686,#3687,#334,.T.);
#2899=EDGE_CURVE('',#3687,#3688,#4186,.T.);
#2900=EDGE_CURVE('',#3688,#3689,#335,.T.);
#2901=EDGE_CURVE('',#3689,#3690,#4187,.T.);
#2902=EDGE_CURVE('',#3690,#3691,#336,.T.);
#2903=EDGE_CURVE('',#3691,#3692,#4188,.T.);
#2904=EDGE_CURVE('',#3692,#3693,#337,.T.);
#2905=EDGE_CURVE('',#3693,#3694,#4189,.T.);
#2906=EDGE_CURVE('',#3694,#3695,#338,.T.);
#2907=EDGE_CURVE('',#3695,#3696,#4190,.T.);
#2908=EDGE_CURVE('',#3696,#3697,#339,.T.);
#2909=EDGE_CURVE('',#3697,#3698,#4191,.T.);
#2910=EDGE_CURVE('',#3698,#3699,#340,.T.);
#2911=EDGE_CURVE('',#3699,#3700,#341,.T.);
#2912=EDGE_CURVE('',#3701,#3700,#342,.T.);
#2913=EDGE_CURVE('',#3702,#3701,#4192,.T.);
#2914=EDGE_CURVE('',#3703,#3702,#343,.T.);
#2915=EDGE_CURVE('',#3704,#3703,#4193,.T.);
#2916=EDGE_CURVE('',#3675,#3704,#344,.T.);
#2917=EDGE_CURVE('',#3705,#3706,#345,.T.);
#2918=EDGE_CURVE('',#3706,#3707,#346,.F.);
#2919=EDGE_CURVE('',#3708,#3707,#4194,.T.);
#2920=EDGE_CURVE('',#3705,#3708,#4195,.T.);
#2921=EDGE_CURVE('',#3709,#3710,#347,.T.);
#2922=EDGE_CURVE('',#3710,#3711,#348,.F.);
#2923=EDGE_CURVE('',#3712,#3711,#4196,.T.);
#2924=EDGE_CURVE('',#3713,#3712,#349,.T.);
#2925=EDGE_CURVE('',#3714,#3713,#4197,.T.);
#2926=EDGE_CURVE('',#3715,#3714,#350,.T.);
#2927=EDGE_CURVE('',#3716,#3715,#4198,.T.);
#2928=EDGE_CURVE('',#3717,#3716,#351,.T.);
#2929=EDGE_CURVE('',#3718,#3717,#4199,.T.);
#2930=EDGE_CURVE('',#3718,#3719,#352,.F.);
#2931=EDGE_CURVE('',#3719,#3720,#353,.T.);
#2932=EDGE_CURVE('',#3721,#3720,#4200,.T.);
#2933=EDGE_CURVE('',#3722,#3721,#354,.T.);
#2934=EDGE_CURVE('',#3723,#3722,#4201,.T.);
#2935=EDGE_CURVE('',#3724,#3723,#355,.T.);
#2936=EDGE_CURVE('',#3725,#3724,#4202,.T.);
#2937=EDGE_CURVE('',#3726,#3725,#356,.T.);
#2938=EDGE_CURVE('',#3709,#3726,#4203,.T.);
#2939=EDGE_CURVE('',#3727,#3728,#4204,.T.);
#2940=EDGE_CURVE('',#3727,#3729,#357,.F.);
#2941=EDGE_CURVE('',#3730,#3729,#4205,.T.);
#2942=EDGE_CURVE('',#3728,#3730,#358,.T.);
#2943=EDGE_CURVE('',#3731,#3732,#359,.T.);
#2944=EDGE_CURVE('',#3658,#3732,#360,.T.);
#2945=EDGE_CURVE('',#3673,#3731,#361,.T.);
#2946=EDGE_CURVE('',#3733,#3734,#166,.T.);
#2947=EDGE_CURVE('',#3734,#3735,#167,.T.);
#2948=EDGE_CURVE('',#3735,#3736,#4206,.F.);
#2949=EDGE_CURVE('',#3736,#3737,#168,.T.);
#2950=EDGE_CURVE('',#3737,#3738,#169,.T.);
#2951=EDGE_CURVE('',#3738,#3739,#4207,.F.);
#2952=EDGE_CURVE('',#3739,#3740,#170,.T.);
#2953=EDGE_CURVE('',#3740,#3741,#171,.T.);
#2954=EDGE_CURVE('',#3741,#3742,#172,.T.);
#2955=EDGE_CURVE('',#3742,#3743,#173,.T.);
#2956=EDGE_CURVE('',#3743,#3744,#4208,.F.);
#2957=EDGE_CURVE('',#3744,#3745,#174,.T.);
#2958=EDGE_CURVE('',#3745,#3746,#175,.T.);
#2959=EDGE_CURVE('',#3746,#3747,#4209,.F.);
#2960=EDGE_CURVE('',#3747,#3748,#176,.T.);
#2961=EDGE_CURVE('',#3748,#3733,#177,.T.);
#2962=EDGE_CURVE('',#3749,#3750,#362,.T.);
#2963=EDGE_CURVE('',#3660,#3750,#363,.T.);
#2964=EDGE_CURVE('',#3659,#3749,#364,.T.);
#2965=EDGE_CURVE('',#3751,#3752,#365,.T.);
#2966=EDGE_CURVE('',#3752,#3753,#366,.T.);
#2967=EDGE_CURVE('',#3753,#3754,#367,.T.);
#2968=EDGE_CURVE('',#3754,#3755,#368,.T.);
#2969=EDGE_CURVE('',#3755,#3756,#369,.T.);
#2970=EDGE_CURVE('',#3756,#3757,#370,.T.);
#2971=EDGE_CURVE('',#3757,#3751,#371,.T.);
#2972=EDGE_CURVE('',#3758,#3759,#372,.T.);
#2973=EDGE_CURVE('',#3662,#3759,#373,.T.);
#2974=EDGE_CURVE('',#3661,#3758,#374,.T.);
#2975=EDGE_CURVE('',#3760,#3761,#178,.T.);
#2976=EDGE_CURVE('',#3761,#3762,#179,.T.);
#2977=EDGE_CURVE('',#3762,#3763,#180,.T.);
#2978=EDGE_CURVE('',#3763,#3764,#375,.T.);
#2979=EDGE_CURVE('',#3764,#3765,#4210,.T.);
#2980=EDGE_CURVE('',#3765,#3766,#181,.T.);
#2981=EDGE_CURVE('',#3766,#3767,#4211,.T.);
#2982=EDGE_CURVE('',#3767,#3768,#182,.T.);
#2983=EDGE_CURVE('',#3768,#3769,#376,.T.);
#2984=EDGE_CURVE('',#3769,#3770,#183,.T.);
#2985=EDGE_CURVE('',#3770,#3771,#184,.T.);
#2986=EDGE_CURVE('',#3771,#3772,#185,.T.);
#2987=EDGE_CURVE('',#3772,#3773,#186,.T.);
#2988=EDGE_CURVE('',#3773,#3774,#187,.T.);
#2989=EDGE_CURVE('',#3774,#3775,#188,.T.);
#2990=EDGE_CURVE('',#3775,#3776,#189,.T.);
#2991=EDGE_CURVE('',#3776,#3760,#190,.T.);
#2992=EDGE_CURVE('',#3777,#3778,#377,.T.);
#2993=EDGE_CURVE('',#3664,#3778,#378,.T.);
#2994=EDGE_CURVE('',#3663,#3777,#379,.T.);
#2995=EDGE_CURVE('',#3779,#3780,#191,.T.);
#2996=EDGE_CURVE('',#3780,#3781,#192,.T.);
#2997=EDGE_CURVE('',#3781,#3782,#193,.T.);
#2998=EDGE_CURVE('',#3782,#3783,#194,.T.);
#2999=EDGE_CURVE('',#3783,#3784,#195,.T.);
#3000=EDGE_CURVE('',#3784,#3785,#380,.T.);
#3001=EDGE_CURVE('',#3785,#3786,#4212,.T.);
#3002=EDGE_CURVE('',#3786,#3787,#4213,.T.);
#3003=EDGE_CURVE('',#3787,#3788,#196,.T.);
#3004=EDGE_CURVE('',#3788,#3789,#197,.T.);
#3005=EDGE_CURVE('',#3789,#3790,#4214,.T.);
#3006=EDGE_CURVE('',#3790,#3791,#4215,.T.);
#3007=EDGE_CURVE('',#3791,#3792,#381,.T.);
#3008=EDGE_CURVE('',#3792,#3793,#382,.T.);
#3009=EDGE_CURVE('',#3793,#3794,#383,.T.);
#3010=EDGE_CURVE('',#3794,#3795,#384,.T.);
#3011=EDGE_CURVE('',#3795,#3796,#385,.T.);
#3012=EDGE_CURVE('',#3796,#3797,#386,.T.);
#3013=EDGE_CURVE('',#3797,#3798,#387,.T.);
#3014=EDGE_CURVE('',#3798,#3779,#4216,.F.);
#3015=EDGE_CURVE('',#3799,#3800,#388,.T.);
#3016=EDGE_CURVE('',#3666,#3800,#389,.T.);
#3017=EDGE_CURVE('',#3665,#3799,#390,.T.);
#3018=EDGE_CURVE('',#3801,#3802,#391,.T.);
#3019=EDGE_CURVE('',#3802,#3803,#392,.T.);
#3020=EDGE_CURVE('',#3803,#3804,#393,.T.);
#3021=EDGE_CURVE('',#3804,#3805,#394,.T.);
#3022=EDGE_CURVE('',#3805,#3806,#395,.T.);
#3023=EDGE_CURVE('',#3806,#3807,#396,.T.);
#3024=EDGE_CURVE('',#3807,#3808,#397,.T.);
#3025=EDGE_CURVE('',#3808,#3809,#398,.T.);
#3026=EDGE_CURVE('',#3809,#3810,#399,.T.);
#3027=EDGE_CURVE('',#3810,#3811,#400,.T.);
#3028=EDGE_CURVE('',#3811,#3801,#401,.T.);
#3029=EDGE_CURVE('',#3812,#3813,#402,.T.);
#3030=EDGE_CURVE('',#3668,#3813,#403,.T.);
#3031=EDGE_CURVE('',#3667,#3812,#404,.T.);
#3032=EDGE_CURVE('',#3814,#3815,#198,.T.);
#3033=EDGE_CURVE('',#3815,#3816,#199,.T.);
#3034=EDGE_CURVE('',#3816,#3817,#405,.T.);
#3035=EDGE_CURVE('',#3817,#3818,#200,.T.);
#3036=EDGE_CURVE('',#3818,#3819,#201,.T.);
#3037=EDGE_CURVE('',#3819,#3820,#202,.T.);
#3038=EDGE_CURVE('',#3820,#3821,#203,.T.);
#3039=EDGE_CURVE('',#3821,#3822,#204,.T.);
#3040=EDGE_CURVE('',#3822,#3823,#406,.T.);
#3041=EDGE_CURVE('',#3823,#3824,#4217,.T.);
#3042=EDGE_CURVE('',#3824,#3825,#4218,.T.);
#3043=EDGE_CURVE('',#3825,#3826,#205,.T.);
#3044=EDGE_CURVE('',#3826,#3827,#206,.T.);
#3045=EDGE_CURVE('',#3827,#3828,#207,.T.);
#3046=EDGE_CURVE('',#3828,#3829,#208,.T.);
#3047=EDGE_CURVE('',#3829,#3830,#407,.T.);
#3048=EDGE_CURVE('',#3830,#3831,#408,.T.);
#3049=EDGE_CURVE('',#3831,#3832,#409,.T.);
#3050=EDGE_CURVE('',#3832,#3833,#209,.T.);
#3051=EDGE_CURVE('',#3833,#3834,#210,.T.);
#3052=EDGE_CURVE('',#3834,#3835,#211,.T.);
#3053=EDGE_CURVE('',#3835,#3836,#4219,.T.);
#3054=EDGE_CURVE('',#3836,#3837,#4220,.T.);
#3055=EDGE_CURVE('',#3837,#3838,#410,.T.);
#3056=EDGE_CURVE('',#3838,#3839,#212,.T.);
#3057=EDGE_CURVE('',#3839,#3840,#213,.T.);
#3058=EDGE_CURVE('',#3840,#3814,#214,.T.);
#3059=EDGE_CURVE('',#3841,#3842,#411,.T.);
#3060=EDGE_CURVE('',#3670,#3842,#412,.T.);
#3061=EDGE_CURVE('',#3669,#3841,#413,.T.);
#3062=EDGE_CURVE('',#3843,#3844,#414,.T.);
#3063=EDGE_CURVE('',#3844,#3845,#415,.T.);
#3064=EDGE_CURVE('',#3845,#3846,#416,.T.);
#3065=EDGE_CURVE('',#3846,#3847,#215,.T.);
#3066=EDGE_CURVE('',#3847,#3848,#4221,.T.);
#3067=EDGE_CURVE('',#3848,#3849,#4222,.T.);
#3068=EDGE_CURVE('',#3849,#3850,#216,.T.);
#3069=EDGE_CURVE('',#3850,#3851,#217,.T.);
#3070=EDGE_CURVE('',#3851,#3852,#4223,.T.);
#3071=EDGE_CURVE('',#3852,#3853,#4224,.T.);
#3072=EDGE_CURVE('',#3853,#3854,#417,.T.);
#3073=EDGE_CURVE('',#3854,#3855,#218,.T.);
#3074=EDGE_CURVE('',#3855,#3856,#4225,.F.);
#3075=EDGE_CURVE('',#3856,#3857,#4226,.F.);
#3076=EDGE_CURVE('',#3857,#3858,#219,.T.);
#3077=EDGE_CURVE('',#3858,#3859,#4227,.F.);
#3078=EDGE_CURVE('',#3859,#3860,#4228,.F.);
#3079=EDGE_CURVE('',#3860,#3861,#4229,.F.);
#3080=EDGE_CURVE('',#3861,#3862,#4230,.F.);
#3081=EDGE_CURVE('',#3862,#3863,#220,.T.);
#3082=EDGE_CURVE('',#3863,#3864,#418,.T.);
#3083=EDGE_CURVE('',#3864,#3865,#419,.T.);
#3084=EDGE_CURVE('',#3865,#3866,#420,.T.);
#3085=EDGE_CURVE('',#3866,#3843,#421,.T.);
#3086=EDGE_CURVE('',#3867,#3868,#422,.T.);
#3087=EDGE_CURVE('',#3672,#3868,#423,.T.);
#3088=EDGE_CURVE('',#3671,#3867,#424,.T.);
#3089=EDGE_CURVE('',#3869,#3870,#425,.T.);
#3090=EDGE_CURVE('',#3870,#3871,#426,.T.);
#3091=EDGE_CURVE('',#3871,#3872,#427,.T.);
#3092=EDGE_CURVE('',#3872,#3873,#428,.T.);
#3093=EDGE_CURVE('',#3873,#3874,#4231,.F.);
#3094=EDGE_CURVE('',#3874,#3875,#429,.T.);
#3095=EDGE_CURVE('',#3875,#3876,#430,.T.);
#3096=EDGE_CURVE('',#3876,#3877,#431,.T.);
#3097=EDGE_CURVE('',#3877,#3878,#432,.T.);
#3098=EDGE_CURVE('',#3878,#3869,#433,.T.);
#3099=EDGE_CURVE('',#3879,#3880,#4232,.T.);
#3100=EDGE_CURVE('',#3879,#3881,#434,.F.);
#3101=EDGE_CURVE('',#3882,#3881,#4233,.T.);
#3102=EDGE_CURVE('',#3880,#3882,#435,.T.);
#3103=EDGE_CURVE('',#3883,#3884,#4234,.T.);
#3104=EDGE_CURVE('',#3723,#3883,#436,.T.);
#3105=EDGE_CURVE('',#3722,#3884,#437,.T.);
#3106=EDGE_CURVE('',#3884,#3885,#438,.T.);
#3107=EDGE_CURVE('',#3721,#3885,#439,.T.);
#3108=EDGE_CURVE('',#3720,#3886,#440,.T.);
#3109=EDGE_CURVE('',#3885,#3886,#4235,.T.);
#3110=EDGE_CURVE('',#3887,#3888,#4236,.T.);
#3111=EDGE_CURVE('',#3887,#3705,#441,.F.);
#3112=EDGE_CURVE('',#3708,#3889,#442,.T.);
#3113=EDGE_CURVE('',#3890,#3889,#4237,.T.);
#3114=EDGE_CURVE('',#3890,#3888,#443,.T.);
#3115=EDGE_CURVE('',#3891,#3890,#444,.T.);
#3116=EDGE_CURVE('',#3683,#3891,#445,.T.);
#3117=EDGE_CURVE('',#3682,#3892,#446,.T.);
#3118=EDGE_CURVE('',#3888,#3892,#447,.T.);
#3119=EDGE_CURVE('',#3892,#3893,#4238,.T.);
#3120=EDGE_CURVE('',#3681,#3893,#448,.T.);
#3121=EDGE_CURVE('',#3893,#3894,#449,.T.);
#3122=EDGE_CURVE('',#3680,#3894,#450,.T.);
#3123=EDGE_CURVE('',#3894,#3895,#4239,.T.);
#3124=EDGE_CURVE('',#3679,#3895,#451,.T.);
#3125=EDGE_CURVE('',#3895,#3896,#452,.T.);
#3126=EDGE_CURVE('',#3678,#3896,#453,.T.);
#3127=EDGE_CURVE('',#3677,#3897,#454,.T.);
#3128=EDGE_CURVE('',#3896,#3897,#4240,.T.);
#3129=EDGE_CURVE('',#3898,#3899,#4241,.T.);
#3130=EDGE_CURVE('',#3898,#3709,#455,.F.);
#3131=EDGE_CURVE('',#3726,#3899,#456,.T.);
#3132=EDGE_CURVE('',#3899,#3900,#457,.T.);
#3133=EDGE_CURVE('',#3725,#3900,#458,.T.);
#3134=EDGE_CURVE('',#3900,#3901,#4242,.T.);
#3135=EDGE_CURVE('',#3724,#3901,#459,.T.);
#3136=EDGE_CURVE('',#3732,#3749,#4243,.T.);
#3137=EDGE_CURVE('',#3868,#3731,#4244,.T.);
#3138=EDGE_CURVE('',#3842,#3867,#4245,.T.);
#3139=EDGE_CURVE('',#3813,#3841,#4246,.T.);
#3140=EDGE_CURVE('',#3800,#3812,#4247,.T.);
#3141=EDGE_CURVE('',#3778,#3799,#4248,.T.);
#3142=EDGE_CURVE('',#3759,#3777,#4249,.T.);
#3143=EDGE_CURVE('',#3750,#3758,#4250,.T.);
#3144=EDGE_CURVE('',#3901,#3883,#460,.T.);
#3145=EDGE_CURVE('',#3886,#3902,#461,.T.);
#3146=EDGE_CURVE('',#3902,#3903,#462,.T.);
#3147=EDGE_CURVE('',#3903,#3887,#463,.T.);
#3148=EDGE_CURVE('',#3897,#3904,#464,.T.);
#3149=EDGE_CURVE('',#3904,#3905,#465,.T.);
#3150=EDGE_CURVE('',#3905,#3898,#466,.T.);
#3151=EDGE_CURVE('',#3906,#3716,#467,.F.);
#3152=EDGE_CURVE('',#3906,#3907,#468,.F.);
#3153=EDGE_CURVE('',#3717,#3907,#469,.T.);
#3154=EDGE_CURVE('',#3686,#3908,#470,.T.);
#3155=EDGE_CURVE('',#3909,#3908,#471,.T.);
#3156=EDGE_CURVE('',#3909,#3687,#472,.T.);
#3157=EDGE_CURVE('',#3730,#3910,#473,.T.);
#3158=EDGE_CURVE('',#3910,#3911,#474,.F.);
#3159=EDGE_CURVE('',#3728,#3911,#475,.T.);
#3160=EDGE_CURVE('',#3684,#3912,#476,.T.);
#3161=EDGE_CURVE('',#3913,#3912,#477,.T.);
#3162=EDGE_CURVE('',#3685,#3913,#478,.T.);
#3163=EDGE_CURVE('',#3729,#3914,#221,.T.);
#3164=EDGE_CURVE('',#3914,#3718,#222,.T.);
#3165=EDGE_CURVE('',#3907,#3910,#4251,.F.);
#3166=EDGE_CURVE('',#3908,#3913,#4252,.T.);
#3167=EDGE_CURVE('',#3915,#3714,#479,.F.);
#3168=EDGE_CURVE('',#3915,#3916,#480,.F.);
#3169=EDGE_CURVE('',#3916,#3715,#481,.F.);
#3170=EDGE_CURVE('',#3917,#3688,#482,.T.);
#3171=EDGE_CURVE('',#3918,#3917,#483,.T.);
#3172=EDGE_CURVE('',#3918,#3689,#484,.T.);
#3173=EDGE_CURVE('',#3919,#3712,#485,.F.);
#3174=EDGE_CURVE('',#3919,#3920,#486,.F.);
#3175=EDGE_CURVE('',#3920,#3713,#487,.F.);
#3176=EDGE_CURVE('',#3921,#3690,#488,.T.);
#3177=EDGE_CURVE('',#3922,#3921,#489,.T.);
#3178=EDGE_CURVE('',#3922,#3691,#490,.T.);
#3179=EDGE_CURVE('',#3923,#3882,#491,.F.);
#3180=EDGE_CURVE('',#3923,#3924,#492,.F.);
#3181=EDGE_CURVE('',#3924,#3880,#493,.F.);
#3182=EDGE_CURVE('',#3925,#3692,#494,.T.);
#3183=EDGE_CURVE('',#3926,#3925,#495,.T.);
#3184=EDGE_CURVE('',#3926,#3693,#496,.T.);
#3185=EDGE_CURVE('',#3927,#3704,#497,.F.);
#3186=EDGE_CURVE('',#3927,#3928,#498,.F.);
#3187=EDGE_CURVE('',#3928,#3675,#499,.F.);
#3188=EDGE_CURVE('',#3929,#3694,#500,.T.);
#3189=EDGE_CURVE('',#3930,#3929,#501,.T.);
#3190=EDGE_CURVE('',#3930,#3695,#502,.T.);
#3191=EDGE_CURVE('',#3931,#3702,#503,.F.);
#3192=EDGE_CURVE('',#3931,#3932,#504,.F.);
#3193=EDGE_CURVE('',#3932,#3703,#505,.F.);
#3194=EDGE_CURVE('',#3933,#3696,#506,.T.);
#3195=EDGE_CURVE('',#3934,#3933,#507,.T.);
#3196=EDGE_CURVE('',#3934,#3697,#508,.T.);
#3197=EDGE_CURVE('',#3699,#3935,#509,.T.);
#3198=EDGE_CURVE('',#3935,#3936,#510,.T.);
#3199=EDGE_CURVE('',#3700,#3936,#511,.T.);
#3200=EDGE_CURVE('',#3936,#3937,#4253,.T.);
#3201=EDGE_CURVE('',#3937,#3938,#512,.F.);
#3202=EDGE_CURVE('',#3938,#3701,#513,.F.);
#3203=EDGE_CURVE('',#3939,#3698,#514,.T.);
#3204=EDGE_CURVE('',#3940,#3939,#515,.T.);
#3205=EDGE_CURVE('',#3935,#3940,#4254,.T.);
#3206=EDGE_CURVE('',#3938,#3931,#4255,.T.);
#3207=EDGE_CURVE('',#3939,#3934,#4256,.T.);
#3208=EDGE_CURVE('',#3932,#3927,#4257,.T.);
#3209=EDGE_CURVE('',#3933,#3930,#4258,.T.);
#3210=EDGE_CURVE('',#3881,#3941,#223,.T.);
#3211=EDGE_CURVE('',#3941,#3674,#224,.T.);
#3212=EDGE_CURVE('',#3928,#3923,#4259,.T.);
#3213=EDGE_CURVE('',#3929,#3926,#4260,.T.);
#3214=EDGE_CURVE('',#3711,#3942,#225,.T.);
#3215=EDGE_CURVE('',#3942,#3879,#226,.T.);
#3216=EDGE_CURVE('',#3924,#3919,#4261,.T.);
#3217=EDGE_CURVE('',#3925,#3922,#4262,.T.);
#3218=EDGE_CURVE('',#3920,#3915,#4263,.T.);
#3219=EDGE_CURVE('',#3921,#3918,#4264,.T.);
#3220=EDGE_CURVE('',#3916,#3906,#4265,.T.);
#3221=EDGE_CURVE('',#3917,#3909,#4266,.T.);
#3222=EDGE_CURVE('',#3908,#3907,#516,.T.);
#3223=EDGE_CURVE('',#3909,#3906,#517,.T.);
#3224=EDGE_CURVE('',#3912,#3911,#518,.T.);
#3225=EDGE_CURVE('',#3913,#3910,#519,.T.);
#3226=EDGE_CURVE('',#3911,#3889,#4267,.F.);
#3227=EDGE_CURVE('',#3912,#3891,#4268,.T.);
#3228=EDGE_CURVE('',#3707,#3943,#227,.T.);
#3229=EDGE_CURVE('',#3943,#3727,#228,.T.);
#3230=EDGE_CURVE('',#3917,#3916,#520,.T.);
#3231=EDGE_CURVE('',#3918,#3915,#521,.T.);
#3232=EDGE_CURVE('',#3921,#3920,#522,.T.);
#3233=EDGE_CURVE('',#3922,#3919,#523,.T.);
#3234=EDGE_CURVE('',#3925,#3924,#524,.T.);
#3235=EDGE_CURVE('',#3926,#3923,#525,.T.);
#3236=EDGE_CURVE('',#3929,#3928,#526,.T.);
#3237=EDGE_CURVE('',#3930,#3927,#527,.T.);
#3238=EDGE_CURVE('',#3933,#3932,#528,.T.);
#3239=EDGE_CURVE('',#3934,#3931,#529,.T.);
#3240=EDGE_CURVE('',#3940,#3937,#530,.T.);
#3241=EDGE_CURVE('',#3939,#3938,#531,.T.);
#3242=EDGE_CURVE('',#3944,#3945,#532,.T.);
#3243=EDGE_CURVE('',#3944,#3946,#533,.T.);
#3244=EDGE_CURVE('',#3947,#3946,#534,.T.);
#3245=EDGE_CURVE('',#3945,#3947,#535,.T.);
#3246=EDGE_CURVE('',#3946,#3948,#536,.T.);
#3247=EDGE_CURVE('',#3948,#3949,#537,.T.);
#3248=EDGE_CURVE('',#3949,#3950,#538,.F.);
#3249=EDGE_CURVE('',#3951,#3950,#539,.T.);
#3250=EDGE_CURVE('',#3951,#3952,#540,.T.);
#3251=EDGE_CURVE('',#3952,#3953,#541,.F.);
#3252=EDGE_CURVE('',#3953,#3954,#542,.T.);
#3253=EDGE_CURVE('',#3947,#3954,#543,.T.);
#3254=EDGE_CURVE('',#3955,#3956,#544,.T.);
#3255=EDGE_CURVE('',#3956,#3944,#545,.T.);
#3256=EDGE_CURVE('',#3957,#3945,#546,.T.);
#3257=EDGE_CURVE('',#3958,#3957,#547,.T.);
#3258=EDGE_CURVE('',#3958,#3959,#548,.F.);
#3259=EDGE_CURVE('',#3959,#3960,#549,.T.);
#3260=EDGE_CURVE('',#3961,#3960,#550,.T.);
#3261=EDGE_CURVE('',#3961,#3955,#551,.F.);
#3262=EDGE_CURVE('',#3950,#3961,#552,.T.);
#3263=EDGE_CURVE('',#3960,#3951,#553,.T.);
#3264=EDGE_CURVE('',#3954,#3957,#554,.T.);
#3265=EDGE_CURVE('',#3953,#3958,#555,.T.);
#3266=EDGE_CURVE('',#3959,#3952,#556,.T.);
#3267=EDGE_CURVE('',#3962,#3963,#557,.T.);
#3268=EDGE_CURVE('',#3962,#3964,#558,.T.);
#3269=EDGE_CURVE('',#3965,#3964,#559,.T.);
#3270=EDGE_CURVE('',#3963,#3965,#560,.T.);
#3271=EDGE_CURVE('',#3964,#3966,#561,.T.);
#3272=EDGE_CURVE('',#3966,#3967,#562,.T.);
#3273=EDGE_CURVE('',#3967,#3968,#563,.F.);
#3274=EDGE_CURVE('',#3969,#3968,#564,.T.);
#3275=EDGE_CURVE('',#3970,#3969,#565,.T.);
#3276=EDGE_CURVE('',#3970,#3971,#566,.T.);
#3277=EDGE_CURVE('',#3971,#3972,#567,.T.);
#3278=EDGE_CURVE('',#3972,#3965,#568,.T.);
#3279=EDGE_CURVE('',#3973,#3974,#569,.T.);
#3280=EDGE_CURVE('',#3974,#3962,#570,.T.);
#3281=EDGE_CURVE('',#3963,#3975,#571,.T.);
#3282=EDGE_CURVE('',#3976,#3975,#572,.T.);
#3283=EDGE_CURVE('',#3976,#3977,#573,.T.);
#3284=EDGE_CURVE('',#3978,#3977,#574,.T.);
#3285=EDGE_CURVE('',#3979,#3978,#575,.T.);
#3286=EDGE_CURVE('',#3979,#3973,#576,.F.);
#3287=EDGE_CURVE('',#3968,#3979,#577,.T.);
#3288=EDGE_CURVE('',#3969,#3978,#578,.T.);
#3289=EDGE_CURVE('',#3975,#3972,#579,.T.);
#3290=EDGE_CURVE('',#3971,#3976,#580,.T.);
#3291=EDGE_CURVE('',#3977,#3970,#581,.T.);
#3292=EDGE_CURVE('',#3903,#3967,#582,.F.);
#3293=EDGE_CURVE('',#3966,#3706,#85,.T.);
#3294=EDGE_CURVE('',#3973,#3902,#583,.F.);
#3295=EDGE_CURVE('',#3719,#3974,#86,.T.);
#3296=EDGE_CURVE('',#3905,#3949,#584,.F.);
#3297=EDGE_CURVE('',#3948,#3710,#87,.T.);
#3298=EDGE_CURVE('',#3955,#3904,#585,.F.);
#3299=EDGE_CURVE('',#3676,#3956,#88,.T.);
#3300=EDGE_CURVE('',#3980,#3869,#586,.T.);
#3301=EDGE_CURVE('',#3980,#3981,#587,.T.);
#3302=EDGE_CURVE('',#3981,#3870,#588,.T.);
#3303=EDGE_CURVE('',#3982,#3878,#589,.T.);
#3304=EDGE_CURVE('',#3982,#3980,#590,.T.);
#3305=EDGE_CURVE('',#3983,#3877,#591,.T.);
#3306=EDGE_CURVE('',#3983,#3982,#592,.T.);
#3307=EDGE_CURVE('',#3984,#3876,#593,.T.);
#3308=EDGE_CURVE('',#3984,#3983,#594,.T.);
#3309=EDGE_CURVE('',#3985,#3875,#595,.T.);
#3310=EDGE_CURVE('',#3985,#3984,#596,.T.);
#3311=EDGE_CURVE('',#3986,#3874,#597,.T.);
#3312=EDGE_CURVE('',#3986,#3985,#598,.T.);
#3313=EDGE_CURVE('',#3987,#3873,#599,.T.);
#3314=EDGE_CURVE('',#3987,#3986,#4269,.F.);
#3315=EDGE_CURVE('',#3988,#3872,#600,.T.);
#3316=EDGE_CURVE('',#3988,#3987,#601,.T.);
#3317=EDGE_CURVE('',#3989,#3871,#602,.T.);
#3318=EDGE_CURVE('',#3989,#3988,#603,.T.);
#3319=EDGE_CURVE('',#3981,#3989,#604,.T.);
#3320=EDGE_CURVE('',#3990,#3843,#605,.T.);
#3321=EDGE_CURVE('',#3990,#3991,#606,.T.);
#3322=EDGE_CURVE('',#3991,#3844,#607,.T.);
#3323=EDGE_CURVE('',#3992,#3866,#608,.T.);
#3324=EDGE_CURVE('',#3992,#3990,#609,.T.);
#3325=EDGE_CURVE('',#3993,#3865,#610,.T.);
#3326=EDGE_CURVE('',#3993,#3992,#611,.T.);
#3327=EDGE_CURVE('',#3994,#3864,#612,.T.);
#3328=EDGE_CURVE('',#3994,#3993,#613,.T.);
#3329=EDGE_CURVE('',#3995,#3863,#614,.T.);
#3330=EDGE_CURVE('',#3995,#3994,#615,.T.);
#3331=EDGE_CURVE('',#3996,#3862,#616,.T.);
#3332=EDGE_CURVE('',#3996,#3995,#229,.T.);
#3333=EDGE_CURVE('',#3997,#3861,#617,.T.);
#3334=EDGE_CURVE('',#3997,#3996,#4270,.F.);
#3335=EDGE_CURVE('',#3998,#3860,#618,.T.);
#3336=EDGE_CURVE('',#3998,#3997,#4271,.F.);
#3337=EDGE_CURVE('',#3999,#3859,#619,.T.);
#3338=EDGE_CURVE('',#3999,#3998,#4272,.F.);
#3339=EDGE_CURVE('',#4000,#3858,#620,.T.);
#3340=EDGE_CURVE('',#4000,#3999,#4273,.F.);
#3341=EDGE_CURVE('',#4001,#3857,#621,.T.);
#3342=EDGE_CURVE('',#4001,#4000,#230,.T.);
#3343=EDGE_CURVE('',#4002,#3856,#622,.T.);
#3344=EDGE_CURVE('',#4002,#4001,#4274,.F.);
#3345=EDGE_CURVE('',#4003,#3855,#623,.T.);
#3346=EDGE_CURVE('',#4003,#4002,#4275,.F.);
#3347=EDGE_CURVE('',#4004,#3854,#624,.T.);
#3348=EDGE_CURVE('',#4004,#4003,#231,.T.);
#3349=EDGE_CURVE('',#4005,#3853,#625,.T.);
#3350=EDGE_CURVE('',#4005,#4004,#626,.T.);
#3351=EDGE_CURVE('',#4006,#3852,#627,.T.);
#3352=EDGE_CURVE('',#4006,#4005,#4276,.T.);
#3353=EDGE_CURVE('',#4007,#3851,#628,.T.);
#3354=EDGE_CURVE('',#4007,#4006,#4277,.T.);
#3355=EDGE_CURVE('',#4008,#3850,#629,.T.);
#3356=EDGE_CURVE('',#4008,#4007,#232,.T.);
#3357=EDGE_CURVE('',#4009,#3849,#630,.T.);
#3358=EDGE_CURVE('',#4009,#4008,#233,.T.);
#3359=EDGE_CURVE('',#4010,#3848,#631,.T.);
#3360=EDGE_CURVE('',#4010,#4009,#4278,.T.);
#3361=EDGE_CURVE('',#4011,#3847,#632,.T.);
#3362=EDGE_CURVE('',#4011,#4010,#4279,.T.);
#3363=EDGE_CURVE('',#4012,#3846,#633,.T.);
#3364=EDGE_CURVE('',#4012,#4011,#234,.T.);
#3365=EDGE_CURVE('',#4013,#3845,#634,.T.);
#3366=EDGE_CURVE('',#4013,#4012,#635,.T.);
#3367=EDGE_CURVE('',#3991,#4013,#636,.T.);
#3368=EDGE_CURVE('',#4014,#3814,#637,.T.);
#3369=EDGE_CURVE('',#4014,#4015,#235,.T.);
#3370=EDGE_CURVE('',#4015,#3815,#638,.T.);
#3371=EDGE_CURVE('',#4016,#3840,#639,.T.);
#3372=EDGE_CURVE('',#4016,#4014,#236,.T.);
#3373=EDGE_CURVE('',#4017,#3839,#640,.T.);
#3374=EDGE_CURVE('',#4017,#4016,#237,.T.);
#3375=EDGE_CURVE('',#4018,#3838,#641,.T.);
#3376=EDGE_CURVE('',#4018,#4017,#238,.T.);
#3377=EDGE_CURVE('',#4019,#3837,#642,.T.);
#3378=EDGE_CURVE('',#4019,#4018,#643,.T.);
#3379=EDGE_CURVE('',#4020,#3836,#644,.T.);
#3380=EDGE_CURVE('',#4020,#4019,#4280,.T.);
#3381=EDGE_CURVE('',#4021,#3835,#645,.T.);
#3382=EDGE_CURVE('',#4021,#4020,#4281,.T.);
#3383=EDGE_CURVE('',#4022,#3834,#646,.T.);
#3384=EDGE_CURVE('',#4022,#4021,#239,.T.);
#3385=EDGE_CURVE('',#4023,#3833,#647,.T.);
#3386=EDGE_CURVE('',#4023,#4022,#240,.T.);
#3387=EDGE_CURVE('',#4024,#3832,#648,.T.);
#3388=EDGE_CURVE('',#4024,#4023,#241,.T.);
#3389=EDGE_CURVE('',#4025,#3831,#649,.T.);
#3390=EDGE_CURVE('',#4025,#4024,#650,.T.);
#3391=EDGE_CURVE('',#4026,#3830,#651,.T.);
#3392=EDGE_CURVE('',#4026,#4025,#652,.T.);
#3393=EDGE_CURVE('',#4027,#3829,#653,.T.);
#3394=EDGE_CURVE('',#4027,#4026,#654,.T.);
#3395=EDGE_CURVE('',#4028,#3828,#655,.T.);
#3396=EDGE_CURVE('',#4028,#4027,#242,.T.);
#3397=EDGE_CURVE('',#4029,#3827,#656,.T.);
#3398=EDGE_CURVE('',#4029,#4028,#243,.T.);
#3399=EDGE_CURVE('',#4030,#3826,#657,.T.);
#3400=EDGE_CURVE('',#4030,#4029,#244,.T.);
#3401=EDGE_CURVE('',#4031,#3825,#658,.T.);
#3402=EDGE_CURVE('',#4031,#4030,#245,.T.);
#3403=EDGE_CURVE('',#4032,#3824,#659,.T.);
#3404=EDGE_CURVE('',#4032,#4031,#4282,.T.);
#3405=EDGE_CURVE('',#4033,#3823,#660,.T.);
#3406=EDGE_CURVE('',#4033,#4032,#4283,.T.);
#3407=EDGE_CURVE('',#4034,#3822,#661,.T.);
#3408=EDGE_CURVE('',#4034,#4033,#662,.T.);
#3409=EDGE_CURVE('',#4035,#3821,#663,.T.);
#3410=EDGE_CURVE('',#4035,#4034,#246,.T.);
#3411=EDGE_CURVE('',#4036,#3820,#664,.T.);
#3412=EDGE_CURVE('',#4036,#4035,#247,.T.);
#3413=EDGE_CURVE('',#4037,#3819,#665,.T.);
#3414=EDGE_CURVE('',#4037,#4036,#248,.T.);
#3415=EDGE_CURVE('',#4038,#3818,#666,.T.);
#3416=EDGE_CURVE('',#4038,#4037,#249,.T.);
#3417=EDGE_CURVE('',#4039,#3817,#667,.T.);
#3418=EDGE_CURVE('',#4039,#4038,#250,.T.);
#3419=EDGE_CURVE('',#4040,#3816,#668,.T.);
#3420=EDGE_CURVE('',#4040,#4039,#669,.T.);
#3421=EDGE_CURVE('',#4015,#4040,#251,.T.);
#3422=EDGE_CURVE('',#4041,#4042,#670,.T.);
#3423=EDGE_CURVE('',#4043,#4041,#671,.T.);
#3424=EDGE_CURVE('',#4043,#4044,#672,.T.);
#3425=EDGE_CURVE('',#4044,#4042,#673,.T.);
#3426=EDGE_CURVE('',#4045,#4041,#674,.T.);
#3427=EDGE_CURVE('',#4046,#4045,#675,.T.);
#3428=EDGE_CURVE('',#4046,#4043,#676,.T.);
#3429=EDGE_CURVE('',#4047,#4045,#677,.T.);
#3430=EDGE_CURVE('',#4048,#4047,#678,.T.);
#3431=EDGE_CURVE('',#4048,#4046,#679,.T.);
#3432=EDGE_CURVE('',#4049,#4047,#4284,.F.);
#3433=EDGE_CURVE('',#4050,#4049,#680,.T.);
#3434=EDGE_CURVE('',#4050,#4048,#4285,.F.);
#3435=EDGE_CURVE('',#4051,#4049,#681,.T.);
#3436=EDGE_CURVE('',#4052,#4051,#682,.T.);
#3437=EDGE_CURVE('',#4052,#4050,#683,.T.);
#3438=EDGE_CURVE('',#4053,#4051,#4286,.F.);
#3439=EDGE_CURVE('',#4054,#4053,#684,.T.);
#3440=EDGE_CURVE('',#4054,#4052,#4287,.F.);
#3441=EDGE_CURVE('',#4055,#3801,#685,.T.);
#3442=EDGE_CURVE('',#4055,#4056,#686,.T.);
#3443=EDGE_CURVE('',#4056,#3802,#687,.T.);
#3444=EDGE_CURVE('',#4057,#3811,#688,.T.);
#3445=EDGE_CURVE('',#4057,#4055,#689,.T.);
#3446=EDGE_CURVE('',#4058,#3810,#690,.T.);
#3447=EDGE_CURVE('',#4058,#4057,#691,.T.);
#3448=EDGE_CURVE('',#4059,#3809,#692,.T.);
#3449=EDGE_CURVE('',#4059,#4058,#693,.T.);
#3450=EDGE_CURVE('',#4060,#3808,#694,.T.);
#3451=EDGE_CURVE('',#4060,#4059,#695,.T.);
#3452=EDGE_CURVE('',#4061,#3807,#696,.T.);
#3453=EDGE_CURVE('',#4061,#4060,#697,.T.);
#3454=EDGE_CURVE('',#4062,#3806,#698,.T.);
#3455=EDGE_CURVE('',#4062,#4061,#699,.T.);
#3456=EDGE_CURVE('',#4063,#3805,#700,.T.);
#3457=EDGE_CURVE('',#4063,#4062,#701,.T.);
#3458=EDGE_CURVE('',#4064,#3804,#702,.T.);
#3459=EDGE_CURVE('',#4064,#4063,#703,.T.);
#3460=EDGE_CURVE('',#4065,#3803,#704,.T.);
#3461=EDGE_CURVE('',#4065,#4064,#705,.T.);
#3462=EDGE_CURVE('',#4056,#4065,#706,.T.);
#3463=EDGE_CURVE('',#4042,#4053,#4288,.F.);
#3464=EDGE_CURVE('',#4044,#4054,#4289,.F.);
#3465=EDGE_CURVE('',#4066,#3779,#707,.T.);
#3466=EDGE_CURVE('',#4066,#4067,#252,.T.);
#3467=EDGE_CURVE('',#4067,#3780,#708,.T.);
#3468=EDGE_CURVE('',#4068,#3798,#709,.T.);
#3469=EDGE_CURVE('',#4068,#4066,#4290,.F.);
#3470=EDGE_CURVE('',#4069,#3797,#710,.T.);
#3471=EDGE_CURVE('',#4069,#4068,#711,.T.);
#3472=EDGE_CURVE('',#4070,#3796,#712,.T.);
#3473=EDGE_CURVE('',#4070,#4069,#713,.T.);
#3474=EDGE_CURVE('',#4071,#3795,#714,.T.);
#3475=EDGE_CURVE('',#4071,#4070,#715,.T.);
#3476=EDGE_CURVE('',#4072,#3794,#716,.T.);
#3477=EDGE_CURVE('',#4072,#4071,#717,.T.);
#3478=EDGE_CURVE('',#4073,#3793,#718,.T.);
#3479=EDGE_CURVE('',#4073,#4072,#719,.T.);
#3480=EDGE_CURVE('',#4074,#3792,#720,.T.);
#3481=EDGE_CURVE('',#4074,#4073,#721,.T.);
#3482=EDGE_CURVE('',#4075,#3791,#722,.T.);
#3483=EDGE_CURVE('',#4075,#4074,#723,.T.);
#3484=EDGE_CURVE('',#4076,#3790,#724,.T.);
#3485=EDGE_CURVE('',#4076,#4075,#4291,.T.);
#3486=EDGE_CURVE('',#4077,#3789,#725,.T.);
#3487=EDGE_CURVE('',#4077,#4076,#4292,.T.);
#3488=EDGE_CURVE('',#4078,#3788,#726,.T.);
#3489=EDGE_CURVE('',#4078,#4077,#253,.T.);
#3490=EDGE_CURVE('',#4079,#3787,#727,.T.);
#3491=EDGE_CURVE('',#4079,#4078,#254,.T.);
#3492=EDGE_CURVE('',#4080,#3786,#728,.T.);
#3493=EDGE_CURVE('',#4080,#4079,#4293,.T.);
#3494=EDGE_CURVE('',#4081,#3785,#729,.T.);
#3495=EDGE_CURVE('',#4081,#4080,#4294,.T.);
#3496=EDGE_CURVE('',#4082,#3784,#730,.T.);
#3497=EDGE_CURVE('',#4082,#4081,#731,.T.);
#3498=EDGE_CURVE('',#4083,#3783,#732,.T.);
#3499=EDGE_CURVE('',#4083,#4082,#255,.T.);
#3500=EDGE_CURVE('',#4084,#3782,#733,.T.);
#3501=EDGE_CURVE('',#4084,#4083,#256,.T.);
#3502=EDGE_CURVE('',#4085,#3781,#734,.T.);
#3503=EDGE_CURVE('',#4085,#4084,#257,.T.);
#3504=EDGE_CURVE('',#4067,#4085,#258,.T.);
#3505=EDGE_CURVE('',#4086,#4087,#259,.T.);
#3506=EDGE_CURVE('',#4088,#4086,#735,.T.);
#3507=EDGE_CURVE('',#4088,#4089,#260,.T.);
#3508=EDGE_CURVE('',#4089,#4087,#736,.T.);
#3509=EDGE_CURVE('',#4090,#4086,#261,.T.);
#3510=EDGE_CURVE('',#4091,#4090,#737,.T.);
#3511=EDGE_CURVE('',#4091,#4088,#262,.T.);
#3512=EDGE_CURVE('',#4092,#4090,#263,.T.);
#3513=EDGE_CURVE('',#4093,#4092,#738,.T.);
#3514=EDGE_CURVE('',#4093,#4091,#264,.T.);
#3515=EDGE_CURVE('',#4094,#4092,#265,.T.);
#3516=EDGE_CURVE('',#4095,#4094,#739,.T.);
#3517=EDGE_CURVE('',#4095,#4093,#266,.T.);
#3518=EDGE_CURVE('',#4096,#4094,#4295,.T.);
#3519=EDGE_CURVE('',#4097,#4096,#740,.T.);
#3520=EDGE_CURVE('',#4097,#4095,#4296,.T.);
#3521=EDGE_CURVE('',#4098,#4096,#267,.T.);
#3522=EDGE_CURVE('',#4099,#4098,#741,.T.);
#3523=EDGE_CURVE('',#4099,#4097,#268,.T.);
#3524=EDGE_CURVE('',#4100,#4098,#269,.T.);
#3525=EDGE_CURVE('',#4101,#4100,#742,.T.);
#3526=EDGE_CURVE('',#4101,#4099,#270,.T.);
#3527=EDGE_CURVE('',#4102,#3760,#743,.T.);
#3528=EDGE_CURVE('',#4102,#4103,#271,.T.);
#3529=EDGE_CURVE('',#4103,#3761,#744,.T.);
#3530=EDGE_CURVE('',#4104,#3776,#745,.T.);
#3531=EDGE_CURVE('',#4104,#4102,#272,.T.);
#3532=EDGE_CURVE('',#4105,#3775,#746,.T.);
#3533=EDGE_CURVE('',#4105,#4104,#273,.T.);
#3534=EDGE_CURVE('',#4106,#3774,#747,.T.);
#3535=EDGE_CURVE('',#4106,#4105,#274,.T.);
#3536=EDGE_CURVE('',#4107,#3773,#748,.T.);
#3537=EDGE_CURVE('',#4107,#4106,#275,.T.);
#3538=EDGE_CURVE('',#4108,#3772,#749,.T.);
#3539=EDGE_CURVE('',#4108,#4107,#276,.T.);
#3540=EDGE_CURVE('',#4109,#3771,#750,.T.);
#3541=EDGE_CURVE('',#4109,#4108,#277,.T.);
#3542=EDGE_CURVE('',#4110,#3770,#751,.T.);
#3543=EDGE_CURVE('',#4110,#4109,#278,.T.);
#3544=EDGE_CURVE('',#4111,#3769,#752,.T.);
#3545=EDGE_CURVE('',#4111,#4110,#279,.T.);
#3546=EDGE_CURVE('',#4112,#3768,#753,.T.);
#3547=EDGE_CURVE('',#4112,#4111,#754,.T.);
#3548=EDGE_CURVE('',#4113,#3767,#755,.T.);
#3549=EDGE_CURVE('',#4113,#4112,#280,.T.);
#3550=EDGE_CURVE('',#4114,#3766,#756,.T.);
#3551=EDGE_CURVE('',#4114,#4113,#4297,.T.);
#3552=EDGE_CURVE('',#4115,#3765,#757,.T.);
#3553=EDGE_CURVE('',#4115,#4114,#281,.T.);
#3554=EDGE_CURVE('',#4116,#3764,#758,.T.);
#3555=EDGE_CURVE('',#4116,#4115,#4298,.T.);
#3556=EDGE_CURVE('',#4117,#3763,#759,.T.);
#3557=EDGE_CURVE('',#4117,#4116,#760,.T.);
#3558=EDGE_CURVE('',#4118,#3762,#761,.T.);
#3559=EDGE_CURVE('',#4118,#4117,#282,.T.);
#3560=EDGE_CURVE('',#4103,#4118,#283,.T.);
#3561=EDGE_CURVE('',#4087,#4100,#284,.T.);
#3562=EDGE_CURVE('',#4089,#4101,#285,.T.);
#3563=EDGE_CURVE('',#4119,#3751,#762,.T.);
#3564=EDGE_CURVE('',#4119,#4120,#763,.T.);
#3565=EDGE_CURVE('',#4120,#3752,#764,.T.);
#3566=EDGE_CURVE('',#4121,#3757,#765,.T.);
#3567=EDGE_CURVE('',#4121,#4119,#766,.T.);
#3568=EDGE_CURVE('',#4122,#3756,#767,.T.);
#3569=EDGE_CURVE('',#4122,#4121,#768,.T.);
#3570=EDGE_CURVE('',#4123,#3755,#769,.T.);
#3571=EDGE_CURVE('',#4123,#4122,#770,.T.);
#3572=EDGE_CURVE('',#4124,#3754,#771,.T.);
#3573=EDGE_CURVE('',#4124,#4123,#772,.T.);
#3574=EDGE_CURVE('',#4125,#3753,#773,.T.);
#3575=EDGE_CURVE('',#4125,#4124,#774,.T.);
#3576=EDGE_CURVE('',#4120,#4125,#775,.T.);
#3577=EDGE_CURVE('',#4126,#4127,#286,.T.);
#3578=EDGE_CURVE('',#4128,#4126,#776,.T.);
#3579=EDGE_CURVE('',#4128,#4129,#287,.T.);
#3580=EDGE_CURVE('',#4129,#4127,#777,.T.);
#3581=EDGE_CURVE('',#4130,#4126,#288,.T.);
#3582=EDGE_CURVE('',#4131,#4130,#778,.T.);
#3583=EDGE_CURVE('',#4131,#4128,#289,.T.);
#3584=EDGE_CURVE('',#4132,#4130,#4299,.T.);
#3585=EDGE_CURVE('',#4133,#4132,#779,.T.);
#3586=EDGE_CURVE('',#4133,#4131,#4300,.T.);
#3587=EDGE_CURVE('',#4134,#4132,#4301,.T.);
#3588=EDGE_CURVE('',#4135,#4134,#780,.T.);
#3589=EDGE_CURVE('',#4135,#4133,#4302,.T.);
#3590=EDGE_CURVE('',#4136,#4134,#290,.T.);
#3591=EDGE_CURVE('',#4137,#4136,#781,.T.);
#3592=EDGE_CURVE('',#4137,#4135,#291,.T.);
#3593=EDGE_CURVE('',#4138,#4136,#292,.T.);
#3594=EDGE_CURVE('',#4139,#4138,#782,.T.);
#3595=EDGE_CURVE('',#4139,#4137,#293,.T.);
#3596=EDGE_CURVE('',#4140,#4138,#4303,.T.);
#3597=EDGE_CURVE('',#4141,#4140,#783,.T.);
#3598=EDGE_CURVE('',#4141,#4139,#4304,.T.);
#3599=EDGE_CURVE('',#4142,#4143,#294,.T.);
#3600=EDGE_CURVE('',#4144,#4142,#784,.T.);
#3601=EDGE_CURVE('',#4144,#4145,#295,.T.);
#3602=EDGE_CURVE('',#4145,#4143,#785,.T.);
#3603=EDGE_CURVE('',#4146,#4142,#296,.T.);
#3604=EDGE_CURVE('',#4147,#4146,#786,.T.);
#3605=EDGE_CURVE('',#4147,#4144,#297,.T.);
#3606=EDGE_CURVE('',#4148,#4146,#298,.T.);
#3607=EDGE_CURVE('',#4149,#4148,#787,.T.);
#3608=EDGE_CURVE('',#4149,#4147,#299,.T.);
#3609=EDGE_CURVE('',#4150,#4148,#300,.T.);
#3610=EDGE_CURVE('',#4151,#4150,#788,.T.);
#3611=EDGE_CURVE('',#4151,#4149,#301,.T.);
#3612=EDGE_CURVE('',#4152,#4150,#4305,.T.);
#3613=EDGE_CURVE('',#4153,#4152,#789,.T.);
#3614=EDGE_CURVE('',#4153,#4151,#4306,.T.);
#3615=EDGE_CURVE('',#4154,#4152,#302,.T.);
#3616=EDGE_CURVE('',#4155,#4154,#790,.T.);
#3617=EDGE_CURVE('',#4155,#4153,#303,.T.);
#3618=EDGE_CURVE('',#4156,#3733,#791,.T.);
#3619=EDGE_CURVE('',#4156,#4157,#304,.T.);
#3620=EDGE_CURVE('',#4157,#3734,#792,.T.);
#3621=EDGE_CURVE('',#4158,#3748,#793,.T.);
#3622=EDGE_CURVE('',#4158,#4156,#305,.T.);
#3623=EDGE_CURVE('',#4159,#3747,#794,.T.);
#3624=EDGE_CURVE('',#4159,#4158,#306,.T.);
#3625=EDGE_CURVE('',#4160,#3746,#795,.T.);
#3626=EDGE_CURVE('',#4160,#4159,#4307,.F.);
#3627=EDGE_CURVE('',#4161,#3745,#796,.T.);
#3628=EDGE_CURVE('',#4161,#4160,#307,.T.);
#3629=EDGE_CURVE('',#4162,#3744,#797,.T.);
#3630=EDGE_CURVE('',#4162,#4161,#308,.T.);
#3631=EDGE_CURVE('',#4163,#3743,#798,.T.);
#3632=EDGE_CURVE('',#4163,#4162,#4308,.F.);
#3633=EDGE_CURVE('',#4164,#3742,#799,.T.);
#3634=EDGE_CURVE('',#4164,#4163,#309,.T.);
#3635=EDGE_CURVE('',#4165,#3741,#800,.T.);
#3636=EDGE_CURVE('',#4165,#4164,#310,.T.);
#3637=EDGE_CURVE('',#4166,#3740,#801,.T.);
#3638=EDGE_CURVE('',#4166,#4165,#311,.T.);
#3639=EDGE_CURVE('',#4167,#3739,#802,.T.);
#3640=EDGE_CURVE('',#4167,#4166,#312,.T.);
#3641=EDGE_CURVE('',#4168,#3738,#803,.T.);
#3642=EDGE_CURVE('',#4168,#4167,#4309,.F.);
#3643=EDGE_CURVE('',#4169,#3737,#804,.T.);
#3644=EDGE_CURVE('',#4169,#4168,#313,.T.);
#3645=EDGE_CURVE('',#4170,#3736,#805,.T.);
#3646=EDGE_CURVE('',#4170,#4169,#314,.T.);
#3647=EDGE_CURVE('',#4171,#3735,#806,.T.);
#3648=EDGE_CURVE('',#4171,#4170,#4310,.F.);
#3649=EDGE_CURVE('',#4143,#4154,#315,.T.);
#3650=EDGE_CURVE('',#4145,#4155,#316,.T.);
#3651=EDGE_CURVE('',#4157,#4171,#317,.T.);
#3652=EDGE_CURVE('',#4127,#4140,#318,.T.);
#3653=EDGE_CURVE('',#4129,#4141,#319,.T.);
#3654=EDGE_CURVE('',#3962,#3914,#89,.T.);
#3655=EDGE_CURVE('',#3964,#3943,#90,.T.);
#3656=EDGE_CURVE('',#3942,#3946,#91,.F.);
#3657=EDGE_CURVE('',#3941,#3944,#92,.F.);
#3658=VERTEX_POINT('',#6936);
#3659=VERTEX_POINT('',#6937);
#3660=VERTEX_POINT('',#6939);
#3661=VERTEX_POINT('',#6941);
#3662=VERTEX_POINT('',#6943);
#3663=VERTEX_POINT('',#6945);
#3664=VERTEX_POINT('',#6947);
#3665=VERTEX_POINT('',#6949);
#3666=VERTEX_POINT('',#6951);
#3667=VERTEX_POINT('',#6953);
#3668=VERTEX_POINT('',#6955);
#3669=VERTEX_POINT('',#6957);
#3670=VERTEX_POINT('',#6959);
#3671=VERTEX_POINT('',#6961);
#3672=VERTEX_POINT('',#6963);
#3673=VERTEX_POINT('',#6965);
#3674=VERTEX_POINT('',#6968);
#3675=VERTEX_POINT('',#6969);
#3676=VERTEX_POINT('',#6971);
#3677=VERTEX_POINT('',#6973);
#3678=VERTEX_POINT('',#6975);
#3679=VERTEX_POINT('',#6977);
#3680=VERTEX_POINT('',#6979);
#3681=VERTEX_POINT('',#6981);
#3682=VERTEX_POINT('',#6983);
#3683=VERTEX_POINT('',#6985);
#3684=VERTEX_POINT('',#6987);
#3685=VERTEX_POINT('',#6989);
#3686=VERTEX_POINT('',#6991);
#3687=VERTEX_POINT('',#6993);
#3688=VERTEX_POINT('',#6995);
#3689=VERTEX_POINT('',#6997);
#3690=VERTEX_POINT('',#6999);
#3691=VERTEX_POINT('',#7001);
#3692=VERTEX_POINT('',#7003);
#3693=VERTEX_POINT('',#7005);
#3694=VERTEX_POINT('',#7007);
#3695=VERTEX_POINT('',#7009);
#3696=VERTEX_POINT('',#7011);
#3697=VERTEX_POINT('',#7013);
#3698=VERTEX_POINT('',#7015);
#3699=VERTEX_POINT('',#7017);
#3700=VERTEX_POINT('',#7019);
#3701=VERTEX_POINT('',#7021);
#3702=VERTEX_POINT('',#7023);
#3703=VERTEX_POINT('',#7025);
#3704=VERTEX_POINT('',#7027);
#3705=VERTEX_POINT('',#7031);
#3706=VERTEX_POINT('',#7032);
#3707=VERTEX_POINT('',#7034);
#3708=VERTEX_POINT('',#7036);
#3709=VERTEX_POINT('',#7040);
#3710=VERTEX_POINT('',#7041);
#3711=VERTEX_POINT('',#7043);
#3712=VERTEX_POINT('',#7045);
#3713=VERTEX_POINT('',#7047);
#3714=VERTEX_POINT('',#7049);
#3715=VERTEX_POINT('',#7051);
#3716=VERTEX_POINT('',#7053);
#3717=VERTEX_POINT('',#7055);
#3718=VERTEX_POINT('',#7057);
#3719=VERTEX_POINT('',#7059);
#3720=VERTEX_POINT('',#7061);
#3721=VERTEX_POINT('',#7063);
#3722=VERTEX_POINT('',#7065);
#3723=VERTEX_POINT('',#7067);
#3724=VERTEX_POINT('',#7069);
#3725=VERTEX_POINT('',#7071);
#3726=VERTEX_POINT('',#7073);
#3727=VERTEX_POINT('',#7077);
#3728=VERTEX_POINT('',#7078);
#3729=VERTEX_POINT('',#7080);
#3730=VERTEX_POINT('',#7082);
#3731=VERTEX_POINT('',#7086);
#3732=VERTEX_POINT('',#7087);
#3733=VERTEX_POINT('',#7093);
#3734=VERTEX_POINT('',#7094);
#3735=VERTEX_POINT('',#7098);
#3736=VERTEX_POINT('',#7100);
#3737=VERTEX_POINT('',#7104);
#3738=VERTEX_POINT('',#7108);
#3739=VERTEX_POINT('',#7110);
#3740=VERTEX_POINT('',#7114);
#3741=VERTEX_POINT('',#7118);
#3742=VERTEX_POINT('',#7122);
#3743=VERTEX_POINT('',#7126);
#3744=VERTEX_POINT('',#7128);
#3745=VERTEX_POINT('',#7132);
#3746=VERTEX_POINT('',#7136);
#3747=VERTEX_POINT('',#7138);
#3748=VERTEX_POINT('',#7142);
#3749=VERTEX_POINT('',#7148);
#3750=VERTEX_POINT('',#7149);
#3751=VERTEX_POINT('',#7153);
#3752=VERTEX_POINT('',#7154);
#3753=VERTEX_POINT('',#7156);
#3754=VERTEX_POINT('',#7158);
#3755=VERTEX_POINT('',#7160);
#3756=VERTEX_POINT('',#7162);
#3757=VERTEX_POINT('',#7164);
#3758=VERTEX_POINT('',#7168);
#3759=VERTEX_POINT('',#7169);
#3760=VERTEX_POINT('',#7175);
#3761=VERTEX_POINT('',#7176);
#3762=VERTEX_POINT('',#7180);
#3763=VERTEX_POINT('',#7184);
#3764=VERTEX_POINT('',#7186);
#3765=VERTEX_POINT('',#7188);
#3766=VERTEX_POINT('',#7192);
#3767=VERTEX_POINT('',#7194);
#3768=VERTEX_POINT('',#7198);
#3769=VERTEX_POINT('',#7200);
#3770=VERTEX_POINT('',#7204);
#3771=VERTEX_POINT('',#7208);
#3772=VERTEX_POINT('',#7212);
#3773=VERTEX_POINT('',#7216);
#3774=VERTEX_POINT('',#7220);
#3775=VERTEX_POINT('',#7224);
#3776=VERTEX_POINT('',#7228);
#3777=VERTEX_POINT('',#7234);
#3778=VERTEX_POINT('',#7235);
#3779=VERTEX_POINT('',#7241);
#3780=VERTEX_POINT('',#7242);
#3781=VERTEX_POINT('',#7246);
#3782=VERTEX_POINT('',#7250);
#3783=VERTEX_POINT('',#7254);
#3784=VERTEX_POINT('',#7258);
#3785=VERTEX_POINT('',#7260);
#3786=VERTEX_POINT('',#7262);
#3787=VERTEX_POINT('',#7264);
#3788=VERTEX_POINT('',#7268);
#3789=VERTEX_POINT('',#7272);
#3790=VERTEX_POINT('',#7274);
#3791=VERTEX_POINT('',#7276);
#3792=VERTEX_POINT('',#7278);
#3793=VERTEX_POINT('',#7280);
#3794=VERTEX_POINT('',#7282);
#3795=VERTEX_POINT('',#7284);
#3796=VERTEX_POINT('',#7286);
#3797=VERTEX_POINT('',#7288);
#3798=VERTEX_POINT('',#7290);
#3799=VERTEX_POINT('',#7294);
#3800=VERTEX_POINT('',#7295);
#3801=VERTEX_POINT('',#7299);
#3802=VERTEX_POINT('',#7300);
#3803=VERTEX_POINT('',#7302);
#3804=VERTEX_POINT('',#7304);
#3805=VERTEX_POINT('',#7306);
#3806=VERTEX_POINT('',#7308);
#3807=VERTEX_POINT('',#7310);
#3808=VERTEX_POINT('',#7312);
#3809=VERTEX_POINT('',#7314);
#3810=VERTEX_POINT('',#7316);
#3811=VERTEX_POINT('',#7318);
#3812=VERTEX_POINT('',#7322);
#3813=VERTEX_POINT('',#7323);
#3814=VERTEX_POINT('',#7329);
#3815=VERTEX_POINT('',#7330);
#3816=VERTEX_POINT('',#7334);
#3817=VERTEX_POINT('',#7336);
#3818=VERTEX_POINT('',#7340);
#3819=VERTEX_POINT('',#7344);
#3820=VERTEX_POINT('',#7348);
#3821=VERTEX_POINT('',#7352);
#3822=VERTEX_POINT('',#7356);
#3823=VERTEX_POINT('',#7358);
#3824=VERTEX_POINT('',#7360);
#3825=VERTEX_POINT('',#7362);
#3826=VERTEX_POINT('',#7366);
#3827=VERTEX_POINT('',#7370);
#3828=VERTEX_POINT('',#7374);
#3829=VERTEX_POINT('',#7378);
#3830=VERTEX_POINT('',#7380);
#3831=VERTEX_POINT('',#7382);
#3832=VERTEX_POINT('',#7384);
#3833=VERTEX_POINT('',#7388);
#3834=VERTEX_POINT('',#7392);
#3835=VERTEX_POINT('',#7396);
#3836=VERTEX_POINT('',#7398);
#3837=VERTEX_POINT('',#7400);
#3838=VERTEX_POINT('',#7402);
#3839=VERTEX_POINT('',#7406);
#3840=VERTEX_POINT('',#7410);
#3841=VERTEX_POINT('',#7416);
#3842=VERTEX_POINT('',#7417);
#3843=VERTEX_POINT('',#7421);
#3844=VERTEX_POINT('',#7422);
#3845=VERTEX_POINT('',#7424);
#3846=VERTEX_POINT('',#7426);
#3847=VERTEX_POINT('',#7430);
#3848=VERTEX_POINT('',#7432);
#3849=VERTEX_POINT('',#7434);
#3850=VERTEX_POINT('',#7438);
#3851=VERTEX_POINT('',#7442);
#3852=VERTEX_POINT('',#7444);
#3853=VERTEX_POINT('',#7446);
#3854=VERTEX_POINT('',#7448);
#3855=VERTEX_POINT('',#7452);
#3856=VERTEX_POINT('',#7454);
#3857=VERTEX_POINT('',#7456);
#3858=VERTEX_POINT('',#7460);
#3859=VERTEX_POINT('',#7462);
#3860=VERTEX_POINT('',#7464);
#3861=VERTEX_POINT('',#7466);
#3862=VERTEX_POINT('',#7468);
#3863=VERTEX_POINT('',#7472);
#3864=VERTEX_POINT('',#7474);
#3865=VERTEX_POINT('',#7476);
#3866=VERTEX_POINT('',#7478);
#3867=VERTEX_POINT('',#7482);
#3868=VERTEX_POINT('',#7483);
#3869=VERTEX_POINT('',#7487);
#3870=VERTEX_POINT('',#7488);
#3871=VERTEX_POINT('',#7490);
#3872=VERTEX_POINT('',#7492);
#3873=VERTEX_POINT('',#7494);
#3874=VERTEX_POINT('',#7496);
#3875=VERTEX_POINT('',#7498);
#3876=VERTEX_POINT('',#7500);
#3877=VERTEX_POINT('',#7502);
#3878=VERTEX_POINT('',#7504);
#3879=VERTEX_POINT('',#7508);
#3880=VERTEX_POINT('',#7509);
#3881=VERTEX_POINT('',#7511);
#3882=VERTEX_POINT('',#7513);
#3883=VERTEX_POINT('',#7517);
#3884=VERTEX_POINT('',#7518);
#3885=VERTEX_POINT('',#7523);
#3886=VERTEX_POINT('',#7527);
#3887=VERTEX_POINT('',#7531);
#3888=VERTEX_POINT('',#7532);
#3889=VERTEX_POINT('',#7535);
#3890=VERTEX_POINT('',#7537);
#3891=VERTEX_POINT('',#7541);
#3892=VERTEX_POINT('',#7544);
#3893=VERTEX_POINT('',#7548);
#3894=VERTEX_POINT('',#7552);
#3895=VERTEX_POINT('',#7556);
#3896=VERTEX_POINT('',#7560);
#3897=VERTEX_POINT('',#7564);
#3898=VERTEX_POINT('',#7568);
#3899=VERTEX_POINT('',#7569);
#3900=VERTEX_POINT('',#7574);
#3901=VERTEX_POINT('',#7578);
#3902=VERTEX_POINT('',#7600);
#3903=VERTEX_POINT('',#7602);
#3904=VERTEX_POINT('',#7605);
#3905=VERTEX_POINT('',#7607);
#3906=VERTEX_POINT('',#7611);
#3907=VERTEX_POINT('',#7613);
#3908=VERTEX_POINT('',#7617);
#3909=VERTEX_POINT('',#7619);
#3910=VERTEX_POINT('',#7623);
#3911=VERTEX_POINT('',#7625);
#3912=VERTEX_POINT('',#7629);
#3913=VERTEX_POINT('',#7631);
#3914=VERTEX_POINT('',#7638);
#3915=VERTEX_POINT('',#7648);
#3916=VERTEX_POINT('',#7650);
#3917=VERTEX_POINT('',#7654);
#3918=VERTEX_POINT('',#7656);
#3919=VERTEX_POINT('',#7660);
#3920=VERTEX_POINT('',#7662);
#3921=VERTEX_POINT('',#7666);
#3922=VERTEX_POINT('',#7668);
#3923=VERTEX_POINT('',#7672);
#3924=VERTEX_POINT('',#7674);
#3925=VERTEX_POINT('',#7678);
#3926=VERTEX_POINT('',#7680);
#3927=VERTEX_POINT('',#7684);
#3928=VERTEX_POINT('',#7686);
#3929=VERTEX_POINT('',#7690);
#3930=VERTEX_POINT('',#7692);
#3931=VERTEX_POINT('',#7696);
#3932=VERTEX_POINT('',#7698);
#3933=VERTEX_POINT('',#7702);
#3934=VERTEX_POINT('',#7704);
#3935=VERTEX_POINT('',#7708);
#3936=VERTEX_POINT('',#7710);
#3937=VERTEX_POINT('',#7714);
#3938=VERTEX_POINT('',#7716);
#3939=VERTEX_POINT('',#7720);
#3940=VERTEX_POINT('',#7722);
#3941=VERTEX_POINT('',#7737);
#3942=VERTEX_POINT('',#7750);
#3943=VERTEX_POINT('',#7781);
#3944=VERTEX_POINT('',#7814);
#3945=VERTEX_POINT('',#7815);
#3946=VERTEX_POINT('',#7817);
#3947=VERTEX_POINT('',#7819);
#3948=VERTEX_POINT('',#7823);
#3949=VERTEX_POINT('',#7825);
#3950=VERTEX_POINT('',#7827);
#3951=VERTEX_POINT('',#7829);
#3952=VERTEX_POINT('',#7831);
#3953=VERTEX_POINT('',#7833);
#3954=VERTEX_POINT('',#7835);
#3955=VERTEX_POINT('',#7839);
#3956=VERTEX_POINT('',#7840);
#3957=VERTEX_POINT('',#7843);
#3958=VERTEX_POINT('',#7845);
#3959=VERTEX_POINT('',#7847);
#3960=VERTEX_POINT('',#7849);
#3961=VERTEX_POINT('',#7851);
#3962=VERTEX_POINT('',#7865);
#3963=VERTEX_POINT('',#7866);
#3964=VERTEX_POINT('',#7868);
#3965=VERTEX_POINT('',#7870);
#3966=VERTEX_POINT('',#7874);
#3967=VERTEX_POINT('',#7876);
#3968=VERTEX_POINT('',#7878);
#3969=VERTEX_POINT('',#7880);
#3970=VERTEX_POINT('',#7882);
#3971=VERTEX_POINT('',#7884);
#3972=VERTEX_POINT('',#7886);
#3973=VERTEX_POINT('',#7890);
#3974=VERTEX_POINT('',#7891);
#3975=VERTEX_POINT('',#7894);
#3976=VERTEX_POINT('',#7896);
#3977=VERTEX_POINT('',#7898);
#3978=VERTEX_POINT('',#7900);
#3979=VERTEX_POINT('',#7902);
#3980=VERTEX_POINT('',#7930);
#3981=VERTEX_POINT('',#7932);
#3982=VERTEX_POINT('',#7936);
#3983=VERTEX_POINT('',#7940);
#3984=VERTEX_POINT('',#7944);
#3985=VERTEX_POINT('',#7948);
#3986=VERTEX_POINT('',#7952);
#3987=VERTEX_POINT('',#7956);
#3988=VERTEX_POINT('',#7960);
#3989=VERTEX_POINT('',#7964);
#3990=VERTEX_POINT('',#7971);
#3991=VERTEX_POINT('',#7973);
#3992=VERTEX_POINT('',#7977);
#3993=VERTEX_POINT('',#7981);
#3994=VERTEX_POINT('',#7985);
#3995=VERTEX_POINT('',#7989);
#3996=VERTEX_POINT('',#8000);
#3997=VERTEX_POINT('',#8006);
#3998=VERTEX_POINT('',#8010);
#3999=VERTEX_POINT('',#8014);
#4000=VERTEX_POINT('',#8018);
#4001=VERTEX_POINT('',#8029);
#4002=VERTEX_POINT('',#8035);
#4003=VERTEX_POINT('',#8039);
#4004=VERTEX_POINT('',#8050);
#4005=VERTEX_POINT('',#8056);
#4006=VERTEX_POINT('',#8060);
#4007=VERTEX_POINT('',#8064);
#4008=VERTEX_POINT('',#8075);
#4009=VERTEX_POINT('',#8088);
#4010=VERTEX_POINT('',#8094);
#4011=VERTEX_POINT('',#8098);
#4012=VERTEX_POINT('',#8109);
#4013=VERTEX_POINT('',#8115);
#4014=VERTEX_POINT('',#8129);
#4015=VERTEX_POINT('',#8133);
#4016=VERTEX_POINT('',#8144);
#4017=VERTEX_POINT('',#8157);
#4018=VERTEX_POINT('',#8170);
#4019=VERTEX_POINT('',#8176);
#4020=VERTEX_POINT('',#8180);
#4021=VERTEX_POINT('',#8184);
#4022=VERTEX_POINT('',#8195);
#4023=VERTEX_POINT('',#8208);
#4024=VERTEX_POINT('',#8221);
#4025=VERTEX_POINT('',#8227);
#4026=VERTEX_POINT('',#8231);
#4027=VERTEX_POINT('',#8235);
#4028=VERTEX_POINT('',#8246);
#4029=VERTEX_POINT('',#8259);
#4030=VERTEX_POINT('',#8272);
#4031=VERTEX_POINT('',#8285);
#4032=VERTEX_POINT('',#8291);
#4033=VERTEX_POINT('',#8295);
#4034=VERTEX_POINT('',#8299);
#4035=VERTEX_POINT('',#8310);
#4036=VERTEX_POINT('',#8323);
#4037=VERTEX_POINT('',#8336);
#4038=VERTEX_POINT('',#8349);
#4039=VERTEX_POINT('',#8362);
#4040=VERTEX_POINT('',#8368);
#4041=VERTEX_POINT('',#8384);
#4042=VERTEX_POINT('',#8385);
#4043=VERTEX_POINT('',#8387);
#4044=VERTEX_POINT('',#8389);
#4045=VERTEX_POINT('',#8393);
#4046=VERTEX_POINT('',#8395);
#4047=VERTEX_POINT('',#8399);
#4048=VERTEX_POINT('',#8401);
#4049=VERTEX_POINT('',#8405);
#4050=VERTEX_POINT('',#8407);
#4051=VERTEX_POINT('',#8411);
#4052=VERTEX_POINT('',#8413);
#4053=VERTEX_POINT('',#8417);
#4054=VERTEX_POINT('',#8419);
#4055=VERTEX_POINT('',#8423);
#4056=VERTEX_POINT('',#8425);
#4057=VERTEX_POINT('',#8429);
#4058=VERTEX_POINT('',#8433);
#4059=VERTEX_POINT('',#8437);
#4060=VERTEX_POINT('',#8441);
#4061=VERTEX_POINT('',#8445);
#4062=VERTEX_POINT('',#8449);
#4063=VERTEX_POINT('',#8453);
#4064=VERTEX_POINT('',#8457);
#4065=VERTEX_POINT('',#8461);
#4066=VERTEX_POINT('',#8479);
#4067=VERTEX_POINT('',#8483);
#4068=VERTEX_POINT('',#8487);
#4069=VERTEX_POINT('',#8491);
#4070=VERTEX_POINT('',#8495);
#4071=VERTEX_POINT('',#8499);
#4072=VERTEX_POINT('',#8503);
#4073=VERTEX_POINT('',#8507);
#4074=VERTEX_POINT('',#8511);
#4075=VERTEX_POINT('',#8515);
#4076=VERTEX_POINT('',#8519);
#4077=VERTEX_POINT('',#8523);
#4078=VERTEX_POINT('',#8534);
#4079=VERTEX_POINT('',#8547);
#4080=VERTEX_POINT('',#8553);
#4081=VERTEX_POINT('',#8557);
#4082=VERTEX_POINT('',#8561);
#4083=VERTEX_POINT('',#8572);
#4084=VERTEX_POINT('',#8585);
#4085=VERTEX_POINT('',#8598);
#4086=VERTEX_POINT('',#8625);
#4087=VERTEX_POINT('',#8626);
#4088=VERTEX_POINT('',#8628);
#4089=VERTEX_POINT('',#8632);
#4090=VERTEX_POINT('',#8645);
#4091=VERTEX_POINT('',#8647);
#4092=VERTEX_POINT('',#8662);
#4093=VERTEX_POINT('',#8664);
#4094=VERTEX_POINT('',#8679);
#4095=VERTEX_POINT('',#8681);
#4096=VERTEX_POINT('',#8687);
#4097=VERTEX_POINT('',#8689);
#4098=VERTEX_POINT('',#8702);
#4099=VERTEX_POINT('',#8704);
#4100=VERTEX_POINT('',#8719);
#4101=VERTEX_POINT('',#8721);
#4102=VERTEX_POINT('',#8734);
#4103=VERTEX_POINT('',#8738);
#4104=VERTEX_POINT('',#8749);
#4105=VERTEX_POINT('',#8762);
#4106=VERTEX_POINT('',#8775);
#4107=VERTEX_POINT('',#8788);
#4108=VERTEX_POINT('',#8801);
#4109=VERTEX_POINT('',#8814);
#4110=VERTEX_POINT('',#8827);
#4111=VERTEX_POINT('',#8840);
#4112=VERTEX_POINT('',#8846);
#4113=VERTEX_POINT('',#8857);
#4114=VERTEX_POINT('',#8863);
#4115=VERTEX_POINT('',#8874);
#4116=VERTEX_POINT('',#8880);
#4117=VERTEX_POINT('',#8884);
#4118=VERTEX_POINT('',#8895);
#4119=VERTEX_POINT('',#8928);
#4120=VERTEX_POINT('',#8930);
#4121=VERTEX_POINT('',#8934);
#4122=VERTEX_POINT('',#8938);
#4123=VERTEX_POINT('',#8942);
#4124=VERTEX_POINT('',#8946);
#4125=VERTEX_POINT('',#8950);
#4126=VERTEX_POINT('',#8966);
#4127=VERTEX_POINT('',#8967);
#4128=VERTEX_POINT('',#8969);
#4129=VERTEX_POINT('',#8973);
#4130=VERTEX_POINT('',#8986);
#4131=VERTEX_POINT('',#8988);
#4132=VERTEX_POINT('',#8994);
#4133=VERTEX_POINT('',#8996);
#4134=VERTEX_POINT('',#9000);
#4135=VERTEX_POINT('',#9002);
#4136=VERTEX_POINT('',#9015);
#4137=VERTEX_POINT('',#9017);
#4138=VERTEX_POINT('',#9032);
#4139=VERTEX_POINT('',#9034);
#4140=VERTEX_POINT('',#9040);
#4141=VERTEX_POINT('',#9042);
#4142=VERTEX_POINT('',#9055);
#4143=VERTEX_POINT('',#9056);
#4144=VERTEX_POINT('',#9058);
#4145=VERTEX_POINT('',#9062);
#4146=VERTEX_POINT('',#9075);
#4147=VERTEX_POINT('',#9077);
#4148=VERTEX_POINT('',#9092);
#4149=VERTEX_POINT('',#9094);
#4150=VERTEX_POINT('',#9109);
#4151=VERTEX_POINT('',#9111);
#4152=VERTEX_POINT('',#9117);
#4153=VERTEX_POINT('',#9119);
#4154=VERTEX_POINT('',#9132);
#4155=VERTEX_POINT('',#9134);
#4156=VERTEX_POINT('',#9147);
#4157=VERTEX_POINT('',#9151);
#4158=VERTEX_POINT('',#9162);
#4159=VERTEX_POINT('',#9175);
#4160=VERTEX_POINT('',#9181);
#4161=VERTEX_POINT('',#9192);
#4162=VERTEX_POINT('',#9205);
#4163=VERTEX_POINT('',#9211);
#4164=VERTEX_POINT('',#9222);
#4165=VERTEX_POINT('',#9235);
#4166=VERTEX_POINT('',#9248);
#4167=VERTEX_POINT('',#9261);
#4168=VERTEX_POINT('',#9267);
#4169=VERTEX_POINT('',#9278);
#4170=VERTEX_POINT('',#9291);
#4171=VERTEX_POINT('',#9297);
#4172=CIRCLE('',#5359,0.008316);
#4173=CIRCLE('',#5360,0.008316);
#4174=CIRCLE('',#5361,0.008316);
#4175=CIRCLE('',#5362,0.008316);
#4176=CIRCLE('',#5363,0.008316);
#4177=CIRCLE('',#5364,0.008316);
#4178=CIRCLE('',#5365,0.008316);
#4179=CIRCLE('',#5366,0.008316);
#4180=CIRCLE('',#5367,0.006366);
#4181=CIRCLE('',#5368,0.005316);
#4182=CIRCLE('',#5369,0.005316);
#4183=CIRCLE('',#5370,0.005316);
#4184=CIRCLE('',#5371,0.006816);
#4185=CIRCLE('',#5372,0.006816);
#4186=CIRCLE('',#5373,0.006816);
#4187=CIRCLE('',#5374,0.006816);
#4188=CIRCLE('',#5375,0.006816);
#4189=CIRCLE('',#5376,0.006816);
#4190=CIRCLE('',#5377,0.006816);
#4191=CIRCLE('',#5378,0.006816);
#4192=CIRCLE('',#5379,0.006366);
#4193=CIRCLE('',#5380,0.006366);
#4194=CIRCLE('',#5382,0.006366);
#4195=CIRCLE('',#5383,0.005316);
#4196=CIRCLE('',#5385,0.006366);
#4197=CIRCLE('',#5386,0.006366);
#4198=CIRCLE('',#5387,0.006366);
#4199=CIRCLE('',#5388,0.006366);
#4200=CIRCLE('',#5389,0.005316);
#4201=CIRCLE('',#5390,0.005316);
#4202=CIRCLE('',#5391,0.005316);
#4203=CIRCLE('',#5392,0.005316);
#4204=CIRCLE('',#5394,0.006366);
#4205=CIRCLE('',#5395,0.006366);
#4206=CIRCLE('',#5397,0.000911076399473941);
#4207=CIRCLE('',#5398,0.00092693761736695);
#4208=CIRCLE('',#5399,0.00103776430886874);
#4209=CIRCLE('',#5400,0.00100649351518713);
#4210=CIRCLE('',#5403,0.00215513832912429);
#4211=CIRCLE('',#5404,0.000872850068509083);
#4212=CIRCLE('',#5406,0.00222246593305433);
#4213=CIRCLE('',#5407,0.00220985089101683);
#4214=CIRCLE('',#5408,0.00196871794407217);
#4215=CIRCLE('',#5409,0.0023212181669628);
#4216=CIRCLE('',#5410,0.00188621897773405);
#4217=CIRCLE('',#5413,0.00259283107318659);
#4218=CIRCLE('',#5414,0.00213269370005149);
#4219=CIRCLE('',#5415,0.00129335588059465);
#4220=CIRCLE('',#5416,0.00196210831236543);
#4221=CIRCLE('',#5418,0.00140414984605936);
#4222=CIRCLE('',#5419,0.000822199715775967);
#4223=CIRCLE('',#5420,0.0010076576574055);
#4224=CIRCLE('',#5421,0.00233057904755688);
#4225=CIRCLE('',#5422,0.00178928863003456);
#4226=CIRCLE('',#5423,0.00216401731968567);
#4227=CIRCLE('',#5424,0.00104642063621454);
#4228=CIRCLE('',#5425,0.00100749348180343);
#4229=CIRCLE('',#5426,0.00136730452199663);
#4230=CIRCLE('',#5427,0.00198158932153027);
#4231=CIRCLE('',#5429,0.00481226072095746);
#4232=CIRCLE('',#5431,0.006366);
#4233=CIRCLE('',#5432,0.006366);
#4234=CIRCLE('',#5434,0.005316);
#4235=CIRCLE('',#5437,0.005316);
#4236=CIRCLE('',#5439,0.005316);
#4237=CIRCLE('',#5440,0.005316);
#4238=CIRCLE('',#5443,0.005316);
#4239=CIRCLE('',#5446,0.005316);
#4240=CIRCLE('',#5449,0.005316);
#4241=CIRCLE('',#5451,0.005316);
#4242=CIRCLE('',#5454,0.005316);
#4243=CIRCLE('',#5456,0.008316);
#4244=CIRCLE('',#5458,0.008316);
#4245=CIRCLE('',#5460,0.008316);
#4246=CIRCLE('',#5462,0.008316);
#4247=CIRCLE('',#5464,0.008316);
#4248=CIRCLE('',#5466,0.008316);
#4249=CIRCLE('',#5468,0.008316);
#4250=CIRCLE('',#5470,0.008316);
#4251=CIRCLE('',#5478,0.006366);
#4252=CIRCLE('',#5480,0.006816);
#4253=CIRCLE('',#5493,0.001);
#4254=CIRCLE('',#5495,0.001);
#4255=CIRCLE('',#5497,0.006366);
#4256=CIRCLE('',#5499,0.006816);
#4257=CIRCLE('',#5501,0.006366);
#4258=CIRCLE('',#5503,0.006816);
#4259=CIRCLE('',#5505,0.006366);
#4260=CIRCLE('',#5507,0.006816);
#4261=CIRCLE('',#5509,0.006366);
#4262=CIRCLE('',#5511,0.006816);
#4263=CIRCLE('',#5513,0.006366);
#4264=CIRCLE('',#5515,0.006816);
#4265=CIRCLE('',#5517,0.006366);
#4266=CIRCLE('',#5519,0.006816);
#4267=CIRCLE('',#5524,0.006366);
#4268=CIRCLE('',#5525,0.006816);
#4269=CIRCLE('',#5574,0.00481226072095746);
#4270=CIRCLE('',#5585,0.00198158932153027);
#4271=CIRCLE('',#5587,0.00136730452199663);
#4272=CIRCLE('',#5589,0.00100749348180343);
#4273=CIRCLE('',#5591,0.00104642063621454);
#4274=CIRCLE('',#5593,0.00216401731968567);
#4275=CIRCLE('',#5595,0.00178928863003456);
#4276=CIRCLE('',#5598,0.00233057904755688);
#4277=CIRCLE('',#5600,0.0010076576574055);
#4278=CIRCLE('',#5602,0.000822199715775967);
#4279=CIRCLE('',#5604,0.00140414984605936);
#4280=CIRCLE('',#5610,0.00196210831236543);
#4281=CIRCLE('',#5612,0.00129335588059465);
#4282=CIRCLE('',#5617,0.00213269370005149);
#4283=CIRCLE('',#5619,0.00259283107318659);
#4284=CIRCLE('',#5627,0.0030268729333764);
#4285=CIRCLE('',#5628,0.0030268729333764);
#4286=CIRCLE('',#5631,0.00807675308832008);
#4287=CIRCLE('',#5632,0.00807675308832008);
#4288=CIRCLE('',#5645,0.0126855469718064);
#4289=CIRCLE('',#5646,0.0126855469718064);
#4290=CIRCLE('',#5650,0.00188621897773405);
#4291=CIRCLE('',#5659,0.0023212181669628);
#4292=CIRCLE('',#5661,0.00196871794407217);
#4293=CIRCLE('',#5663,0.00220985089101683);
#4294=CIRCLE('',#5665,0.00222246593305433);
#4295=CIRCLE('',#5669,0.000620999658992061);
#4296=CIRCLE('',#5670,0.000620999658992061);
#4297=CIRCLE('',#5673,0.000872850068509083);
#4298=CIRCLE('',#5675,0.00215513832912429);
#4299=CIRCLE('',#5688,0.00035788903618126);
#4300=CIRCLE('',#5689,0.00035788903618126);
#4301=CIRCLE('',#5691,0.000463804315086211);
#4302=CIRCLE('',#5692,0.000463804315086211);
#4303=CIRCLE('',#5694,0.000449134155451339);
#4304=CIRCLE('',#5695,0.000449134155451339);
#4305=CIRCLE('',#5697,0.00044434806242076);
#4306=CIRCLE('',#5698,0.00044434806242076);
#4307=CIRCLE('',#5700,0.00100649351518713);
#4308=CIRCLE('',#5702,0.00103776430886874);
#4309=CIRCLE('',#5704,0.00092693761736695);
#4310=CIRCLE('',#5706,0.000911076399473941);
#4311=EDGE_LOOP('',(#1294,#1295,#1296,#1297,#1298,#1299,#1300,#1301,#1302,
#1303,#1304,#1305,#1306,#1307,#1308,#1309));
#4312=EDGE_LOOP('',(#1310,#1311,#1312,#1313,#1314,#1315,#1316,#1317,#1318,
#1319,#1320,#1321,#1322,#1323,#1324,#1325,#1326,#1327,#1328,#1329,#1330,
#1331,#1332,#1333,#1334,#1335,#1336,#1337,#1338,#1339,#1340));
#4313=EDGE_LOOP('',(#1341,#1342,#1343,#1344));
#4314=EDGE_LOOP('',(#1345,#1346,#1347,#1348,#1349,#1350,#1351,#1352,#1353,
#1354,#1355,#1356,#1357,#1358,#1359,#1360,#1361,#1362));
#4315=EDGE_LOOP('',(#1363,#1364,#1365,#1366));
#4316=EDGE_LOOP('',(#1367,#1368,#1369,#1370));
#4317=EDGE_LOOP('',(#1371,#1372,#1373,#1374,#1375,#1376,#1377,#1378,#1379,
#1380,#1381,#1382,#1383,#1384,#1385,#1386));
#4318=EDGE_LOOP('',(#1387,#1388,#1389,#1390));
#4319=EDGE_LOOP('',(#1391,#1392,#1393,#1394,#1395,#1396,#1397));
#4320=EDGE_LOOP('',(#1398,#1399,#1400,#1401));
#4321=EDGE_LOOP('',(#1402,#1403,#1404,#1405,#1406,#1407,#1408,#1409,#1410,
#1411,#1412,#1413,#1414,#1415,#1416,#1417,#1418));
#4322=EDGE_LOOP('',(#1419,#1420,#1421,#1422));
#4323=EDGE_LOOP('',(#1423,#1424,#1425,#1426,#1427,#1428,#1429,#1430,#1431,
#1432,#1433,#1434,#1435,#1436,#1437,#1438,#1439,#1440,#1441,#1442));
#4324=EDGE_LOOP('',(#1443,#1444,#1445,#1446));
#4325=EDGE_LOOP('',(#1447,#1448,#1449,#1450,#1451,#1452,#1453,#1454,#1455,
#1456,#1457));
#4326=EDGE_LOOP('',(#1458,#1459,#1460,#1461));
#4327=EDGE_LOOP('',(#1462,#1463,#1464,#1465,#1466,#1467,#1468,#1469,#1470,
#1471,#1472,#1473,#1474,#1475,#1476,#1477,#1478,#1479,#1480,#1481,#1482,
#1483,#1484,#1485,#1486,#1487,#1488));
#4328=EDGE_LOOP('',(#1489,#1490,#1491,#1492));
#4329=EDGE_LOOP('',(#1493,#1494,#1495,#1496,#1497,#1498,#1499,#1500,#1501,
#1502,#1503,#1504,#1505,#1506,#1507,#1508,#1509,#1510,#1511,#1512,#1513,
#1514,#1515,#1516));
#4330=EDGE_LOOP('',(#1517,#1518,#1519,#1520));
#4331=EDGE_LOOP('',(#1521,#1522,#1523,#1524,#1525,#1526,#1527,#1528,#1529,
#1530));
#4332=EDGE_LOOP('',(#1531,#1532,#1533,#1534));
#4333=EDGE_LOOP('',(#1535,#1536,#1537,#1538));
#4334=EDGE_LOOP('',(#1539,#1540,#1541,#1542));
#4335=EDGE_LOOP('',(#1543,#1544,#1545,#1546));
#4336=EDGE_LOOP('',(#1547,#1548,#1549,#1550,#1551,#1552));
#4337=EDGE_LOOP('',(#1553,#1554,#1555,#1556,#1557,#1558));
#4338=EDGE_LOOP('',(#1559,#1560,#1561,#1562));
#4339=EDGE_LOOP('',(#1563,#1564,#1565,#1566));
#4340=EDGE_LOOP('',(#1567,#1568,#1569,#1570));
#4341=EDGE_LOOP('',(#1571,#1572,#1573,#1574));
#4342=EDGE_LOOP('',(#1575,#1576,#1577,#1578));
#4343=EDGE_LOOP('',(#1579,#1580,#1581,#1582));
#4344=EDGE_LOOP('',(#1583,#1584,#1585,#1586));
#4345=EDGE_LOOP('',(#1587,#1588,#1589,#1590));
#4346=EDGE_LOOP('',(#1591,#1592,#1593,#1594));
#4347=EDGE_LOOP('',(#1595,#1596,#1597,#1598));
#4348=EDGE_LOOP('',(#1599,#1600,#1601,#1602));
#4349=EDGE_LOOP('',(#1603,#1604,#1605,#1606));
#4350=EDGE_LOOP('',(#1607,#1608,#1609,#1610));
#4351=EDGE_LOOP('',(#1611,#1612,#1613,#1614));
#4352=EDGE_LOOP('',(#1615,#1616,#1617,#1618));
#4353=EDGE_LOOP('',(#1619,#1620,#1621,#1622));
#4354=EDGE_LOOP('',(#1623,#1624,#1625,#1626));
#4355=EDGE_LOOP('',(#1627,#1628,#1629,#1630,#1631,#1632,#1633,#1634,#1635,
#1636,#1637,#1638,#1639,#1640,#1641,#1642));
#4356=EDGE_LOOP('',(#1643,#1644,#1645,#1646,#1647,#1648,#1649,#1650,#1651,
#1652,#1653,#1654,#1655,#1656,#1657,#1658,#1659,#1660,#1661,#1662));
#4357=EDGE_LOOP('',(#1663,#1664,#1665,#1666));
#4358=EDGE_LOOP('',(#1667,#1668,#1669,#1670));
#4359=EDGE_LOOP('',(#1671,#1672,#1673,#1674));
#4360=EDGE_LOOP('',(#1675,#1676,#1677,#1678));
#4361=EDGE_LOOP('',(#1679,#1680,#1681,#1682,#1683,#1684,#1685));
#4362=EDGE_LOOP('',(#1686,#1687,#1688,#1689));
#4363=EDGE_LOOP('',(#1690,#1691,#1692,#1693));
#4364=EDGE_LOOP('',(#1694,#1695,#1696,#1697));
#4365=EDGE_LOOP('',(#1698,#1699,#1700,#1701));
#4366=EDGE_LOOP('',(#1702,#1703,#1704,#1705));
#4367=EDGE_LOOP('',(#1706,#1707,#1708,#1709));
#4368=EDGE_LOOP('',(#1710,#1711,#1712,#1713));
#4369=EDGE_LOOP('',(#1714,#1715,#1716,#1717));
#4370=EDGE_LOOP('',(#1718,#1719,#1720,#1721));
#4371=EDGE_LOOP('',(#1722,#1723,#1724,#1725));
#4372=EDGE_LOOP('',(#1726,#1727,#1728,#1729));
#4373=EDGE_LOOP('',(#1730,#1731,#1732,#1733));
#4374=EDGE_LOOP('',(#1734,#1735,#1736,#1737,#1738));
#4375=EDGE_LOOP('',(#1739,#1740,#1741,#1742,#1743));
#4376=EDGE_LOOP('',(#1744,#1745,#1746,#1747));
#4377=EDGE_LOOP('',(#1748,#1749,#1750,#1751));
#4378=EDGE_LOOP('',(#1752,#1753,#1754,#1755));
#4379=EDGE_LOOP('',(#1756,#1757,#1758,#1759));
#4380=EDGE_LOOP('',(#1760,#1761,#1762,#1763,#1764,#1765,#1766));
#4381=EDGE_LOOP('',(#1767,#1768,#1769,#1770));
#4382=EDGE_LOOP('',(#1771,#1772,#1773,#1774,#1775,#1776,#1777));
#4383=EDGE_LOOP('',(#1778,#1779,#1780,#1781));
#4384=EDGE_LOOP('',(#1782,#1783,#1784,#1785));
#4385=EDGE_LOOP('',(#1786,#1787,#1788,#1789));
#4386=EDGE_LOOP('',(#1790,#1791,#1792,#1793));
#4387=EDGE_LOOP('',(#1794,#1795,#1796,#1797));
#4388=EDGE_LOOP('',(#1798,#1799,#1800,#1801));
#4389=EDGE_LOOP('',(#1802,#1803,#1804,#1805));
#4390=EDGE_LOOP('',(#1806,#1807,#1808,#1809));
#4391=EDGE_LOOP('',(#1810,#1811,#1812,#1813,#1814));
#4392=EDGE_LOOP('',(#1815,#1816,#1817,#1818,#1819,#1820,#1821));
#4393=EDGE_LOOP('',(#1822,#1823,#1824,#1825));
#4394=EDGE_LOOP('',(#1826,#1827,#1828,#1829));
#4395=EDGE_LOOP('',(#1830,#1831,#1832,#1833));
#4396=EDGE_LOOP('',(#1834,#1835,#1836,#1837));
#4397=EDGE_LOOP('',(#1838,#1839,#1840,#1841));
#4398=EDGE_LOOP('',(#1842,#1843,#1844,#1845));
#4399=EDGE_LOOP('',(#1846,#1847,#1848,#1849));
#4400=EDGE_LOOP('',(#1850,#1851,#1852,#1853));
#4401=EDGE_LOOP('',(#1854,#1855,#1856,#1857));
#4402=EDGE_LOOP('',(#1858,#1859,#1860,#1861));
#4403=EDGE_LOOP('',(#1862,#1863,#1864,#1865));
#4404=EDGE_LOOP('',(#1866,#1867,#1868,#1869));
#4405=EDGE_LOOP('',(#1870,#1871,#1872,#1873));
#4406=EDGE_LOOP('',(#1874,#1875,#1876,#1877));
#4407=EDGE_LOOP('',(#1878,#1879,#1880,#1881));
#4408=EDGE_LOOP('',(#1882,#1883,#1884,#1885,#1886,#1887,#1888,#1889,#1890));
#4409=EDGE_LOOP('',(#1891,#1892,#1893,#1894,#1895,#1896,#1897,#1898,#1899));
#4410=EDGE_LOOP('',(#1900,#1901,#1902,#1903));
#4411=EDGE_LOOP('',(#1904,#1905,#1906,#1907));
#4412=EDGE_LOOP('',(#1908,#1909,#1910,#1911));
#4413=EDGE_LOOP('',(#1912,#1913,#1914,#1915));
#4414=EDGE_LOOP('',(#1916,#1917,#1918,#1919));
#4415=EDGE_LOOP('',(#1920,#1921,#1922,#1923));
#4416=EDGE_LOOP('',(#1924,#1925,#1926,#1927,#1928,#1929,#1930,#1931,#1932));
#4417=EDGE_LOOP('',(#1933,#1934,#1935,#1936,#1937,#1938,#1939,#1940,#1941));
#4418=EDGE_LOOP('',(#1942,#1943,#1944,#1945));
#4419=EDGE_LOOP('',(#1946,#1947,#1948,#1949));
#4420=EDGE_LOOP('',(#1950,#1951,#1952,#1953));
#4421=EDGE_LOOP('',(#1954,#1955,#1956,#1957));
#4422=EDGE_LOOP('',(#1958,#1959,#1960,#1961));
#4423=EDGE_LOOP('',(#1962,#1963,#1964,#1965,#1966,#1967));
#4424=EDGE_LOOP('',(#1968,#1969,#1970,#1971,#1972,#1973));
#4425=EDGE_LOOP('',(#1974,#1975,#1976,#1977,#1978,#1979));
#4426=EDGE_LOOP('',(#1980,#1981,#1982,#1983,#1984,#1985));
#4427=EDGE_LOOP('',(#1986,#1987,#1988,#1989,#1990,#1991));
#4428=EDGE_LOOP('',(#1992,#1993,#1994,#1995,#1996,#1997));
#4429=EDGE_LOOP('',(#1998,#1999,#2000,#2001));
#4430=EDGE_LOOP('',(#2002,#2003,#2004,#2005));
#4431=EDGE_LOOP('',(#2006,#2007,#2008,#2009));
#4432=EDGE_LOOP('',(#2010,#2011,#2012,#2013));
#4433=EDGE_LOOP('',(#2014,#2015,#2016,#2017));
#4434=EDGE_LOOP('',(#2018,#2019,#2020,#2021));
#4435=EDGE_LOOP('',(#2022,#2023,#2024,#2025));
#4436=EDGE_LOOP('',(#2026,#2027,#2028,#2029));
#4437=EDGE_LOOP('',(#2030,#2031,#2032,#2033));
#4438=EDGE_LOOP('',(#2034,#2035,#2036,#2037));
#4439=EDGE_LOOP('',(#2038,#2039,#2040,#2041,#2042,#2043,#2044,#2045,#2046,
#2047));
#4440=EDGE_LOOP('',(#2048,#2049,#2050,#2051));
#4441=EDGE_LOOP('',(#2052,#2053,#2054,#2055));
#4442=EDGE_LOOP('',(#2056,#2057,#2058,#2059));
#4443=EDGE_LOOP('',(#2060,#2061,#2062,#2063));
#4444=EDGE_LOOP('',(#2064,#2065,#2066,#2067));
#4445=EDGE_LOOP('',(#2068,#2069,#2070,#2071));
#4446=EDGE_LOOP('',(#2072,#2073,#2074,#2075));
#4447=EDGE_LOOP('',(#2076,#2077,#2078,#2079));
#4448=EDGE_LOOP('',(#2080,#2081,#2082,#2083));
#4449=EDGE_LOOP('',(#2084,#2085,#2086,#2087));
#4450=EDGE_LOOP('',(#2088,#2089,#2090,#2091));
#4451=EDGE_LOOP('',(#2092,#2093,#2094,#2095));
#4452=EDGE_LOOP('',(#2096,#2097,#2098,#2099));
#4453=EDGE_LOOP('',(#2100,#2101,#2102,#2103));
#4454=EDGE_LOOP('',(#2104,#2105,#2106,#2107));
#4455=EDGE_LOOP('',(#2108,#2109,#2110,#2111));
#4456=EDGE_LOOP('',(#2112,#2113,#2114,#2115));
#4457=EDGE_LOOP('',(#2116,#2117,#2118,#2119));
#4458=EDGE_LOOP('',(#2120,#2121,#2122,#2123));
#4459=EDGE_LOOP('',(#2124,#2125,#2126,#2127));
#4460=EDGE_LOOP('',(#2128,#2129,#2130,#2131));
#4461=EDGE_LOOP('',(#2132,#2133,#2134,#2135));
#4462=EDGE_LOOP('',(#2136,#2137,#2138,#2139));
#4463=EDGE_LOOP('',(#2140,#2141,#2142,#2143));
#4464=EDGE_LOOP('',(#2144,#2145,#2146,#2147,#2148,#2149,#2150,#2151,#2152,
#2153,#2154,#2155,#2156,#2157,#2158,#2159,#2160,#2161,#2162,#2163,#2164,
#2165,#2166,#2167));
#4465=EDGE_LOOP('',(#2168,#2169,#2170,#2171));
#4466=EDGE_LOOP('',(#2172,#2173,#2174,#2175));
#4467=EDGE_LOOP('',(#2176,#2177,#2178,#2179));
#4468=EDGE_LOOP('',(#2180,#2181,#2182,#2183));
#4469=EDGE_LOOP('',(#2184,#2185,#2186,#2187));
#4470=EDGE_LOOP('',(#2188,#2189,#2190,#2191));
#4471=EDGE_LOOP('',(#2192,#2193,#2194,#2195));
#4472=EDGE_LOOP('',(#2196,#2197,#2198,#2199));
#4473=EDGE_LOOP('',(#2200,#2201,#2202,#2203));
#4474=EDGE_LOOP('',(#2204,#2205,#2206,#2207));
#4475=EDGE_LOOP('',(#2208,#2209,#2210,#2211));
#4476=EDGE_LOOP('',(#2212,#2213,#2214,#2215));
#4477=EDGE_LOOP('',(#2216,#2217,#2218,#2219));
#4478=EDGE_LOOP('',(#2220,#2221,#2222,#2223));
#4479=EDGE_LOOP('',(#2224,#2225,#2226,#2227));
#4480=EDGE_LOOP('',(#2228,#2229,#2230,#2231));
#4481=EDGE_LOOP('',(#2232,#2233,#2234,#2235));
#4482=EDGE_LOOP('',(#2236,#2237,#2238,#2239));
#4483=EDGE_LOOP('',(#2240,#2241,#2242,#2243));
#4484=EDGE_LOOP('',(#2244,#2245,#2246,#2247));
#4485=EDGE_LOOP('',(#2248,#2249,#2250,#2251));
#4486=EDGE_LOOP('',(#2252,#2253,#2254,#2255));
#4487=EDGE_LOOP('',(#2256,#2257,#2258,#2259));
#4488=EDGE_LOOP('',(#2260,#2261,#2262,#2263));
#4489=EDGE_LOOP('',(#2264,#2265,#2266,#2267));
#4490=EDGE_LOOP('',(#2268,#2269,#2270,#2271));
#4491=EDGE_LOOP('',(#2272,#2273,#2274,#2275));
#4492=EDGE_LOOP('',(#2276,#2277,#2278,#2279,#2280,#2281,#2282,#2283,#2284,
#2285,#2286,#2287,#2288,#2289,#2290,#2291,#2292,#2293,#2294,#2295,#2296,
#2297,#2298,#2299,#2300,#2301,#2302));
#4493=EDGE_LOOP('',(#2303,#2304,#2305,#2306));
#4494=EDGE_LOOP('',(#2307,#2308,#2309,#2310));
#4495=EDGE_LOOP('',(#2311,#2312,#2313,#2314));
#4496=EDGE_LOOP('',(#2315,#2316,#2317,#2318));
#4497=EDGE_LOOP('',(#2319,#2320,#2321,#2322));
#4498=EDGE_LOOP('',(#2323,#2324,#2325,#2326));
#4499=EDGE_LOOP('',(#2327,#2328,#2329,#2330));
#4500=EDGE_LOOP('',(#2331,#2332,#2333,#2334));
#4501=EDGE_LOOP('',(#2335,#2336,#2337,#2338));
#4502=EDGE_LOOP('',(#2339,#2340,#2341,#2342));
#4503=EDGE_LOOP('',(#2343,#2344,#2345,#2346));
#4504=EDGE_LOOP('',(#2347,#2348,#2349,#2350));
#4505=EDGE_LOOP('',(#2351,#2352,#2353,#2354));
#4506=EDGE_LOOP('',(#2355,#2356,#2357,#2358));
#4507=EDGE_LOOP('',(#2359,#2360,#2361,#2362));
#4508=EDGE_LOOP('',(#2363,#2364,#2365,#2366));
#4509=EDGE_LOOP('',(#2367,#2368,#2369,#2370));
#4510=EDGE_LOOP('',(#2371,#2372,#2373,#2374));
#4511=EDGE_LOOP('',(#2375,#2376,#2377,#2378,#2379,#2380,#2381,#2382,#2383,
#2384,#2385));
#4512=EDGE_LOOP('',(#2386,#2387,#2388,#2389,#2390,#2391,#2392));
#4513=EDGE_LOOP('',(#2393,#2394,#2395,#2396,#2397,#2398,#2399));
#4514=EDGE_LOOP('',(#2400,#2401,#2402,#2403));
#4515=EDGE_LOOP('',(#2404,#2405,#2406,#2407));
#4516=EDGE_LOOP('',(#2408,#2409,#2410,#2411));
#4517=EDGE_LOOP('',(#2412,#2413,#2414,#2415));
#4518=EDGE_LOOP('',(#2416,#2417,#2418,#2419));
#4519=EDGE_LOOP('',(#2420,#2421,#2422,#2423));
#4520=EDGE_LOOP('',(#2424,#2425,#2426,#2427));
#4521=EDGE_LOOP('',(#2428,#2429,#2430,#2431));
#4522=EDGE_LOOP('',(#2432,#2433,#2434,#2435));
#4523=EDGE_LOOP('',(#2436,#2437,#2438,#2439));
#4524=EDGE_LOOP('',(#2440,#2441,#2442,#2443));
#4525=EDGE_LOOP('',(#2444,#2445,#2446,#2447));
#4526=EDGE_LOOP('',(#2448,#2449,#2450,#2451));
#4527=EDGE_LOOP('',(#2452,#2453,#2454,#2455));
#4528=EDGE_LOOP('',(#2456,#2457,#2458,#2459));
#4529=EDGE_LOOP('',(#2460,#2461,#2462,#2463));
#4530=EDGE_LOOP('',(#2464,#2465,#2466,#2467));
#4531=EDGE_LOOP('',(#2468,#2469,#2470,#2471));
#4532=EDGE_LOOP('',(#2472,#2473,#2474,#2475));
#4533=EDGE_LOOP('',(#2476,#2477,#2478,#2479));
#4534=EDGE_LOOP('',(#2480,#2481,#2482,#2483,#2484,#2485,#2486,#2487,#2488,
#2489,#2490,#2491,#2492,#2493,#2494,#2495,#2496,#2497,#2498,#2499));
#4535=EDGE_LOOP('',(#2500,#2501,#2502,#2503));
#4536=EDGE_LOOP('',(#2504,#2505,#2506,#2507));
#4537=EDGE_LOOP('',(#2508,#2509,#2510,#2511));
#4538=EDGE_LOOP('',(#2512,#2513,#2514,#2515));
#4539=EDGE_LOOP('',(#2516,#2517,#2518,#2519));
#4540=EDGE_LOOP('',(#2520,#2521,#2522,#2523));
#4541=EDGE_LOOP('',(#2524,#2525,#2526,#2527));
#4542=EDGE_LOOP('',(#2528,#2529,#2530,#2531));
#4543=EDGE_LOOP('',(#2532,#2533,#2534,#2535));
#4544=EDGE_LOOP('',(#2536,#2537,#2538,#2539));
#4545=EDGE_LOOP('',(#2540,#2541,#2542,#2543));
#4546=EDGE_LOOP('',(#2544,#2545,#2546,#2547));
#4547=EDGE_LOOP('',(#2548,#2549,#2550,#2551));
#4548=EDGE_LOOP('',(#2552,#2553,#2554,#2555));
#4549=EDGE_LOOP('',(#2556,#2557,#2558,#2559));
#4550=EDGE_LOOP('',(#2560,#2561,#2562,#2563));
#4551=EDGE_LOOP('',(#2564,#2565,#2566,#2567));
#4552=EDGE_LOOP('',(#2568,#2569,#2570,#2571));
#4553=EDGE_LOOP('',(#2572,#2573,#2574,#2575));
#4554=EDGE_LOOP('',(#2576,#2577,#2578,#2579));
#4555=EDGE_LOOP('',(#2580,#2581,#2582,#2583));
#4556=EDGE_LOOP('',(#2584,#2585,#2586,#2587));
#4557=EDGE_LOOP('',(#2588,#2589,#2590,#2591));
#4558=EDGE_LOOP('',(#2592,#2593,#2594,#2595));
#4559=EDGE_LOOP('',(#2596,#2597,#2598,#2599));
#4560=EDGE_LOOP('',(#2600,#2601,#2602,#2603,#2604,#2605,#2606,#2607,#2608,
#2609,#2610,#2611,#2612,#2613,#2614,#2615,#2616));
#4561=EDGE_LOOP('',(#2617,#2618,#2619,#2620,#2621,#2622,#2623,#2624));
#4562=EDGE_LOOP('',(#2625,#2626,#2627,#2628,#2629,#2630,#2631,#2632));
#4563=EDGE_LOOP('',(#2633,#2634,#2635,#2636));
#4564=EDGE_LOOP('',(#2637,#2638,#2639,#2640));
#4565=EDGE_LOOP('',(#2641,#2642,#2643,#2644));
#4566=EDGE_LOOP('',(#2645,#2646,#2647,#2648));
#4567=EDGE_LOOP('',(#2649,#2650,#2651,#2652));
#4568=EDGE_LOOP('',(#2653,#2654,#2655,#2656));
#4569=EDGE_LOOP('',(#2657,#2658,#2659,#2660));
#4570=EDGE_LOOP('',(#2661,#2662,#2663,#2664,#2665,#2666,#2667));
#4571=EDGE_LOOP('',(#2668,#2669,#2670,#2671));
#4572=EDGE_LOOP('',(#2672,#2673,#2674,#2675));
#4573=EDGE_LOOP('',(#2676,#2677,#2678,#2679));
#4574=EDGE_LOOP('',(#2680,#2681,#2682,#2683));
#4575=EDGE_LOOP('',(#2684,#2685,#2686,#2687));
#4576=EDGE_LOOP('',(#2688,#2689,#2690,#2691));
#4577=EDGE_LOOP('',(#2692,#2693,#2694,#2695));
#4578=EDGE_LOOP('',(#2696,#2697,#2698,#2699));
#4579=EDGE_LOOP('',(#2700,#2701,#2702,#2703));
#4580=EDGE_LOOP('',(#2704,#2705,#2706,#2707));
#4581=EDGE_LOOP('',(#2708,#2709,#2710,#2711));
#4582=EDGE_LOOP('',(#2712,#2713,#2714,#2715));
#4583=EDGE_LOOP('',(#2716,#2717,#2718,#2719));
#4584=EDGE_LOOP('',(#2720,#2721,#2722,#2723));
#4585=EDGE_LOOP('',(#2724,#2725,#2726,#2727));
#4586=EDGE_LOOP('',(#2728,#2729,#2730,#2731));
#4587=EDGE_LOOP('',(#2732,#2733,#2734,#2735));
#4588=EDGE_LOOP('',(#2736,#2737,#2738,#2739));
#4589=EDGE_LOOP('',(#2740,#2741,#2742,#2743));
#4590=EDGE_LOOP('',(#2744,#2745,#2746,#2747));
#4591=EDGE_LOOP('',(#2748,#2749,#2750,#2751));
#4592=EDGE_LOOP('',(#2752,#2753,#2754,#2755));
#4593=EDGE_LOOP('',(#2756,#2757,#2758,#2759));
#4594=EDGE_LOOP('',(#2760,#2761,#2762,#2763));
#4595=EDGE_LOOP('',(#2764,#2765,#2766,#2767));
#4596=EDGE_LOOP('',(#2768,#2769,#2770,#2771));
#4597=EDGE_LOOP('',(#2772,#2773,#2774,#2775));
#4598=EDGE_LOOP('',(#2776,#2777,#2778,#2779));
#4599=EDGE_LOOP('',(#2780,#2781,#2782,#2783));
#4600=EDGE_LOOP('',(#2784,#2785,#2786,#2787));
#4601=EDGE_LOOP('',(#2788,#2789,#2790,#2791));
#4602=EDGE_LOOP('',(#2792,#2793,#2794,#2795,#2796,#2797,#2798,#2799,#2800,
#2801,#2802,#2803,#2804,#2805,#2806,#2807));
#4603=EDGE_LOOP('',(#2808,#2809,#2810,#2811,#2812,#2813,#2814));
#4604=EDGE_LOOP('',(#2815,#2816,#2817,#2818,#2819,#2820,#2821,#2822));
#4605=EDGE_LOOP('',(#2823,#2824,#2825,#2826,#2827,#2828,#2829));
#4606=EDGE_LOOP('',(#2830,#2831,#2832,#2833,#2834,#2835,#2836,#2837));
#4607=EDGE_LOOP('',(#2838,#2839,#2840,#2841,#2842));
#4608=EDGE_LOOP('',(#2843,#2844,#2845,#2846,#2847,#2848));
#4609=EDGE_LOOP('',(#2849,#2850,#2851,#2852,#2853));
#4610=EDGE_LOOP('',(#2854,#2855,#2856,#2857,#2858));
#4611=EDGE_LOOP('',(#2859,#2860,#2861,#2862,#2863,#2864));
#4612=EDGE_LOOP('',(#2865,#2866,#2867,#2868,#2869));
#4613=FACE_BOUND('',#4311,.T.);
#4614=FACE_BOUND('',#4312,.T.);
#4615=FACE_BOUND('',#4313,.T.);
#4616=FACE_BOUND('',#4314,.T.);
#4617=FACE_BOUND('',#4315,.T.);
#4618=FACE_BOUND('',#4316,.T.);
#4619=FACE_BOUND('',#4317,.T.);
#4620=FACE_BOUND('',#4318,.T.);
#4621=FACE_BOUND('',#4319,.T.);
#4622=FACE_BOUND('',#4320,.T.);
#4623=FACE_BOUND('',#4321,.T.);
#4624=FACE_BOUND('',#4322,.T.);
#4625=FACE_BOUND('',#4323,.T.);
#4626=FACE_BOUND('',#4324,.T.);
#4627=FACE_BOUND('',#4325,.T.);
#4628=FACE_BOUND('',#4326,.T.);
#4629=FACE_BOUND('',#4327,.T.);
#4630=FACE_BOUND('',#4328,.T.);
#4631=FACE_BOUND('',#4329,.T.);
#4632=FACE_BOUND('',#4330,.T.);
#4633=FACE_BOUND('',#4331,.T.);
#4634=FACE_BOUND('',#4332,.T.);
#4635=FACE_BOUND('',#4333,.T.);
#4636=FACE_BOUND('',#4334,.T.);
#4637=FACE_BOUND('',#4335,.T.);
#4638=FACE_BOUND('',#4336,.T.);
#4639=FACE_BOUND('',#4337,.T.);
#4640=FACE_BOUND('',#4338,.T.);
#4641=FACE_BOUND('',#4339,.T.);
#4642=FACE_BOUND('',#4340,.T.);
#4643=FACE_BOUND('',#4341,.T.);
#4644=FACE_BOUND('',#4342,.T.);
#4645=FACE_BOUND('',#4343,.T.);
#4646=FACE_BOUND('',#4344,.T.);
#4647=FACE_BOUND('',#4345,.T.);
#4648=FACE_BOUND('',#4346,.T.);
#4649=FACE_BOUND('',#4347,.T.);
#4650=FACE_BOUND('',#4348,.T.);
#4651=FACE_BOUND('',#4349,.T.);
#4652=FACE_BOUND('',#4350,.T.);
#4653=FACE_BOUND('',#4351,.T.);
#4654=FACE_BOUND('',#4352,.T.);
#4655=FACE_BOUND('',#4353,.T.);
#4656=FACE_BOUND('',#4354,.T.);
#4657=FACE_BOUND('',#4355,.T.);
#4658=FACE_BOUND('',#4356,.T.);
#4659=FACE_BOUND('',#4357,.T.);
#4660=FACE_BOUND('',#4358,.T.);
#4661=FACE_BOUND('',#4359,.T.);
#4662=FACE_BOUND('',#4360,.T.);
#4663=FACE_BOUND('',#4361,.T.);
#4664=FACE_BOUND('',#4362,.T.);
#4665=FACE_BOUND('',#4363,.T.);
#4666=FACE_BOUND('',#4364,.T.);
#4667=FACE_BOUND('',#4365,.T.);
#4668=FACE_BOUND('',#4366,.T.);
#4669=FACE_BOUND('',#4367,.T.);
#4670=FACE_BOUND('',#4368,.T.);
#4671=FACE_BOUND('',#4369,.T.);
#4672=FACE_BOUND('',#4370,.T.);
#4673=FACE_BOUND('',#4371,.T.);
#4674=FACE_BOUND('',#4372,.T.);
#4675=FACE_BOUND('',#4373,.T.);
#4676=FACE_BOUND('',#4374,.T.);
#4677=FACE_BOUND('',#4375,.T.);
#4678=FACE_BOUND('',#4376,.T.);
#4679=FACE_BOUND('',#4377,.T.);
#4680=FACE_BOUND('',#4378,.T.);
#4681=FACE_BOUND('',#4379,.T.);
#4682=FACE_BOUND('',#4380,.T.);
#4683=FACE_BOUND('',#4381,.T.);
#4684=FACE_BOUND('',#4382,.T.);
#4685=FACE_BOUND('',#4383,.T.);
#4686=FACE_BOUND('',#4384,.T.);
#4687=FACE_BOUND('',#4385,.T.);
#4688=FACE_BOUND('',#4386,.T.);
#4689=FACE_BOUND('',#4387,.T.);
#4690=FACE_BOUND('',#4388,.T.);
#4691=FACE_BOUND('',#4389,.T.);
#4692=FACE_BOUND('',#4390,.T.);
#4693=FACE_BOUND('',#4391,.T.);
#4694=FACE_BOUND('',#4392,.T.);
#4695=FACE_BOUND('',#4393,.T.);
#4696=FACE_BOUND('',#4394,.T.);
#4697=FACE_BOUND('',#4395,.T.);
#4698=FACE_BOUND('',#4396,.T.);
#4699=FACE_BOUND('',#4397,.T.);
#4700=FACE_BOUND('',#4398,.T.);
#4701=FACE_BOUND('',#4399,.T.);
#4702=FACE_BOUND('',#4400,.T.);
#4703=FACE_BOUND('',#4401,.T.);
#4704=FACE_BOUND('',#4402,.T.);
#4705=FACE_BOUND('',#4403,.T.);
#4706=FACE_BOUND('',#4404,.T.);
#4707=FACE_BOUND('',#4405,.T.);
#4708=FACE_BOUND('',#4406,.T.);
#4709=FACE_BOUND('',#4407,.T.);
#4710=FACE_BOUND('',#4408,.T.);
#4711=FACE_BOUND('',#4409,.T.);
#4712=FACE_BOUND('',#4410,.T.);
#4713=FACE_BOUND('',#4411,.T.);
#4714=FACE_BOUND('',#4412,.T.);
#4715=FACE_BOUND('',#4413,.T.);
#4716=FACE_BOUND('',#4414,.T.);
#4717=FACE_BOUND('',#4415,.T.);
#4718=FACE_BOUND('',#4416,.T.);
#4719=FACE_BOUND('',#4417,.T.);
#4720=FACE_BOUND('',#4418,.T.);
#4721=FACE_BOUND('',#4419,.T.);
#4722=FACE_BOUND('',#4420,.T.);
#4723=FACE_BOUND('',#4421,.T.);
#4724=FACE_BOUND('',#4422,.T.);
#4725=FACE_BOUND('',#4423,.T.);
#4726=FACE_BOUND('',#4424,.T.);
#4727=FACE_BOUND('',#4425,.T.);
#4728=FACE_BOUND('',#4426,.T.);
#4729=FACE_BOUND('',#4427,.T.);
#4730=FACE_BOUND('',#4428,.T.);
#4731=FACE_BOUND('',#4429,.T.);
#4732=FACE_BOUND('',#4430,.T.);
#4733=FACE_BOUND('',#4431,.T.);
#4734=FACE_BOUND('',#4432,.T.);
#4735=FACE_BOUND('',#4433,.T.);
#4736=FACE_BOUND('',#4434,.T.);
#4737=FACE_BOUND('',#4435,.T.);
#4738=FACE_BOUND('',#4436,.T.);
#4739=FACE_BOUND('',#4437,.T.);
#4740=FACE_BOUND('',#4438,.T.);
#4741=FACE_BOUND('',#4439,.T.);
#4742=FACE_BOUND('',#4440,.T.);
#4743=FACE_BOUND('',#4441,.T.);
#4744=FACE_BOUND('',#4442,.T.);
#4745=FACE_BOUND('',#4443,.T.);
#4746=FACE_BOUND('',#4444,.T.);
#4747=FACE_BOUND('',#4445,.T.);
#4748=FACE_BOUND('',#4446,.T.);
#4749=FACE_BOUND('',#4447,.T.);
#4750=FACE_BOUND('',#4448,.T.);
#4751=FACE_BOUND('',#4449,.T.);
#4752=FACE_BOUND('',#4450,.T.);
#4753=FACE_BOUND('',#4451,.T.);
#4754=FACE_BOUND('',#4452,.T.);
#4755=FACE_BOUND('',#4453,.T.);
#4756=FACE_BOUND('',#4454,.T.);
#4757=FACE_BOUND('',#4455,.T.);
#4758=FACE_BOUND('',#4456,.T.);
#4759=FACE_BOUND('',#4457,.T.);
#4760=FACE_BOUND('',#4458,.T.);
#4761=FACE_BOUND('',#4459,.T.);
#4762=FACE_BOUND('',#4460,.T.);
#4763=FACE_BOUND('',#4461,.T.);
#4764=FACE_BOUND('',#4462,.T.);
#4765=FACE_BOUND('',#4463,.T.);
#4766=FACE_BOUND('',#4464,.T.);
#4767=FACE_BOUND('',#4465,.T.);
#4768=FACE_BOUND('',#4466,.T.);
#4769=FACE_BOUND('',#4467,.T.);
#4770=FACE_BOUND('',#4468,.T.);
#4771=FACE_BOUND('',#4469,.T.);
#4772=FACE_BOUND('',#4470,.T.);
#4773=FACE_BOUND('',#4471,.T.);
#4774=FACE_BOUND('',#4472,.T.);
#4775=FACE_BOUND('',#4473,.T.);
#4776=FACE_BOUND('',#4474,.T.);
#4777=FACE_BOUND('',#4475,.T.);
#4778=FACE_BOUND('',#4476,.T.);
#4779=FACE_BOUND('',#4477,.T.);
#4780=FACE_BOUND('',#4478,.T.);
#4781=FACE_BOUND('',#4479,.T.);
#4782=FACE_BOUND('',#4480,.T.);
#4783=FACE_BOUND('',#4481,.T.);
#4784=FACE_BOUND('',#4482,.T.);
#4785=FACE_BOUND('',#4483,.T.);
#4786=FACE_BOUND('',#4484,.T.);
#4787=FACE_BOUND('',#4485,.T.);
#4788=FACE_BOUND('',#4486,.T.);
#4789=FACE_BOUND('',#4487,.T.);
#4790=FACE_BOUND('',#4488,.T.);
#4791=FACE_BOUND('',#4489,.T.);
#4792=FACE_BOUND('',#4490,.T.);
#4793=FACE_BOUND('',#4491,.T.);
#4794=FACE_BOUND('',#4492,.T.);
#4795=FACE_BOUND('',#4493,.T.);
#4796=FACE_BOUND('',#4494,.T.);
#4797=FACE_BOUND('',#4495,.T.);
#4798=FACE_BOUND('',#4496,.T.);
#4799=FACE_BOUND('',#4497,.T.);
#4800=FACE_BOUND('',#4498,.T.);
#4801=FACE_BOUND('',#4499,.T.);
#4802=FACE_BOUND('',#4500,.T.);
#4803=FACE_BOUND('',#4501,.T.);
#4804=FACE_BOUND('',#4502,.T.);
#4805=FACE_BOUND('',#4503,.T.);
#4806=FACE_BOUND('',#4504,.T.);
#4807=FACE_BOUND('',#4505,.T.);
#4808=FACE_BOUND('',#4506,.T.);
#4809=FACE_BOUND('',#4507,.T.);
#4810=FACE_BOUND('',#4508,.T.);
#4811=FACE_BOUND('',#4509,.T.);
#4812=FACE_BOUND('',#4510,.T.);
#4813=FACE_BOUND('',#4511,.T.);
#4814=FACE_BOUND('',#4512,.T.);
#4815=FACE_BOUND('',#4513,.T.);
#4816=FACE_BOUND('',#4514,.T.);
#4817=FACE_BOUND('',#4515,.T.);
#4818=FACE_BOUND('',#4516,.T.);
#4819=FACE_BOUND('',#4517,.T.);
#4820=FACE_BOUND('',#4518,.T.);
#4821=FACE_BOUND('',#4519,.T.);
#4822=FACE_BOUND('',#4520,.T.);
#4823=FACE_BOUND('',#4521,.T.);
#4824=FACE_BOUND('',#4522,.T.);
#4825=FACE_BOUND('',#4523,.T.);
#4826=FACE_BOUND('',#4524,.T.);
#4827=FACE_BOUND('',#4525,.T.);
#4828=FACE_BOUND('',#4526,.T.);
#4829=FACE_BOUND('',#4527,.T.);
#4830=FACE_BOUND('',#4528,.T.);
#4831=FACE_BOUND('',#4529,.T.);
#4832=FACE_BOUND('',#4530,.T.);
#4833=FACE_BOUND('',#4531,.T.);
#4834=FACE_BOUND('',#4532,.T.);
#4835=FACE_BOUND('',#4533,.T.);
#4836=FACE_BOUND('',#4534,.T.);
#4837=FACE_BOUND('',#4535,.T.);
#4838=FACE_BOUND('',#4536,.T.);
#4839=FACE_BOUND('',#4537,.T.);
#4840=FACE_BOUND('',#4538,.T.);
#4841=FACE_BOUND('',#4539,.T.);
#4842=FACE_BOUND('',#4540,.T.);
#4843=FACE_BOUND('',#4541,.T.);
#4844=FACE_BOUND('',#4542,.T.);
#4845=FACE_BOUND('',#4543,.T.);
#4846=FACE_BOUND('',#4544,.T.);
#4847=FACE_BOUND('',#4545,.T.);
#4848=FACE_BOUND('',#4546,.T.);
#4849=FACE_BOUND('',#4547,.T.);
#4850=FACE_BOUND('',#4548,.T.);
#4851=FACE_BOUND('',#4549,.T.);
#4852=FACE_BOUND('',#4550,.T.);
#4853=FACE_BOUND('',#4551,.T.);
#4854=FACE_BOUND('',#4552,.T.);
#4855=FACE_BOUND('',#4553,.T.);
#4856=FACE_BOUND('',#4554,.T.);
#4857=FACE_BOUND('',#4555,.T.);
#4858=FACE_BOUND('',#4556,.T.);
#4859=FACE_BOUND('',#4557,.T.);
#4860=FACE_BOUND('',#4558,.T.);
#4861=FACE_BOUND('',#4559,.T.);
#4862=FACE_BOUND('',#4560,.T.);
#4863=FACE_BOUND('',#4561,.T.);
#4864=FACE_BOUND('',#4562,.T.);
#4865=FACE_BOUND('',#4563,.T.);
#4866=FACE_BOUND('',#4564,.T.);
#4867=FACE_BOUND('',#4565,.T.);
#4868=FACE_BOUND('',#4566,.T.);
#4869=FACE_BOUND('',#4567,.T.);
#4870=FACE_BOUND('',#4568,.T.);
#4871=FACE_BOUND('',#4569,.T.);
#4872=FACE_BOUND('',#4570,.T.);
#4873=FACE_BOUND('',#4571,.T.);
#4874=FACE_BOUND('',#4572,.T.);
#4875=FACE_BOUND('',#4573,.T.);
#4876=FACE_BOUND('',#4574,.T.);
#4877=FACE_BOUND('',#4575,.T.);
#4878=FACE_BOUND('',#4576,.T.);
#4879=FACE_BOUND('',#4577,.T.);
#4880=FACE_BOUND('',#4578,.T.);
#4881=FACE_BOUND('',#4579,.T.);
#4882=FACE_BOUND('',#4580,.T.);
#4883=FACE_BOUND('',#4581,.T.);
#4884=FACE_BOUND('',#4582,.T.);
#4885=FACE_BOUND('',#4583,.T.);
#4886=FACE_BOUND('',#4584,.T.);
#4887=FACE_BOUND('',#4585,.T.);
#4888=FACE_BOUND('',#4586,.T.);
#4889=FACE_BOUND('',#4587,.T.);
#4890=FACE_BOUND('',#4588,.T.);
#4891=FACE_BOUND('',#4589,.T.);
#4892=FACE_BOUND('',#4590,.T.);
#4893=FACE_BOUND('',#4591,.T.);
#4894=FACE_BOUND('',#4592,.T.);
#4895=FACE_BOUND('',#4593,.T.);
#4896=FACE_BOUND('',#4594,.T.);
#4897=FACE_BOUND('',#4595,.T.);
#4898=FACE_BOUND('',#4596,.T.);
#4899=FACE_BOUND('',#4597,.T.);
#4900=FACE_BOUND('',#4598,.T.);
#4901=FACE_BOUND('',#4599,.T.);
#4902=FACE_BOUND('',#4600,.T.);
#4903=FACE_BOUND('',#4601,.T.);
#4904=FACE_BOUND('',#4602,.T.);
#4905=FACE_BOUND('',#4603,.T.);
#4906=FACE_BOUND('',#4604,.T.);
#4907=FACE_BOUND('',#4605,.T.);
#4908=FACE_BOUND('',#4606,.T.);
#4909=FACE_BOUND('',#4607,.T.);
#4910=FACE_BOUND('',#4608,.T.);
#4911=FACE_BOUND('',#4609,.T.);
#4912=FACE_BOUND('',#4610,.T.);
#4913=FACE_BOUND('',#4611,.T.);
#4914=FACE_BOUND('',#4612,.T.);
#4915=PLANE('',#5358);
#4916=PLANE('',#5381);
#4917=PLANE('',#5384);
#4918=PLANE('',#5393);
#4919=PLANE('',#5396);
#4920=PLANE('',#5401);
#4921=PLANE('',#5402);
#4922=PLANE('',#5405);
#4923=PLANE('',#5411);
#4924=PLANE('',#5412);
#4925=PLANE('',#5417);
#4926=PLANE('',#5428);
#4927=PLANE('',#5430);
#4928=PLANE('',#5435);
#4929=PLANE('',#5441);
#4930=PLANE('',#5444);
#4931=PLANE('',#5447);
#4932=PLANE('',#5452);
#4933=PLANE('',#5471);
#4934=PLANE('',#5472);
#4935=PLANE('',#5473);
#4936=PLANE('',#5474);
#4937=PLANE('',#5475);
#4938=PLANE('',#5476);
#4939=PLANE('',#5481);
#4940=PLANE('',#5482);
#4941=PLANE('',#5483);
#4942=PLANE('',#5484);
#4943=PLANE('',#5485);
#4944=PLANE('',#5486);
#4945=PLANE('',#5487);
#4946=PLANE('',#5488);
#4947=PLANE('',#5489);
#4948=PLANE('',#5490);
#4949=PLANE('',#5491);
#4950=PLANE('',#5492);
#4951=PLANE('',#5494);
#4952=PLANE('',#5520);
#4953=PLANE('',#5521);
#4954=PLANE('',#5522);
#4955=PLANE('',#5523);
#4956=PLANE('',#5528);
#4957=PLANE('',#5529);
#4958=PLANE('',#5530);
#4959=PLANE('',#5531);
#4960=PLANE('',#5532);
#4961=PLANE('',#5534);
#4962=PLANE('',#5535);
#4963=PLANE('',#5536);
#4964=PLANE('',#5537);
#4965=PLANE('',#5538);
#4966=PLANE('',#5539);
#4967=PLANE('',#5540);
#4968=PLANE('',#5541);
#4969=PLANE('',#5542);
#4970=PLANE('',#5543);
#4971=PLANE('',#5544);
#4972=PLANE('',#5545);
#4973=PLANE('',#5546);
#4974=PLANE('',#5547);
#4975=PLANE('',#5548);
#4976=PLANE('',#5549);
#4977=PLANE('',#5550);
#4978=PLANE('',#5551);
#4979=PLANE('',#5552);
#4980=PLANE('',#5553);
#4981=PLANE('',#5554);
#4982=PLANE('',#5555);
#4983=PLANE('',#5556);
#4984=PLANE('',#5557);
#4985=PLANE('',#5559);
#4986=PLANE('',#5561);
#4987=PLANE('',#5563);
#4988=PLANE('',#5565);
#4989=PLANE('',#5566);
#4990=PLANE('',#5567);
#4991=PLANE('',#5568);
#4992=PLANE('',#5569);
#4993=PLANE('',#5570);
#4994=PLANE('',#5571);
#4995=PLANE('',#5572);
#4996=PLANE('',#5575);
#4997=PLANE('',#5576);
#4998=PLANE('',#5577);
#4999=PLANE('',#5578);
#5000=PLANE('',#5579);
#5001=PLANE('',#5580);
#5002=PLANE('',#5581);
#5003=PLANE('',#5582);
#5004=PLANE('',#5583);
#5005=PLANE('',#5596);
#5006=PLANE('',#5605);
#5007=PLANE('',#5606);
#5008=PLANE('',#5607);
#5009=PLANE('',#5608);
#5010=PLANE('',#5613);
#5011=PLANE('',#5614);
#5012=PLANE('',#5615);
#5013=PLANE('',#5620);
#5014=PLANE('',#5621);
#5015=PLANE('',#5622);
#5016=PLANE('',#5623);
#5017=PLANE('',#5624);
#5018=PLANE('',#5625);
#5019=PLANE('',#5629);
#5020=PLANE('',#5633);
#5021=PLANE('',#5634);
#5022=PLANE('',#5635);
#5023=PLANE('',#5636);
#5024=PLANE('',#5637);
#5025=PLANE('',#5638);
#5026=PLANE('',#5639);
#5027=PLANE('',#5640);
#5028=PLANE('',#5641);
#5029=PLANE('',#5642);
#5030=PLANE('',#5643);
#5031=PLANE('',#5647);
#5032=PLANE('',#5648);
#5033=PLANE('',#5651);
#5034=PLANE('',#5652);
#5035=PLANE('',#5653);
#5036=PLANE('',#5654);
#5037=PLANE('',#5655);
#5038=PLANE('',#5656);
#5039=PLANE('',#5657);
#5040=PLANE('',#5666);
#5041=PLANE('',#5667);
#5042=PLANE('',#5671);
#5043=PLANE('',#5676);
#5044=PLANE('',#5677);
#5045=PLANE('',#5678);
#5046=PLANE('',#5679);
#5047=PLANE('',#5680);
#5048=PLANE('',#5681);
#5049=PLANE('',#5682);
#5050=PLANE('',#5683);
#5051=PLANE('',#5684);
#5052=PLANE('',#5685);
#5053=PLANE('',#5686);
#5054=PLANE('',#5707);
#5055=PLANE('',#5708);
#5056=PLANE('',#5709);
#5057=ADVANCED_FACE('',(#4613,#4614),#4915,.F.);
#5058=ADVANCED_FACE('',(#4615),#4916,.F.);
#5059=ADVANCED_FACE('',(#4616),#4917,.F.);
#5060=ADVANCED_FACE('',(#4617),#4918,.F.);
#5061=ADVANCED_FACE('',(#4618,#4619),#4919,.F.);
#5062=ADVANCED_FACE('',(#4620,#4621),#4920,.F.);
#5063=ADVANCED_FACE('',(#4622,#4623),#4921,.F.);
#5064=ADVANCED_FACE('',(#4624,#4625),#4922,.F.);
#5065=ADVANCED_FACE('',(#4626,#4627),#4923,.F.);
#5066=ADVANCED_FACE('',(#4628,#4629),#4924,.F.);
#5067=ADVANCED_FACE('',(#4630,#4631),#4925,.F.);
#5068=ADVANCED_FACE('',(#4632,#4633),#4926,.F.);
#5069=ADVANCED_FACE('',(#4634),#4927,.F.);
#5070=ADVANCED_FACE('',(#4635),#93,.F.);
#5071=ADVANCED_FACE('',(#4636),#4928,.T.);
#5072=ADVANCED_FACE('',(#4637),#94,.F.);
#5073=ADVANCED_FACE('',(#4638),#95,.F.);
#5074=ADVANCED_FACE('',(#4639),#4929,.T.);
#5075=ADVANCED_FACE('',(#4640),#96,.F.);
#5076=ADVANCED_FACE('',(#4641),#4930,.T.);
#5077=ADVANCED_FACE('',(#4642),#97,.F.);
#5078=ADVANCED_FACE('',(#4643),#4931,.T.);
#5079=ADVANCED_FACE('',(#4644),#98,.F.);
#5080=ADVANCED_FACE('',(#4645),#99,.F.);
#5081=ADVANCED_FACE('',(#4646),#4932,.T.);
#5082=ADVANCED_FACE('',(#4647),#100,.F.);
#5083=ADVANCED_FACE('',(#4648),#101,.T.);
#5084=ADVANCED_FACE('',(#4649),#102,.T.);
#5085=ADVANCED_FACE('',(#4650),#103,.T.);
#5086=ADVANCED_FACE('',(#4651),#104,.T.);
#5087=ADVANCED_FACE('',(#4652),#105,.T.);
#5088=ADVANCED_FACE('',(#4653),#106,.T.);
#5089=ADVANCED_FACE('',(#4654),#107,.T.);
#5090=ADVANCED_FACE('',(#4655),#108,.T.);
#5091=ADVANCED_FACE('',(#4656),#4933,.T.);
#5092=ADVANCED_FACE('',(#4657,#4658),#4934,.T.);
#5093=ADVANCED_FACE('',(#4659),#4935,.T.);
#5094=ADVANCED_FACE('',(#4660),#4936,.F.);
#5095=ADVANCED_FACE('',(#4661),#4937,.T.);
#5096=ADVANCED_FACE('',(#4662),#4938,.F.);
#5097=ADVANCED_FACE('',(#4663),#109,.T.);
#5098=ADVANCED_FACE('',(#4664),#110,.F.);
#5099=ADVANCED_FACE('',(#4665),#4939,.T.);
#5100=ADVANCED_FACE('',(#4666),#4940,.F.);
#5101=ADVANCED_FACE('',(#4667),#4941,.T.);
#5102=ADVANCED_FACE('',(#4668),#4942,.F.);
#5103=ADVANCED_FACE('',(#4669),#4943,.T.);
#5104=ADVANCED_FACE('',(#4670),#4944,.F.);
#5105=ADVANCED_FACE('',(#4671),#4945,.T.);
#5106=ADVANCED_FACE('',(#4672),#4946,.F.);
#5107=ADVANCED_FACE('',(#4673),#4947,.T.);
#5108=ADVANCED_FACE('',(#4674),#4948,.F.);
#5109=ADVANCED_FACE('',(#4675),#4949,.F.);
#5110=ADVANCED_FACE('',(#4676),#4950,.T.);
#5111=ADVANCED_FACE('',(#4677),#4951,.F.);
#5112=ADVANCED_FACE('',(#4678),#111,.T.);
#5113=ADVANCED_FACE('',(#4679),#112,.F.);
#5114=ADVANCED_FACE('',(#4680),#113,.T.);
#5115=ADVANCED_FACE('',(#4681),#114,.F.);
#5116=ADVANCED_FACE('',(#4682),#115,.T.);
#5117=ADVANCED_FACE('',(#4683),#116,.F.);
#5118=ADVANCED_FACE('',(#4684),#117,.T.);
#5119=ADVANCED_FACE('',(#4685),#118,.F.);
#5120=ADVANCED_FACE('',(#4686),#119,.T.);
#5121=ADVANCED_FACE('',(#4687),#120,.F.);
#5122=ADVANCED_FACE('',(#4688),#121,.T.);
#5123=ADVANCED_FACE('',(#4689),#122,.F.);
#5124=ADVANCED_FACE('',(#4690),#4952,.F.);
#5125=ADVANCED_FACE('',(#4691),#4953,.F.);
#5126=ADVANCED_FACE('',(#4692),#4954,.F.);
#5127=ADVANCED_FACE('',(#4693),#4955,.F.);
#5128=ADVANCED_FACE('',(#4694),#123,.T.);
#5129=ADVANCED_FACE('',(#4695),#124,.F.);
#5130=ADVANCED_FACE('',(#4696),#4956,.F.);
#5131=ADVANCED_FACE('',(#4697),#4957,.F.);
#5132=ADVANCED_FACE('',(#4698),#4958,.F.);
#5133=ADVANCED_FACE('',(#4699),#4959,.F.);
#5134=ADVANCED_FACE('',(#4700),#4960,.F.);
#5135=ADVANCED_FACE('',(#4701),#125,.F.);
#5136=ADVANCED_FACE('',(#4702),#4961,.F.);
#5137=ADVANCED_FACE('',(#4703),#4962,.F.);
#5138=ADVANCED_FACE('',(#4704),#4963,.F.);
#5139=ADVANCED_FACE('',(#4705),#4964,.F.);
#5140=ADVANCED_FACE('',(#4706),#4965,.F.);
#5141=ADVANCED_FACE('',(#4707),#4966,.F.);
#5142=ADVANCED_FACE('',(#4708),#4967,.F.);
#5143=ADVANCED_FACE('',(#4709),#4968,.F.);
#5144=ADVANCED_FACE('',(#4710),#4969,.F.);
#5145=ADVANCED_FACE('',(#4711),#4970,.F.);
#5146=ADVANCED_FACE('',(#4712),#4971,.T.);
#5147=ADVANCED_FACE('',(#4713),#4972,.F.);
#5148=ADVANCED_FACE('',(#4714),#4973,.T.);
#5149=ADVANCED_FACE('',(#4715),#4974,.T.);
#5150=ADVANCED_FACE('',(#4716),#4975,.F.);
#5151=ADVANCED_FACE('',(#4717),#4976,.F.);
#5152=ADVANCED_FACE('',(#4718),#4977,.F.);
#5153=ADVANCED_FACE('',(#4719),#4978,.F.);
#5154=ADVANCED_FACE('',(#4720),#4979,.T.);
#5155=ADVANCED_FACE('',(#4721),#4980,.F.);
#5156=ADVANCED_FACE('',(#4722),#4981,.F.);
#5157=ADVANCED_FACE('',(#4723),#4982,.T.);
#5158=ADVANCED_FACE('',(#4724),#4983,.T.);
#5159=ADVANCED_FACE('',(#4725),#4984,.F.);
#5160=ADVANCED_FACE('',(#4726),#4985,.F.);
#5161=ADVANCED_FACE('',(#4727),#4986,.F.);
#5162=ADVANCED_FACE('',(#4728),#4987,.F.);
#5163=ADVANCED_FACE('',(#4729),#4988,.F.);
#5164=ADVANCED_FACE('',(#4730),#4989,.F.);
#5165=ADVANCED_FACE('',(#4731),#4990,.T.);
#5166=ADVANCED_FACE('',(#4732),#4991,.T.);
#5167=ADVANCED_FACE('',(#4733),#4992,.T.);
#5168=ADVANCED_FACE('',(#4734),#4993,.T.);
#5169=ADVANCED_FACE('',(#4735),#4994,.T.);
#5170=ADVANCED_FACE('',(#4736),#4995,.T.);
#5171=ADVANCED_FACE('',(#4737),#126,.F.);
#5172=ADVANCED_FACE('',(#4738),#4996,.T.);
#5173=ADVANCED_FACE('',(#4739),#4997,.T.);
#5174=ADVANCED_FACE('',(#4740),#4998,.T.);
#5175=ADVANCED_FACE('',(#4741),#4999,.T.);
#5176=ADVANCED_FACE('',(#4742),#5000,.T.);
#5177=ADVANCED_FACE('',(#4743),#5001,.T.);
#5178=ADVANCED_FACE('',(#4744),#5002,.T.);
#5179=ADVANCED_FACE('',(#4745),#5003,.T.);
#5180=ADVANCED_FACE('',(#4746),#5004,.T.);
#5181=ADVANCED_FACE('',(#4747),#12,.T.);
#5182=ADVANCED_FACE('',(#4748),#127,.F.);
#5183=ADVANCED_FACE('',(#4749),#128,.F.);
#5184=ADVANCED_FACE('',(#4750),#129,.F.);
#5185=ADVANCED_FACE('',(#4751),#130,.F.);
#5186=ADVANCED_FACE('',(#4752),#13,.T.);
#5187=ADVANCED_FACE('',(#4753),#131,.F.);
#5188=ADVANCED_FACE('',(#4754),#132,.F.);
#5189=ADVANCED_FACE('',(#4755),#14,.T.);
#5190=ADVANCED_FACE('',(#4756),#5005,.T.);
#5191=ADVANCED_FACE('',(#4757),#133,.T.);
#5192=ADVANCED_FACE('',(#4758),#134,.T.);
#5193=ADVANCED_FACE('',(#4759),#15,.T.);
#5194=ADVANCED_FACE('',(#4760),#16,.T.);
#5195=ADVANCED_FACE('',(#4761),#135,.T.);
#5196=ADVANCED_FACE('',(#4762),#136,.T.);
#5197=ADVANCED_FACE('',(#4763),#17,.T.);
#5198=ADVANCED_FACE('',(#4764),#5006,.T.);
#5199=ADVANCED_FACE('',(#4765),#5007,.T.);
#5200=ADVANCED_FACE('',(#4766),#5008,.T.);
#5201=ADVANCED_FACE('',(#4767),#18,.T.);
#5202=ADVANCED_FACE('',(#4768),#19,.T.);
#5203=ADVANCED_FACE('',(#4769),#20,.T.);
#5204=ADVANCED_FACE('',(#4770),#21,.T.);
#5205=ADVANCED_FACE('',(#4771),#5009,.T.);
#5206=ADVANCED_FACE('',(#4772),#137,.T.);
#5207=ADVANCED_FACE('',(#4773),#138,.T.);
#5208=ADVANCED_FACE('',(#4774),#22,.T.);
#5209=ADVANCED_FACE('',(#4775),#23,.T.);
#5210=ADVANCED_FACE('',(#4776),#24,.T.);
#5211=ADVANCED_FACE('',(#4777),#5010,.T.);
#5212=ADVANCED_FACE('',(#4778),#5011,.T.);
#5213=ADVANCED_FACE('',(#4779),#5012,.T.);
#5214=ADVANCED_FACE('',(#4780),#25,.T.);
#5215=ADVANCED_FACE('',(#4781),#26,.T.);
#5216=ADVANCED_FACE('',(#4782),#27,.T.);
#5217=ADVANCED_FACE('',(#4783),#28,.T.);
#5218=ADVANCED_FACE('',(#4784),#139,.T.);
#5219=ADVANCED_FACE('',(#4785),#140,.T.);
#5220=ADVANCED_FACE('',(#4786),#5013,.T.);
#5221=ADVANCED_FACE('',(#4787),#29,.T.);
#5222=ADVANCED_FACE('',(#4788),#30,.T.);
#5223=ADVANCED_FACE('',(#4789),#31,.T.);
#5224=ADVANCED_FACE('',(#4790),#32,.T.);
#5225=ADVANCED_FACE('',(#4791),#33,.T.);
#5226=ADVANCED_FACE('',(#4792),#5014,.T.);
#5227=ADVANCED_FACE('',(#4793),#34,.T.);
#5228=ADVANCED_FACE('',(#4794),#5015,.T.);
#5229=ADVANCED_FACE('',(#4795),#5016,.T.);
#5230=ADVANCED_FACE('',(#4796),#5017,.T.);
#5231=ADVANCED_FACE('',(#4797),#5018,.T.);
#5232=ADVANCED_FACE('',(#4798),#141,.F.);
#5233=ADVANCED_FACE('',(#4799),#5019,.T.);
#5234=ADVANCED_FACE('',(#4800),#142,.F.);
#5235=ADVANCED_FACE('',(#4801),#5020,.T.);
#5236=ADVANCED_FACE('',(#4802),#5021,.T.);
#5237=ADVANCED_FACE('',(#4803),#5022,.T.);
#5238=ADVANCED_FACE('',(#4804),#5023,.T.);
#5239=ADVANCED_FACE('',(#4805),#5024,.T.);
#5240=ADVANCED_FACE('',(#4806),#5025,.T.);
#5241=ADVANCED_FACE('',(#4807),#5026,.T.);
#5242=ADVANCED_FACE('',(#4808),#5027,.T.);
#5243=ADVANCED_FACE('',(#4809),#5028,.T.);
#5244=ADVANCED_FACE('',(#4810),#5029,.T.);
#5245=ADVANCED_FACE('',(#4811),#5030,.T.);
#5246=ADVANCED_FACE('',(#4812),#143,.F.);
#5247=ADVANCED_FACE('',(#4813,#4814),#5031,.T.);
#5248=ADVANCED_FACE('',(#4815),#5032,.F.);
#5249=ADVANCED_FACE('',(#4816),#35,.T.);
#5250=ADVANCED_FACE('',(#4817),#144,.F.);
#5251=ADVANCED_FACE('',(#4818),#5033,.T.);
#5252=ADVANCED_FACE('',(#4819),#5034,.T.);
#5253=ADVANCED_FACE('',(#4820),#5035,.T.);
#5254=ADVANCED_FACE('',(#4821),#5036,.T.);
#5255=ADVANCED_FACE('',(#4822),#5037,.T.);
#5256=ADVANCED_FACE('',(#4823),#5038,.T.);
#5257=ADVANCED_FACE('',(#4824),#5039,.T.);
#5258=ADVANCED_FACE('',(#4825),#145,.T.);
#5259=ADVANCED_FACE('',(#4826),#146,.T.);
#5260=ADVANCED_FACE('',(#4827),#36,.T.);
#5261=ADVANCED_FACE('',(#4828),#37,.T.);
#5262=ADVANCED_FACE('',(#4829),#147,.T.);
#5263=ADVANCED_FACE('',(#4830),#148,.T.);
#5264=ADVANCED_FACE('',(#4831),#5040,.T.);
#5265=ADVANCED_FACE('',(#4832),#38,.T.);
#5266=ADVANCED_FACE('',(#4833),#39,.T.);
#5267=ADVANCED_FACE('',(#4834),#40,.T.);
#5268=ADVANCED_FACE('',(#4835),#41,.T.);
#5269=ADVANCED_FACE('',(#4836),#5041,.T.);
#5270=ADVANCED_FACE('',(#4837),#42,.T.);
#5271=ADVANCED_FACE('',(#4838),#43,.T.);
#5272=ADVANCED_FACE('',(#4839),#44,.T.);
#5273=ADVANCED_FACE('',(#4840),#45,.T.);
#5274=ADVANCED_FACE('',(#4841),#149,.T.);
#5275=ADVANCED_FACE('',(#4842),#46,.T.);
#5276=ADVANCED_FACE('',(#4843),#47,.T.);
#5277=ADVANCED_FACE('',(#4844),#48,.T.);
#5278=ADVANCED_FACE('',(#4845),#49,.T.);
#5279=ADVANCED_FACE('',(#4846),#50,.T.);
#5280=ADVANCED_FACE('',(#4847),#51,.T.);
#5281=ADVANCED_FACE('',(#4848),#52,.T.);
#5282=ADVANCED_FACE('',(#4849),#53,.T.);
#5283=ADVANCED_FACE('',(#4850),#54,.T.);
#5284=ADVANCED_FACE('',(#4851),#55,.T.);
#5285=ADVANCED_FACE('',(#4852),#56,.T.);
#5286=ADVANCED_FACE('',(#4853),#5042,.T.);
#5287=ADVANCED_FACE('',(#4854),#57,.T.);
#5288=ADVANCED_FACE('',(#4855),#150,.T.);
#5289=ADVANCED_FACE('',(#4856),#58,.T.);
#5290=ADVANCED_FACE('',(#4857),#151,.T.);
#5291=ADVANCED_FACE('',(#4858),#5043,.T.);
#5292=ADVANCED_FACE('',(#4859),#59,.T.);
#5293=ADVANCED_FACE('',(#4860),#60,.T.);
#5294=ADVANCED_FACE('',(#4861),#61,.T.);
#5295=ADVANCED_FACE('',(#4862,#4863),#5044,.T.);
#5296=ADVANCED_FACE('',(#4864),#5045,.F.);
#5297=ADVANCED_FACE('',(#4865),#5046,.T.);
#5298=ADVANCED_FACE('',(#4866),#5047,.T.);
#5299=ADVANCED_FACE('',(#4867),#5048,.T.);
#5300=ADVANCED_FACE('',(#4868),#5049,.T.);
#5301=ADVANCED_FACE('',(#4869),#5050,.T.);
#5302=ADVANCED_FACE('',(#4870),#5051,.T.);
#5303=ADVANCED_FACE('',(#4871),#5052,.T.);
#5304=ADVANCED_FACE('',(#4872),#5053,.T.);
#5305=ADVANCED_FACE('',(#4873),#62,.T.);
#5306=ADVANCED_FACE('',(#4874),#63,.T.);
#5307=ADVANCED_FACE('',(#4875),#152,.T.);
#5308=ADVANCED_FACE('',(#4876),#153,.T.);
#5309=ADVANCED_FACE('',(#4877),#64,.T.);
#5310=ADVANCED_FACE('',(#4878),#65,.T.);
#5311=ADVANCED_FACE('',(#4879),#154,.T.);
#5312=ADVANCED_FACE('',(#4880),#66,.T.);
#5313=ADVANCED_FACE('',(#4881),#67,.T.);
#5314=ADVANCED_FACE('',(#4882),#68,.T.);
#5315=ADVANCED_FACE('',(#4883),#69,.T.);
#5316=ADVANCED_FACE('',(#4884),#155,.T.);
#5317=ADVANCED_FACE('',(#4885),#70,.T.);
#5318=ADVANCED_FACE('',(#4886),#71,.T.);
#5319=ADVANCED_FACE('',(#4887),#72,.T.);
#5320=ADVANCED_FACE('',(#4888),#73,.T.);
#5321=ADVANCED_FACE('',(#4889),#156,.F.);
#5322=ADVANCED_FACE('',(#4890),#74,.T.);
#5323=ADVANCED_FACE('',(#4891),#75,.T.);
#5324=ADVANCED_FACE('',(#4892),#157,.F.);
#5325=ADVANCED_FACE('',(#4893),#76,.T.);
#5326=ADVANCED_FACE('',(#4894),#77,.T.);
#5327=ADVANCED_FACE('',(#4895),#78,.T.);
#5328=ADVANCED_FACE('',(#4896),#79,.T.);
#5329=ADVANCED_FACE('',(#4897),#158,.F.);
#5330=ADVANCED_FACE('',(#4898),#80,.T.);
#5331=ADVANCED_FACE('',(#4899),#81,.T.);
#5332=ADVANCED_FACE('',(#4900),#159,.F.);
#5333=ADVANCED_FACE('',(#4901),#82,.T.);
#5334=ADVANCED_FACE('',(#4902),#83,.T.);
#5335=ADVANCED_FACE('',(#4903),#84,.T.);
#5336=ADVANCED_FACE('',(#4904,#4905,#4906),#5054,.T.);
#5337=ADVANCED_FACE('',(#4907),#5055,.F.);
#5338=ADVANCED_FACE('',(#4908),#5056,.F.);
#5339=ADVANCED_FACE('',(#4909),#160,.F.);
#5340=ADVANCED_FACE('',(#4910),#161,.F.);
#5341=ADVANCED_FACE('',(#4911),#162,.F.);
#5342=ADVANCED_FACE('',(#4912),#163,.F.);
#5343=ADVANCED_FACE('',(#4913),#164,.F.);
#5344=ADVANCED_FACE('',(#4914),#165,.F.);
#5345=CLOSED_SHELL('',(#5057,#5058,#5059,#5060,#5061,#5062,#5063,#5064,
#5065,#5066,#5067,#5068,#5069,#5070,#5071,#5072,#5073,#5074,#5075,#5076,
#5077,#5078,#5079,#5080,#5081,#5082,#5083,#5084,#5085,#5086,#5087,#5088,
#5089,#5090,#5091,#5092,#5093,#5094,#5095,#5096,#5097,#5098,#5099,#5100,
#5101,#5102,#5103,#5104,#5105,#5106,#5107,#5108,#5109,#5110,#5111,#5112,
#5113,#5114,#5115,#5116,#5117,#5118,#5119,#5120,#5121,#5122,#5123,#5124,
#5125,#5126,#5127,#5128,#5129,#5130,#5131,#5132,#5133,#5134,#5135,#5136,
#5137,#5138,#5139,#5140,#5141,#5142,#5143,#5144,#5145,#5146,#5147,#5148,
#5149,#5150,#5151,#5152,#5153,#5154,#5155,#5156,#5157,#5158,#5159,#5160,
#5161,#5162,#5163,#5164,#5165,#5166,#5167,#5168,#5169,#5170,#5171,#5172,
#5173,#5174,#5175,#5176,#5177,#5178,#5179,#5180,#5181,#5182,#5183,#5184,
#5185,#5186,#5187,#5188,#5189,#5190,#5191,#5192,#5193,#5194,#5195,#5196,
#5197,#5198,#5199,#5200,#5201,#5202,#5203,#5204,#5205,#5206,#5207,#5208,
#5209,#5210,#5211,#5212,#5213,#5214,#5215,#5216,#5217,#5218,#5219,#5220,
#5221,#5222,#5223,#5224,#5225,#5226,#5227,#5228,#5229,#5230,#5231,#5232,
#5233,#5234,#5235,#5236,#5237,#5238,#5239,#5240,#5241,#5242,#5243,#5244,
#5245,#5246,#5247,#5248,#5249,#5250,#5251,#5252,#5253,#5254,#5255,#5256,
#5257,#5258,#5259,#5260,#5261,#5262,#5263,#5264,#5265,#5266,#5267,#5268,
#5269,#5270,#5271,#5272,#5273,#5274,#5275,#5276,#5277,#5278,#5279,#5280,
#5281,#5282,#5283,#5284,#5285,#5286,#5287,#5288,#5289,#5290,#5291,#5292,
#5293,#5294,#5295,#5296,#5297,#5298,#5299,#5300,#5301,#5302,#5303,#5304,
#5305,#5306,#5307,#5308,#5309,#5310,#5311,#5312,#5313,#5314,#5315,#5316,
#5317,#5318,#5319,#5320,#5321,#5322,#5323,#5324,#5325,#5326,#5327,#5328,
#5329,#5330,#5331,#5332,#5333,#5334,#5335,#5336,#5337,#5338,#5339,#5340,
#5341,#5342,#5343,#5344));
#5346=STYLED_ITEM('',(#5347),#5354);
#5347=PRESENTATION_STYLE_ASSIGNMENT((#5348));
#5348=SURFACE_STYLE_USAGE(.BOTH.,#5349);
#5349=SURFACE_SIDE_STYLE('',(#5350));
#5350=SURFACE_STYLE_FILL_AREA(#5351);
#5351=FILL_AREA_STYLE('',(#5352));
#5352=FILL_AREA_STYLE_COLOUR('',#5353);
#5353=COLOUR_RGB('',0.647058823529412,0.647058823529412,0.647058823529412);
#5354=MANIFOLD_SOLID_BREP('Top Bit',#5345);
#5355=SHAPE_DEFINITION_REPRESENTATION(#9357,#5356);
#5356=SHAPE_REPRESENTATION('Top Bit',(#5357),#9352);
#5357=AXIS2_PLACEMENT_3D('',#6933,#5720,#5721);
#5358=AXIS2_PLACEMENT_3D('',#6934,#5722,#5723);
#5359=AXIS2_PLACEMENT_3D('',#6935,#5724,#5725);
#5360=AXIS2_PLACEMENT_3D('',#6940,#5727,#5728);
#5361=AXIS2_PLACEMENT_3D('',#6944,#5730,#5731);
#5362=AXIS2_PLACEMENT_3D('',#6948,#5733,#5734);
#5363=AXIS2_PLACEMENT_3D('',#6952,#5736,#5737);
#5364=AXIS2_PLACEMENT_3D('',#6956,#5739,#5740);
#5365=AXIS2_PLACEMENT_3D('',#6960,#5742,#5743);
#5366=AXIS2_PLACEMENT_3D('',#6964,#5745,#5746);
#5367=AXIS2_PLACEMENT_3D('',#6967,#5748,#5749);
#5368=AXIS2_PLACEMENT_3D('',#6974,#5752,#5753);
#5369=AXIS2_PLACEMENT_3D('',#6978,#5755,#5756);
#5370=AXIS2_PLACEMENT_3D('',#6982,#5758,#5759);
#5371=AXIS2_PLACEMENT_3D('',#6986,#5761,#5762);
#5372=AXIS2_PLACEMENT_3D('',#6990,#5764,#5765);
#5373=AXIS2_PLACEMENT_3D('',#6994,#5767,#5768);
#5374=AXIS2_PLACEMENT_3D('',#6998,#5770,#5771);
#5375=AXIS2_PLACEMENT_3D('',#7002,#5773,#5774);
#5376=AXIS2_PLACEMENT_3D('',#7006,#5776,#5777);
#5377=AXIS2_PLACEMENT_3D('',#7010,#5779,#5780);
#5378=AXIS2_PLACEMENT_3D('',#7014,#5782,#5783);
#5379=AXIS2_PLACEMENT_3D('',#7022,#5787,#5788);
#5380=AXIS2_PLACEMENT_3D('',#7026,#5790,#5791);
#5381=AXIS2_PLACEMENT_3D('',#7029,#5793,#5794);
#5382=AXIS2_PLACEMENT_3D('',#7035,#5797,#5798);
#5383=AXIS2_PLACEMENT_3D('',#7037,#5799,#5800);
#5384=AXIS2_PLACEMENT_3D('',#7038,#5801,#5802);
#5385=AXIS2_PLACEMENT_3D('',#7044,#5805,#5806);
#5386=AXIS2_PLACEMENT_3D('',#7048,#5808,#5809);
#5387=AXIS2_PLACEMENT_3D('',#7052,#5811,#5812);
#5388=AXIS2_PLACEMENT_3D('',#7056,#5814,#5815);
#5389=AXIS2_PLACEMENT_3D('',#7062,#5818,#5819);
#5390=AXIS2_PLACEMENT_3D('',#7066,#5821,#5822);
#5391=AXIS2_PLACEMENT_3D('',#7070,#5824,#5825);
#5392=AXIS2_PLACEMENT_3D('',#7074,#5827,#5828);
#5393=AXIS2_PLACEMENT_3D('',#7075,#5829,#5830);
#5394=AXIS2_PLACEMENT_3D('',#7076,#5831,#5832);
#5395=AXIS2_PLACEMENT_3D('',#7081,#5834,#5835);
#5396=AXIS2_PLACEMENT_3D('',#7084,#5837,#5838);
#5397=AXIS2_PLACEMENT_3D('',#7099,#5842,#5843);
#5398=AXIS2_PLACEMENT_3D('',#7109,#5844,#5845);
#5399=AXIS2_PLACEMENT_3D('',#7127,#5846,#5847);
#5400=AXIS2_PLACEMENT_3D('',#7137,#5848,#5849);
#5401=AXIS2_PLACEMENT_3D('',#7146,#5850,#5851);
#5402=AXIS2_PLACEMENT_3D('',#7166,#5862,#5863);
#5403=AXIS2_PLACEMENT_3D('',#7187,#5868,#5869);
#5404=AXIS2_PLACEMENT_3D('',#7193,#5870,#5871);
#5405=AXIS2_PLACEMENT_3D('',#7232,#5873,#5874);
#5406=AXIS2_PLACEMENT_3D('',#7261,#5879,#5880);
#5407=AXIS2_PLACEMENT_3D('',#7263,#5881,#5882);
#5408=AXIS2_PLACEMENT_3D('',#7273,#5883,#5884);
#5409=AXIS2_PLACEMENT_3D('',#7275,#5885,#5886);
#5410=AXIS2_PLACEMENT_3D('',#7291,#5894,#5895);
#5411=AXIS2_PLACEMENT_3D('',#7292,#5896,#5897);
#5412=AXIS2_PLACEMENT_3D('',#7320,#5912,#5913);
#5413=AXIS2_PLACEMENT_3D('',#7359,#5919,#5920);
#5414=AXIS2_PLACEMENT_3D('',#7361,#5921,#5922);
#5415=AXIS2_PLACEMENT_3D('',#7397,#5926,#5927);
#5416=AXIS2_PLACEMENT_3D('',#7399,#5928,#5929);
#5417=AXIS2_PLACEMENT_3D('',#7414,#5931,#5932);
#5418=AXIS2_PLACEMENT_3D('',#7431,#5939,#5940);
#5419=AXIS2_PLACEMENT_3D('',#7433,#5941,#5942);
#5420=AXIS2_PLACEMENT_3D('',#7443,#5943,#5944);
#5421=AXIS2_PLACEMENT_3D('',#7445,#5945,#5946);
#5422=AXIS2_PLACEMENT_3D('',#7453,#5948,#5949);
#5423=AXIS2_PLACEMENT_3D('',#7455,#5950,#5951);
#5424=AXIS2_PLACEMENT_3D('',#7461,#5952,#5953);
#5425=AXIS2_PLACEMENT_3D('',#7463,#5954,#5955);
#5426=AXIS2_PLACEMENT_3D('',#7465,#5956,#5957);
#5427=AXIS2_PLACEMENT_3D('',#7467,#5958,#5959);
#5428=AXIS2_PLACEMENT_3D('',#7480,#5964,#5965);
#5429=AXIS2_PLACEMENT_3D('',#7495,#5973,#5974);
#5430=AXIS2_PLACEMENT_3D('',#7506,#5980,#5981);
#5431=AXIS2_PLACEMENT_3D('',#7507,#5982,#5983);
#5432=AXIS2_PLACEMENT_3D('',#7512,#5985,#5986);
#5433=AXIS2_PLACEMENT_3D('',#7515,#5988,#5989);
#5434=AXIS2_PLACEMENT_3D('',#7516,#5990,#5991);
#5435=AXIS2_PLACEMENT_3D('',#7521,#5994,#5995);
#5436=AXIS2_PLACEMENT_3D('',#7525,#5998,#5999);
#5437=AXIS2_PLACEMENT_3D('',#7528,#6001,#6002);
#5438=AXIS2_PLACEMENT_3D('',#7529,#6003,#6004);
#5439=AXIS2_PLACEMENT_3D('',#7530,#6005,#6006);
#5440=AXIS2_PLACEMENT_3D('',#7536,#6009,#6010);
#5441=AXIS2_PLACEMENT_3D('',#7539,#6012,#6013);
#5442=AXIS2_PLACEMENT_3D('',#7546,#6018,#6019);
#5443=AXIS2_PLACEMENT_3D('',#7547,#6020,#6021);
#5444=AXIS2_PLACEMENT_3D('',#7550,#6023,#6024);
#5445=AXIS2_PLACEMENT_3D('',#7554,#6027,#6028);
#5446=AXIS2_PLACEMENT_3D('',#7555,#6029,#6030);
#5447=AXIS2_PLACEMENT_3D('',#7558,#6032,#6033);
#5448=AXIS2_PLACEMENT_3D('',#7562,#6036,#6037);
#5449=AXIS2_PLACEMENT_3D('',#7565,#6039,#6040);
#5450=AXIS2_PLACEMENT_3D('',#7566,#6041,#6042);
#5451=AXIS2_PLACEMENT_3D('',#7567,#6043,#6044);
#5452=AXIS2_PLACEMENT_3D('',#7572,#6047,#6048);
#5453=AXIS2_PLACEMENT_3D('',#7576,#6051,#6052);
#5454=AXIS2_PLACEMENT_3D('',#7577,#6053,#6054);
#5455=AXIS2_PLACEMENT_3D('',#7580,#6056,#6057);
#5456=AXIS2_PLACEMENT_3D('',#7581,#6058,#6059);
#5457=AXIS2_PLACEMENT_3D('',#7582,#6060,#6061);
#5458=AXIS2_PLACEMENT_3D('',#7583,#6062,#6063);
#5459=AXIS2_PLACEMENT_3D('',#7584,#6064,#6065);
#5460=AXIS2_PLACEMENT_3D('',#7585,#6066,#6067);
#5461=AXIS2_PLACEMENT_3D('',#7586,#6068,#6069);
#5462=AXIS2_PLACEMENT_3D('',#7587,#6070,#6071);
#5463=AXIS2_PLACEMENT_3D('',#7588,#6072,#6073);
#5464=AXIS2_PLACEMENT_3D('',#7589,#6074,#6075);
#5465=AXIS2_PLACEMENT_3D('',#7590,#6076,#6077);
#5466=AXIS2_PLACEMENT_3D('',#7591,#6078,#6079);
#5467=AXIS2_PLACEMENT_3D('',#7592,#6080,#6081);
#5468=AXIS2_PLACEMENT_3D('',#7593,#6082,#6083);
#5469=AXIS2_PLACEMENT_3D('',#7594,#6084,#6085);
#5470=AXIS2_PLACEMENT_3D('',#7595,#6086,#6087);
#5471=AXIS2_PLACEMENT_3D('',#7596,#6088,#6089);
#5472=AXIS2_PLACEMENT_3D('',#7598,#6091,#6092);
#5473=AXIS2_PLACEMENT_3D('',#7609,#6099,#6100);
#5474=AXIS2_PLACEMENT_3D('',#7615,#6104,#6105);
#5475=AXIS2_PLACEMENT_3D('',#7621,#6109,#6110);
#5476=AXIS2_PLACEMENT_3D('',#7627,#6114,#6115);
#5477=AXIS2_PLACEMENT_3D('',#7633,#6119,#6120);
#5478=AXIS2_PLACEMENT_3D('',#7643,#6121,#6122);
#5479=AXIS2_PLACEMENT_3D('',#7644,#6123,#6124);
#5480=AXIS2_PLACEMENT_3D('',#7645,#6125,#6126);
#5481=AXIS2_PLACEMENT_3D('',#7646,#6127,#6128);
#5482=AXIS2_PLACEMENT_3D('',#7652,#6132,#6133);
#5483=AXIS2_PLACEMENT_3D('',#7658,#6137,#6138);
#5484=AXIS2_PLACEMENT_3D('',#7664,#6142,#6143);
#5485=AXIS2_PLACEMENT_3D('',#7670,#6147,#6148);
#5486=AXIS2_PLACEMENT_3D('',#7676,#6152,#6153);
#5487=AXIS2_PLACEMENT_3D('',#7682,#6157,#6158);
#5488=AXIS2_PLACEMENT_3D('',#7688,#6162,#6163);
#5489=AXIS2_PLACEMENT_3D('',#7694,#6167,#6168);
#5490=AXIS2_PLACEMENT_3D('',#7700,#6172,#6173);
#5491=AXIS2_PLACEMENT_3D('',#7706,#6177,#6178);
#5492=AXIS2_PLACEMENT_3D('',#7712,#6182,#6183);
#5493=AXIS2_PLACEMENT_3D('',#7713,#6184,#6185);
#5494=AXIS2_PLACEMENT_3D('',#7718,#6188,#6189);
#5495=AXIS2_PLACEMENT_3D('',#7723,#6192,#6193);
#5496=AXIS2_PLACEMENT_3D('',#7724,#6194,#6195);
#5497=AXIS2_PLACEMENT_3D('',#7725,#6196,#6197);
#5498=AXIS2_PLACEMENT_3D('',#7726,#6198,#6199);
#5499=AXIS2_PLACEMENT_3D('',#7727,#6200,#6201);
#5500=AXIS2_PLACEMENT_3D('',#7728,#6202,#6203);
#5501=AXIS2_PLACEMENT_3D('',#7729,#6204,#6205);
#5502=AXIS2_PLACEMENT_3D('',#7730,#6206,#6207);
#5503=AXIS2_PLACEMENT_3D('',#7731,#6208,#6209);
#5504=AXIS2_PLACEMENT_3D('',#7732,#6210,#6211);
#5505=AXIS2_PLACEMENT_3D('',#7742,#6212,#6213);
#5506=AXIS2_PLACEMENT_3D('',#7743,#6214,#6215);
#5507=AXIS2_PLACEMENT_3D('',#7744,#6216,#6217);
#5508=AXIS2_PLACEMENT_3D('',#7745,#6218,#6219);
#5509=AXIS2_PLACEMENT_3D('',#7755,#6220,#6221);
#5510=AXIS2_PLACEMENT_3D('',#7756,#6222,#6223);
#5511=AXIS2_PLACEMENT_3D('',#7757,#6224,#6225);
#5512=AXIS2_PLACEMENT_3D('',#7758,#6226,#6227);
#5513=AXIS2_PLACEMENT_3D('',#7759,#6228,#6229);
#5514=AXIS2_PLACEMENT_3D('',#7760,#6230,#6231);
#5515=AXIS2_PLACEMENT_3D('',#7761,#6232,#6233);
#5516=AXIS2_PLACEMENT_3D('',#7762,#6234,#6235);
#5517=AXIS2_PLACEMENT_3D('',#7763,#6236,#6237);
#5518=AXIS2_PLACEMENT_3D('',#7764,#6238,#6239);
#5519=AXIS2_PLACEMENT_3D('',#7765,#6240,#6241);
#5520=AXIS2_PLACEMENT_3D('',#7766,#6242,#6243);
#5521=AXIS2_PLACEMENT_3D('',#7769,#6246,#6247);
#5522=AXIS2_PLACEMENT_3D('',#7772,#6250,#6251);
#5523=AXIS2_PLACEMENT_3D('',#7773,#6252,#6253);
#5524=AXIS2_PLACEMENT_3D('',#7774,#6254,#6255);
#5525=AXIS2_PLACEMENT_3D('',#7775,#6256,#6257);
#5526=AXIS2_PLACEMENT_3D('',#7776,#6258,#6259);
#5527=AXIS2_PLACEMENT_3D('',#7786,#6260,#6261);
#5528=AXIS2_PLACEMENT_3D('',#7787,#6262,#6263);
#5529=AXIS2_PLACEMENT_3D('',#7790,#6266,#6267);
#5530=AXIS2_PLACEMENT_3D('',#7793,#6270,#6271);
#5531=AXIS2_PLACEMENT_3D('',#7796,#6274,#6275);
#5532=AXIS2_PLACEMENT_3D('',#7799,#6278,#6279);
#5533=AXIS2_PLACEMENT_3D('',#7802,#6282,#6283);
#5534=AXIS2_PLACEMENT_3D('',#7804,#6285,#6286);
#5535=AXIS2_PLACEMENT_3D('',#7806,#6288,#6289);
#5536=AXIS2_PLACEMENT_3D('',#7807,#6290,#6291);
#5537=AXIS2_PLACEMENT_3D('',#7808,#6292,#6293);
#5538=AXIS2_PLACEMENT_3D('',#7809,#6294,#6295);
#5539=AXIS2_PLACEMENT_3D('',#7810,#6296,#6297);
#5540=AXIS2_PLACEMENT_3D('',#7811,#6298,#6299);
#5541=AXIS2_PLACEMENT_3D('',#7812,#6300,#6301);
#5542=AXIS2_PLACEMENT_3D('',#7821,#6306,#6307);
#5543=AXIS2_PLACEMENT_3D('',#7837,#6316,#6317);
#5544=AXIS2_PLACEMENT_3D('',#7853,#6326,#6327);
#5545=AXIS2_PLACEMENT_3D('',#7856,#6330,#6331);
#5546=AXIS2_PLACEMENT_3D('',#7858,#6333,#6334);
#5547=AXIS2_PLACEMENT_3D('',#7860,#6336,#6337);
#5548=AXIS2_PLACEMENT_3D('',#7862,#6339,#6340);
#5549=AXIS2_PLACEMENT_3D('',#7863,#6341,#6342);
#5550=AXIS2_PLACEMENT_3D('',#7872,#6347,#6348);
#5551=AXIS2_PLACEMENT_3D('',#7888,#6357,#6358);
#5552=AXIS2_PLACEMENT_3D('',#7904,#6367,#6368);
#5553=AXIS2_PLACEMENT_3D('',#7907,#6371,#6372);
#5554=AXIS2_PLACEMENT_3D('',#7909,#6374,#6375);
#5555=AXIS2_PLACEMENT_3D('',#7911,#6377,#6378);
#5556=AXIS2_PLACEMENT_3D('',#7913,#6380,#6381);
#5557=AXIS2_PLACEMENT_3D('',#7914,#6382,#6383);
#5558=AXIS2_PLACEMENT_3D('',#7916,#6385,#6386);
#5559=AXIS2_PLACEMENT_3D('',#7917,#6387,#6388);
#5560=AXIS2_PLACEMENT_3D('',#7919,#6390,#6391);
#5561=AXIS2_PLACEMENT_3D('',#7920,#6392,#6393);
#5562=AXIS2_PLACEMENT_3D('',#7922,#6395,#6396);
#5563=AXIS2_PLACEMENT_3D('',#7923,#6397,#6398);
#5564=AXIS2_PLACEMENT_3D('',#7925,#6400,#6401);
#5565=AXIS2_PLACEMENT_3D('',#7926,#6402,#6403);
#5566=AXIS2_PLACEMENT_3D('',#7927,#6404,#6405);
#5567=AXIS2_PLACEMENT_3D('',#7928,#6406,#6407);
#5568=AXIS2_PLACEMENT_3D('',#7934,#6411,#6412);
#5569=AXIS2_PLACEMENT_3D('',#7938,#6415,#6416);
#5570=AXIS2_PLACEMENT_3D('',#7942,#6419,#6420);
#5571=AXIS2_PLACEMENT_3D('',#7946,#6423,#6424);
#5572=AXIS2_PLACEMENT_3D('',#7950,#6427,#6428);
#5573=AXIS2_PLACEMENT_3D('',#7954,#6431,#6432);
#5574=AXIS2_PLACEMENT_3D('',#7957,#6434,#6435);
#5575=AXIS2_PLACEMENT_3D('',#7958,#6436,#6437);
#5576=AXIS2_PLACEMENT_3D('',#7962,#6440,#6441);
#5577=AXIS2_PLACEMENT_3D('',#7966,#6444,#6445);
#5578=AXIS2_PLACEMENT_3D('',#7968,#6447,#6448);
#5579=AXIS2_PLACEMENT_3D('',#7969,#6449,#6450);
#5580=AXIS2_PLACEMENT_3D('',#7975,#6454,#6455);
#5581=AXIS2_PLACEMENT_3D('',#7979,#6458,#6459);
#5582=AXIS2_PLACEMENT_3D('',#7983,#6462,#6463);
#5583=AXIS2_PLACEMENT_3D('',#7987,#6466,#6467);
#5584=AXIS2_PLACEMENT_3D('',#8004,#6471,#6472);
#5585=AXIS2_PLACEMENT_3D('',#8007,#6474,#6475);
#5586=AXIS2_PLACEMENT_3D('',#8008,#6476,#6477);
#5587=AXIS2_PLACEMENT_3D('',#8011,#6479,#6480);
#5588=AXIS2_PLACEMENT_3D('',#8012,#6481,#6482);
#5589=AXIS2_PLACEMENT_3D('',#8015,#6484,#6485);
#5590=AXIS2_PLACEMENT_3D('',#8016,#6486,#6487);
#5591=AXIS2_PLACEMENT_3D('',#8019,#6489,#6490);
#5592=AXIS2_PLACEMENT_3D('',#8033,#6492,#6493);
#5593=AXIS2_PLACEMENT_3D('',#8036,#6495,#6496);
#5594=AXIS2_PLACEMENT_3D('',#8037,#6497,#6498);
#5595=AXIS2_PLACEMENT_3D('',#8040,#6500,#6501);
#5596=AXIS2_PLACEMENT_3D('',#8054,#6503,#6504);
#5597=AXIS2_PLACEMENT_3D('',#8058,#6507,#6508);
#5598=AXIS2_PLACEMENT_3D('',#8061,#6510,#6511);
#5599=AXIS2_PLACEMENT_3D('',#8062,#6512,#6513);
#5600=AXIS2_PLACEMENT_3D('',#8065,#6515,#6516);
#5601=AXIS2_PLACEMENT_3D('',#8092,#6519,#6520);
#5602=AXIS2_PLACEMENT_3D('',#8095,#6522,#6523);
#5603=AXIS2_PLACEMENT_3D('',#8096,#6524,#6525);
#5604=AXIS2_PLACEMENT_3D('',#8099,#6527,#6528);
#5605=AXIS2_PLACEMENT_3D('',#8113,#6530,#6531);
#5606=AXIS2_PLACEMENT_3D('',#8117,#6534,#6535);
#5607=AXIS2_PLACEMENT_3D('',#8119,#6537,#6538);
#5608=AXIS2_PLACEMENT_3D('',#8174,#6544,#6545);
#5609=AXIS2_PLACEMENT_3D('',#8178,#6548,#6549);
#5610=AXIS2_PLACEMENT_3D('',#8181,#6551,#6552);
#5611=AXIS2_PLACEMENT_3D('',#8182,#6553,#6554);
#5612=AXIS2_PLACEMENT_3D('',#8185,#6556,#6557);
#5613=AXIS2_PLACEMENT_3D('',#8225,#6561,#6562);
#5614=AXIS2_PLACEMENT_3D('',#8229,#6565,#6566);
#5615=AXIS2_PLACEMENT_3D('',#8233,#6569,#6570);
#5616=AXIS2_PLACEMENT_3D('',#8289,#6577,#6578);
#5617=AXIS2_PLACEMENT_3D('',#8292,#6580,#6581);
#5618=AXIS2_PLACEMENT_3D('',#8293,#6582,#6583);
#5619=AXIS2_PLACEMENT_3D('',#8296,#6585,#6586);
#5620=AXIS2_PLACEMENT_3D('',#8297,#6587,#6588);
#5621=AXIS2_PLACEMENT_3D('',#8366,#6596,#6597);
#5622=AXIS2_PLACEMENT_3D('',#8381,#6600,#6601);
#5623=AXIS2_PLACEMENT_3D('',#8382,#6602,#6603);
#5624=AXIS2_PLACEMENT_3D('',#8391,#6608,#6609);
#5625=AXIS2_PLACEMENT_3D('',#8397,#6613,#6614);
#5626=AXIS2_PLACEMENT_3D('',#8403,#6618,#6619);
#5627=AXIS2_PLACEMENT_3D('',#8404,#6620,#6621);
#5628=AXIS2_PLACEMENT_3D('',#8408,#6623,#6624);
#5629=AXIS2_PLACEMENT_3D('',#8409,#6625,#6626);
#5630=AXIS2_PLACEMENT_3D('',#8415,#6630,#6631);
#5631=AXIS2_PLACEMENT_3D('',#8416,#6632,#6633);
#5632=AXIS2_PLACEMENT_3D('',#8420,#6635,#6636);
#5633=AXIS2_PLACEMENT_3D('',#8421,#6637,#6638);
#5634=AXIS2_PLACEMENT_3D('',#8427,#6642,#6643);
#5635=AXIS2_PLACEMENT_3D('',#8431,#6646,#6647);
#5636=AXIS2_PLACEMENT_3D('',#8435,#6650,#6651);
#5637=AXIS2_PLACEMENT_3D('',#8439,#6654,#6655);
#5638=AXIS2_PLACEMENT_3D('',#8443,#6658,#6659);
#5639=AXIS2_PLACEMENT_3D('',#8447,#6662,#6663);
#5640=AXIS2_PLACEMENT_3D('',#8451,#6666,#6667);
#5641=AXIS2_PLACEMENT_3D('',#8455,#6670,#6671);
#5642=AXIS2_PLACEMENT_3D('',#8459,#6674,#6675);
#5643=AXIS2_PLACEMENT_3D('',#8463,#6678,#6679);
#5644=AXIS2_PLACEMENT_3D('',#8465,#6681,#6682);
#5645=AXIS2_PLACEMENT_3D('',#8466,#6683,#6684);
#5646=AXIS2_PLACEMENT_3D('',#8467,#6685,#6686);
#5647=AXIS2_PLACEMENT_3D('',#8468,#6687,#6688);
#5648=AXIS2_PLACEMENT_3D('',#8469,#6689,#6690);
#5649=AXIS2_PLACEMENT_3D('',#8485,#6693,#6694);
#5650=AXIS2_PLACEMENT_3D('',#8488,#6696,#6697);
#5651=AXIS2_PLACEMENT_3D('',#8489,#6698,#6699);
#5652=AXIS2_PLACEMENT_3D('',#8493,#6702,#6703);
#5653=AXIS2_PLACEMENT_3D('',#8497,#6706,#6707);
#5654=AXIS2_PLACEMENT_3D('',#8501,#6710,#6711);
#5655=AXIS2_PLACEMENT_3D('',#8505,#6714,#6715);
#5656=AXIS2_PLACEMENT_3D('',#8509,#6718,#6719);
#5657=AXIS2_PLACEMENT_3D('',#8513,#6722,#6723);
#5658=AXIS2_PLACEMENT_3D('',#8517,#6726,#6727);
#5659=AXIS2_PLACEMENT_3D('',#8520,#6729,#6730);
#5660=AXIS2_PLACEMENT_3D('',#8521,#6731,#6732);
#5661=AXIS2_PLACEMENT_3D('',#8524,#6734,#6735);
#5662=AXIS2_PLACEMENT_3D('',#8551,#6738,#6739);
#5663=AXIS2_PLACEMENT_3D('',#8554,#6741,#6742);
#5664=AXIS2_PLACEMENT_3D('',#8555,#6743,#6744);
#5665=AXIS2_PLACEMENT_3D('',#8558,#6746,#6747);
#5666=AXIS2_PLACEMENT_3D('',#8559,#6748,#6749);
#5667=AXIS2_PLACEMENT_3D('',#8613,#6755,#6756);
#5668=AXIS2_PLACEMENT_3D('',#8685,#6762,#6763);
#5669=AXIS2_PLACEMENT_3D('',#8686,#6764,#6765);
#5670=AXIS2_PLACEMENT_3D('',#8690,#6767,#6768);
#5671=AXIS2_PLACEMENT_3D('',#8844,#6781,#6782);
#5672=AXIS2_PLACEMENT_3D('',#8861,#6786,#6787);
#5673=AXIS2_PLACEMENT_3D('',#8864,#6789,#6790);
#5674=AXIS2_PLACEMENT_3D('',#8878,#6792,#6793);
#5675=AXIS2_PLACEMENT_3D('',#8881,#6795,#6796);
#5676=AXIS2_PLACEMENT_3D('',#8882,#6797,#6798);
#5677=AXIS2_PLACEMENT_3D('',#8924,#6802,#6803);
#5678=AXIS2_PLACEMENT_3D('',#8925,#6804,#6805);
#5679=AXIS2_PLACEMENT_3D('',#8926,#6806,#6807);
#5680=AXIS2_PLACEMENT_3D('',#8932,#6811,#6812);
#5681=AXIS2_PLACEMENT_3D('',#8936,#6815,#6816);
#5682=AXIS2_PLACEMENT_3D('',#8940,#6819,#6820);
#5683=AXIS2_PLACEMENT_3D('',#8944,#6823,#6824);
#5684=AXIS2_PLACEMENT_3D('',#8948,#6827,#6828);
#5685=AXIS2_PLACEMENT_3D('',#8952,#6831,#6832);
#5686=AXIS2_PLACEMENT_3D('',#8954,#6834,#6835);
#5687=AXIS2_PLACEMENT_3D('',#8992,#6839,#6840);
#5688=AXIS2_PLACEMENT_3D('',#8993,#6841,#6842);
#5689=AXIS2_PLACEMENT_3D('',#8997,#6844,#6845);
#5690=AXIS2_PLACEMENT_3D('',#8998,#6846,#6847);
#5691=AXIS2_PLACEMENT_3D('',#8999,#6848,#6849);
#5692=AXIS2_PLACEMENT_3D('',#9003,#6851,#6852);
#5693=AXIS2_PLACEMENT_3D('',#9038,#6855,#6856);
#5694=AXIS2_PLACEMENT_3D('',#9039,#6857,#6858);
#5695=AXIS2_PLACEMENT_3D('',#9043,#6860,#6861);
#5696=AXIS2_PLACEMENT_3D('',#9115,#6867,#6868);
#5697=AXIS2_PLACEMENT_3D('',#9116,#6869,#6870);
#5698=AXIS2_PLACEMENT_3D('',#9120,#6872,#6873);
#5699=AXIS2_PLACEMENT_3D('',#9179,#6879,#6880);
#5700=AXIS2_PLACEMENT_3D('',#9182,#6882,#6883);
#5701=AXIS2_PLACEMENT_3D('',#9209,#6886,#6887);
#5702=AXIS2_PLACEMENT_3D('',#9212,#6889,#6890);
#5703=AXIS2_PLACEMENT_3D('',#9265,#6895,#6896);
#5704=AXIS2_PLACEMENT_3D('',#9268,#6898,#6899);
#5705=AXIS2_PLACEMENT_3D('',#9295,#6902,#6903);
#5706=AXIS2_PLACEMENT_3D('',#9298,#6905,#6906);
#5707=AXIS2_PLACEMENT_3D('',#9338,#6907,#6908);
#5708=AXIS2_PLACEMENT_3D('',#9339,#6909,#6910);
#5709=AXIS2_PLACEMENT_3D('',#9340,#6911,#6912);
#5710=AXIS2_PLACEMENT_3D('',#9341,#6913,#6914);
#5711=AXIS2_PLACEMENT_3D('',#9342,#6915,#6916);
#5712=AXIS2_PLACEMENT_3D('',#9343,#6917,#6918);
#5713=AXIS2_PLACEMENT_3D('',#9344,#6919,#6920);
#5714=AXIS2_PLACEMENT_3D('',#9345,#6921,#6922);
#5715=AXIS2_PLACEMENT_3D('',#9346,#6923,#6924);
#5716=AXIS2_PLACEMENT_3D('',#9347,#6925,#6926);
#5717=AXIS2_PLACEMENT_3D('',#9348,#6927,#6928);
#5718=AXIS2_PLACEMENT_3D('',#9349,#6929,#6930);
#5719=AXIS2_PLACEMENT_3D('',#9350,#6931,#6932);
#5720=DIRECTION('',(0.,0.,1.));
#5721=DIRECTION('',(1.,0.,0.));
#5722=DIRECTION('',(0.,1.,0.));
#5723=DIRECTION('',(-1.,0.,0.));
#5724=DIRECTION('',(0.,-1.,0.));
#5725=DIRECTION('',(0.,0.,1.));
#5726=DIRECTION('',(0.707106781186548,0.,-0.707106781186547));
#5727=DIRECTION('',(0.,-1.,0.));
#5728=DIRECTION('',(0.,0.,1.));
#5729=DIRECTION('',(1.,0.,0.));
#5730=DIRECTION('',(0.,-1.,0.));
#5731=DIRECTION('',(0.,0.,1.));
#5732=DIRECTION('',(0.707106781186547,0.,0.707106781186548));
#5733=DIRECTION('',(0.,-1.,0.));
#5734=DIRECTION('',(0.,0.,1.));
#5735=DIRECTION('',(-2.23957251106432E-16,0.,1.));
#5736=DIRECTION('',(0.,-1.,0.));
#5737=DIRECTION('',(0.,0.,1.));
#5738=DIRECTION('',(-0.707106781186548,0.,0.707106781186548));
#5739=DIRECTION('',(0.,-1.,0.));
#5740=DIRECTION('',(0.,0.,1.));
#5741=DIRECTION('',(-1.,0.,0.));
#5742=DIRECTION('',(0.,-1.,0.));
#5743=DIRECTION('',(0.,0.,1.));
#5744=DIRECTION('',(-0.707106781186543,0.,-0.707106781186552));
#5745=DIRECTION('',(0.,-1.,0.));
#5746=DIRECTION('',(0.,0.,1.));
#5747=DIRECTION('',(-5.01664242478407E-15,0.,-1.));
#5748=DIRECTION('',(0.,1.,0.));
#5749=DIRECTION('',(0.,0.,1.));
#5750=DIRECTION('',(0.707106781186548,0.,-0.707106781186547));
#5751=DIRECTION('',(-0.0707188201425796,0.,-0.997496289956831));
#5752=DIRECTION('',(0.,-1.,0.));
#5753=DIRECTION('',(0.,0.,1.));
#5754=DIRECTION('',(1.,0.,0.));
#5755=DIRECTION('',(0.,-1.,0.));
#5756=DIRECTION('',(0.,0.,1.));
#5757=DIRECTION('',(0.707106781186548,0.,-0.707106781186547));
#5758=DIRECTION('',(0.,-1.,0.));
#5759=DIRECTION('',(0.,0.,1.));
#5760=DIRECTION('',(-5.01664242478407E-15,0.,-1.));
#5761=DIRECTION('',(0.,1.,0.));
#5762=DIRECTION('',(0.,0.,1.));
#5763=DIRECTION('',(0.707106781186548,0.,0.707106781186548));
#5764=DIRECTION('',(0.,1.,0.));
#5765=DIRECTION('',(0.,0.,1.));
#5766=DIRECTION('',(1.,0.,0.));
#5767=DIRECTION('',(0.,1.,0.));
#5768=DIRECTION('',(0.,0.,1.));
#5769=DIRECTION('',(0.707106781186548,0.,-0.707106781186548));
#5770=DIRECTION('',(0.,1.,0.));
#5771=DIRECTION('',(0.,0.,1.));
#5772=DIRECTION('',(2.22044604925032E-16,0.,-1.));
#5773=DIRECTION('',(0.,1.,0.));
#5774=DIRECTION('',(0.,0.,1.));
#5775=DIRECTION('',(-0.707106781186547,0.,-0.707106781186548));
#5776=DIRECTION('',(0.,1.,0.));
#5777=DIRECTION('',(0.,0.,1.));
#5778=DIRECTION('',(-1.,0.,-2.77555756156289E-16));
#5779=DIRECTION('',(0.,1.,0.));
#5780=DIRECTION('',(0.,0.,1.));
#5781=DIRECTION('',(-0.707106781186548,0.,0.707106781186547));
#5782=DIRECTION('',(0.,1.,0.));
#5783=DIRECTION('',(0.,0.,1.));
#5784=DIRECTION('',(-4.44089209850063E-16,0.,1.));
#5785=DIRECTION('',(1.,0.,4.44089209850063E-16));
#5786=DIRECTION('',(-4.44089209850063E-16,0.,1.));
#5787=DIRECTION('',(0.,1.,0.));
#5788=DIRECTION('',(0.,0.,1.));
#5789=DIRECTION('',(-0.707106781186548,0.,0.707106781186547));
#5790=DIRECTION('',(0.,1.,0.));
#5791=DIRECTION('',(0.,0.,1.));
#5792=DIRECTION('',(-1.,0.,-2.77555756156289E-16));
#5793=DIRECTION('',(0.,1.,0.));
#5794=DIRECTION('',(-1.,0.,0.));
#5795=DIRECTION('',(0.999860351941746,0.,0.0167115712884436));
#5796=DIRECTION('',(0.707106781186552,0.,-0.707106781186543));
#5797=DIRECTION('',(0.,1.,0.));
#5798=DIRECTION('',(0.,0.,1.));
#5799=DIRECTION('',(0.,-1.,0.));
#5800=DIRECTION('',(0.,0.,1.));
#5801=DIRECTION('',(0.,1.,0.));
#5802=DIRECTION('',(-1.,0.,0.));
#5803=DIRECTION('',(-0.99749628995683,0.,-0.0707188201425837));
#5804=DIRECTION('',(-0.707106781186548,0.,0.707106781186547));
#5805=DIRECTION('',(0.,1.,0.));
#5806=DIRECTION('',(0.,0.,1.));
#5807=DIRECTION('',(2.22044604925032E-16,0.,-1.));
#5808=DIRECTION('',(0.,1.,0.));
#5809=DIRECTION('',(0.,0.,1.));
#5810=DIRECTION('',(0.707106781186548,0.,-0.707106781186548));
#5811=DIRECTION('',(0.,1.,0.));
#5812=DIRECTION('',(0.,0.,1.));
#5813=DIRECTION('',(1.,0.,0.));
#5814=DIRECTION('',(0.,1.,0.));
#5815=DIRECTION('',(0.,0.,1.));
#5816=DIRECTION('',(-0.707106781186552,0.,0.707106781186543));
#5817=DIRECTION('',(0.124519402316812,0.,0.992217173025474));
#5818=DIRECTION('',(0.,-1.,0.));
#5819=DIRECTION('',(0.,0.,1.));
#5820=DIRECTION('',(-1.,0.,0.));
#5821=DIRECTION('',(0.,-1.,0.));
#5822=DIRECTION('',(0.,0.,1.));
#5823=DIRECTION('',(-0.707106781186548,0.,0.707106781186548));
#5824=DIRECTION('',(0.,-1.,0.));
#5825=DIRECTION('',(0.,0.,1.));
#5826=DIRECTION('',(-3.58331601770292E-16,0.,1.));
#5827=DIRECTION('',(0.,-1.,0.));
#5828=DIRECTION('',(0.,0.,1.));
#5829=DIRECTION('',(0.,1.,0.));
#5830=DIRECTION('',(-1.,0.,0.));
#5831=DIRECTION('',(0.,1.,0.));
#5832=DIRECTION('',(0.,0.,1.));
#5833=DIRECTION('',(-0.707106781186543,0.,-0.707106781186552));
#5834=DIRECTION('',(0.,1.,0.));
#5835=DIRECTION('',(0.,0.,1.));
#5836=DIRECTION('',(0.707106781186548,0.,0.707106781186548));
#5837=DIRECTION('',(1.,0.,-5.01664242478407E-15));
#5838=DIRECTION('',(-5.01664242478407E-15,0.,-1.));
#5839=DIRECTION('',(-5.01664242478407E-15,0.,-1.));
#5840=DIRECTION('',(0.,1.,0.));
#5841=DIRECTION('',(0.,1.,0.));
#5842=DIRECTION('',(-1.,0.,5.01664242478407E-15));
#5843=DIRECTION('',(5.01664242478407E-15,0.,1.));
#5844=DIRECTION('',(-1.,0.,5.01664242478407E-15));
#5845=DIRECTION('',(5.01664242478407E-15,0.,1.));
#5846=DIRECTION('',(-1.,0.,5.01664242478407E-15));
#5847=DIRECTION('',(5.01664242478407E-15,0.,1.));
#5848=DIRECTION('',(-1.,0.,5.01664242478407E-15));
#5849=DIRECTION('',(5.01664242478407E-15,0.,1.));
#5850=DIRECTION('',(0.707106781186547,0.,0.707106781186548));
#5851=DIRECTION('',(0.707106781186548,0.,-0.707106781186547));
#5852=DIRECTION('',(0.707106781186548,0.,-0.707106781186547));
#5853=DIRECTION('',(0.,1.,0.));
#5854=DIRECTION('',(0.,1.,0.));
#5855=DIRECTION('',(-0.294229651932129,0.909317229490235,0.294229651932129));
#5856=DIRECTION('',(0.707106781186548,0.,-0.707106781186547));
#5857=DIRECTION('',(0.,1.,0.));
#5858=DIRECTION('',(-0.707106781186548,0.,0.707106781186547));
#5859=DIRECTION('',(0.,-1.,0.));
#5860=DIRECTION('',(0.283043588427425,-0.916391103241543,-0.283043588427425));
#5861=DIRECTION('',(0.707106781186548,0.,-0.707106781186547));
#5862=DIRECTION('',(0.,0.,1.));
#5863=DIRECTION('',(1.,0.,0.));
#5864=DIRECTION('',(1.,0.,0.));
#5865=DIRECTION('',(0.,1.,0.));
#5866=DIRECTION('',(0.,1.,0.));
#5867=DIRECTION('',(0.,-1.,0.));
#5868=DIRECTION('',(0.,0.,-1.));
#5869=DIRECTION('',(-1.,0.,0.));
#5870=DIRECTION('',(0.,0.,-1.));
#5871=DIRECTION('',(-1.,0.,0.));
#5872=DIRECTION('',(-1.,0.,0.));
#5873=DIRECTION('',(-0.707106781186548,0.,0.707106781186547));
#5874=DIRECTION('',(0.707106781186547,0.,0.707106781186548));
#5875=DIRECTION('',(0.707106781186547,0.,0.707106781186548));
#5876=DIRECTION('',(0.,1.,0.));
#5877=DIRECTION('',(0.,1.,0.));
#5878=DIRECTION('',(0.,1.,0.));
#5879=DIRECTION('',(0.707106781186548,0.,-0.707106781186547));
#5880=DIRECTION('',(-0.707106781186547,0.,-0.707106781186548));
#5881=DIRECTION('',(0.707106781186548,0.,-0.707106781186547));
#5882=DIRECTION('',(-0.707106781186547,0.,-0.707106781186548));
#5883=DIRECTION('',(0.707106781186548,0.,-0.707106781186547));
#5884=DIRECTION('',(-0.707106781186547,0.,-0.707106781186548));
#5885=DIRECTION('',(0.707106781186548,0.,-0.707106781186547));
#5886=DIRECTION('',(-0.707106781186547,0.,-0.707106781186548));
#5887=DIRECTION('',(0.622794737209606,0.473554041908668,0.622794737209606));
#5888=DIRECTION('',(-0.0521012748785648,0.997281762749152,-0.0521012748785649));
#5889=DIRECTION('',(-0.707106781186547,0.,-0.707106781186548));
#5890=DIRECTION('',(0.,-1.,0.));
#5891=DIRECTION('',(0.707106781186547,0.,0.707106781186548));
#5892=DIRECTION('',(0.0659289074302776,-0.99564389132365,0.0659289074302777));
#5893=DIRECTION('',(-0.693129590477357,0.197845246618113,-0.693129590477358));
#5894=DIRECTION('',(0.707106781186548,0.,-0.707106781186547));
#5895=DIRECTION('',(-0.707106781186547,0.,-0.707106781186548));
#5896=DIRECTION('',(-1.,0.,-2.23957251106432E-16));
#5897=DIRECTION('',(-2.23957251106432E-16,0.,1.));
#5898=DIRECTION('',(-2.23957251106432E-16,0.,1.));
#5899=DIRECTION('',(0.,1.,0.));
#5900=DIRECTION('',(0.,1.,0.));
#5901=DIRECTION('',(-2.23957251106432E-16,0.,1.));
#5902=DIRECTION('',(0.,-1.,0.));
#5903=DIRECTION('',(-2.23957251106432E-16,0.,1.));
#5904=DIRECTION('',(0.,1.,0.));
#5905=DIRECTION('',(-2.23957251106432E-16,0.,1.));
#5906=DIRECTION('',(0.,1.,0.));
#5907=DIRECTION('',(1.25847509426586E-16,0.827187181278789,-0.561926478400913));
#5908=DIRECTION('',(2.23957251106432E-16,0.,-1.));
#5909=DIRECTION('',(0.,-1.,0.));
#5910=DIRECTION('',(2.23957251106432E-16,0.,-1.));
#5911=DIRECTION('',(0.,-1.,0.));
#5912=DIRECTION('',(-0.707106781186548,0.,-0.707106781186548));
#5913=DIRECTION('',(-0.707106781186548,0.,0.707106781186548));
#5914=DIRECTION('',(-0.707106781186548,0.,0.707106781186548));
#5915=DIRECTION('',(0.,1.,0.));
#5916=DIRECTION('',(0.,1.,0.));
#5917=DIRECTION('',(0.,-1.,0.));
#5918=DIRECTION('',(0.,1.,0.));
#5919=DIRECTION('',(0.707106781186548,0.,0.707106781186548));
#5920=DIRECTION('',(0.707106781186548,0.,-0.707106781186548));
#5921=DIRECTION('',(0.707106781186548,0.,0.707106781186548));
#5922=DIRECTION('',(0.707106781186548,0.,-0.707106781186548));
#5923=DIRECTION('',(-0.707106781186548,0.,0.707106781186548));
#5924=DIRECTION('',(0.,1.,0.));
#5925=DIRECTION('',(0.707106781186548,0.,-0.707106781186548));
#5926=DIRECTION('',(0.707106781186548,0.,0.707106781186548));
#5927=DIRECTION('',(0.707106781186548,0.,-0.707106781186548));
#5928=DIRECTION('',(0.707106781186548,0.,0.707106781186548));
#5929=DIRECTION('',(0.707106781186548,0.,-0.707106781186548));
#5930=DIRECTION('',(-0.394469574431446,0.829932231989906,0.394469574431446));
#5931=DIRECTION('',(0.,0.,-1.));
#5932=DIRECTION('',(-1.,0.,0.));
#5933=DIRECTION('',(-1.,0.,0.));
#5934=DIRECTION('',(0.,1.,0.));
#5935=DIRECTION('',(0.,1.,0.));
#5936=DIRECTION('',(-1.,0.,0.));
#5937=DIRECTION('',(0.,1.,0.));
#5938=DIRECTION('',(0.703417603406502,0.710776811114328,0.));
#5939=DIRECTION('',(0.,0.,1.));
#5940=DIRECTION('',(1.,0.,0.));
#5941=DIRECTION('',(0.,0.,1.));
#5942=DIRECTION('',(1.,0.,0.));
#5943=DIRECTION('',(0.,0.,1.));
#5944=DIRECTION('',(1.,0.,0.));
#5945=DIRECTION('',(0.,0.,1.));
#5946=DIRECTION('',(1.,0.,0.));
#5947=DIRECTION('',(-0.645005491521154,0.764177934716486,0.));
#5948=DIRECTION('',(0.,0.,1.));
#5949=DIRECTION('',(1.,0.,0.));
#5950=DIRECTION('',(0.,0.,1.));
#5951=DIRECTION('',(1.,0.,0.));
#5952=DIRECTION('',(0.,0.,1.));
#5953=DIRECTION('',(1.,0.,0.));
#5954=DIRECTION('',(0.,0.,1.));
#5955=DIRECTION('',(1.,0.,0.));
#5956=DIRECTION('',(0.,0.,1.));
#5957=DIRECTION('',(1.,0.,0.));
#5958=DIRECTION('',(0.,0.,1.));
#5959=DIRECTION('',(1.,0.,0.));
#5960=DIRECTION('',(-0.728454535560238,-0.685094146538793,0.));
#5961=DIRECTION('',(0.,-1.,0.));
#5962=DIRECTION('',(1.,0.,0.));
#5963=DIRECTION('',(0.,-1.,0.));
#5964=DIRECTION('',(0.707106781186552,0.,-0.707106781186543));
#5965=DIRECTION('',(-0.707106781186543,0.,-0.707106781186552));
#5966=DIRECTION('',(-0.707106781186543,0.,-0.707106781186552));
#5967=DIRECTION('',(0.,1.,0.));
#5968=DIRECTION('',(0.,1.,0.));
#5969=DIRECTION('',(-0.707106781186543,0.,-0.707106781186552));
#5970=DIRECTION('',(0.,1.,0.));
#5971=DIRECTION('',(0.0162884597009494,0.999734650875492,0.0162884597009497));
#5972=DIRECTION('',(0.022318562230971,0.999501757657226,0.0223185622309713));
#5973=DIRECTION('',(-0.707106781186552,0.,0.707106781186543));
#5974=DIRECTION('',(0.707106781186543,0.,0.707106781186552));
#5975=DIRECTION('',(-0.551131975324477,-0.626503863954463,-0.551131975324484));
#5976=DIRECTION('',(-0.442420437686205,0.780082247352861,-0.44242043768621));
#5977=DIRECTION('',(0.55318272435693,0.622878597277256,0.553182724356937));
#5978=DIRECTION('',(0.707106781186543,0.,0.707106781186552));
#5979=DIRECTION('',(0.,-1.,0.));
#5980=DIRECTION('',(0.,1.,0.));
#5981=DIRECTION('',(-1.,0.,0.));
#5982=DIRECTION('',(0.,1.,0.));
#5983=DIRECTION('',(0.,0.,1.));
#5984=DIRECTION('',(0.707106781186547,0.,0.707106781186548));
#5985=DIRECTION('',(0.,1.,0.));
#5986=DIRECTION('',(0.,0.,1.));
#5987=DIRECTION('',(-0.707106781186547,0.,-0.707106781186548));
#5988=DIRECTION('',(0.,1.,0.));
#5989=DIRECTION('',(0.,0.,1.));
#5990=DIRECTION('',(0.,-1.,0.));
#5991=DIRECTION('',(0.,0.,1.));
#5992=DIRECTION('',(0.,1.,0.));
#5993=DIRECTION('',(0.,1.,0.));
#5994=DIRECTION('',(0.,0.,-1.));
#5995=DIRECTION('',(-1.,0.,0.));
#5996=DIRECTION('',(-1.,0.,0.));
#5997=DIRECTION('',(0.,1.,0.));
#5998=DIRECTION('',(0.,1.,0.));
#5999=DIRECTION('',(0.,0.,1.));
#6000=DIRECTION('',(0.,1.,0.));
#6001=DIRECTION('',(0.,-1.,0.));
#6002=DIRECTION('',(0.,0.,1.));
#6003=DIRECTION('',(0.,1.,0.));
#6004=DIRECTION('',(0.,0.,1.));
#6005=DIRECTION('',(0.,-1.,0.));
#6006=DIRECTION('',(0.,0.,1.));
#6007=DIRECTION('',(0.,1.,0.));
#6008=DIRECTION('',(0.,1.,0.));
#6009=DIRECTION('',(-2.45774233724777E-15,1.,9.86076131526265E-31));
#6010=DIRECTION('',(-1.,-2.45774233724777E-15,0.));
#6011=DIRECTION('',(0.,1.,0.));
#6012=DIRECTION('',(1.,0.,-5.01664242478407E-15));
#6013=DIRECTION('',(-5.01664242478407E-15,0.,-1.));
#6014=DIRECTION('',(5.01664242478407E-15,1.13435383466988E-29,1.));
#6015=DIRECTION('',(0.,1.,0.));
#6016=DIRECTION('',(0.,1.,0.));
#6017=DIRECTION('',(-5.01664242478407E-15,0.,-1.));
#6018=DIRECTION('',(0.,1.,0.));
#6019=DIRECTION('',(0.,0.,1.));
#6020=DIRECTION('',(0.,-1.,0.));
#6021=DIRECTION('',(0.,0.,1.));
#6022=DIRECTION('',(0.,1.,0.));
#6023=DIRECTION('',(0.707106781186547,0.,0.707106781186548));
#6024=DIRECTION('',(0.707106781186548,0.,-0.707106781186547));
#6025=DIRECTION('',(0.707106781186548,0.,-0.707106781186547));
#6026=DIRECTION('',(0.,1.,0.));
#6027=DIRECTION('',(0.,1.,0.));
#6028=DIRECTION('',(0.,0.,1.));
#6029=DIRECTION('',(0.,-1.,0.));
#6030=DIRECTION('',(0.,0.,1.));
#6031=DIRECTION('',(0.,1.,0.));
#6032=DIRECTION('',(0.,0.,1.));
#6033=DIRECTION('',(1.,0.,0.));
#6034=DIRECTION('',(1.,0.,0.));
#6035=DIRECTION('',(0.,1.,0.));
#6036=DIRECTION('',(0.,1.,0.));
#6037=DIRECTION('',(0.,0.,1.));
#6038=DIRECTION('',(0.,1.,0.));
#6039=DIRECTION('',(0.,-1.,0.));
#6040=DIRECTION('',(0.,0.,1.));
#6041=DIRECTION('',(0.,1.,0.));
#6042=DIRECTION('',(0.,0.,1.));
#6043=DIRECTION('',(0.,-1.,0.));
#6044=DIRECTION('',(0.,0.,1.));
#6045=DIRECTION('',(0.,1.,0.));
#6046=DIRECTION('',(0.,1.,0.));
#6047=DIRECTION('',(-1.,0.,-3.58331601770292E-16));
#6048=DIRECTION('',(-3.58331601770292E-16,0.,1.));
#6049=DIRECTION('',(-3.58331601770292E-16,0.,1.));
#6050=DIRECTION('',(0.,1.,0.));
#6051=DIRECTION('',(0.,1.,0.));
#6052=DIRECTION('',(0.,0.,1.));
#6053=DIRECTION('',(0.,-1.,0.));
#6054=DIRECTION('',(0.,0.,1.));
#6055=DIRECTION('',(0.,1.,0.));
#6056=DIRECTION('',(0.,1.,0.));
#6057=DIRECTION('',(0.,0.,1.));
#6058=DIRECTION('',(0.,-1.,0.));
#6059=DIRECTION('',(0.,0.,1.));
#6060=DIRECTION('',(0.,1.,0.));
#6061=DIRECTION('',(0.,0.,1.));
#6062=DIRECTION('',(0.,-1.,0.));
#6063=DIRECTION('',(0.,0.,1.));
#6064=DIRECTION('',(0.,1.,0.));
#6065=DIRECTION('',(0.,0.,1.));
#6066=DIRECTION('',(0.,-1.,0.));
#6067=DIRECTION('',(0.,0.,1.));
#6068=DIRECTION('',(0.,1.,0.));
#6069=DIRECTION('',(0.,0.,1.));
#6070=DIRECTION('',(0.,-1.,0.));
#6071=DIRECTION('',(0.,0.,1.));
#6072=DIRECTION('',(0.,1.,0.));
#6073=DIRECTION('',(0.,0.,1.));
#6074=DIRECTION('',(0.,-1.,0.));
#6075=DIRECTION('',(0.,0.,1.));
#6076=DIRECTION('',(0.,1.,0.));
#6077=DIRECTION('',(0.,0.,1.));
#6078=DIRECTION('',(0.,-1.,0.));
#6079=DIRECTION('',(0.,0.,1.));
#6080=DIRECTION('',(0.,1.,0.));
#6081=DIRECTION('',(0.,0.,1.));
#6082=DIRECTION('',(0.,-1.,0.));
#6083=DIRECTION('',(0.,0.,1.));
#6084=DIRECTION('',(0.,1.,0.));
#6085=DIRECTION('',(0.,0.,1.));
#6086=DIRECTION('',(0.,-1.,0.));
#6087=DIRECTION('',(0.,0.,1.));
#6088=DIRECTION('',(-0.707106781186548,0.,-0.707106781186548));
#6089=DIRECTION('',(-0.707106781186548,0.,0.707106781186548));
#6090=DIRECTION('',(-0.707106781186548,0.,0.707106781186548));
#6091=DIRECTION('',(0.,1.,0.));
#6092=DIRECTION('',(-1.,0.,0.));
#6093=DIRECTION('',(-0.124519402316812,0.,-0.992217173025474));
#6094=DIRECTION('',(-0.707106781186543,0.,-0.707106781186552));
#6095=DIRECTION('',(-0.999860351941746,0.,-0.0167115712884436));
#6096=DIRECTION('',(0.0707188201425796,0.,0.997496289956831));
#6097=DIRECTION('',(0.707106781186547,0.,0.707106781186548));
#6098=DIRECTION('',(0.99749628995683,0.,0.0707188201425837));
#6099=DIRECTION('',(0.,0.,1.));
#6100=DIRECTION('',(1.,0.,0.));
#6101=DIRECTION('',(0.,1.,0.));
#6102=DIRECTION('',(1.,0.,0.));
#6103=DIRECTION('',(0.,1.,0.));
#6104=DIRECTION('',(0.,0.,1.));
#6105=DIRECTION('',(1.,0.,0.));
#6106=DIRECTION('',(-6.12323399573677E-17,1.,0.));
#6107=DIRECTION('',(-1.,0.,0.));
#6108=DIRECTION('',(6.12323399573677E-17,-1.,0.));
#6109=DIRECTION('',(-0.707106781186548,0.,0.707106781186548));
#6110=DIRECTION('',(0.707106781186548,0.,0.707106781186548));
#6111=DIRECTION('',(0.,1.,0.));
#6112=DIRECTION('',(0.707106781186548,0.,0.707106781186548));
#6113=DIRECTION('',(0.,1.,0.));
#6114=DIRECTION('',(-0.707106781186548,0.,0.707106781186548));
#6115=DIRECTION('',(0.707106781186548,0.,0.707106781186548));
#6116=DIRECTION('',(-4.32978028117747E-17,1.,-4.32978028117746E-17));
#6117=DIRECTION('',(-0.707106781186548,0.,-0.707106781186548));
#6118=DIRECTION('',(-4.32978028117747E-17,1.,-4.32978028117746E-17));
#6119=DIRECTION('',(0.,1.,0.));
#6120=DIRECTION('',(0.,0.,1.));
#6121=DIRECTION('',(0.,1.,0.));
#6122=DIRECTION('',(0.,0.,1.));
#6123=DIRECTION('',(0.,1.,0.));
#6124=DIRECTION('',(0.,0.,1.));
#6125=DIRECTION('',(3.78786290533045E-15,-1.,-9.14470999845874E-15));
#6126=DIRECTION('',(1.01803020890658E-15,-9.16227188015919E-15,1.));
#6127=DIRECTION('',(0.707106781186548,1.49087072367989E-16,0.707106781186548));
#6128=DIRECTION('',(0.707106781186548,3.59928032085299E-16,-0.707106781186548));
#6129=DIRECTION('',(-3.59928032085299E-16,1.,1.49087072367989E-16));
#6130=DIRECTION('',(0.707106781186548,3.59928032085299E-16,-0.707106781186548));
#6131=DIRECTION('',(-3.59928032085299E-16,1.,1.49087072367989E-16));
#6132=DIRECTION('',(0.707106781186548,1.49087072367989E-16,0.707106781186548));
#6133=DIRECTION('',(0.707106781186548,3.59928032085299E-16,-0.707106781186548));
#6134=DIRECTION('',(4.03225834897074E-16,-1.,-1.92384875179764E-16));
#6135=DIRECTION('',(-0.707106781186548,-3.59928032085299E-16,0.707106781186548));
#6136=DIRECTION('',(4.03225834897074E-16,-1.,-1.92384875179764E-16));
#6137=DIRECTION('',(1.,5.09015104453288E-16,2.22044604925032E-16));
#6138=DIRECTION('',(2.22044604925032E-16,5.09015104453289E-16,-1.));
#6139=DIRECTION('',(-5.09015104453289E-16,1.,5.09015104453288E-16));
#6140=DIRECTION('',(2.22044604925032E-16,5.09015104453289E-16,-1.));
#6141=DIRECTION('',(-5.09015104453289E-16,1.,5.09015104453288E-16));
#6142=DIRECTION('',(1.,5.09015104453288E-16,2.22044604925032E-16));
#6143=DIRECTION('',(2.22044604925032E-16,5.09015104453289E-16,-1.));
#6144=DIRECTION('',(5.09015104453289E-16,-1.,-5.70247444410656E-16));
#6145=DIRECTION('',(-2.22044604925032E-16,-5.09015104453289E-16,1.));
#6146=DIRECTION('',(5.09015104453289E-16,-1.,-5.70247444410656E-16));
#6147=DIRECTION('',(0.707106781186548,3.59928032085299E-16,-0.707106781186547));
#6148=DIRECTION('',(-0.707106781186547,1.4908707236799E-16,-0.707106781186548));
#6149=DIRECTION('',(-1.49087072367989E-16,1.,3.59928032085299E-16));
#6150=DIRECTION('',(-0.707106781186547,1.4908707236799E-16,-0.707106781186548));
#6151=DIRECTION('',(-1.49087072367989E-16,1.,3.59928032085299E-16));
#6152=DIRECTION('',(0.707106781186548,3.59928032085299E-16,-0.707106781186547));
#6153=DIRECTION('',(-0.707106781186547,1.4908707236799E-16,-0.707106781186548));
#6154=DIRECTION('',(1.05789269556215E-16,-1.,-4.03225834897074E-16));
#6155=DIRECTION('',(0.707106781186547,-1.4908707236799E-16,0.707106781186548));
#6156=DIRECTION('',(1.05789269556215E-16,-1.,-4.03225834897074E-16));
#6157=DIRECTION('',(2.77555756156289E-16,3.6977854932235E-32,-1.));
#6158=DIRECTION('',(-1.,1.60237371373018E-31,-2.77555756156289E-16));
#6159=DIRECTION('',(1.60237371373018E-31,1.,3.6977854932235E-32));
#6160=DIRECTION('',(-1.,1.60237371373018E-31,-2.77555756156289E-16));
#6161=DIRECTION('',(1.60237371373018E-31,1.,3.6977854932235E-32));
#6162=DIRECTION('',(2.77555756156289E-16,3.6977854932235E-32,-1.));
#6163=DIRECTION('',(-1.,1.60237371373018E-31,-2.77555756156289E-16));
#6164=DIRECTION('',(-6.12323399573678E-17,-1.,-1.23259516440783E-31));
#6165=DIRECTION('',(1.,-1.60237371373018E-31,2.77555756156289E-16));
#6166=DIRECTION('',(-6.12323399573678E-17,-1.,-1.23259516440783E-31));
#6167=DIRECTION('',(-0.707106781186547,-3.59928032085299E-16,-0.707106781186548));
#6168=DIRECTION('',(-0.707106781186548,1.49087072367989E-16,0.707106781186547));
#6169=DIRECTION('',(-1.49087072367989E-16,1.,-3.59928032085299E-16));
#6170=DIRECTION('',(-0.707106781186548,1.49087072367989E-16,0.707106781186547));
#6171=DIRECTION('',(-1.49087072367989E-16,1.,-3.59928032085299E-16));
#6172=DIRECTION('',(-0.707106781186547,-3.59928032085299E-16,-0.707106781186548));
#6173=DIRECTION('',(-0.707106781186548,1.49087072367989E-16,0.707106781186547));
#6174=DIRECTION('',(1.05789269556214E-16,-1.,4.03225834897073E-16));
#6175=DIRECTION('',(0.707106781186548,-1.49087072367989E-16,-0.707106781186547));
#6176=DIRECTION('',(1.05789269556214E-16,-1.,4.03225834897073E-16));
#6177=DIRECTION('',(-4.44089209850063E-16,5.09015104453288E-16,1.));
#6178=DIRECTION('',(-5.09015104453288E-16,1.,-5.09015104453289E-16));
#6179=DIRECTION('',(-5.09015104453288E-16,1.,-5.09015104453289E-16));
#6180=DIRECTION('',(1.,5.09015104453288E-16,4.44089209850063E-16));
#6181=DIRECTION('',(-5.09015104453288E-16,1.,-5.09015104453289E-16));
#6182=DIRECTION('',(-1.,-5.09015104453288E-16,-4.44089209850063E-16));
#6183=DIRECTION('',(-4.44089209850063E-16,5.09015104453288E-16,1.));
#6184=DIRECTION('',(-1.,-5.09015104453288E-16,-4.44089209850063E-16));
#6185=DIRECTION('',(5.09015104453288E-16,-1.,0.));
#6186=DIRECTION('',(-4.44089209850063E-16,5.09015104453288E-16,1.));
#6187=DIRECTION('',(-5.09015104453288E-16,1.,-5.09015104453289E-16));
#6188=DIRECTION('',(-1.,-5.09015104453288E-16,-4.44089209850063E-16));
#6189=DIRECTION('',(-4.44089209850063E-16,5.09015104453288E-16,1.));
#6190=DIRECTION('',(5.09015104453288E-16,-1.,5.70247444410656E-16));
#6191=DIRECTION('',(4.44089209850063E-16,-5.09015104453288E-16,-1.));
#6192=DIRECTION('',(-1.,-5.09015104453288E-16,-4.44089209850063E-16));
#6193=DIRECTION('',(-4.44089209850063E-16,5.09015104453288E-16,1.));
#6194=DIRECTION('',(5.09015104453288E-16,-1.,0.));
#6195=DIRECTION('',(-0.707106781186548,-3.59928032085299E-16,0.707106781186547));
#6196=DIRECTION('',(5.09015104453288E-16,-1.,0.));
#6197=DIRECTION('',(1.,5.09015104453288E-16,0.));
#6198=DIRECTION('',(5.09015104453288E-16,-1.,0.));
#6199=DIRECTION('',(-0.707106781186548,-3.59928032085299E-16,0.707106781186547));
#6200=DIRECTION('',(1.49087072367989E-16,-1.,3.59928032085299E-16));
#6201=DIRECTION('',(-1.,-1.4908707236799E-16,-2.16493489801906E-15));
#6202=DIRECTION('',(5.09015104453288E-16,-1.,0.));
#6203=DIRECTION('',(-1.,-5.09015104453288E-16,-2.77555756156289E-16));
#6204=DIRECTION('',(5.09015104453288E-16,-1.,0.));
#6205=DIRECTION('',(1.,5.09015104453288E-16,0.));
#6206=DIRECTION('',(5.09015104453288E-16,-1.,0.));
#6207=DIRECTION('',(-1.,-5.09015104453288E-16,-2.77555756156289E-16));
#6208=DIRECTION('',(-9.86076131526265E-32,-1.,-1.23259516440783E-31));
#6209=DIRECTION('',(-0.707106781186548,1.72563323017096E-31,-0.707106781186547));
#6210=DIRECTION('',(5.09015104453288E-16,-1.,0.));
#6211=DIRECTION('',(-0.707106781186547,-3.59928032085299E-16,-0.707106781186548));
#6212=DIRECTION('',(5.09015104453288E-16,-1.,0.));
#6213=DIRECTION('',(1.,5.09015104453288E-16,0.));
#6214=DIRECTION('',(5.09015104453288E-16,-1.,0.));
#6215=DIRECTION('',(-0.707106781186547,-3.59928032085299E-16,-0.707106781186548));
#6216=DIRECTION('',(1.49087072367989E-16,-1.,-3.59928032085299E-16));
#6217=DIRECTION('',(2.05391259555654E-15,3.59928032085299E-16,-1.));
#6218=DIRECTION('',(5.09015104453288E-16,-1.,0.));
#6219=DIRECTION('',(2.22044604925032E-16,0.,-1.));
#6220=DIRECTION('',(5.09015104453288E-16,-1.,0.));
#6221=DIRECTION('',(1.,5.09015104453288E-16,0.));
#6222=DIRECTION('',(5.09015104453288E-16,-1.,0.));
#6223=DIRECTION('',(2.22044604925032E-16,0.,-1.));
#6224=DIRECTION('',(5.09015104453289E-16,-1.,-5.09015104453288E-16));
#6225=DIRECTION('',(0.707106781186548,7.19856064170598E-16,-0.707106781186547));
#6226=DIRECTION('',(0.,-1.,-5.09015104453289E-16));
#6227=DIRECTION('',(-0.707106781186548,3.59928032085299E-16,-0.707106781186548));
#6228=DIRECTION('',(0.,-1.,-5.09015104453289E-16));
#6229=DIRECTION('',(0.,5.09015104453289E-16,-1.));
#6230=DIRECTION('',(0.,-1.,-5.09015104453289E-16));
#6231=DIRECTION('',(-0.707106781186548,3.59928032085299E-16,-0.707106781186548));
#6232=DIRECTION('',(3.59928032085299E-16,-1.,-1.49087072367989E-16));
#6233=DIRECTION('',(1.,3.59928032085299E-16,1.27675647831893E-15));
#6234=DIRECTION('',(-3.2387047070199E-32,-1.,-5.09015104453289E-16));
#6235=DIRECTION('',(0.,5.09015104453289E-16,-1.));
#6236=DIRECTION('',(-3.2387047070199E-32,-1.,-5.09015104453289E-16));
#6237=DIRECTION('',(0.,5.09015104453289E-16,-1.));
#6238=DIRECTION('',(-3.2387047070199E-32,-1.,-5.09015104453289E-16));
#6239=DIRECTION('',(0.,5.09015104453289E-16,-1.));
#6240=DIRECTION('',(-3.78786290533046E-15,-1.,-9.14470999845874E-15));
#6241=DIRECTION('',(0.707106781186549,-9.1622718801592E-15,0.707106781186546));
#6242=DIRECTION('',(0.,1.,0.));
#6243=DIRECTION('',(-1.,0.,0.));
#6244=DIRECTION('',(0.,0.,-1.));
#6245=DIRECTION('',(0.,0.,-1.));
#6246=DIRECTION('',(0.,1.,0.));
#6247=DIRECTION('',(-0.707106781186548,0.,-0.707106781186548));
#6248=DIRECTION('',(0.707106781186548,0.,-0.707106781186548));
#6249=DIRECTION('',(0.707106781186548,0.,-0.707106781186548));
#6250=DIRECTION('',(-3.78786290533045E-15,1.,9.14470999845874E-15));
#6251=DIRECTION('',(0.,-9.14470999845874E-15,1.));
#6252=DIRECTION('',(-2.45774233724777E-15,1.,9.86076131526265E-31));
#6253=DIRECTION('',(-1.,-2.45774233724777E-15,0.));
#6254=DIRECTION('',(0.,1.,0.));
#6255=DIRECTION('',(0.,0.,1.));
#6256=DIRECTION('',(2.45774233724777E-15,-1.,-9.86076131526265E-31));
#6257=DIRECTION('',(-0.707106781186547,-2.03606041781316E-15,0.707106781186548));
#6258=DIRECTION('',(0.,1.,0.));
#6259=DIRECTION('',(-0.707106781186548,0.,0.707106781186548));
#6260=DIRECTION('',(0.,1.,0.));
#6261=DIRECTION('',(-0.707106781186548,0.,0.707106781186548));
#6262=DIRECTION('',(-3.59928032085299E-16,1.,1.49087072367989E-16));
#6263=DIRECTION('',(-0.707106781186548,-3.59928032085299E-16,0.707106781186548));
#6264=DIRECTION('',(-0.707106781186548,-1.49087072367989E-16,-0.707106781186548));
#6265=DIRECTION('',(-0.707106781186548,-1.49087072367989E-16,-0.707106781186548));
#6266=DIRECTION('',(-5.09015104453289E-16,1.,5.09015104453288E-16));
#6267=DIRECTION('',(-2.22044604925032E-16,-5.09015104453289E-16,1.));
#6268=DIRECTION('',(-1.,-5.09015104453288E-16,-2.22044604925032E-16));
#6269=DIRECTION('',(-1.,-5.09015104453288E-16,-2.22044604925032E-16));
#6270=DIRECTION('',(-1.49087072367989E-16,1.,3.59928032085299E-16));
#6271=DIRECTION('',(0.707106781186547,-1.4908707236799E-16,0.707106781186548));
#6272=DIRECTION('',(-0.707106781186548,-3.59928032085299E-16,0.707106781186547));
#6273=DIRECTION('',(-0.707106781186548,-3.59928032085299E-16,0.707106781186547));
#6274=DIRECTION('',(1.60237371373018E-31,1.,3.6977854932235E-32));
#6275=DIRECTION('',(1.,-1.60237371373018E-31,2.77555756156289E-16));
#6276=DIRECTION('',(-2.77555756156289E-16,-3.6977854932235E-32,1.));
#6277=DIRECTION('',(-2.77555756156289E-16,-3.6977854932235E-32,1.));
#6278=DIRECTION('',(-1.49087072367989E-16,1.,-3.59928032085299E-16));
#6279=DIRECTION('',(0.707106781186548,-1.49087072367989E-16,-0.707106781186547));
#6280=DIRECTION('',(0.707106781186547,3.59928032085299E-16,0.707106781186548));
#6281=DIRECTION('',(0.707106781186547,3.59928032085299E-16,0.707106781186548));
#6282=DIRECTION('',(-1.,-5.09015104453288E-16,-4.44089209850063E-16));
#6283=DIRECTION('',(5.09015104453288E-16,-1.,0.));
#6284=DIRECTION('',(1.,5.09015104453288E-16,4.44089209850063E-16));
#6285=DIRECTION('',(-5.09015104453288E-16,1.,-5.09015104453289E-16));
#6286=DIRECTION('',(4.44089209850063E-16,-5.09015104453288E-16,-1.));
#6287=DIRECTION('',(1.,5.09015104453288E-16,4.44089209850063E-16));
#6288=DIRECTION('',(-1.49087072367989E-16,1.,-3.59928032085299E-16));
#6289=DIRECTION('',(0.,3.59928032085299E-16,1.));
#6290=DIRECTION('',(9.86076131526265E-32,1.,1.23259516440783E-31));
#6291=DIRECTION('',(0.,-1.23259516440783E-31,1.));
#6292=DIRECTION('',(-1.49087072367989E-16,1.,3.59928032085299E-16));
#6293=DIRECTION('',(0.,-3.59928032085299E-16,1.));
#6294=DIRECTION('',(-5.09015104453289E-16,1.,5.09015104453288E-16));
#6295=DIRECTION('',(-1.,-5.09015104453289E-16,0.));
#6296=DIRECTION('',(-3.59928032085299E-16,1.,1.49087072367989E-16));
#6297=DIRECTION('',(-1.,-3.59928032085299E-16,0.));
#6298=DIRECTION('',(3.78786290533046E-15,1.,9.14470999845874E-15));
#6299=DIRECTION('',(0.,-9.14470999845874E-15,1.));
#6300=DIRECTION('',(-0.707106781186548,0.,0.707106781186547));
#6301=DIRECTION('',(0.,-1.,0.));
#6302=DIRECTION('',(0.,-1.,0.));
#6303=DIRECTION('',(0.707106781186547,0.,0.707106781186548));
#6304=DIRECTION('',(0.,1.,0.));
#6305=DIRECTION('',(0.707106781186547,0.,0.707106781186548));
#6306=DIRECTION('',(-0.707106781186547,0.,-0.707106781186548));
#6307=DIRECTION('',(-0.707106781186548,0.,0.707106781186547));
#6308=DIRECTION('',(-0.707106781186548,0.,0.707106781186547));
#6309=DIRECTION('',(0.,1.,0.));
#6310=DIRECTION('',(0.5,0.707106781186541,-0.5));
#6311=DIRECTION('',(0.,1.,0.));
#6312=DIRECTION('',(0.707106781186548,0.,-0.707106781186547));
#6313=DIRECTION('',(-0.5,-0.707106781186547,0.5));
#6314=DIRECTION('',(0.,1.,0.));
#6315=DIRECTION('',(0.707106781186548,0.,-0.707106781186547));
#6316=DIRECTION('',(0.707106781186547,0.,0.707106781186548));
#6317=DIRECTION('',(0.707106781186548,0.,-0.707106781186547));
#6318=DIRECTION('',(0.,-1.,0.));
#6319=DIRECTION('',(0.707106781186548,0.,-0.707106781186547));
#6320=DIRECTION('',(-0.707106781186548,0.,0.707106781186547));
#6321=DIRECTION('',(0.,1.,0.));
#6322=DIRECTION('',(0.5,0.707106781186547,-0.5));
#6323=DIRECTION('',(-0.707106781186548,0.,0.707106781186547));
#6324=DIRECTION('',(0.,-1.,0.));
#6325=DIRECTION('',(-0.5,-0.707106781186541,0.5));
#6326=DIRECTION('',(-0.707106781186548,0.,0.707106781186547));
#6327=DIRECTION('',(0.,-1.,0.));
#6328=DIRECTION('',(-0.707106781186547,0.,-0.707106781186548));
#6329=DIRECTION('',(0.707106781186547,0.,0.707106781186548));
#6330=DIRECTION('',(0.,-1.,0.));
#6331=DIRECTION('',(1.,0.,0.));
#6332=DIRECTION('',(-0.707106781186547,0.,-0.707106781186548));
#6333=DIRECTION('',(0.707106781186548,0.,-0.707106781186547));
#6334=DIRECTION('',(-0.707106781186547,0.,-0.707106781186548));
#6335=DIRECTION('',(-0.707106781186547,0.,-0.707106781186548));
#6336=DIRECTION('',(0.,-1.,0.));
#6337=DIRECTION('',(1.,0.,0.));
#6338=DIRECTION('',(0.707106781186547,0.,0.707106781186548));
#6339=DIRECTION('',(-0.5,0.707106781186548,0.5));
#6340=DIRECTION('',(-0.707106781186547,0.,-0.707106781186548));
#6341=DIRECTION('',(0.707106781186552,0.,-0.707106781186543));
#6342=DIRECTION('',(0.,1.,0.));
#6343=DIRECTION('',(0.,-1.,0.));
#6344=DIRECTION('',(-0.707106781186543,0.,-0.707106781186552));
#6345=DIRECTION('',(0.,1.,0.));
#6346=DIRECTION('',(-0.707106781186543,0.,-0.707106781186552));
#6347=DIRECTION('',(0.707106781186543,0.,0.707106781186552));
#6348=DIRECTION('',(0.707106781186552,0.,-0.707106781186543));
#6349=DIRECTION('',(0.707106781186552,0.,-0.707106781186543));
#6350=DIRECTION('',(0.,1.,0.));
#6351=DIRECTION('',(-0.5,0.707106781186547,0.5));
#6352=DIRECTION('',(0.,1.,0.));
#6353=DIRECTION('',(0.707106781186552,0.,-0.707106781186543));
#6354=DIRECTION('',(-0.5,0.707106781186548,0.5));
#6355=DIRECTION('',(0.,1.,0.));
#6356=DIRECTION('',(0.707106781186552,0.,-0.707106781186543));
#6357=DIRECTION('',(-0.707106781186543,0.,-0.707106781186552));
#6358=DIRECTION('',(-0.707106781186552,0.,0.707106781186543));
#6359=DIRECTION('',(0.,-1.,0.));
#6360=DIRECTION('',(-0.707106781186552,0.,0.707106781186543));
#6361=DIRECTION('',(-0.707106781186552,0.,0.707106781186543));
#6362=DIRECTION('',(0.,1.,0.));
#6363=DIRECTION('',(0.5,-0.707106781186548,-0.5));
#6364=DIRECTION('',(-0.707106781186552,0.,0.707106781186543));
#6365=DIRECTION('',(0.,-1.,0.));
#6366=DIRECTION('',(0.5,-0.707106781186547,-0.5));
#6367=DIRECTION('',(0.707106781186552,0.,-0.707106781186543));
#6368=DIRECTION('',(0.,1.,0.));
#6369=DIRECTION('',(0.707106781186543,0.,0.707106781186552));
#6370=DIRECTION('',(0.707106781186543,0.,0.707106781186552));
#6371=DIRECTION('',(0.,-1.,0.));
#6372=DIRECTION('',(1.,0.,0.));
#6373=DIRECTION('',(-0.707106781186543,0.,-0.707106781186552));
#6374=DIRECTION('',(0.707106781186552,0.,-0.707106781186543));
#6375=DIRECTION('',(-0.707106781186543,0.,-0.707106781186552));
#6376=DIRECTION('',(0.707106781186543,0.,0.707106781186552));
#6377=DIRECTION('',(0.,-1.,0.));
#6378=DIRECTION('',(1.,0.,0.));
#6379=DIRECTION('',(-0.707106781186543,0.,-0.707106781186552));
#6380=DIRECTION('',(-0.5,-0.707106781186548,0.5));
#6381=DIRECTION('',(0.707106781186543,0.,0.707106781186552));
#6382=DIRECTION('',(-0.0167115712884436,0.,0.999860351941746));
#6383=DIRECTION('',(0.,1.,0.));
#6384=DIRECTION('',(-0.820967947067027,0.570809379841772,-0.0137215805650198));
#6385=DIRECTION('',(-0.0167115712884436,0.,0.999860351941746));
#6386=DIRECTION('',(-0.999860351941746,0.,-0.0167115712884436));
#6387=DIRECTION('',(-0.992217173025474,0.,0.124519402316812));
#6388=DIRECTION('',(0.,1.,0.));
#6389=DIRECTION('',(-0.106134567141143,-0.522965825105594,-0.845719929663117));
#6390=DIRECTION('',(-0.992217173025474,0.,0.124519402316812));
#6391=DIRECTION('',(-0.124519402316812,0.,-0.992217173025474));
#6392=DIRECTION('',(0.0707188201425836,0.,-0.99749628995683));
#6393=DIRECTION('',(0.,1.,0.));
#6394=DIRECTION('',(0.834306357464668,0.54811884447334,0.0591492538181885));
#6395=DIRECTION('',(0.0707188201425836,0.,-0.99749628995683));
#6396=DIRECTION('',(0.99749628995683,0.,0.0707188201425837));
#6397=DIRECTION('',(0.99749628995683,0.,-0.0707188201425796));
#6398=DIRECTION('',(0.,1.,0.));
#6399=DIRECTION('',(0.0591492538181851,-0.548118844473341,0.834306357464667));
#6400=DIRECTION('',(0.99749628995683,0.,-0.0707188201425796));
#6401=DIRECTION('',(0.0707188201425796,0.,0.997496289956831));
#6402=DIRECTION('',(-0.5,-0.707106781186548,0.5));
#6403=DIRECTION('',(0.707106781186543,0.,0.707106781186552));
#6404=DIRECTION('',(0.5,-0.707106781186554,-0.5));
#6405=DIRECTION('',(-0.707106781186547,0.,-0.707106781186548));
#6406=DIRECTION('',(0.,1.,0.));
#6407=DIRECTION('',(0.,0.,1.));
#6408=DIRECTION('',(-0.707106781186552,0.,0.707106781186543));
#6409=DIRECTION('',(-0.707106781186543,0.,-0.707106781186552));
#6410=DIRECTION('',(-0.707106781186552,0.,0.707106781186543));
#6411=DIRECTION('',(-0.707106781186543,0.,-0.707106781186552));
#6412=DIRECTION('',(-0.707106781186552,0.,0.707106781186543));
#6413=DIRECTION('',(-0.707106781186552,0.,0.707106781186543));
#6414=DIRECTION('',(0.,-1.,0.));
#6415=DIRECTION('',(0.,-1.,0.));
#6416=DIRECTION('',(0.,0.,-1.));
#6417=DIRECTION('',(-0.707106781186552,0.,0.707106781186543));
#6418=DIRECTION('',(0.707106781186543,0.,0.707106781186552));
#6419=DIRECTION('',(0.44044167999071,-0.782318511256073,0.440441679990715));
#6420=DIRECTION('',(0.,-0.490589096896003,-0.871391036221261));
#6421=DIRECTION('',(-0.707106781186552,0.,0.707106781186543));
#6422=DIRECTION('',(0.55318272435693,0.622878597277256,0.553182724356937));
#6423=DIRECTION('',(0.551601446986446,0.625676983246875,0.551601446986453));
#6424=DIRECTION('',(0.,-0.661307133681574,0.750115241107566));
#6425=DIRECTION('',(-0.707106781186552,0.,0.707106781186543));
#6426=DIRECTION('',(-0.442420437686205,0.780082247352861,-0.44242043768621));
#6427=DIRECTION('',(-0.443005130641773,0.779418314161354,-0.443005130641778));
#6428=DIRECTION('',(0.,0.494139101261362,0.869382855021085));
#6429=DIRECTION('',(-0.707106781186552,0.,0.707106781186543));
#6430=DIRECTION('',(-0.551131975324477,-0.626503863954463,-0.551131975324484));
#6431=DIRECTION('',(-0.707106781186552,0.,0.707106781186543));
#6432=DIRECTION('',(0.481828411076788,-0.731903521345833,0.481828411076794));
#6433=DIRECTION('',(-0.707106781186552,0.,0.707106781186543));
#6434=DIRECTION('',(-0.707106781186552,0.,0.707106781186543));
#6435=DIRECTION('',(0.707106781186543,0.,0.707106781186552));
#6436=DIRECTION('',(0.706754470647294,-0.0315632133997073,0.706754470647302));
#6437=DIRECTION('',(0.707106781186552,0.,-0.707106781186543));
#6438=DIRECTION('',(-0.707106781186552,0.,0.707106781186543));
#6439=DIRECTION('',(0.022318562230971,0.999501757657226,0.0223185622309713));
#6440=DIRECTION('',(0.706919151021222,-0.0230353606192504,0.70691915102123));
#6441=DIRECTION('',(0.707106781186552,0.,-0.707106781186543));
#6442=DIRECTION('',(-0.707106781186552,0.,0.707106781186543));
#6443=DIRECTION('',(0.0162884597009494,0.999734650875492,0.0162884597009497));
#6444=DIRECTION('',(0.707106781186543,0.,0.707106781186552));
#6445=DIRECTION('',(0.707106781186552,0.,-0.707106781186543));
#6446=DIRECTION('',(0.,1.,0.));
#6447=DIRECTION('',(-0.707106781186552,0.,0.707106781186543));
#6448=DIRECTION('',(0.,-1.,0.));
#6449=DIRECTION('',(0.,1.,0.));
#6450=DIRECTION('',(0.,0.,1.));
#6451=DIRECTION('',(0.,0.,1.));
#6452=DIRECTION('',(-1.,0.,0.));
#6453=DIRECTION('',(0.,0.,1.));
#6454=DIRECTION('',(-1.,0.,0.));
#6455=DIRECTION('',(0.,0.,1.));
#6456=DIRECTION('',(0.,0.,1.));
#6457=DIRECTION('',(0.,-1.,0.));
#6458=DIRECTION('',(0.,-1.,0.));
#6459=DIRECTION('',(0.,0.,-1.));
#6460=DIRECTION('',(0.,0.,1.));
#6461=DIRECTION('',(1.,0.,0.));
#6462=DIRECTION('',(-1.,0.,0.));
#6463=DIRECTION('',(0.,0.,1.));
#6464=DIRECTION('',(0.,0.,1.));
#6465=DIRECTION('',(0.,-1.,0.));
#6466=DIRECTION('',(-0.685094146538793,0.728454535560238,0.));
#6467=DIRECTION('',(-0.728454535560238,-0.685094146538793,0.));
#6468=DIRECTION('',(0.,0.,1.));
#6469=DIRECTION('',(-0.728454535560238,-0.685094146538793,0.));
#6470=DIRECTION('',(0.,0.,1.));
#6471=DIRECTION('',(0.,0.,1.));
#6472=DIRECTION('',(0.857765088088931,-0.514041879282018,0.));
#6473=DIRECTION('',(0.,0.,1.));
#6474=DIRECTION('',(0.,0.,1.));
#6475=DIRECTION('',(1.,0.,0.));
#6476=DIRECTION('',(0.,0.,1.));
#6477=DIRECTION('',(0.982543411894088,-0.186033447916025,0.));
#6478=DIRECTION('',(0.,0.,1.));
#6479=DIRECTION('',(0.,0.,1.));
#6480=DIRECTION('',(1.,0.,0.));
#6481=DIRECTION('',(0.,0.,1.));
#6482=DIRECTION('',(0.961352124336415,0.27532179905315,0.));
#6483=DIRECTION('',(0.,0.,1.));
#6484=DIRECTION('',(0.,0.,1.));
#6485=DIRECTION('',(1.,0.,0.));
#6486=DIRECTION('',(0.,0.,1.));
#6487=DIRECTION('',(0.654515504631435,0.75604857925735,0.));
#6488=DIRECTION('',(0.,0.,1.));
#6489=DIRECTION('',(0.,0.,1.));
#6490=DIRECTION('',(1.,0.,0.));
#6491=DIRECTION('',(0.,0.,1.));
#6492=DIRECTION('',(0.,0.,1.));
#6493=DIRECTION('',(-0.111930092907648,0.993716083346589,0.));
#6494=DIRECTION('',(0.,0.,1.));
#6495=DIRECTION('',(0.,0.,1.));
#6496=DIRECTION('',(1.,0.,0.));
#6497=DIRECTION('',(0.,0.,1.));
#6498=DIRECTION('',(-0.353900415013559,0.935283110214886,0.));
#6499=DIRECTION('',(0.,0.,1.));
#6500=DIRECTION('',(0.,0.,1.));
#6501=DIRECTION('',(1.,0.,0.));
#6502=DIRECTION('',(0.,0.,1.));
#6503=DIRECTION('',(0.764177934716486,0.645005491521154,0.));
#6504=DIRECTION('',(-0.645005491521154,0.764177934716486,0.));
#6505=DIRECTION('',(0.,0.,1.));
#6506=DIRECTION('',(-0.645005491521154,0.764177934716486,0.));
#6507=DIRECTION('',(0.,0.,1.));
#6508=DIRECTION('',(-0.549731241645334,0.835341583999671,0.));
#6509=DIRECTION('',(0.,0.,1.));
#6510=DIRECTION('',(0.,0.,1.));
#6511=DIRECTION('',(1.,0.,0.));
#6512=DIRECTION('',(0.,0.,1.));
#6513=DIRECTION('',(-0.228639677966442,0.973511118405641,0.));
#6514=DIRECTION('',(0.,0.,1.));
#6515=DIRECTION('',(0.,0.,1.));
#6516=DIRECTION('',(1.,0.,0.));
#6517=DIRECTION('',(0.,0.,1.));
#6518=DIRECTION('',(0.,0.,1.));
#6519=DIRECTION('',(0.,0.,1.));
#6520=DIRECTION('',(0.981774763306691,-0.190048188978719,0.));
#6521=DIRECTION('',(0.,0.,1.));
#6522=DIRECTION('',(0.,0.,1.));
#6523=DIRECTION('',(1.,0.,0.));
#6524=DIRECTION('',(0.,0.,1.));
#6525=DIRECTION('',(0.860251396364236,-0.50987011586617,0.));
#6526=DIRECTION('',(0.,0.,1.));
#6527=DIRECTION('',(0.,0.,1.));
#6528=DIRECTION('',(1.,0.,0.));
#6529=DIRECTION('',(0.,0.,1.));
#6530=DIRECTION('',(0.710776811114328,-0.703417603406502,0.));
#6531=DIRECTION('',(0.703417603406502,0.710776811114328,0.));
#6532=DIRECTION('',(0.,0.,1.));
#6533=DIRECTION('',(0.703417603406502,0.710776811114328,0.));
#6534=DIRECTION('',(1.,0.,0.));
#6535=DIRECTION('',(0.,0.,-1.));
#6536=DIRECTION('',(0.,1.,0.));
#6537=DIRECTION('',(0.,0.,1.));
#6538=DIRECTION('',(1.,0.,0.));
#6539=DIRECTION('',(0.707106781186548,0.,0.707106781186548));
#6540=DIRECTION('',(0.707106781186548,0.,0.707106781186548));
#6541=DIRECTION('',(0.707106781186548,0.,0.707106781186548));
#6542=DIRECTION('',(0.707106781186548,0.,0.707106781186548));
#6543=DIRECTION('',(0.707106781186548,0.,0.707106781186548));
#6544=DIRECTION('',(0.58685070916535,0.557864222104494,-0.58685070916535));
#6545=DIRECTION('',(-0.707106781186548,0.,-0.707106781186548));
#6546=DIRECTION('',(0.707106781186548,0.,0.707106781186548));
#6547=DIRECTION('',(-0.394469574431446,0.829932231989906,0.394469574431446));
#6548=DIRECTION('',(0.707106781186548,0.,0.707106781186548));
#6549=DIRECTION('',(-0.312352818887499,0.897146271834235,0.312352818887499));
#6550=DIRECTION('',(0.707106781186548,0.,0.707106781186548));
#6551=DIRECTION('',(0.707106781186548,0.,0.707106781186548));
#6552=DIRECTION('',(0.707106781186548,0.,-0.707106781186548));
#6553=DIRECTION('',(0.707106781186548,0.,0.707106781186548));
#6554=DIRECTION('',(-0.112721600492318,0.987212075273039,0.112721600492318));
#6555=DIRECTION('',(0.707106781186548,0.,0.707106781186548));
#6556=DIRECTION('',(0.707106781186548,0.,0.707106781186548));
#6557=DIRECTION('',(0.707106781186548,0.,-0.707106781186548));
#6558=DIRECTION('',(0.707106781186548,0.,0.707106781186548));
#6559=DIRECTION('',(0.707106781186548,0.,0.707106781186548));
#6560=DIRECTION('',(0.707106781186548,0.,0.707106781186548));
#6561=DIRECTION('',(0.,-1.,0.));
#6562=DIRECTION('',(0.,0.,-1.));
#6563=DIRECTION('',(0.707106781186548,0.,0.707106781186548));
#6564=DIRECTION('',(0.707106781186548,0.,-0.707106781186548));
#6565=DIRECTION('',(0.707106781186548,0.,-0.707106781186548));
#6566=DIRECTION('',(-0.707106781186548,0.,-0.707106781186548));
#6567=DIRECTION('',(0.707106781186548,0.,0.707106781186548));
#6568=DIRECTION('',(0.,1.,0.));
#6569=DIRECTION('',(0.,1.,0.));
#6570=DIRECTION('',(0.,0.,1.));
#6571=DIRECTION('',(0.707106781186548,0.,0.707106781186548));
#6572=DIRECTION('',(-0.707106781186548,0.,0.707106781186548));
#6573=DIRECTION('',(0.707106781186548,0.,0.707106781186548));
#6574=DIRECTION('',(0.707106781186548,0.,0.707106781186548));
#6575=DIRECTION('',(0.707106781186548,0.,0.707106781186548));
#6576=DIRECTION('',(0.707106781186548,0.,0.707106781186548));
#6577=DIRECTION('',(0.707106781186548,0.,0.707106781186548));
#6578=DIRECTION('',(-0.0929982855193455,-0.991313592048916,0.0929982855193455));
#6579=DIRECTION('',(0.707106781186548,0.,0.707106781186548));
#6580=DIRECTION('',(0.707106781186548,0.,0.707106781186548));
#6581=DIRECTION('',(0.707106781186548,0.,-0.707106781186548));
#6582=DIRECTION('',(0.707106781186548,0.,0.707106781186548));
#6583=DIRECTION('',(-0.249001387328627,-0.93594690993498,0.249001387328627));
#6584=DIRECTION('',(0.707106781186548,0.,0.707106781186548));
#6585=DIRECTION('',(0.707106781186548,0.,0.707106781186548));
#6586=DIRECTION('',(0.707106781186548,0.,-0.707106781186548));
#6587=DIRECTION('',(0.707106781186548,0.,-0.707106781186548));
#6588=DIRECTION('',(-0.707106781186548,0.,-0.707106781186548));
#6589=DIRECTION('',(0.707106781186548,0.,0.707106781186548));
#6590=DIRECTION('',(0.,1.,0.));
#6591=DIRECTION('',(0.707106781186548,0.,0.707106781186548));
#6592=DIRECTION('',(0.707106781186548,0.,0.707106781186548));
#6593=DIRECTION('',(0.707106781186548,0.,0.707106781186548));
#6594=DIRECTION('',(0.707106781186548,0.,0.707106781186548));
#6595=DIRECTION('',(0.707106781186548,0.,0.707106781186548));
#6596=DIRECTION('',(-0.707106781186548,0.,0.707106781186548));
#6597=DIRECTION('',(0.707106781186548,0.,0.707106781186548));
#6598=DIRECTION('',(0.707106781186548,0.,0.707106781186548));
#6599=DIRECTION('',(0.,-1.,0.));
#6600=DIRECTION('',(0.707106781186548,0.,0.707106781186548));
#6601=DIRECTION('',(0.,1.,0.));
#6602=DIRECTION('',(2.23957251106432E-16,0.,-1.));
#6603=DIRECTION('',(-1.,0.,-2.23957251106432E-16));
#6604=DIRECTION('',(0.,1.,0.));
#6605=DIRECTION('',(1.,0.,2.23957251106432E-16));
#6606=DIRECTION('',(0.,1.,0.));
#6607=DIRECTION('',(1.,0.,2.23957251106432E-16));
#6608=DIRECTION('',(0.,-1.,0.));
#6609=DIRECTION('',(0.,0.,-1.));
#6610=DIRECTION('',(2.23957251106432E-16,0.,-1.));
#6611=DIRECTION('',(1.,0.,2.23957251106432E-16));
#6612=DIRECTION('',(2.23957251106432E-16,0.,-1.));
#6613=DIRECTION('',(-1.86751186212135E-16,0.551961204584702,0.833869791174501));
#6614=DIRECTION('',(0.,-0.833869791174501,0.551961204584702));
#6615=DIRECTION('',(-1.23615714096185E-16,-0.833869791174501,0.551961204584702));
#6616=DIRECTION('',(1.,0.,2.23957251106432E-16));
#6617=DIRECTION('',(-1.23615714096185E-16,-0.833869791174501,0.551961204584702));
#6618=DIRECTION('',(1.,0.,2.23957251106432E-16));
#6619=DIRECTION('',(1.4327676361414E-16,-0.485520667757213,-0.874225189056338));
#6620=DIRECTION('',(1.,0.,2.23957251106432E-16));
#6621=DIRECTION('',(2.23957251106432E-16,0.,-1.));
#6622=DIRECTION('',(1.,0.,2.23957251106432E-16));
#6623=DIRECTION('',(1.,0.,2.23957251106432E-16));
#6624=DIRECTION('',(2.23957251106432E-16,0.,-1.));
#6625=DIRECTION('',(0.,1.,0.));
#6626=DIRECTION('',(0.,0.,1.));
#6627=DIRECTION('',(-2.23957251106432E-16,0.,1.));
#6628=DIRECTION('',(1.,0.,2.23957251106432E-16));
#6629=DIRECTION('',(-2.23957251106432E-16,0.,1.));
#6630=DIRECTION('',(1.,0.,2.23957251106432E-16));
#6631=DIRECTION('',(-2.14775840251937E-16,0.063525906363043,0.997980189793742));
#6632=DIRECTION('',(1.,0.,2.23957251106432E-16));
#6633=DIRECTION('',(2.23957251106432E-16,0.,-1.));
#6634=DIRECTION('',(1.,0.,2.23957251106432E-16));
#6635=DIRECTION('',(1.,0.,2.23957251106432E-16));
#6636=DIRECTION('',(2.23957251106432E-16,0.,-1.));
#6637=DIRECTION('',(0.,1.,0.));
#6638=DIRECTION('',(0.,0.,1.));
#6639=DIRECTION('',(1.,0.,2.23957251106432E-16));
#6640=DIRECTION('',(-2.23957251106432E-16,0.,1.));
#6641=DIRECTION('',(1.,0.,2.23957251106432E-16));
#6642=DIRECTION('',(-2.23957251106432E-16,0.,1.));
#6643=DIRECTION('',(1.,0.,2.23957251106432E-16));
#6644=DIRECTION('',(1.,0.,2.23957251106432E-16));
#6645=DIRECTION('',(0.,-1.,0.));
#6646=DIRECTION('',(0.,-1.,0.));
#6647=DIRECTION('',(0.,0.,-1.));
#6648=DIRECTION('',(1.,0.,2.23957251106432E-16));
#6649=DIRECTION('',(2.23957251106432E-16,0.,-1.));
#6650=DIRECTION('',(-2.23957251106432E-16,0.,1.));
#6651=DIRECTION('',(1.,0.,2.23957251106432E-16));
#6652=DIRECTION('',(1.,0.,2.23957251106432E-16));
#6653=DIRECTION('',(0.,-1.,0.));
#6654=DIRECTION('',(0.,-1.,0.));
#6655=DIRECTION('',(0.,0.,-1.));
#6656=DIRECTION('',(1.,0.,2.23957251106432E-16));
#6657=DIRECTION('',(2.23957251106432E-16,0.,-1.));
#6658=DIRECTION('',(1.85254567269675E-16,-0.561926478400913,-0.827187181278789));
#6659=DIRECTION('',(0.,0.827187181278789,-0.561926478400913));
#6660=DIRECTION('',(1.,0.,2.23957251106432E-16));
#6661=DIRECTION('',(1.25847509426586E-16,0.827187181278789,-0.561926478400913));
#6662=DIRECTION('',(2.23957251106432E-16,0.,-1.));
#6663=DIRECTION('',(-1.,0.,-2.23957251106432E-16));
#6664=DIRECTION('',(1.,0.,2.23957251106432E-16));
#6665=DIRECTION('',(0.,1.,0.));
#6666=DIRECTION('',(0.,1.,0.));
#6667=DIRECTION('',(0.,0.,1.));
#6668=DIRECTION('',(1.,0.,2.23957251106432E-16));
#6669=DIRECTION('',(-2.23957251106432E-16,0.,1.));
#6670=DIRECTION('',(2.23957251106432E-16,0.,-1.));
#6671=DIRECTION('',(-1.,0.,-2.23957251106432E-16));
#6672=DIRECTION('',(1.,0.,2.23957251106432E-16));
#6673=DIRECTION('',(0.,1.,0.));
#6674=DIRECTION('',(0.,1.,0.));
#6675=DIRECTION('',(0.,0.,1.));
#6676=DIRECTION('',(1.,0.,2.23957251106432E-16));
#6677=DIRECTION('',(-2.23957251106432E-16,0.,1.));
#6678=DIRECTION('',(-2.23957251106432E-16,0.,1.));
#6679=DIRECTION('',(1.,0.,2.23957251106432E-16));
#6680=DIRECTION('',(0.,-1.,0.));
#6681=DIRECTION('',(1.,0.,2.23957251106432E-16));
#6682=DIRECTION('',(-2.3930848655007E-16,0.0264681921992022,0.999649656030405));
#6683=DIRECTION('',(1.,0.,2.23957251106432E-16));
#6684=DIRECTION('',(2.23957251106432E-16,0.,-1.));
#6685=DIRECTION('',(1.,0.,2.23957251106432E-16));
#6686=DIRECTION('',(2.23957251106432E-16,0.,-1.));
#6687=DIRECTION('',(1.,0.,2.23957251106432E-16));
#6688=DIRECTION('',(0.,1.,0.));
#6689=DIRECTION('',(-1.,0.,-2.23957251106432E-16));
#6690=DIRECTION('',(-2.23957251106432E-16,0.,1.));
#6691=DIRECTION('',(0.707106781186548,0.,-0.707106781186547));
#6692=DIRECTION('',(0.707106781186548,0.,-0.707106781186547));
#6693=DIRECTION('',(0.707106781186548,0.,-0.707106781186547));
#6694=DIRECTION('',(0.0702005714095474,0.995059676375013,0.0702005714095479));
#6695=DIRECTION('',(0.707106781186548,0.,-0.707106781186547));
#6696=DIRECTION('',(0.707106781186548,0.,-0.707106781186547));
#6697=DIRECTION('',(-0.707106781186547,0.,-0.707106781186548));
#6698=DIRECTION('',(-0.139897715509192,-0.980233267335188,-0.139897715509192));
#6699=DIRECTION('',(0.,0.141287138823036,-0.989968658293383));
#6700=DIRECTION('',(0.707106781186548,0.,-0.707106781186547));
#6701=DIRECTION('',(-0.693129590477357,0.197845246618113,-0.693129590477358));
#6702=DIRECTION('',(0.704026547201915,0.093237555040339,0.704026547201915));
#6703=DIRECTION('',(0.707106781186548,0.,-0.707106781186547));
#6704=DIRECTION('',(0.707106781186548,0.,-0.707106781186547));
#6705=DIRECTION('',(0.0659289074302776,-0.99564389132365,0.0659289074302777));
#6706=DIRECTION('',(0.,1.,0.));
#6707=DIRECTION('',(0.,0.,1.));
#6708=DIRECTION('',(0.707106781186548,0.,-0.707106781186547));
#6709=DIRECTION('',(0.707106781186547,0.,0.707106781186548));
#6710=DIRECTION('',(0.707106781186547,0.,0.707106781186548));
#6711=DIRECTION('',(0.707106781186548,0.,-0.707106781186547));
#6712=DIRECTION('',(0.707106781186548,0.,-0.707106781186547));
#6713=DIRECTION('',(0.,-1.,0.));
#6714=DIRECTION('',(0.,-1.,0.));
#6715=DIRECTION('',(0.,0.,-1.));
#6716=DIRECTION('',(0.707106781186548,0.,-0.707106781186547));
#6717=DIRECTION('',(-0.707106781186547,0.,-0.707106781186548));
#6718=DIRECTION('',(-0.705184697193599,-0.0736823295501951,-0.7051846971936));
#6719=DIRECTION('',(-0.707106781186548,0.,0.707106781186547));
#6720=DIRECTION('',(0.707106781186548,0.,-0.707106781186547));
#6721=DIRECTION('',(-0.0521012748785648,0.997281762749152,-0.0521012748785649));
#6722=DIRECTION('',(-0.334853274291917,0.880764763936412,-0.334853274291917));
#6723=DIRECTION('',(0.,0.355368603490413,0.934726246370173));
#6724=DIRECTION('',(0.707106781186548,0.,-0.707106781186547));
#6725=DIRECTION('',(0.622794737209606,0.473554041908668,0.622794737209606));
#6726=DIRECTION('',(0.707106781186548,0.,-0.707106781186547));
#6727=DIRECTION('',(0.153988054580414,0.975999671154186,0.153988054580414));
#6728=DIRECTION('',(0.707106781186548,0.,-0.707106781186547));
#6729=DIRECTION('',(0.707106781186548,0.,-0.707106781186547));
#6730=DIRECTION('',(-0.707106781186547,0.,-0.707106781186548));
#6731=DIRECTION('',(0.707106781186548,0.,-0.707106781186547));
#6732=DIRECTION('',(0.0617306003403123,0.996182044589868,0.0617306003403132));
#6733=DIRECTION('',(0.707106781186548,0.,-0.707106781186547));
#6734=DIRECTION('',(0.707106781186548,0.,-0.707106781186547));
#6735=DIRECTION('',(-0.707106781186547,0.,-0.707106781186548));
#6736=DIRECTION('',(0.707106781186548,0.,-0.707106781186547));
#6737=DIRECTION('',(0.707106781186548,0.,-0.707106781186547));
#6738=DIRECTION('',(0.707106781186548,0.,-0.707106781186547));
#6739=DIRECTION('',(0.0915013249117957,-0.991592161666666,0.0915013249117957));
#6740=DIRECTION('',(0.707106781186548,0.,-0.707106781186547));
#6741=DIRECTION('',(0.707106781186548,0.,-0.707106781186547));
#6742=DIRECTION('',(-0.707106781186547,0.,-0.707106781186548));
#6743=DIRECTION('',(0.707106781186548,0.,-0.707106781186547));
#6744=DIRECTION('',(0.249413748167438,-0.935727291709577,0.249413748167439));
#6745=DIRECTION('',(0.707106781186548,0.,-0.707106781186547));
#6746=DIRECTION('',(0.707106781186548,0.,-0.707106781186547));
#6747=DIRECTION('',(-0.707106781186547,0.,-0.707106781186548));
#6748=DIRECTION('',(-0.707106781186547,0.,-0.707106781186548));
#6749=DIRECTION('',(-0.707106781186548,0.,0.707106781186547));
#6750=DIRECTION('',(0.707106781186548,0.,-0.707106781186547));
#6751=DIRECTION('',(0.,1.,0.));
#6752=DIRECTION('',(0.707106781186548,0.,-0.707106781186547));
#6753=DIRECTION('',(0.707106781186548,0.,-0.707106781186547));
#6754=DIRECTION('',(0.707106781186548,0.,-0.707106781186547));
#6755=DIRECTION('',(0.707106781186548,0.,-0.707106781186547));
#6756=DIRECTION('',(0.,1.,0.));
#6757=DIRECTION('',(0.,0.,-1.));
#6758=DIRECTION('',(0.,0.,-1.));
#6759=DIRECTION('',(0.,0.,-1.));
#6760=DIRECTION('',(0.,0.,-1.));
#6761=DIRECTION('',(0.,0.,-1.));
#6762=DIRECTION('',(0.,0.,-1.));
#6763=DIRECTION('',(0.357559138292441,0.933890498197496,0.));
#6764=DIRECTION('',(0.,0.,-1.));
#6765=DIRECTION('',(-1.,0.,0.));
#6766=DIRECTION('',(0.,0.,-1.));
#6767=DIRECTION('',(0.,0.,-1.));
#6768=DIRECTION('',(-1.,0.,0.));
#6769=DIRECTION('',(0.,0.,-1.));
#6770=DIRECTION('',(0.,0.,-1.));
#6771=DIRECTION('',(0.,0.,-1.));
#6772=DIRECTION('',(0.,0.,-1.));
#6773=DIRECTION('',(0.,0.,-1.));
#6774=DIRECTION('',(0.,0.,-1.));
#6775=DIRECTION('',(0.,0.,-1.));
#6776=DIRECTION('',(0.,0.,-1.));
#6777=DIRECTION('',(0.,0.,-1.));
#6778=DIRECTION('',(0.,0.,-1.));
#6779=DIRECTION('',(0.,0.,-1.));
#6780=DIRECTION('',(0.,0.,-1.));
#6781=DIRECTION('',(0.,-1.,0.));
#6782=DIRECTION('',(0.,0.,-1.));
#6783=DIRECTION('',(0.,0.,-1.));
#6784=DIRECTION('',(-1.,0.,0.));
#6785=DIRECTION('',(0.,0.,-1.));
#6786=DIRECTION('',(0.,0.,-1.));
#6787=DIRECTION('',(0.688618767859394,0.725123570539401,0.));
#6788=DIRECTION('',(0.,0.,-1.));
#6789=DIRECTION('',(0.,0.,-1.));
#6790=DIRECTION('',(-1.,0.,0.));
#6791=DIRECTION('',(0.,0.,-1.));
#6792=DIRECTION('',(0.,0.,-1.));
#6793=DIRECTION('',(-0.112933090148243,0.993602595180573,0.));
#6794=DIRECTION('',(0.,0.,-1.));
#6795=DIRECTION('',(0.,0.,-1.));
#6796=DIRECTION('',(-1.,0.,0.));
#6797=DIRECTION('',(1.,0.,0.));
#6798=DIRECTION('',(0.,0.,-1.));
#6799=DIRECTION('',(0.,0.,-1.));
#6800=DIRECTION('',(0.,-1.,0.));
#6801=DIRECTION('',(0.,0.,-1.));
#6802=DIRECTION('',(0.,0.,-1.));
#6803=DIRECTION('',(1.,0.,0.));
#6804=DIRECTION('',(0.,0.,1.));
#6805=DIRECTION('',(1.,0.,0.));
#6806=DIRECTION('',(-0.642984379222309,-0.416103564214732,0.642984379222309));
#6807=DIRECTION('',(0.707106781186547,0.,0.707106781186548));
#6808=DIRECTION('',(-0.707106781186547,0.,-0.707106781186548));
#6809=DIRECTION('',(-0.294229651932129,0.909317229490235,0.294229651932129));
#6810=DIRECTION('',(-0.707106781186547,0.,-0.707106781186548));
#6811=DIRECTION('',(0.,1.,0.));
#6812=DIRECTION('',(0.,0.,1.));
#6813=DIRECTION('',(-0.707106781186547,0.,-0.707106781186548));
#6814=DIRECTION('',(0.707106781186548,0.,-0.707106781186547));
#6815=DIRECTION('',(0.647986363321117,0.400284081496813,-0.647986363321117));
#6816=DIRECTION('',(-0.707106781186547,0.,-0.707106781186548));
#6817=DIRECTION('',(-0.707106781186547,0.,-0.707106781186548));
#6818=DIRECTION('',(0.283043588427425,-0.916391103241543,-0.283043588427425));
#6819=DIRECTION('',(0.707106781186548,0.,-0.707106781186547));
#6820=DIRECTION('',(-0.707106781186547,0.,-0.707106781186548));
#6821=DIRECTION('',(-0.707106781186547,0.,-0.707106781186548));
#6822=DIRECTION('',(0.,-1.,0.));
#6823=DIRECTION('',(0.,-1.,0.));
#6824=DIRECTION('',(0.,0.,-1.));
#6825=DIRECTION('',(-0.707106781186547,0.,-0.707106781186548));
#6826=DIRECTION('',(-0.707106781186548,0.,0.707106781186547));
#6827=DIRECTION('',(-0.707106781186548,0.,0.707106781186547));
#6828=DIRECTION('',(0.707106781186547,0.,0.707106781186548));
#6829=DIRECTION('',(-0.707106781186547,0.,-0.707106781186548));
#6830=DIRECTION('',(0.,1.,0.));
#6831=DIRECTION('',(0.,1.,0.));
#6832=DIRECTION('',(0.,0.,1.));
#6833=DIRECTION('',(0.707106781186548,0.,-0.707106781186547));
#6834=DIRECTION('',(-0.707106781186547,0.,-0.707106781186548));
#6835=DIRECTION('',(0.,-1.,0.));
#6836=DIRECTION('',(-1.,0.,5.01664242478407E-15));
#6837=DIRECTION('',(-1.,0.,5.01664242478407E-15));
#6838=DIRECTION('',(-1.,0.,5.01664242478407E-15));
#6839=DIRECTION('',(-1.,0.,5.01664242478407E-15));
#6840=DIRECTION('',(0.,0.422499033313724,0.906363374618022));
#6841=DIRECTION('',(-1.,0.,5.01664242478407E-15));
#6842=DIRECTION('',(5.01664242478407E-15,0.,1.));
#6843=DIRECTION('',(-1.,0.,5.01664242478407E-15));
#6844=DIRECTION('',(-1.,0.,5.01664242478407E-15));
#6845=DIRECTION('',(5.01664242478407E-15,0.,1.));
#6846=DIRECTION('',(-1.,0.,5.01664242478407E-15));
#6847=DIRECTION('',(7.47896855639796E-15,-0.331698759377182,0.943385357649586));
#6848=DIRECTION('',(-1.,0.,5.01664242478407E-15));
#6849=DIRECTION('',(5.01664242478407E-15,0.,1.));
#6850=DIRECTION('',(-1.,0.,5.01664242478407E-15));
#6851=DIRECTION('',(-1.,0.,5.01664242478407E-15));
#6852=DIRECTION('',(5.01664242478407E-15,0.,1.));
#6853=DIRECTION('',(-1.,0.,5.01664242478407E-15));
#6854=DIRECTION('',(-1.,0.,5.01664242478407E-15));
#6855=DIRECTION('',(-1.,0.,5.01664242478407E-15));
#6856=DIRECTION('',(-7.72324612624002E-15,-0.336672297489013,-0.941621879579839));
#6857=DIRECTION('',(-1.,0.,5.01664242478407E-15));
#6858=DIRECTION('',(5.01664242478407E-15,0.,1.));
#6859=DIRECTION('',(-1.,0.,5.01664242478407E-15));
#6860=DIRECTION('',(-1.,0.,5.01664242478407E-15));
#6861=DIRECTION('',(5.01664242478407E-15,0.,1.));
#6862=DIRECTION('',(-1.,0.,5.01664242478407E-15));
#6863=DIRECTION('',(-1.,0.,5.01664242478407E-15));
#6864=DIRECTION('',(-1.,0.,5.01664242478407E-15));
#6865=DIRECTION('',(-1.,0.,5.01664242478407E-15));
#6866=DIRECTION('',(-1.,0.,5.01664242478407E-15));
#6867=DIRECTION('',(-1.,0.,5.01664242478407E-15));
#6868=DIRECTION('',(7.80382134888613E-15,-0.405898171563931,0.9139183083411));
#6869=DIRECTION('',(-1.,0.,5.01664242478407E-15));
#6870=DIRECTION('',(5.01664242478407E-15,0.,1.));
#6871=DIRECTION('',(-1.,0.,5.01664242478407E-15));
#6872=DIRECTION('',(-1.,0.,5.01664242478407E-15));
#6873=DIRECTION('',(5.01664242478407E-15,0.,1.));
#6874=DIRECTION('',(-1.,0.,5.01664242478407E-15));
#6875=DIRECTION('',(-1.,0.,5.01664242478407E-15));
#6876=DIRECTION('',(-1.,0.,5.01664242478407E-15));
#6877=DIRECTION('',(-1.,0.,5.01664242478407E-15));
#6878=DIRECTION('',(-1.,0.,5.01664242478407E-15));
#6879=DIRECTION('',(-1.,0.,5.01664242478407E-15));
#6880=DIRECTION('',(-3.44679693452939E-15,-0.269033857877647,-0.963130719744454));
#6881=DIRECTION('',(-1.,0.,5.01664242478407E-15));
#6882=DIRECTION('',(-1.,0.,5.01664242478407E-15));
#6883=DIRECTION('',(5.01664242478407E-15,0.,1.));
#6884=DIRECTION('',(-1.,0.,5.01664242478407E-15));
#6885=DIRECTION('',(-1.,0.,5.01664242478407E-15));
#6886=DIRECTION('',(-1.,0.,5.01664242478407E-15));
#6887=DIRECTION('',(-3.34279131330328E-15,0.290346220656043,-0.956921664584282));
#6888=DIRECTION('',(-1.,0.,5.01664242478407E-15));
#6889=DIRECTION('',(-1.,0.,5.01664242478407E-15));
#6890=DIRECTION('',(5.01664242478407E-15,0.,1.));
#6891=DIRECTION('',(-1.,0.,5.01664242478407E-15));
#6892=DIRECTION('',(-1.,0.,5.01664242478407E-15));
#6893=DIRECTION('',(-1.,0.,5.01664242478407E-15));
#6894=DIRECTION('',(-1.,0.,5.01664242478407E-15));
#6895=DIRECTION('',(-1.,0.,5.01664242478407E-15));
#6896=DIRECTION('',(3.74233620722651E-15,0.320263479358291,0.947328508907719));
#6897=DIRECTION('',(-1.,0.,5.01664242478407E-15));
#6898=DIRECTION('',(-1.,0.,5.01664242478407E-15));
#6899=DIRECTION('',(5.01664242478407E-15,0.,1.));
#6900=DIRECTION('',(-1.,0.,5.01664242478407E-15));
#6901=DIRECTION('',(-1.,0.,5.01664242478407E-15));
#6902=DIRECTION('',(-1.,0.,5.01664242478407E-15));
#6903=DIRECTION('',(3.80757949391075E-15,-0.299412361617895,0.954123806280084));
#6904=DIRECTION('',(-1.,0.,5.01664242478407E-15));
#6905=DIRECTION('',(-1.,0.,5.01664242478407E-15));
#6906=DIRECTION('',(5.01664242478407E-15,0.,1.));
#6907=DIRECTION('',(-1.,0.,5.01664242478407E-15));
#6908=DIRECTION('',(0.,-1.,0.));
#6909=DIRECTION('',(1.,0.,-5.01664242478407E-15));
#6910=DIRECTION('',(-5.01664242478407E-15,0.,-1.));
#6911=DIRECTION('',(1.,0.,-5.01664242478407E-15));
#6912=DIRECTION('',(-5.01664242478407E-15,0.,-1.));
#6913=DIRECTION('',(0.707106781186552,0.,-0.707106781186543));
#6914=DIRECTION('',(-0.707106781186543,0.,-0.707106781186552));
#6915=DIRECTION('',(1.,0.,6.04485596593253E-15));
#6916=DIRECTION('',(6.12336058886672E-15,0.,-1.));
#6917=DIRECTION('',(0.707106781186543,0.,0.707106781186552));
#6918=DIRECTION('',(0.707106781186552,0.,-0.707106781186543));
#6919=DIRECTION('',(-6.12336058886672E-15,0.,1.));
#6920=DIRECTION('',(-1.,0.,-6.04485596593253E-15));
#6921=DIRECTION('',(-0.707106781186552,0.,0.707106781186543));
#6922=DIRECTION('',(0.707106781186543,0.,0.707106781186552));
#6923=DIRECTION('',(0.707106781186548,0.,-0.707106781186547));
#6924=DIRECTION('',(-0.707106781186547,0.,-0.707106781186548));
#6925=DIRECTION('',(3.92523114670944E-16,0.,-1.));
#6926=DIRECTION('',(1.,0.,4.71027737605133E-16));
#6927=DIRECTION('',(-0.707106781186547,0.,-0.707106781186548));
#6928=DIRECTION('',(-0.707106781186548,0.,0.707106781186547));
#6929=DIRECTION('',(-1.,0.,-4.71027737605133E-16));
#6930=DIRECTION('',(-3.92523114670944E-16,0.,1.));
#6931=DIRECTION('',(-0.707106781186548,0.,0.707106781186547));
#6932=DIRECTION('',(0.707106781186547,0.,0.707106781186548));
#6933=CARTESIAN_POINT('',(0.,0.,0.));
#6934=CARTESIAN_POINT('',(-0.015125,0.04521875,-0.0122097393213158));
#6935=CARTESIAN_POINT('',(-0.0209687393213157,0.04521875,-0.0146302954031777));
#6936=CARTESIAN_POINT('',(-0.0292770193617416,0.04521875,-0.01427205139435));
#6937=CARTESIAN_POINT('',(-0.0268490393136631,0.04521875,-0.020510595395525));
#6938=CARTESIAN_POINT('',(-0.0251374476939362,0.04521875,-0.0222221870152519));
#6939=CARTESIAN_POINT('',(-0.0234258560742092,0.04521875,-0.0239337786349789));
#6940=CARTESIAN_POINT('',(-0.017545556081862,0.04521875,-0.0180534786426315));
#6941=CARTESIAN_POINT('',(-0.017545556081862,0.04521875,-0.0263694786426315));
#6942=CARTESIAN_POINT('',(-0.015125,0.04521875,-0.0263694786426315));
#6943=CARTESIAN_POINT('',(-0.0127044439181381,0.04521875,-0.0263694786426315));
#6944=CARTESIAN_POINT('',(-0.0127044439181381,0.04521875,-0.0180534786426315));
#6945=CARTESIAN_POINT('',(-0.00682414392579073,0.04521875,-0.0239337786349789));
#6946=CARTESIAN_POINT('',(-0.00511255230606383,0.04521875,-0.0222221870152519));
#6947=CARTESIAN_POINT('',(-0.00340096068633692,0.04521875,-0.020510595395525));
#6948=CARTESIAN_POINT('',(-0.00928126067868425,0.04521875,-0.0146302954031777));
#6949=CARTESIAN_POINT('',(-0.000965260678684252,0.04521875,-0.0146302954031777));
#6950=CARTESIAN_POINT('',(-0.000965260678684253,0.04521875,-0.0122097393213157));
#6951=CARTESIAN_POINT('',(-0.000965260678684248,0.04521875,-0.00978918323945382));
#6952=CARTESIAN_POINT('',(-0.00928126067868425,0.04521875,-0.00978918323945382));
#6953=CARTESIAN_POINT('',(-0.00340096068633692,0.04521875,-0.00390888324710649));
#6954=CARTESIAN_POINT('',(-0.00511255230606383,0.04521875,-0.00219729162737958));
#6955=CARTESIAN_POINT('',(-0.00682414392579075,0.04521875,-0.000485700007652668));
#6956=CARTESIAN_POINT('',(-0.0127044439181381,0.04521875,-0.006366));
#6957=CARTESIAN_POINT('',(-0.0127044439181381,0.04521875,0.00195));
#6958=CARTESIAN_POINT('',(-0.015125,0.04521875,0.00195));
#6959=CARTESIAN_POINT('',(-0.017545556081862,0.04521875,0.00195));
#6960=CARTESIAN_POINT('',(-0.017545556081862,0.04521875,-0.006366));
#6961=CARTESIAN_POINT('',(-0.0228962476259523,0.04521875,-2.08166817117217E-17));
#6962=CARTESIAN_POINT('',(-0.0246078392456792,0.04521875,-0.00171159161972694));
#6963=CARTESIAN_POINT('',(-0.0263194308654061,0.04521875,-0.00342318323945384));
#6964=CARTESIAN_POINT('',(-0.0209687393213157,0.04521875,-0.00978918323945385));
#6965=CARTESIAN_POINT('',(-0.0292770193617416,0.04521875,-0.00943093923062615));
#6966=CARTESIAN_POINT('',(-0.0292770193617416,0.04521875,-0.0118514953124881));
#6967=CARTESIAN_POINT('',(-0.0127044439181381,0.04521875,-0.0180534786426315));
#6968=CARTESIAN_POINT('',(-0.00896599359137965,0.04521875,-0.023206142531763));
#6969=CARTESIAN_POINT('',(-0.0127044439181381,0.04521875,-0.0244194786426315));
#6970=CARTESIAN_POINT('',(-0.0107132312223167,0.04521875,-0.0214589049008259));
#6971=CARTESIAN_POINT('',(-0.010099749323998,0.04521875,-0.0220723867991447));
#6972=CARTESIAN_POINT('',(-0.00942915284559664,0.04521875,-0.0126135539465203));
#6973=CARTESIAN_POINT('',(-0.0101451570687554,0.04521875,-0.0227128677466426));
#6974=CARTESIAN_POINT('',(-0.0127044439181381,0.04521875,-0.0180534786426315));
#6975=CARTESIAN_POINT('',(-0.0127044439181381,0.04521875,-0.0233694786426315));
#6976=CARTESIAN_POINT('',(-0.015125,0.04521875,-0.0233694786426315));
#6977=CARTESIAN_POINT('',(-0.017545556081862,0.04521875,-0.0233694786426315));
#6978=CARTESIAN_POINT('',(-0.017545556081862,0.04521875,-0.0180534786426315));
#6979=CARTESIAN_POINT('',(-0.0213045357306496,0.04521875,-0.0218124582914192));
#6980=CARTESIAN_POINT('',(-0.0230161273503766,0.04521875,-0.0201008666716923));
#6981=CARTESIAN_POINT('',(-0.0247277189701035,0.04521875,-0.0183892750519654));
#6982=CARTESIAN_POINT('',(-0.0209687393213157,0.04521875,-0.0146302954031777));
#6983=CARTESIAN_POINT('',(-0.0262770193617416,0.04521875,-0.0143439057867175));
#6984=CARTESIAN_POINT('',(-0.0262770193617416,0.04521875,-0.0119233497048556));
#6985=CARTESIAN_POINT('',(-0.0262770193617416,0.04521875,-0.0101905267440557));
#6986=CARTESIAN_POINT('',(-0.0196751271209998,0.04521875,-0.0084955710391379));
#6987=CARTESIAN_POINT('',(-0.0244947669415673,0.04521875,-0.00367593121857039));
#6988=CARTESIAN_POINT('',(-0.0240767875221563,0.04521875,-0.00325795179915941));
#6989=CARTESIAN_POINT('',(-0.0223651959024294,0.04521875,-0.00154636017943249));
#6990=CARTESIAN_POINT('',(-0.017545556081862,0.04521875,-0.006366));
#6991=CARTESIAN_POINT('',(-0.017545556081862,0.04521875,0.00045));
#6992=CARTESIAN_POINT('',(-0.015125,0.04521875,0.00045));
#6993=CARTESIAN_POINT('',(-0.0127044439181381,0.04521875,0.00045));
#6994=CARTESIAN_POINT('',(-0.0127044439181381,0.04521875,-0.006366));
#6995=CARTESIAN_POINT('',(-0.00788480409757057,0.04521875,-0.00154636017943249));
#6996=CARTESIAN_POINT('',(-0.00617321247784365,0.04521875,-0.00325795179915941));
#6997=CARTESIAN_POINT('',(-0.00446162085811675,0.04521875,-0.00496954341888632));
#6998=CARTESIAN_POINT('',(-0.00928126067868425,0.04521875,-0.00978918323945383));
#6999=CARTESIAN_POINT('',(-0.00246526067868425,0.04521875,-0.00978918323945382));
#7000=CARTESIAN_POINT('',(-0.00246526067868425,0.04521875,-0.0122097393213157));
#7001=CARTESIAN_POINT('',(-0.00246526067868425,0.04521875,-0.0146302954031777));
#7002=CARTESIAN_POINT('',(-0.00928126067868425,0.04521875,-0.0146302954031777));
#7003=CARTESIAN_POINT('',(-0.00446162085811674,0.04521875,-0.0194499352237452));
#7004=CARTESIAN_POINT('',(-0.00617321247784365,0.04521875,-0.0211615268434721));
#7005=CARTESIAN_POINT('',(-0.00788480409757056,0.04521875,-0.022873118463199));
#7006=CARTESIAN_POINT('',(-0.0127044439181381,0.04521875,-0.0180534786426315));
#7007=CARTESIAN_POINT('',(-0.0127044439181381,0.04521875,-0.0248694786426315));
#7008=CARTESIAN_POINT('',(-0.015125,0.04521875,-0.0248694786426315));
#7009=CARTESIAN_POINT('',(-0.017545556081862,0.04521875,-0.0248694786426315));
#7010=CARTESIAN_POINT('',(-0.017545556081862,0.04521875,-0.0180534786426315));
#7011=CARTESIAN_POINT('',(-0.0223651959024294,0.04521875,-0.022873118463199));
#7012=CARTESIAN_POINT('',(-0.0240767875221563,0.04521875,-0.0211615268434721));
#7013=CARTESIAN_POINT('',(-0.0257883791418833,0.04521875,-0.0194499352237452));
#7014=CARTESIAN_POINT('',(-0.0209687393213157,0.04521875,-0.0146302954031777));
#7015=CARTESIAN_POINT('',(-0.0277847393213158,0.04521875,-0.0146302954031777));
#7016=CARTESIAN_POINT('',(-0.0277847393213158,0.04521875,-0.0122097393213158));
#7017=CARTESIAN_POINT('',(-0.0277847393213158,0.04521875,-0.00770973932131575));
#7018=CARTESIAN_POINT('',(-0.015125,0.04521875,-0.00770973932131574));
#7019=CARTESIAN_POINT('',(-0.0273347393213158,0.04521875,-0.00770973932131576));
#7020=CARTESIAN_POINT('',(-0.0273347393213158,0.04521875,-0.0122097393213158));
#7021=CARTESIAN_POINT('',(-0.0273347393213158,0.04521875,-0.0146302954031777));
#7022=CARTESIAN_POINT('',(-0.0209687393213157,0.04521875,-0.0146302954031777));
#7023=CARTESIAN_POINT('',(-0.0254701810903493,0.04521875,-0.0191317371722112));
#7024=CARTESIAN_POINT('',(-0.0237585894706224,0.04521875,-0.0208433287919382));
#7025=CARTESIAN_POINT('',(-0.0220469978508955,0.04521875,-0.0225549204116651));
#7026=CARTESIAN_POINT('',(-0.017545556081862,0.04521875,-0.0180534786426315));
#7027=CARTESIAN_POINT('',(-0.017545556081862,0.04521875,-0.0244194786426315));
#7028=CARTESIAN_POINT('',(-0.015125,0.04521875,-0.0244194786426315));
#7029=CARTESIAN_POINT('',(-0.015125,0.04521875,-0.0122097393213158));
#7030=CARTESIAN_POINT('',(-0.0152192102937964,0.04521875,-0.00657309774609247));
#7031=CARTESIAN_POINT('',(-0.0253247158573779,0.04521875,-0.0067420002096251));
#7032=CARTESIAN_POINT('',(-0.0246303986978106,0.04521875,-0.00673039545833522));
#7033=CARTESIAN_POINT('',(-0.0250072005474894,0.04521875,-0.00635359360865645));
#7034=CARTESIAN_POINT('',(-0.0254795456044879,0.04521875,-0.00588124855165803));
#7035=CARTESIAN_POINT('',(-0.0196751271209998,0.04521875,-0.0084955710391379));
#7036=CARTESIAN_POINT('',(-0.0260329197921863,0.04521875,-0.00817241728284401));
#7037=CARTESIAN_POINT('',(-0.0209687393213157,0.04521875,-0.00978918323945383));
#7038=CARTESIAN_POINT('',(-0.015125,0.04521875,-0.0122097393213158));
#7039=CARTESIAN_POINT('',(-0.0147211853747954,0.04521875,-0.0179055864757191));
#7040=CARTESIAN_POINT('',(-0.00462187157467318,0.04521875,-0.0171895822525603));
#7041=CARTESIAN_POINT('',(-0.00526235252217108,0.04521875,-0.0172349899973178));
#7042=CARTESIAN_POINT('',(-0.00481517424871002,0.04521875,-0.0176821682707788));
#7043=CARTESIAN_POINT('',(-0.00412859678955274,0.04521875,-0.0183687457299361));
#7044=CARTESIAN_POINT('',(-0.00928126067868425,0.04521875,-0.0146302954031777));
#7045=CARTESIAN_POINT('',(-0.00291526067868425,0.04521875,-0.0146302954031777));
#7046=CARTESIAN_POINT('',(-0.00291526067868425,0.04521875,-0.0122097393213157));
#7047=CARTESIAN_POINT('',(-0.00291526067868425,0.04521875,-0.00978918323945382));
#7048=CARTESIAN_POINT('',(-0.00928126067868425,0.04521875,-0.00978918323945383));
#7049=CARTESIAN_POINT('',(-0.00477981890965069,0.04521875,-0.00528774147042027));
#7050=CARTESIAN_POINT('',(-0.0064914105293776,0.04521875,-0.00357614985069335));
#7051=CARTESIAN_POINT('',(-0.00820300214910451,0.04521875,-0.00186455823096645));
#7052=CARTESIAN_POINT('',(-0.0127044439181381,0.04521875,-0.006366));
#7053=CARTESIAN_POINT('',(-0.0127044439181381,0.04521875,0.));
#7054=CARTESIAN_POINT('',(-0.015125,0.04521875,0.));
#7055=CARTESIAN_POINT('',(-0.017545556081862,0.04521875,0.));
#7056=CARTESIAN_POINT('',(-0.017545556081862,0.04521875,-0.006366));
#7057=CARTESIAN_POINT('',(-0.0207945100428134,0.04521875,-0.000891490509678711));
#7058=CARTESIAN_POINT('',(-0.0191091435738827,0.04521875,-0.00257685697860936));
#7059=CARTESIAN_POINT('',(-0.0196585613965241,0.04521875,-0.00202743915596799));
#7060=CARTESIAN_POINT('',(-0.0208462942890579,0.04521875,-0.0114917391045086));
#7061=CARTESIAN_POINT('',(-0.0195870518577384,0.04521875,-0.0014576244034224));
#7062=CARTESIAN_POINT('',(-0.017545556081862,0.04521875,-0.006366));
#7063=CARTESIAN_POINT('',(-0.017545556081862,0.04521875,-0.00105));
#7064=CARTESIAN_POINT('',(-0.015125,0.04521875,-0.00105));
#7065=CARTESIAN_POINT('',(-0.0127044439181381,0.04521875,-0.00105));
#7066=CARTESIAN_POINT('',(-0.0127044439181381,0.04521875,-0.006366));
#7067=CARTESIAN_POINT('',(-0.00894546426935039,0.04521875,-0.00260702035121231));
#7068=CARTESIAN_POINT('',(-0.00723387264962347,0.04521875,-0.00431861197093923));
#7069=CARTESIAN_POINT('',(-0.00552228102989655,0.04521875,-0.00603020359066615));
#7070=CARTESIAN_POINT('',(-0.00928126067868425,0.04521875,-0.00978918323945383));
#7071=CARTESIAN_POINT('',(-0.00396526067868425,0.04521875,-0.00978918323945382));
#7072=CARTESIAN_POINT('',(-0.00396526067868425,0.04521875,-0.0122097393213157));
#7073=CARTESIAN_POINT('',(-0.00396526067868425,0.04521875,-0.0146302954031777));
#7074=CARTESIAN_POINT('',(-0.00928126067868425,0.04521875,-0.0146302954031777));
#7075=CARTESIAN_POINT('',(-0.015125,0.04521875,-0.0122097393213158));
#7076=CARTESIAN_POINT('',(-0.0196751271209998,0.04521875,-0.0084955710391379));
#7077=CARTESIAN_POINT('',(-0.024835266944427,0.04521875,-0.00476744644322099));
#7078=CARTESIAN_POINT('',(-0.0241765688900334,0.04521875,-0.00399412927010433));
#7079=CARTESIAN_POINT('',(-0.0215840173080356,0.04521875,-0.00151619680682956));
#7080=CARTESIAN_POINT('',(-0.021273680677779,0.04521875,-0.00120586017657289));
#7081=CARTESIAN_POINT('',(-0.017545556081862,0.04521875,-0.006366));
#7082=CARTESIAN_POINT('',(-0.0220469978508955,0.04521875,-0.00186455823096644));
#7083=CARTESIAN_POINT('',(-0.0237585894706224,0.04521875,-0.00357614985069335));
#7084=CARTESIAN_POINT('',(-0.0292770193617416,0.04521875,-0.0118514953124881));
#7085=CARTESIAN_POINT('',(-0.0292770193617416,0.05021875,-0.0118514953124881));
#7086=CARTESIAN_POINT('',(-0.0292770193617416,0.05021875,-0.00943093923062615));
#7087=CARTESIAN_POINT('',(-0.0292770193617416,0.05021875,-0.01427205139435));
#7088=CARTESIAN_POINT('',(-0.0292770193617416,0.04521875,-0.01427205139435));
#7089=CARTESIAN_POINT('',(-0.0292770193617416,0.04521875,-0.00943093923062615));
#7090=CARTESIAN_POINT('',(-0.0292770193617416,0.0497361111111111,-0.0119313564235992));
#7091=CARTESIAN_POINT('',(-0.0292770193617416,0.0497361111111111,-0.0113610439235992));
#7092=CARTESIAN_POINT('',(-0.0292770193617416,0.0494769965277778,-0.0110125196180436));
#7093=CARTESIAN_POINT('',(-0.0292770193617416,0.0497361111111111,-0.0119313564235992));
#7094=CARTESIAN_POINT('',(-0.0292770193617416,0.0494769965277778,-0.0110125196180436));
#7095=CARTESIAN_POINT('',(-0.0292770193617416,0.0494769965277778,-0.0110125196180436));
#7096=CARTESIAN_POINT('',(-0.0292770193617416,0.0492178819444444,-0.0106639953124881));
#7097=CARTESIAN_POINT('',(-0.0292770193617416,0.0487786458333333,-0.0106639953124881));
#7098=CARTESIAN_POINT('',(-0.0292770193617416,0.0487786458333333,-0.0106639953124881));
#7099=CARTESIAN_POINT('',(-0.0292770193617416,0.0487642509632403,-0.0115754887370853));
#7100=CARTESIAN_POINT('',(-0.0292770193617416,0.0482374131944444,-0.0108323980902658));
#7101=CARTESIAN_POINT('',(-0.0292770193617416,0.0482374131944444,-0.0108323980902658));
#7102=CARTESIAN_POINT('',(-0.0292770193617416,0.048,-0.0110008008680436));
#7103=CARTESIAN_POINT('',(-0.0292770193617416,0.0478133680555556,-0.0113749328124881));
#7104=CARTESIAN_POINT('',(-0.0292770193617416,0.0478133680555556,-0.0113749328124881));
#7105=CARTESIAN_POINT('',(-0.0292770193617416,0.0478133680555556,-0.0113749328124881));
#7106=CARTESIAN_POINT('',(-0.0292770193617416,0.0475746527777778,-0.0109304883680436));
#7107=CARTESIAN_POINT('',(-0.0292770193617416,0.0473155381944444,-0.010736477951377));
#7108=CARTESIAN_POINT('',(-0.0292770193617416,0.0473155381944444,-0.010736477951377));
#7109=CARTESIAN_POINT('',(-0.0292770193617416,0.0467468182694865,-0.0114692199341204));
#7110=CARTESIAN_POINT('',(-0.0292770193617416,0.0467465277777778,-0.0105424675347103));
#7111=CARTESIAN_POINT('',(-0.0292770193617416,0.0467465277777778,-0.0105424675347103));
#7112=CARTESIAN_POINT('',(-0.0292770193617416,0.0462586805555556,-0.0105424675347103));
#7113=CARTESIAN_POINT('',(-0.0292770193617416,0.0459613715277778,-0.0109248460069325));
#7114=CARTESIAN_POINT('',(-0.0292770193617416,0.0459613715277778,-0.0109248460069325));
#7115=CARTESIAN_POINT('',(-0.0292770193617416,0.0459613715277778,-0.0109248460069325));
#7116=CARTESIAN_POINT('',(-0.0292770193617416,0.0456640625,-0.0113072244791547));
#7117=CARTESIAN_POINT('',(-0.0292770193617416,0.0456640625,-0.0119313564235992));
#7118=CARTESIAN_POINT('',(-0.0292770193617416,0.0456640625,-0.0119313564235992));
#7119=CARTESIAN_POINT('',(-0.0292770193617416,0.0456640625,-0.0119313564235992));
#7120=CARTESIAN_POINT('',(-0.0292770193617416,0.0456640625,-0.0125823980902658));
#7121=CARTESIAN_POINT('',(-0.0292770193617416,0.0459409722222222,-0.0129539258680436));
#7122=CARTESIAN_POINT('',(-0.0292770193617416,0.0459409722222222,-0.0129539258680436));
#7123=CARTESIAN_POINT('',(-0.0292770193617416,0.0459409722222222,-0.0129539258680436));
#7124=CARTESIAN_POINT('',(-0.0292770193617416,0.0462178819444444,-0.0133254536458214));
#7125=CARTESIAN_POINT('',(-0.0292770193617416,0.0467248263888889,-0.0133254536458214));
#7126=CARTESIAN_POINT('',(-0.0292770193617416,0.0467248263888889,-0.0133254536458214));
#7127=CARTESIAN_POINT('',(-0.0292770193617416,0.0467437916865501,-0.0122871361103213));
#7128=CARTESIAN_POINT('',(-0.0292770193617416,0.0473272569444444,-0.0131448980902658));
#7129=CARTESIAN_POINT('',(-0.0292770193617416,0.0473272569444444,-0.0131448980902658));
#7130=CARTESIAN_POINT('',(-0.0292770193617416,0.0475902777777778,-0.0129643425347103));
#7131=CARTESIAN_POINT('',(-0.0292770193617416,0.0477916666666667,-0.0125659050347103));
#7132=CARTESIAN_POINT('',(-0.0292770193617416,0.0477916666666667,-0.0125659050347103));
#7133=CARTESIAN_POINT('',(-0.0292770193617416,0.0477916666666667,-0.0125659050347103));
#7134=CARTESIAN_POINT('',(-0.0292770193617416,0.0480052083333333,-0.0129053147569325));
#7135=CARTESIAN_POINT('',(-0.0292770193617416,0.0482495659722222,-0.0130541862847103));
#7136=CARTESIAN_POINT('',(-0.0292770193617416,0.0482495659722222,-0.0130541862847103));
#7137=CARTESIAN_POINT('',(-0.0292770193617416,0.0487761186066468,-0.0121963801673428));
#7138=CARTESIAN_POINT('',(-0.0292770193617416,0.0487838541666667,-0.0132030578124881));
#7139=CARTESIAN_POINT('',(-0.0292770193617416,0.0487838541666667,-0.0132030578124881));
#7140=CARTESIAN_POINT('',(-0.0292770193617416,0.0492100694444444,-0.0132030578124881));
#7141=CARTESIAN_POINT('',(-0.0292770193617416,0.0494730902777778,-0.0128506272569325));
#7142=CARTESIAN_POINT('',(-0.0292770193617416,0.0494730902777778,-0.0128506272569325));
#7143=CARTESIAN_POINT('',(-0.0292770193617416,0.0494730902777778,-0.0128506272569325));
#7144=CARTESIAN_POINT('',(-0.0292770193617416,0.0497361111111111,-0.012498196701377));
#7145=CARTESIAN_POINT('',(-0.0292770193617416,0.0497361111111111,-0.0119313564235992));
#7146=CARTESIAN_POINT('',(-0.0251374476939362,0.04521875,-0.0222221870152519));
#7147=CARTESIAN_POINT('',(-0.0251374476939362,0.05021875,-0.0222221870152519));
#7148=CARTESIAN_POINT('',(-0.0268490393136631,0.05021875,-0.020510595395525));
#7149=CARTESIAN_POINT('',(-0.0234258560742092,0.05021875,-0.0239337786349789));
#7150=CARTESIAN_POINT('',(-0.0234258560742092,0.04521875,-0.0239337786349789));
#7151=CARTESIAN_POINT('',(-0.0268490393136631,0.04521875,-0.020510595395525));
#7152=CARTESIAN_POINT('',(-0.0249131008809816,0.0473463541666667,-0.0224465338282065));
#7153=CARTESIAN_POINT('',(-0.0243864536429103,0.04571875,-0.0229731810662777));
#7154=CARTESIAN_POINT('',(-0.0254397481190528,0.0489739583333333,-0.0219198865901353));
#7155=CARTESIAN_POINT('',(-0.0247482934410957,0.0489739583333333,-0.0226113412680924));
#7156=CARTESIAN_POINT('',(-0.0240568387631385,0.0489739583333333,-0.0233027959460496));
#7157=CARTESIAN_POINT('',(-0.0240568387631385,0.0493268229166667,-0.0233027959460496));
#7158=CARTESIAN_POINT('',(-0.0240568387631385,0.0496796875,-0.0233027959460496));
#7159=CARTESIAN_POINT('',(-0.0250628700256079,0.0496796875,-0.0222967646835802));
#7160=CARTESIAN_POINT('',(-0.0260689012880773,0.0496796875,-0.0212907334211108));
#7161=CARTESIAN_POINT('',(-0.0260689012880773,0.0494162326388889,-0.0212907334211108));
#7162=CARTESIAN_POINT('',(-0.0260689012880773,0.0491527777777778,-0.0212907334211108));
#7163=CARTESIAN_POINT('',(-0.0255385712021874,0.0474357638888889,-0.0218210635070007));
#7164=CARTESIAN_POINT('',(-0.0250082411162975,0.04571875,-0.0223513935928906));
#7165=CARTESIAN_POINT('',(-0.0246973473796039,0.04571875,-0.0226622873295842));
#7166=CARTESIAN_POINT('',(-0.015125,0.04521875,-0.0263694786426315));
#7167=CARTESIAN_POINT('',(-0.015125,0.05021875,-0.0263694786426315));
#7168=CARTESIAN_POINT('',(-0.017545556081862,0.05021875,-0.0263694786426315));
#7169=CARTESIAN_POINT('',(-0.0127044439181381,0.05021875,-0.0263694786426315));
#7170=CARTESIAN_POINT('',(-0.0127044439181381,0.04521875,-0.0263694786426315));
#7171=CARTESIAN_POINT('',(-0.017545556081862,0.04521875,-0.0263694786426315));
#7172=CARTESIAN_POINT('',(-0.0136427951388889,0.0474036458333333,-0.0263694786426315));
#7173=CARTESIAN_POINT('',(-0.0136427951388889,0.0485807291666667,-0.0263694786426315));
#7174=CARTESIAN_POINT('',(-0.014140625,0.0491558159722222,-0.0263694786426315));
#7175=CARTESIAN_POINT('',(-0.0136427951388889,0.0474036458333333,-0.0263694786426315));
#7176=CARTESIAN_POINT('',(-0.014140625,0.0491558159722222,-0.0263694786426315));
#7177=CARTESIAN_POINT('',(-0.014140625,0.0491558159722222,-0.0263694786426315));
#7178=CARTESIAN_POINT('',(-0.0146384548611111,0.0497309027777778,-0.0263694786426315));
#7179=CARTESIAN_POINT('',(-0.0156315104166667,0.0497309027777778,-0.0263694786426315));
#7180=CARTESIAN_POINT('',(-0.0156315104166667,0.0497309027777778,-0.0263694786426315));
#7181=CARTESIAN_POINT('',(-0.0156315104166667,0.0497309027777778,-0.0263694786426315));
#7182=CARTESIAN_POINT('',(-0.0159700520833334,0.0497309027777778,-0.0263694786426315));
#7183=CARTESIAN_POINT('',(-0.0161627604166667,0.0496901041666667,-0.0263694786426315));
#7184=CARTESIAN_POINT('',(-0.0161627604166667,0.0496901041666667,-0.0263694786426315));
#7185=CARTESIAN_POINT('',(-0.0161627604166667,0.0493550347222222,-0.0263694786426315));
#7186=CARTESIAN_POINT('',(-0.0161627604166667,0.0490199652777778,-0.0263694786426315));
#7187=CARTESIAN_POINT('',(-0.0156793560300202,0.0469196246369764,-0.0263694786426315));
#7188=CARTESIAN_POINT('',(-0.0156853298611111,0.0490746527777778,-0.0263694786426315));
#7189=CARTESIAN_POINT('',(-0.0156853298611111,0.0490746527777778,-0.0263694786426315));
#7190=CARTESIAN_POINT('',(-0.01525390625,0.0490746527777778,-0.0263694786426315));
#7191=CARTESIAN_POINT('',(-0.0149813368055556,0.0489444444444444,-0.0263694786426315));
#7192=CARTESIAN_POINT('',(-0.0149813368055556,0.0489444444444444,-0.0263694786426315));
#7193=CARTESIAN_POINT('',(-0.0153442060605523,0.048149967638539,-0.0263694786426315));
#7194=CARTESIAN_POINT('',(-0.0145733506944444,0.0485590277777778,-0.0263694786426315));
#7195=CARTESIAN_POINT('',(-0.0145733506944444,0.0485590277777778,-0.0263694786426315));
#7196=CARTESIAN_POINT('',(-0.0144379340277778,0.0483038194444444,-0.0263694786426315));
#7197=CARTESIAN_POINT('',(-0.0144136284722222,0.0478350694444444,-0.0263694786426315));
#7198=CARTESIAN_POINT('',(-0.0144136284722222,0.0478350694444444,-0.0263694786426315));
#7199=CARTESIAN_POINT('',(-0.0144309895833333,0.0478350694444444,-0.0263694786426315));
#7200=CARTESIAN_POINT('',(-0.0144483506944444,0.0478350694444444,-0.0263694786426315));
#7201=CARTESIAN_POINT('',(-0.0144483506944444,0.0478350694444444,-0.0263694786426315));
#7202=CARTESIAN_POINT('',(-0.0147174479166667,0.0482960069444444,-0.0263694786426315));
#7203=CARTESIAN_POINT('',(-0.01530859375,0.0482960069444444,-0.0263694786426315));
#7204=CARTESIAN_POINT('',(-0.01530859375,0.0482960069444444,-0.0263694786426315));
#7205=CARTESIAN_POINT('',(-0.01530859375,0.0482960069444444,-0.0263694786426315));
#7206=CARTESIAN_POINT('',(-0.01583984375,0.0482960069444444,-0.0263694786426315));
#7207=CARTESIAN_POINT('',(-0.0161410590277778,0.0479622395833333,-0.0263694786426315));
#7208=CARTESIAN_POINT('',(-0.0161410590277778,0.0479622395833333,-0.0263694786426315));
#7209=CARTESIAN_POINT('',(-0.0161410590277778,0.0479622395833333,-0.0263694786426315));
#7210=CARTESIAN_POINT('',(-0.0164422743055555,0.0476284722222222,-0.0263694786426315));
#7211=CARTESIAN_POINT('',(-0.0164422743055555,0.0470399305555556,-0.0263694786426315));
#7212=CARTESIAN_POINT('',(-0.0164422743055555,0.0470399305555556,-0.0263694786426315));
#7213=CARTESIAN_POINT('',(-0.0164422743055555,0.0470399305555556,-0.0263694786426315));
#7214=CARTESIAN_POINT('',(-0.0164422743055555,0.0464053819444444,-0.0263694786426315));
#7215=CARTESIAN_POINT('',(-0.0160842013888889,0.0460347222222222,-0.0263694786426315));
#7216=CARTESIAN_POINT('',(-0.0160842013888889,0.0460347222222222,-0.0263694786426315));
#7217=CARTESIAN_POINT('',(-0.0160842013888889,0.0460347222222222,-0.0263694786426315));
#7218=CARTESIAN_POINT('',(-0.0157261284722222,0.0456640625,-0.0263694786426315));
#7219=CARTESIAN_POINT('',(-0.0150915798611111,0.0456640625,-0.0263694786426315));
#7220=CARTESIAN_POINT('',(-0.0150915798611111,0.0456640625,-0.0263694786426315));
#7221=CARTESIAN_POINT('',(-0.0150915798611111,0.0456640625,-0.0263694786426315));
#7222=CARTESIAN_POINT('',(-0.01465234375,0.0456640625,-0.0263694786426315));
#7223=CARTESIAN_POINT('',(-0.0143250868055556,0.0458676215277778,-0.0263694786426315));
#7224=CARTESIAN_POINT('',(-0.0143250868055556,0.0458676215277778,-0.0263694786426315));
#7225=CARTESIAN_POINT('',(-0.0143250868055556,0.0458676215277778,-0.0263694786426315));
#7226=CARTESIAN_POINT('',(-0.0139978298611111,0.0460711805555555,-0.0263694786426315));
#7227=CARTESIAN_POINT('',(-0.0138203125,0.0464618055555556,-0.0263694786426315));
#7228=CARTESIAN_POINT('',(-0.0138203125,0.0464618055555556,-0.0263694786426315));
#7229=CARTESIAN_POINT('',(-0.0138203125,0.0464618055555556,-0.0263694786426315));
#7230=CARTESIAN_POINT('',(-0.0136427951388889,0.0468524305555556,-0.0263694786426315));
#7231=CARTESIAN_POINT('',(-0.0136427951388889,0.0474036458333333,-0.0263694786426315));
#7232=CARTESIAN_POINT('',(-0.00511255230606383,0.04521875,-0.0222221870152519));
#7233=CARTESIAN_POINT('',(-0.00511255230606383,0.05021875,-0.0222221870152519));
#7234=CARTESIAN_POINT('',(-0.00682414392579073,0.05021875,-0.0239337786349789));
#7235=CARTESIAN_POINT('',(-0.00340096068633692,0.05021875,-0.020510595395525));
#7236=CARTESIAN_POINT('',(-0.00340096068633692,0.04521875,-0.020510595395525));
#7237=CARTESIAN_POINT('',(-0.00682414392579073,0.04521875,-0.0239337786349789));
#7238=CARTESIAN_POINT('',(-0.00513004583320256,0.0482526041666667,-0.0222396805423907));
#7239=CARTESIAN_POINT('',(-0.00553638670919691,0.0482526041666667,-0.022646021418385));
#7240=CARTESIAN_POINT('',(-0.00577730633733556,0.0479296875,-0.0228869410465237));
#7241=CARTESIAN_POINT('',(-0.00513004583320256,0.0482526041666667,-0.0222396805423907));
#7242=CARTESIAN_POINT('',(-0.00577730633733556,0.0479296875,-0.0228869410465237));
#7243=CARTESIAN_POINT('',(-0.00577730633733556,0.0479296875,-0.0228869410465237));
#7244=CARTESIAN_POINT('',(-0.0060182259654742,0.0476067708333333,-0.0231278606746623));
#7245=CARTESIAN_POINT('',(-0.0060182259654742,0.0470451388888889,-0.0231278606746623));
#7246=CARTESIAN_POINT('',(-0.0060182259654742,0.0470451388888889,-0.0231278606746623));
#7247=CARTESIAN_POINT('',(-0.0060182259654742,0.0470451388888889,-0.0231278606746623));
#7248=CARTESIAN_POINT('',(-0.0060182259654742,0.0463810763888889,-0.0231278606746623));
#7249=CARTESIAN_POINT('',(-0.00572850860373804,0.0460225694444444,-0.0228381433129261));
#7250=CARTESIAN_POINT('',(-0.00572850860373804,0.0460225694444444,-0.0228381433129261));
#7251=CARTESIAN_POINT('',(-0.00572850860373804,0.0460225694444444,-0.0228381433129261));
#7252=CARTESIAN_POINT('',(-0.00543879124200189,0.0456640625,-0.02254842595119));
#7253=CARTESIAN_POINT('',(-0.00489986784453506,0.0456640625,-0.0220095025537232));
#7254=CARTESIAN_POINT('',(-0.00489986784453506,0.0456640625,-0.0220095025537232));
#7255=CARTESIAN_POINT('',(-0.00489986784453506,0.0456640625,-0.0220095025537232));
#7256=CARTESIAN_POINT('',(-0.00443153236359292,0.0456640625,-0.021541167072781));
#7257=CARTESIAN_POINT('',(-0.00414427023373589,0.0458784722222222,-0.021253904942924));
#7258=CARTESIAN_POINT('',(-0.0041442702337359,0.0458784722222222,-0.021253904942924));
#7259=CARTESIAN_POINT('',(-0.0041442702337359,0.0462408854166667,-0.021253904942924));
#7260=CARTESIAN_POINT('',(-0.0041442702337359,0.0466026852912658,-0.021253904942924));
#7261=CARTESIAN_POINT('',(-0.00486224676992161,0.0485796461433215,-0.0219718814791097));
#7262=CARTESIAN_POINT('',(-0.00449694867348726,0.0464177881708668,-0.0216065833826754));
#7263=CARTESIAN_POINT('',(-0.00489529723294792,0.0485547871168425,-0.022004931942136));
#7264=CARTESIAN_POINT('',(-0.00487838456559276,0.0463454861111111,-0.0219880192747809));
#7265=CARTESIAN_POINT('',(-0.00487838456559276,0.0463454861111111,-0.0219880192747809));
#7266=CARTESIAN_POINT('',(-0.00542160461884805,0.0463454861111111,-0.0225312393280361));
#7267=CARTESIAN_POINT('',(-0.00542160461884805,0.0469748263888889,-0.0225312393280361));
#7268=CARTESIAN_POINT('',(-0.00542160461884805,0.0469748263888889,-0.0225312393280361));
#7269=CARTESIAN_POINT('',(-0.00542160461884805,0.0469748263888889,-0.0225312393280361));
#7270=CARTESIAN_POINT('',(-0.00542160461884805,0.0475746527777778,-0.0225312393280361));
#7271=CARTESIAN_POINT('',(-0.00485935651852958,0.0475746527777778,-0.0219689912277177));
#7272=CARTESIAN_POINT('',(-0.00485935651852958,0.0475746527777778,-0.0219689912277177));
#7273=CARTESIAN_POINT('',(-0.00487423813263474,0.0456062800367592,-0.0219838728418229));
#7274=CARTESIAN_POINT('',(-0.00463533305406745,0.047545856424843,-0.0217449677632556));
#7275=CARTESIAN_POINT('',(-0.00488150804504539,0.0452507408721074,-0.0219911427542335));
#7276=CARTESIAN_POINT('',(-0.00443550611023867,0.0474846205302214,-0.0215451408194268));
#7277=CARTESIAN_POINT('',(-0.00431767098519874,0.04757421875,-0.0214273056943868));
#7278=CARTESIAN_POINT('',(-0.0041995129510161,0.0476640625,-0.0213091476602042));
#7279=CARTESIAN_POINT('',(-0.00425230043641717,0.0486744791666667,-0.0213619351456052));
#7280=CARTESIAN_POINT('',(-0.00430508792181825,0.0496848958333333,-0.0214147226310064));
#7281=CARTESIAN_POINT('',(-0.00506559599637566,0.0496848958333333,-0.0221752307055638));
#7282=CARTESIAN_POINT('',(-0.00582610407093306,0.0496848958333333,-0.0229357387801211));
#7283=CARTESIAN_POINT('',(-0.00582610407093306,0.0493294270833333,-0.0229357387801211));
#7284=CARTESIAN_POINT('',(-0.00582610407093306,0.0489739583333333,-0.0229357387801211));
#7285=CARTESIAN_POINT('',(-0.00532554367157748,0.0489739583333333,-0.0224351783807656));
#7286=CARTESIAN_POINT('',(-0.0048249832722219,0.0489739583333333,-0.02193461798141));
#7287=CARTESIAN_POINT('',(-0.00479920333749114,0.0485846354166667,-0.0219088380466793));
#7288=CARTESIAN_POINT('',(-0.00477342340276038,0.0481953125,-0.0218830581119485));
#7289=CARTESIAN_POINT('',(-0.00480687593711339,0.0482048611111111,-0.0219165106463015));
#7290=CARTESIAN_POINT('',(-0.00484027726787439,0.0482147689341541,-0.0219499119770625));
#7291=CARTESIAN_POINT('',(-0.005103793652361,0.0463661050837655,-0.0222134283615491));
#7292=CARTESIAN_POINT('',(-0.000965260678684253,0.04521875,-0.0122097393213157));
#7293=CARTESIAN_POINT('',(-0.000965260678684253,0.05021875,-0.0122097393213157));
#7294=CARTESIAN_POINT('',(-0.000965260678684252,0.05021875,-0.0146302954031777));
#7295=CARTESIAN_POINT('',(-0.000965260678684248,0.05021875,-0.00978918323945382));
#7296=CARTESIAN_POINT('',(-0.000965260678684248,0.04521875,-0.00978918323945382));
#7297=CARTESIAN_POINT('',(-0.000965260678684252,0.04521875,-0.0146302954031777));
#7298=CARTESIAN_POINT('',(-0.000965260678684253,0.0465407986111111,-0.0133330032102046));
#7299=CARTESIAN_POINT('',(-0.000965260678684252,0.0465407986111111,-0.0135717184879824));
#7300=CARTESIAN_POINT('',(-0.000965260678684253,0.0465407986111111,-0.0130942879324269));
#7301=CARTESIAN_POINT('',(-0.000965260678684253,0.0461297743055556,-0.0130942879324269));
#7302=CARTESIAN_POINT('',(-0.000965260678684253,0.04571875,-0.0130942879324269));
#7303=CARTESIAN_POINT('',(-0.000965260678684253,0.04571875,-0.0126845657102046));
#7304=CARTESIAN_POINT('',(-0.000965260678684253,0.04571875,-0.0122748434879824));
#7305=CARTESIAN_POINT('',(-0.000965260678684253,0.0461297743055556,-0.0122748434879824));
#7306=CARTESIAN_POINT('',(-0.000965260678684253,0.0465407986111111,-0.0122748434879824));
#7307=CARTESIAN_POINT('',(-0.000965260678684253,0.0465407986111111,-0.0114284893213157));
#7308=CARTESIAN_POINT('',(-0.000965260678684253,0.0465407986111111,-0.0105821351546491));
#7309=CARTESIAN_POINT('',(-0.000965260678684253,0.0468324652777778,-0.0105821351546491));
#7310=CARTESIAN_POINT('',(-0.000965260678684253,0.0471241319444445,-0.0105821351546491));
#7311=CARTESIAN_POINT('',(-0.000965260678684253,0.0484045138888889,-0.0114519268213157));
#7312=CARTESIAN_POINT('',(-0.000965260678684253,0.0496848958333333,-0.0123217184879824));
#7313=CARTESIAN_POINT('',(-0.000965260678684253,0.0496848958333333,-0.0127080032102046));
#7314=CARTESIAN_POINT('',(-0.000965260678684253,0.0496848958333333,-0.0130942879324269));
#7315=CARTESIAN_POINT('',(-0.000965260678684253,0.0484383680555556,-0.0130942879324269));
#7316=CARTESIAN_POINT('',(-0.000965260678684253,0.0471918402777778,-0.0130942879324269));
#7317=CARTESIAN_POINT('',(-0.000965260678684253,0.0471918402777778,-0.0133330032102046));
#7318=CARTESIAN_POINT('',(-0.000965260678684252,0.0471918402777778,-0.0135717184879824));
#7319=CARTESIAN_POINT('',(-0.000965260678684252,0.0468663194444445,-0.0135717184879824));
#7320=CARTESIAN_POINT('',(-0.00511255230606383,0.04521875,-0.00219729162737958));
#7321=CARTESIAN_POINT('',(-0.00511255230606383,0.05021875,-0.00219729162737958));
#7322=CARTESIAN_POINT('',(-0.00340096068633692,0.05021875,-0.00390888324710649));
#7323=CARTESIAN_POINT('',(-0.00682414392579075,0.05021875,-0.000485700007652668));
#7324=CARTESIAN_POINT('',(-0.00682414392579075,0.04521875,-0.000485700007652668));
#7325=CARTESIAN_POINT('',(-0.00340096068633692,0.04521875,-0.00390888324710649));
#7326=CARTESIAN_POINT('',(-0.00427685275520838,0.0487977430555556,-0.00303299117823503));
#7327=CARTESIAN_POINT('',(-0.00427685275520838,0.0484262152777778,-0.00303299117823503));
#7328=CARTESIAN_POINT('',(-0.00443613592336628,0.0481657986111111,-0.00287370801007713));
#7329=CARTESIAN_POINT('',(-0.00427685275520838,0.0487977430555556,-0.00303299117823503));
#7330=CARTESIAN_POINT('',(-0.00443613592336628,0.0481657986111111,-0.00287370801007713));
#7331=CARTESIAN_POINT('',(-0.00443613592336628,0.0481657986111111,-0.00287370801007713));
#7332=CARTESIAN_POINT('',(-0.00459541909152419,0.0479053819444445,-0.00271442484191922));
#7333=CARTESIAN_POINT('',(-0.00488329502935101,0.0478072916666667,-0.0024265489040924));
#7334=CARTESIAN_POINT('',(-0.00488329502935101,0.0478072916666667,-0.0024265489040924));
#7335=CARTESIAN_POINT('',(-0.00488329502935101,0.0477994791666667,-0.0024265489040924));
#7336=CARTESIAN_POINT('',(-0.00488329502935101,0.0477916666666667,-0.0024265489040924));
#7337=CARTESIAN_POINT('',(-0.00488329502935101,0.0477916666666667,-0.0024265489040924));
#7338=CARTESIAN_POINT('',(-0.00454324541409289,0.0477317708333333,-0.00276659851935052));
#7339=CARTESIAN_POINT('',(-0.00436892395067537,0.0474995659722222,-0.00294091998276804));
#7340=CARTESIAN_POINT('',(-0.00436892395067537,0.0474995659722222,-0.00294091998276804));
#7341=CARTESIAN_POINT('',(-0.00436892395067537,0.0474995659722222,-0.00294091998276804));
#7342=CARTESIAN_POINT('',(-0.00419460248725786,0.0472673611111111,-0.00311524144618556));
#7343=CARTESIAN_POINT('',(-0.00419460248725786,0.0468741319444444,-0.00311524144618556));
#7344=CARTESIAN_POINT('',(-0.00419460248725786,0.0468741319444444,-0.00311524144618556));
#7345=CARTESIAN_POINT('',(-0.00419460248725786,0.0468741319444444,-0.00311524144618556));
#7346=CARTESIAN_POINT('',(-0.00419460248725786,0.0463020833333333,-0.00311524144618556));
#7347=CARTESIAN_POINT('',(-0.0044880026968127,0.0459830729166667,-0.00282184123663072));
#7348=CARTESIAN_POINT('',(-0.0044880026968127,0.0459830729166667,-0.00282184123663072));
#7349=CARTESIAN_POINT('',(-0.0044880026968127,0.0459830729166667,-0.00282184123663072));
#7350=CARTESIAN_POINT('',(-0.00478140290636753,0.0456640625,-0.00252844102707589));
#7351=CARTESIAN_POINT('',(-0.00532585057556238,0.0456640625,-0.00198399335788104));
#7352=CARTESIAN_POINT('',(-0.00532585057556238,0.0456640625,-0.00198399335788104));
#7353=CARTESIAN_POINT('',(-0.00532585057556238,0.0456640625,-0.00198399335788104));
#7354=CARTESIAN_POINT('',(-0.00578252370507869,0.0456640625,-0.00152732022836472));
#7355=CARTESIAN_POINT('',(-0.00613546328770219,0.0458784722222222,-0.00117438064574123));
#7356=CARTESIAN_POINT('',(-0.00613546328770219,0.0458784722222222,-0.00117438064574123));
#7357=CARTESIAN_POINT('',(-0.00613546328770219,0.0462352430555556,-0.00117438064574123));
#7358=CARTESIAN_POINT('',(-0.00613546328770218,0.0465917297709623,-0.00117438064574122));
#7359=CARTESIAN_POINT('',(-0.00531889696763499,0.0489131973808905,-0.00199094696580841));
#7360=CARTESIAN_POINT('',(-0.00577697618599409,0.0464024675875092,-0.00153286774744931));
#7361=CARTESIAN_POINT('',(-0.00538393110115096,0.0484615085341394,-0.00192591283229246));
#7362=CARTESIAN_POINT('',(-0.0053896866044195,0.0463289930555556,-0.00192015732902391));
#7363=CARTESIAN_POINT('',(-0.0053896866044195,0.0463289930555556,-0.00192015732902391));
#7364=CARTESIAN_POINT('',(-0.00509567258689488,0.0463289930555556,-0.00221417134654853));
#7365=CARTESIAN_POINT('',(-0.00495572436978505,0.0464700520833333,-0.00235411956365836));
#7366=CARTESIAN_POINT('',(-0.00495572436978505,0.0464700520833333,-0.00235411956365836));
#7367=CARTESIAN_POINT('',(-0.00495572436978505,0.0464700520833333,-0.00235411956365836));
#7368=CARTESIAN_POINT('',(-0.00481577615267521,0.0466111111111111,-0.0024940677807682));
#7369=CARTESIAN_POINT('',(-0.00481577615267521,0.0469236111111111,-0.0024940677807682));
#7370=CARTESIAN_POINT('',(-0.00481577615267521,0.0469236111111111,-0.0024940677807682));
#7371=CARTESIAN_POINT('',(-0.00481577615267521,0.0469236111111111,-0.0024940677807682));
#7372=CARTESIAN_POINT('',(-0.00481577615267521,0.0472022569444445,-0.0024940677807682));
#7373=CARTESIAN_POINT('',(-0.00497690074474246,0.0473190104166667,-0.00233294318870095));
#7374=CARTESIAN_POINT('',(-0.00497690074474246,0.0473190104166667,-0.00233294318870095));
#7375=CARTESIAN_POINT('',(-0.00497690074474246,0.0473190104166667,-0.00233294318870095));
#7376=CARTESIAN_POINT('',(-0.0051380253368097,0.0474357638888889,-0.00217181859663371));
#7377=CARTESIAN_POINT('',(-0.0054909649194332,0.0474357638888889,-0.00181887901401021));
#7378=CARTESIAN_POINT('',(-0.0054909649194332,0.0474357638888889,-0.00181887901401021));
#7379=CARTESIAN_POINT('',(-0.00559746060219003,0.0474357638888889,-0.00171238333125339));
#7380=CARTESIAN_POINT('',(-0.00570395628494685,0.0474357638888889,-0.00160588764849656));
#7381=CARTESIAN_POINT('',(-0.00570395628494685,0.0477573784722222,-0.00160588764849656));
#7382=CARTESIAN_POINT('',(-0.00570395628494685,0.0480789930555556,-0.00160588764849656));
#7383=CARTESIAN_POINT('',(-0.00559561917828069,0.0480789930555556,-0.00171422475516273));
#7384=CARTESIAN_POINT('',(-0.00548728207161452,0.0480789930555556,-0.00182256186182889));
#7385=CARTESIAN_POINT('',(-0.00548728207161452,0.0480789930555556,-0.00182256186182889));
#7386=CARTESIAN_POINT('',(-0.00516135003966134,0.0480789930555556,-0.00214849389378207));
#7387=CARTESIAN_POINT('',(-0.00501066018308036,0.0481996527777778,-0.00229918375036305));
#7388=CARTESIAN_POINT('',(-0.00501066018308036,0.0481996527777778,-0.00229918375036305));
#7389=CARTESIAN_POINT('',(-0.00501066018308036,0.0481996527777778,-0.00229918375036305));
#7390=CARTESIAN_POINT('',(-0.00485997032649937,0.0483203125,-0.00244987360694405));
#7391=CARTESIAN_POINT('',(-0.00485997032649937,0.0486128472222222,-0.00244987360694405));
#7392=CARTESIAN_POINT('',(-0.00485997032649937,0.0486128472222222,-0.00244987360694405));
#7393=CARTESIAN_POINT('',(-0.00485997032649937,0.0486128472222222,-0.00244987360694405));
#7394=CARTESIAN_POINT('',(-0.00485997032649937,0.0490633680555556,-0.00244987360694405));
#7395=CARTESIAN_POINT('',(-0.00525894550685636,0.0490633680555556,-0.00205089842658705));
#7396=CARTESIAN_POINT('',(-0.00525894550685636,0.0490633680555556,-0.00205089842658705));
#7397=CARTESIAN_POINT('',(-0.00525248923746792,0.0477702620391815,-0.00205735469597549));
#7398=CARTESIAN_POINT('',(-0.00554015325809637,0.0489985916729786,-0.00176969067534704));
#7399=CARTESIAN_POINT('',(-0.00507802357468279,0.0471491518222424,-0.00223182035876061));
#7400=CARTESIAN_POINT('',(-0.00585707501911041,0.0487727363514013,-0.001452768914333));
#7401=CARTESIAN_POINT('',(-0.00599459435863768,0.0490620659722222,-0.00131524957480573));
#7402=CARTESIAN_POINT('',(-0.00613178043988351,0.0493506944444445,-0.00117806349355991));
#7403=CARTESIAN_POINT('',(-0.00613178043988351,0.0493506944444445,-0.00117806349355991));
#7404=CARTESIAN_POINT('',(-0.00574815045877101,0.0497413194444445,-0.0015616934746724));
#7405=CARTESIAN_POINT('',(-0.00521659275694154,0.0497413194444445,-0.00209325117650187));
#7406=CARTESIAN_POINT('',(-0.00521659275694154,0.0497413194444445,-0.00209325117650187));
#7407=CARTESIAN_POINT('',(-0.00521659275694154,0.0497413194444445,-0.00209325117650187));
#7408=CARTESIAN_POINT('',(-0.00478140290636753,0.0497413194444445,-0.00252844102707589));
#7409=CARTESIAN_POINT('',(-0.00452912783078795,0.0494917534722222,-0.00278071610265546));
#7410=CARTESIAN_POINT('',(-0.00452912783078795,0.0494917534722222,-0.00278071610265546));
#7411=CARTESIAN_POINT('',(-0.00452912783078795,0.0494917534722222,-0.00278071610265546));
#7412=CARTESIAN_POINT('',(-0.00427685275520838,0.0492421875,-0.00303299117823503));
#7413=CARTESIAN_POINT('',(-0.00427685275520838,0.0487977430555556,-0.00303299117823503));
#7414=CARTESIAN_POINT('',(-0.015125,0.04521875,0.00195));
#7415=CARTESIAN_POINT('',(-0.015125,0.05021875,0.00195));
#7416=CARTESIAN_POINT('',(-0.0127044439181381,0.05021875,0.00195));
#7417=CARTESIAN_POINT('',(-0.017545556081862,0.05021875,0.00195));
#7418=CARTESIAN_POINT('',(-0.017545556081862,0.04521875,0.00195));
#7419=CARTESIAN_POINT('',(-0.0127044439181381,0.04521875,0.00195));
#7420=CARTESIAN_POINT('',(-0.0151940104166666,0.04571875,0.00195));
#7421=CARTESIAN_POINT('',(-0.0138077256944444,0.04571875,0.00195));
#7422=CARTESIAN_POINT('',(-0.0165802951388889,0.04571875,0.00195));
#7423=CARTESIAN_POINT('',(-0.0165802951388889,0.0460104166666667,0.00195));
#7424=CARTESIAN_POINT('',(-0.0165802951388889,0.0463020833333333,0.00195));
#7425=CARTESIAN_POINT('',(-0.0160824652777778,0.0468051215277778,0.00195));
#7426=CARTESIAN_POINT('',(-0.0155846354166667,0.0473081597222222,0.00195));
#7427=CARTESIAN_POINT('',(-0.0155846354166667,0.0473081597222222,0.00195));
#7428=CARTESIAN_POINT('',(-0.0151419270833333,0.0477612847222222,0.00195));
#7429=CARTESIAN_POINT('',(-0.0150065104166666,0.0479361979166667,0.00195));
#7430=CARTESIAN_POINT('',(-0.0150065104166666,0.0479361979166667,0.00195));
#7431=CARTESIAN_POINT('',(-0.016097937316065,0.0488206678383313,0.00195));
#7432=CARTESIAN_POINT('',(-0.014810881514429,0.0482602779982218,0.00195));
#7433=CARTESIAN_POINT('',(-0.0155735051801916,0.0485685867060219,0.00195));
#7434=CARTESIAN_POINT('',(-0.0147513039975758,0.0485694444424474,0.00195));
#7435=CARTESIAN_POINT('',(-0.0147513020833333,0.0485694444444444,0.00195));
#7436=CARTESIAN_POINT('',(-0.0147513020833333,0.0488081597222222,0.00195));
#7437=CARTESIAN_POINT('',(-0.0148832465277778,0.0489249131944444,0.00195));
#7438=CARTESIAN_POINT('',(-0.0148832465277778,0.0489249131944444,0.00195));
#7439=CARTESIAN_POINT('',(-0.0148832465277778,0.0489249131944444,0.00195));
#7440=CARTESIAN_POINT('',(-0.0150151909722223,0.0490416666666667,0.00195));
#7441=CARTESIAN_POINT('',(-0.0152348090277778,0.0490416666666667,0.00195));
#7442=CARTESIAN_POINT('',(-0.0152348090277778,0.0490416666666667,0.00195));
#7443=CARTESIAN_POINT('',(-0.0152311893155151,0.0480341879795418,0.00195));
#7444=CARTESIAN_POINT('',(-0.0156819471017376,0.0489359364917528,0.00195));
#7445=CARTESIAN_POINT('',(-0.0146224345127333,0.0468606499013726,0.00195));
#7446=CARTESIAN_POINT('',(-0.01613457865389,0.0486340699850743,0.00195));
#7447=CARTESIAN_POINT('',(-0.0163628472222223,0.0489045138888889,0.00195));
#7448=CARTESIAN_POINT('',(-0.0165907118055556,0.0491744791666667,0.00195));
#7449=CARTESIAN_POINT('',(-0.0165907118055556,0.0491744791666667,0.00195));
#7450=CARTESIAN_POINT('',(-0.0162981770833334,0.0494244791666667,0.00195));
#7451=CARTESIAN_POINT('',(-0.01610546875,0.04952734375,0.00195));
#7452=CARTESIAN_POINT('',(-0.01610546875,0.04952734375,0.00195));
#7453=CARTESIAN_POINT('',(-0.0152707384968403,0.0479448820603796,0.00195));
#7454=CARTESIAN_POINT('',(-0.0156849289813954,0.0496859161217256,0.00195));
#7455=CARTESIAN_POINT('',(-0.0152012467064823,0.0475769894049133,0.00195));
#7456=CARTESIAN_POINT('',(-0.0151749131944445,0.0497413194444444,0.00195));
#7457=CARTESIAN_POINT('',(-0.0151749131944445,0.0497413194444444,0.00195));
#7458=CARTESIAN_POINT('',(-0.0148033854166667,0.0497413194444444,0.00195));
#7459=CARTESIAN_POINT('',(-0.0145186631944444,0.0496059027777778,0.00195));
#7460=CARTESIAN_POINT('',(-0.0145186631944444,0.0496059027777778,0.00195));
#7461=CARTESIAN_POINT('',(-0.0149506936013809,0.0486520349188806,0.00195));
#7462=CARTESIAN_POINT('',(-0.0140761865189516,0.0492262574497034,0.00195));
#7463=CARTESIAN_POINT('',(-0.0149268792751524,0.0486868881022849,0.00195));
#7464=CARTESIAN_POINT('',(-0.0139192042314897,0.0486675374466954,0.00195));
#7465=CARTESIAN_POINT('',(-0.0152863878662721,0.0486561706014436,0.00195));
#7466=CARTESIAN_POINT('',(-0.0140148127388785,0.0481530488067117,0.00195));
#7467=CARTESIAN_POINT('',(-0.0158377982577621,0.0489287996918323,0.00195));
#7468=CARTESIAN_POINT('',(-0.0143138020833333,0.0476610243055555,0.00195));
#7469=CARTESIAN_POINT('',(-0.0143138020833333,0.0476610243055555,0.00195));
#7470=CARTESIAN_POINT('',(-0.0145160590277778,0.0474088541666667,0.00195));
#7471=CARTESIAN_POINT('',(-0.0150256076388889,0.0469418402777778,0.00195));
#7472=CARTESIAN_POINT('',(-0.0150256076388889,0.0469418402777778,0.00195));
#7473=CARTESIAN_POINT('',(-0.0152808159722223,0.0467018229166667,0.00195));
#7474=CARTESIAN_POINT('',(-0.0155360243055556,0.0464618055555555,0.00195));
#7475=CARTESIAN_POINT('',(-0.0155360243055556,0.0464431423611111,0.00195));
#7476=CARTESIAN_POINT('',(-0.0155360243055556,0.0464244791666667,0.00195));
#7477=CARTESIAN_POINT('',(-0.014671875,0.0464244791666667,0.00195));
#7478=CARTESIAN_POINT('',(-0.0138077256944444,0.0464244791666667,0.00195));
#7479=CARTESIAN_POINT('',(-0.0138077256944444,0.0460716145833333,0.00195));
#7480=CARTESIAN_POINT('',(-0.0246078392456792,0.04521875,-0.00171159161972694));
#7481=CARTESIAN_POINT('',(-0.0246078392456792,0.05021875,-0.00171159161972694));
#7482=CARTESIAN_POINT('',(-0.0228962476259523,0.05021875,-2.08166817117217E-17));
#7483=CARTESIAN_POINT('',(-0.0263194308654061,0.05021875,-0.00342318323945384));
#7484=CARTESIAN_POINT('',(-0.0263194308654061,0.04521875,-0.00342318323945384));
#7485=CARTESIAN_POINT('',(-0.0228962476259523,0.04521875,-2.08166817117217E-17));
#7486=CARTESIAN_POINT('',(-0.0242202195127632,0.04571875,-0.00132397188681088));
#7487=CARTESIAN_POINT('',(-0.0239237502633594,0.04571875,-0.00102750263740714));
#7488=CARTESIAN_POINT('',(-0.0245166887621669,0.04571875,-0.00162044113621461));
#7489=CARTESIAN_POINT('',(-0.0245166887621669,0.0468663194444444,-0.00162044113621461));
#7490=CARTESIAN_POINT('',(-0.0245166887621669,0.0480138888888889,-0.00162044113621461));
#7491=CARTESIAN_POINT('',(-0.0245136197223179,0.0482022569444444,-0.00161737209636571));
#7492=CARTESIAN_POINT('',(-0.024510550682469,0.048390625,-0.00161430305651682));
#7493=CARTESIAN_POINT('',(-0.0245059471226957,0.0485967881944444,-0.00160969949674346));
#7494=CARTESIAN_POINT('',(-0.0245013435629224,0.0488029513888889,-0.00160509593697011));
#7495=CARTESIAN_POINT('',(-0.0269449969395515,0.0521526263229962,-0.00404874931359927));
#7496=CARTESIAN_POINT('',(-0.0247061649901299,0.0485292056812901,-0.00180991736417765));
#7497=CARTESIAN_POINT('',(-0.0248674800168962,0.0483463541666667,-0.00197123239094388));
#7498=CARTESIAN_POINT('',(-0.0250286046089634,0.0481631944444444,-0.00213235698301113));
#7499=CARTESIAN_POINT('',(-0.0251716218659221,0.0484153645833333,-0.00227537423996987));
#7500=CARTESIAN_POINT('',(-0.0253146391228809,0.0486675347222222,-0.0024183914969286));
#7501=CARTESIAN_POINT('',(-0.0248628764571228,0.0491762152777778,-0.00196662883117053));
#7502=CARTESIAN_POINT('',(-0.0244111137913647,0.0496848958333333,-0.00151486616541245));
#7503=CARTESIAN_POINT('',(-0.024167432027362,0.0496848958333333,-0.0012711844014098));
#7504=CARTESIAN_POINT('',(-0.0239237502633594,0.0496848958333333,-0.00102750263740714));
#7505=CARTESIAN_POINT('',(-0.0239237502633594,0.0477018229166666,-0.00102750263740714));
#7506=CARTESIAN_POINT('',(-0.015125,0.04521875,-0.0122097393213158));
#7507=CARTESIAN_POINT('',(-0.00928126067868425,0.04521875,-0.0146302954031777));
#7508=CARTESIAN_POINT('',(-0.00425210231724833,0.04521875,-0.0185333099016902));
#7509=CARTESIAN_POINT('',(-0.00477981890965068,0.04521875,-0.0191317371722112));
#7510=CARTESIAN_POINT('',(-0.00823835748816383,0.04521875,-0.0225195650726057));
#7511=CARTESIAN_POINT('',(-0.00880142941962551,0.04521875,-0.0230826370040674));
#7512=CARTESIAN_POINT('',(-0.0127044439181381,0.04521875,-0.0180534786426315));
#7513=CARTESIAN_POINT('',(-0.00820300214910451,0.04521875,-0.0225549204116651));
#7514=CARTESIAN_POINT('',(-0.0064914105293776,0.04521875,-0.0208433287919382));
#7515=CARTESIAN_POINT('',(-0.0127044439181381,0.04521875,-0.006366));
#7516=CARTESIAN_POINT('',(-0.0127044439181381,0.05021875,-0.006366));
#7517=CARTESIAN_POINT('',(-0.00894546426935039,0.05021875,-0.00260702035121231));
#7518=CARTESIAN_POINT('',(-0.0127044439181381,0.05021875,-0.00105));
#7519=CARTESIAN_POINT('',(-0.00894546426935039,0.04521875,-0.00260702035121231));
#7520=CARTESIAN_POINT('',(-0.0127044439181381,0.04521875,-0.00105));
#7521=CARTESIAN_POINT('',(-0.015125,0.04521875,-0.00105));
#7522=CARTESIAN_POINT('',(-0.015125,0.05021875,-0.00105));
#7523=CARTESIAN_POINT('',(-0.017545556081862,0.05021875,-0.00105));
#7524=CARTESIAN_POINT('',(-0.017545556081862,0.04521875,-0.00105));
#7525=CARTESIAN_POINT('',(-0.017545556081862,0.04521875,-0.006366));
#7526=CARTESIAN_POINT('',(-0.0195870518577384,0.04521875,-0.0014576244034224));
#7527=CARTESIAN_POINT('',(-0.0195870518577384,0.05021875,-0.0014576244034224));
#7528=CARTESIAN_POINT('',(-0.017545556081862,0.05021875,-0.006366));
#7529=CARTESIAN_POINT('',(-0.0209687393213157,0.04521875,-0.00978918323945383));
#7530=CARTESIAN_POINT('',(-0.0209687393213157,0.05021875,-0.00978918323945383));
#7531=CARTESIAN_POINT('',(-0.0253247158573779,0.05021875,-0.0067420002096251));
#7532=CARTESIAN_POINT('',(-0.0262770193617416,0.05021875,-0.00950279362299364));
#7533=CARTESIAN_POINT('',(-0.0253247158573779,0.04521875,-0.0067420002096251));
#7534=CARTESIAN_POINT('',(-0.0260329197921863,0.0338512532075391,-0.00817241728284401));
#7535=CARTESIAN_POINT('',(-0.0260329197921863,0.04921875,-0.00817241728284401));
#7536=CARTESIAN_POINT('',(-0.0209687393213157,0.04921875,-0.00978918323945383));
#7537=CARTESIAN_POINT('',(-0.0262770193617416,0.04921875,-0.00950279362299364));
#7538=CARTESIAN_POINT('',(-0.0262770193617416,0.04521875,-0.00950279362299364));
#7539=CARTESIAN_POINT('',(-0.0262770193617416,0.04521875,-0.0119233497048556));
#7540=CARTESIAN_POINT('',(-0.0262770193617416,0.04921875,-0.0119233497048556));
#7541=CARTESIAN_POINT('',(-0.0262770193617416,0.04921875,-0.0101905267440557));
#7542=CARTESIAN_POINT('',(-0.0262770193617416,0.01921875,-0.0101905267440557));
#7543=CARTESIAN_POINT('',(-0.0262770193617416,0.04521875,-0.0143439057867175));
#7544=CARTESIAN_POINT('',(-0.0262770193617416,0.05021875,-0.0143439057867175));
#7545=CARTESIAN_POINT('',(-0.0262770193617416,0.05021875,-0.0119233497048556));
#7546=CARTESIAN_POINT('',(-0.0209687393213157,0.04521875,-0.0146302954031777));
#7547=CARTESIAN_POINT('',(-0.0209687393213157,0.05021875,-0.0146302954031777));
#7548=CARTESIAN_POINT('',(-0.0247277189701035,0.05021875,-0.0183892750519654));
#7549=CARTESIAN_POINT('',(-0.0247277189701035,0.04521875,-0.0183892750519654));
#7550=CARTESIAN_POINT('',(-0.0230161273503766,0.04521875,-0.0201008666716923));
#7551=CARTESIAN_POINT('',(-0.0230161273503766,0.05021875,-0.0201008666716923));
#7552=CARTESIAN_POINT('',(-0.0213045357306496,0.05021875,-0.0218124582914192));
#7553=CARTESIAN_POINT('',(-0.0213045357306496,0.04521875,-0.0218124582914192));
#7554=CARTESIAN_POINT('',(-0.017545556081862,0.04521875,-0.0180534786426315));
#7555=CARTESIAN_POINT('',(-0.017545556081862,0.05021875,-0.0180534786426315));
#7556=CARTESIAN_POINT('',(-0.017545556081862,0.05021875,-0.0233694786426315));
#7557=CARTESIAN_POINT('',(-0.017545556081862,0.04521875,-0.0233694786426315));
#7558=CARTESIAN_POINT('',(-0.015125,0.04521875,-0.0233694786426315));
#7559=CARTESIAN_POINT('',(-0.015125,0.05021875,-0.0233694786426315));
#7560=CARTESIAN_POINT('',(-0.0127044439181381,0.05021875,-0.0233694786426315));
#7561=CARTESIAN_POINT('',(-0.0127044439181381,0.04521875,-0.0233694786426315));
#7562=CARTESIAN_POINT('',(-0.0127044439181381,0.04521875,-0.0180534786426315));
#7563=CARTESIAN_POINT('',(-0.0101451570687554,0.04521875,-0.0227128677466426));
#7564=CARTESIAN_POINT('',(-0.0101451570687554,0.05021875,-0.0227128677466426));
#7565=CARTESIAN_POINT('',(-0.0127044439181381,0.05021875,-0.0180534786426315));
#7566=CARTESIAN_POINT('',(-0.00928126067868425,0.04521875,-0.0146302954031777));
#7567=CARTESIAN_POINT('',(-0.00928126067868425,0.05021875,-0.0146302954031777));
#7568=CARTESIAN_POINT('',(-0.00462187157467318,0.05021875,-0.0171895822525603));
#7569=CARTESIAN_POINT('',(-0.00396526067868425,0.05021875,-0.0146302954031777));
#7570=CARTESIAN_POINT('',(-0.00462187157467318,0.04521875,-0.0171895822525603));
#7571=CARTESIAN_POINT('',(-0.00396526067868425,0.04521875,-0.0146302954031777));
#7572=CARTESIAN_POINT('',(-0.00396526067868425,0.04521875,-0.0122097393213157));
#7573=CARTESIAN_POINT('',(-0.00396526067868425,0.05021875,-0.0122097393213157));
#7574=CARTESIAN_POINT('',(-0.00396526067868425,0.05021875,-0.00978918323945382));
#7575=CARTESIAN_POINT('',(-0.00396526067868425,0.04521875,-0.00978918323945382));
#7576=CARTESIAN_POINT('',(-0.00928126067868425,0.04521875,-0.00978918323945383));
#7577=CARTESIAN_POINT('',(-0.00928126067868425,0.05021875,-0.00978918323945383));
#7578=CARTESIAN_POINT('',(-0.00552228102989655,0.05021875,-0.00603020359066615));
#7579=CARTESIAN_POINT('',(-0.00552228102989655,0.04521875,-0.00603020359066615));
#7580=CARTESIAN_POINT('',(-0.0209687393213157,0.04521875,-0.0146302954031777));
#7581=CARTESIAN_POINT('',(-0.0209687393213157,0.05021875,-0.0146302954031777));
#7582=CARTESIAN_POINT('',(-0.0209687393213157,0.04521875,-0.00978918323945385));
#7583=CARTESIAN_POINT('',(-0.0209687393213157,0.05021875,-0.00978918323945385));
#7584=CARTESIAN_POINT('',(-0.017545556081862,0.04521875,-0.006366));
#7585=CARTESIAN_POINT('',(-0.017545556081862,0.05021875,-0.006366));
#7586=CARTESIAN_POINT('',(-0.0127044439181381,0.04521875,-0.006366));
#7587=CARTESIAN_POINT('',(-0.0127044439181381,0.05021875,-0.006366));
#7588=CARTESIAN_POINT('',(-0.00928126067868425,0.04521875,-0.00978918323945382));
#7589=CARTESIAN_POINT('',(-0.00928126067868425,0.05021875,-0.00978918323945382));
#7590=CARTESIAN_POINT('',(-0.00928126067868425,0.04521875,-0.0146302954031777));
#7591=CARTESIAN_POINT('',(-0.00928126067868425,0.05021875,-0.0146302954031777));
#7592=CARTESIAN_POINT('',(-0.0127044439181381,0.04521875,-0.0180534786426315));
#7593=CARTESIAN_POINT('',(-0.0127044439181381,0.05021875,-0.0180534786426315));
#7594=CARTESIAN_POINT('',(-0.017545556081862,0.04521875,-0.0180534786426315));
#7595=CARTESIAN_POINT('',(-0.017545556081862,0.05021875,-0.0180534786426315));
#7596=CARTESIAN_POINT('',(-0.00723387264962347,0.04521875,-0.00431861197093923));
#7597=CARTESIAN_POINT('',(-0.00723387264962347,0.05021875,-0.00431861197093923));
#7598=CARTESIAN_POINT('',(-0.015125,0.05021875,-0.0122097393213158));
#7599=CARTESIAN_POINT('',(-0.0195870518577384,0.05021875,-0.0014576244034224));
#7600=CARTESIAN_POINT('',(-0.0195930081884675,0.05021875,-0.00150508667458372));
#7601=CARTESIAN_POINT('',(-0.0227113304175998,0.05021875,-0.00462340890371606));
#7602=CARTESIAN_POINT('',(-0.0248215112086366,0.05021875,-0.00673358969475291));
#7603=CARTESIAN_POINT('',(-0.023239433594523,0.05021875,-0.00670714699924972));
#7604=CARTESIAN_POINT('',(-0.0101451570687554,0.05021875,-0.0227128677466426));
#7605=CARTESIAN_POINT('',(-0.0101248289517597,0.05021875,-0.0224261375488792));
#7606=CARTESIAN_POINT('',(-0.00751671536209809,0.05021875,-0.0198180239592177));
#7607=CARTESIAN_POINT('',(-0.0049086017724365,0.05021875,-0.0172099103695561));
#7608=CARTESIAN_POINT('',(-0.00658294120167639,0.05021875,-0.0173286148801855));
#7609=CARTESIAN_POINT('',(0.,6.93889390390723E-18,0.));
#7610=CARTESIAN_POINT('',(-0.0127044439181381,6.93889390390723E-18,0.));
#7611=CARTESIAN_POINT('',(-0.0127044439181381,0.04921875,2.60208521396521E-18));
#7612=CARTESIAN_POINT('',(0.,0.04921875,0.));
#7613=CARTESIAN_POINT('',(-0.017545556081862,0.04921875,1.7347234759768E-18));
#7614=CARTESIAN_POINT('',(-0.017545556081862,6.93889390390723E-18,0.));
#7615=CARTESIAN_POINT('',(0.,6.93889390390723E-18,0.00045));
#7616=CARTESIAN_POINT('',(-0.017545556081862,5.8645384491616E-18,0.00045));
#7617=CARTESIAN_POINT('',(-0.017545556081862,0.04921875,0.00045));
#7618=CARTESIAN_POINT('',(0.047875,0.04921875,0.00045));
#7619=CARTESIAN_POINT('',(-0.0127044439181381,0.04921875,0.00045));
#7620=CARTESIAN_POINT('',(-0.0127044439181381,6.16097107494249E-18,0.00045));
#7621=CARTESIAN_POINT('',(-0.00599253159331039,5.14904513600334E-18,0.0141899080266187));
#7622=CARTESIAN_POINT('',(-0.0220469978508955,5.14904513600334E-18,-0.00186455823096644));
#7623=CARTESIAN_POINT('',(-0.0220469978508955,0.04921875,-0.00186455823096643));
#7624=CARTESIAN_POINT('',(-0.00599253159331039,0.04921875,0.0141899080266187));
#7625=CARTESIAN_POINT('',(-0.0241765688900334,0.04921875,-0.00399412927010433));
#7626=CARTESIAN_POINT('',(-0.0241765688900334,5.14904513600334E-18,-0.00399412927010433));
#7627=CARTESIAN_POINT('',(-0.00631072964484433,5.14904513600334E-18,0.0145081060781526));
#7628=CARTESIAN_POINT('',(-0.0244947669415673,3.57438741361241E-18,-0.00367593121857039));
#7629=CARTESIAN_POINT('',(-0.0244947669415673,0.04921875,-0.00367593121857038));
#7630=CARTESIAN_POINT('',(0.0275420075044616,0.04921875,0.0483608432274586));
#7631=CARTESIAN_POINT('',(-0.0223651959024294,0.04921875,-0.00154636017943249));
#7632=CARTESIAN_POINT('',(-0.0223651959024294,3.75879890746492E-18,-0.00154636017943249));
#7633=CARTESIAN_POINT('',(-0.017545556081862,0.01921875,-0.006366));
#7634=CARTESIAN_POINT('',(-0.021273680677779,0.04521875,-0.00120586017657289));
#7635=CARTESIAN_POINT('',(-0.0211447195102857,0.04521875,-0.0011126876430948));
#7636=CARTESIAN_POINT('',(-0.021012457899115,0.0452178459770978,-0.00102447870420761));
#7637=CARTESIAN_POINT('',(-0.0208769105268491,0.0452143746001597,-0.000941238847482381));
#7638=CARTESIAN_POINT('',(-0.0208769105268491,0.0452143746001597,-0.000941238847482383));
#7639=CARTESIAN_POINT('',(-0.0208769105268491,0.0452143746001597,-0.000941238847482383));
#7640=CARTESIAN_POINT('',(-0.020849625788975,0.0452172973277019,-0.000924483246591987));
#7641=CARTESIAN_POINT('',(-0.0208221592546179,0.04521875,-0.00090789947131597));
#7642=CARTESIAN_POINT('',(-0.0207945100428134,0.04521875,-0.000891490509678711));
#7643=CARTESIAN_POINT('',(-0.017545556081862,0.04921875,-0.006366));
#7644=CARTESIAN_POINT('',(-0.017545556081862,0.01921875,-0.006366));
#7645=CARTESIAN_POINT('',(-0.017545556081862,0.04921875,-0.006366));
#7646=CARTESIAN_POINT('',(-0.00286748827579653,1.17226513331708E-17,-0.00720007210427442));
#7647=CARTESIAN_POINT('',(-0.00477981890965067,1.07492461558303E-17,-0.00528774147042027));
#7648=CARTESIAN_POINT('',(-0.00477981890965069,0.04921875,-0.00528774147042026));
#7649=CARTESIAN_POINT('',(-0.00286748827579654,0.04921875,-0.00720007210427441));
#7650=CARTESIAN_POINT('',(-0.00820300214910451,0.04921875,-0.00186455823096645));
#7651=CARTESIAN_POINT('',(-0.00820300214910449,9.006794181637E-18,-0.00186455823096645));
#7652=CARTESIAN_POINT('',(-0.00254929022426258,1.17897405157364E-17,-0.00688187405274047));
#7653=CARTESIAN_POINT('',(-0.00788480409757055,8.61185130903064E-18,-0.0015463601794325));
#7654=CARTESIAN_POINT('',(-0.00788480409757057,0.04921875,-0.00154636017943249));
#7655=CARTESIAN_POINT('',(0.0313034469250433,0.04921875,-0.0407346112020464));
#7656=CARTESIAN_POINT('',(-0.00446162085811674,0.04921875,-0.00496954341888632));
#7657=CARTESIAN_POINT('',(-0.00446162085811673,1.06507359090049E-17,-0.00496954341888633));
#7658=CARTESIAN_POINT('',(-0.00291526067868423,1.07636298846364E-17,-0.00733473932131577));
#7659=CARTESIAN_POINT('',(-0.00291526067868423,1.44771781256902E-17,-0.0146302954031777));
#7660=CARTESIAN_POINT('',(-0.00291526067868425,0.04921875,-0.0146302954031777));
#7661=CARTESIAN_POINT('',(-0.00291526067868425,0.04921875,-0.00733473932131575));
#7662=CARTESIAN_POINT('',(-0.00291526067868425,0.04921875,-0.00978918323945381));
#7663=CARTESIAN_POINT('',(-0.00291526067868423,1.20129789120022E-17,-0.00978918323945384));
#7664=CARTESIAN_POINT('',(-0.00246526067868423,1.09926866816404E-17,-0.00733473932131577));
#7665=CARTESIAN_POINT('',(-0.00246526067868423,1.23923270534079E-17,-0.00978918323945385));
#7666=CARTESIAN_POINT('',(-0.00246526067868425,0.04921875,-0.00978918323945381));
#7667=CARTESIAN_POINT('',(-0.00246526067868425,0.04921875,-0.0552097393213158));
#7668=CARTESIAN_POINT('',(-0.00246526067868425,0.04921875,-0.0146302954031777));
#7669=CARTESIAN_POINT('',(-0.00246526067868423,1.51529588928767E-17,-0.0146302954031777));
#7670=CARTESIAN_POINT('',(0.0040268028407723,1.53485763190493E-17,-0.0103251154217883));
#7671=CARTESIAN_POINT('',(-0.0082030021491045,1.79271201402704E-17,-0.0225549204116651));
#7672=CARTESIAN_POINT('',(-0.00820300214910451,0.04921875,-0.0225549204116651));
#7673=CARTESIAN_POINT('',(0.0040268028407723,0.04921875,-0.0103251154217883));
#7674=CARTESIAN_POINT('',(-0.00477981890965068,0.04921875,-0.0191317371722112));
#7675=CARTESIAN_POINT('',(-0.00477981890965068,1.72053729007758E-17,-0.0191317371722112));
#7676=CARTESIAN_POINT('',(0.00434500089230625,1.55105439334876E-17,-0.0106433134733222));
#7677=CARTESIAN_POINT('',(-0.00446162085811674,1.81299552591896E-17,-0.0194499352237452));
#7678=CARTESIAN_POINT('',(-0.00446162085811674,0.04921875,-0.0194499352237452));
#7679=CARTESIAN_POINT('',(-0.0295077362569997,0.04921875,-0.0444960506226282));
#7680=CARTESIAN_POINT('',(-0.00788480409757056,0.04921875,-0.022873118463199));
#7681=CARTESIAN_POINT('',(-0.00788480409757056,1.91481351244651E-17,-0.022873118463199));
#7682=CARTESIAN_POINT('',(0.00975,2.11022802174595E-17,-0.0244194786426315));
#7683=CARTESIAN_POINT('',(-0.017545556081862,2.11022802174596E-17,-0.0244194786426315));
#7684=CARTESIAN_POINT('',(-0.017545556081862,0.04921875,-0.0244194786426315));
#7685=CARTESIAN_POINT('',(0.00975,0.04921875,-0.0244194786426315));
#7686=CARTESIAN_POINT('',(-0.0127044439181381,0.04921875,-0.0244194786426315));
#7687=CARTESIAN_POINT('',(-0.0127044439181381,2.11022802174596E-17,-0.0244194786426315));
#7688=CARTESIAN_POINT('',(0.00975,2.11022802174595E-17,-0.0248694786426315));
#7689=CARTESIAN_POINT('',(-0.0127044439181381,2.24772183610086E-17,-0.0248694786426315));
#7690=CARTESIAN_POINT('',(-0.0127044439181381,0.04921875,-0.0248694786426315));
#7691=CARTESIAN_POINT('',(-0.038125,0.04921875,-0.0248694786426315));
#7692=CARTESIAN_POINT('',(-0.017545556081862,0.04921875,-0.0248694786426315));
#7693=CARTESIAN_POINT('',(-0.017545556081862,2.27736509867895E-17,-0.0248694786426315));
#7694=CARTESIAN_POINT('',(0.000901759523258458,1.39908790853351E-17,-0.045503677785819));
#7695=CARTESIAN_POINT('',(-0.0254701810903493,1.9551164353916E-17,-0.0191317371722112));
#7696=CARTESIAN_POINT('',(-0.0254701810903493,0.04921875,-0.0191317371722112));
#7697=CARTESIAN_POINT('',(0.00090175952325845,0.04921875,-0.045503677785819));
#7698=CARTESIAN_POINT('',(-0.0220469978508955,0.04921875,-0.0225549204116651));
#7699=CARTESIAN_POINT('',(-0.0220469978508955,1.88294171144213E-17,-0.0225549204116651));
#7700=CARTESIAN_POINT('',(0.000583561471724511,1.38289114708967E-17,-0.0458218758373529));
#7701=CARTESIAN_POINT('',(-0.0223651959024294,2.06547110431057E-17,-0.022873118463199));
#7702=CARTESIAN_POINT('',(-0.0223651959024294,0.04921875,-0.022873118463199));
#7703=CARTESIAN_POINT('',(-0.0332691756775815,0.04921875,-0.011969138688047));
#7704=CARTESIAN_POINT('',(-0.0257883791418833,0.04921875,-0.0194499352237452));
#7705=CARTESIAN_POINT('',(-0.0257883791418833,2.16728909083813E-17,-0.0194499352237452));
#7706=CARTESIAN_POINT('',(-0.0277847393213158,0.03421875,-0.00770973932131574));
#7707=CARTESIAN_POINT('',(-0.0277847393213158,0.03421875,-0.00770973932131574));
#7708=CARTESIAN_POINT('',(-0.0277847393213158,0.04821875,-0.00770973932131576));
#7709=CARTESIAN_POINT('',(-0.0277847393213158,0.04821875,-0.00770973932131576));
#7710=CARTESIAN_POINT('',(-0.0273347393213158,0.04821875,-0.00770973932131575));
#7711=CARTESIAN_POINT('',(-0.0273347393213158,2.30374368450339E-17,-0.00770973932131573));
#7712=CARTESIAN_POINT('',(-0.0273347393213157,-2.09518393734717E-18,-0.0570847393213157));
#7713=CARTESIAN_POINT('',(-0.0273347393213158,0.04821875,-0.00870973932131577));
#7714=CARTESIAN_POINT('',(-0.0273347393213158,0.04921875,-0.00870973932131575));
#7715=CARTESIAN_POINT('',(-0.0273347393213158,0.04921875,-0.0570847393213158));
#7716=CARTESIAN_POINT('',(-0.0273347393213158,0.04921875,-0.0146302954031777));
#7717=CARTESIAN_POINT('',(-0.0273347393213158,1.95147692681501E-17,-0.0146302954031777));
#7718=CARTESIAN_POINT('',(-0.0277847393213157,-2.32424073435115E-18,-0.0570847393213157));
#7719=CARTESIAN_POINT('',(-0.0277847393213158,2.18852974138426E-17,-0.0146302954031777));
#7720=CARTESIAN_POINT('',(-0.0277847393213158,0.04921875,-0.0146302954031777));
#7721=CARTESIAN_POINT('',(-0.0277847393213158,0.04921875,-0.00920973932131576));
#7722=CARTESIAN_POINT('',(-0.0277847393213158,0.04921875,-0.00870973932131576));
#7723=CARTESIAN_POINT('',(-0.0277847393213158,0.04821875,-0.00870973932131577));
#7724=CARTESIAN_POINT('',(-0.0209687393213157,0.04921875,-0.0146302954031777));
#7725=CARTESIAN_POINT('',(-0.0209687393213157,0.04921875,-0.0146302954031777));
#7726=CARTESIAN_POINT('',(-0.0209687393213157,0.04921875,-0.0146302954031777));
#7727=CARTESIAN_POINT('',(-0.0209687393213157,0.04921875,-0.0146302954031777));
#7728=CARTESIAN_POINT('',(-0.017545556081862,0.04921875,-0.0180534786426315));
#7729=CARTESIAN_POINT('',(-0.017545556081862,0.04921875,-0.0180534786426315));
#7730=CARTESIAN_POINT('',(-0.017545556081862,0.04921875,-0.0180534786426315));
#7731=CARTESIAN_POINT('',(-0.017545556081862,0.04921875,-0.0180534786426315));
#7732=CARTESIAN_POINT('',(-0.0127044439181381,0.04921875,-0.0180534786426315));
#7733=CARTESIAN_POINT('',(-0.00880142941962551,0.04521875,-0.0230826370040674));
#7734=CARTESIAN_POINT('',(-0.00884892857740538,0.04521875,-0.0231195000113856));
#7735=CARTESIAN_POINT('',(-0.00889694022698297,0.045218666244157,-0.0231556827393541));
#7736=CARTESIAN_POINT('',(-0.00894546426935038,0.0452184351236208,-0.0231911851348321));
#7737=CARTESIAN_POINT('',(-0.00894546426935038,0.0452184351236208,-0.0231911851348321));
#7738=CARTESIAN_POINT('',(-0.00894546426935038,0.0452184351236208,-0.0231911851348321));
#7739=CARTESIAN_POINT('',(-0.0089522963792612,0.0452186451077376,-0.0231961838170558));
#7740=CARTESIAN_POINT('',(-0.00895913948421282,0.04521875,-0.0232011696207157));
#7741=CARTESIAN_POINT('',(-0.00896599359137965,0.04521875,-0.023206142531763));
#7742=CARTESIAN_POINT('',(-0.0127044439181381,0.04921875,-0.0180534786426315));
#7743=CARTESIAN_POINT('',(-0.0127044439181381,0.04921875,-0.0180534786426315));
#7744=CARTESIAN_POINT('',(-0.0127044439181381,0.04921875,-0.0180534786426315));
#7745=CARTESIAN_POINT('',(-0.00928126067868425,0.04921875,-0.0146302954031777));
#7746=CARTESIAN_POINT('',(-0.00412859678955274,0.04521875,-0.0183687457299361));
#7747=CARTESIAN_POINT('',(-0.00413356970060007,0.04521875,-0.0183755998371029));
#7748=CARTESIAN_POINT('',(-0.00413855550425999,0.0452186451077376,-0.0183824429420545));
#7749=CARTESIAN_POINT('',(-0.00414355418648367,0.0452184351236208,-0.0183892750519654));
#7750=CARTESIAN_POINT('',(-0.00414355418648367,0.0452184351236208,-0.0183892750519654));
#7751=CARTESIAN_POINT('',(-0.00414355418648367,0.0452184351236208,-0.0183892750519654));
#7752=CARTESIAN_POINT('',(-0.00417905658196167,0.045218666244157,-0.0184377990943328));
#7753=CARTESIAN_POINT('',(-0.00421523930993014,0.04521875,-0.0184858107439104));
#7754=CARTESIAN_POINT('',(-0.00425210231724833,0.04521875,-0.0185333099016902));
#7755=CARTESIAN_POINT('',(-0.00928126067868425,0.04921875,-0.0146302954031777));
#7756=CARTESIAN_POINT('',(-0.00928126067868425,0.04921875,-0.0146302954031777));
#7757=CARTESIAN_POINT('',(-0.00928126067868425,0.04921875,-0.0146302954031777));
#7758=CARTESIAN_POINT('',(-0.00928126067868425,0.04921875,-0.00978918323945382));
#7759=CARTESIAN_POINT('',(-0.00928126067868425,0.04921875,-0.00978918323945382));
#7760=CARTESIAN_POINT('',(-0.00928126067868425,0.04921875,-0.00978918323945382));
#7761=CARTESIAN_POINT('',(-0.00928126067868425,0.04921875,-0.00978918323945383));
#7762=CARTESIAN_POINT('',(-0.0127044439181381,0.04921875,-0.006366));
#7763=CARTESIAN_POINT('',(-0.0127044439181381,0.04921875,-0.006366));
#7764=CARTESIAN_POINT('',(-0.0127044439181381,0.04921875,-0.006366));
#7765=CARTESIAN_POINT('',(-0.0127044439181381,0.04921875,-0.006366));
#7766=CARTESIAN_POINT('',(0.047875,0.04921875,0.00045));
#7767=CARTESIAN_POINT('',(-0.017545556081862,0.04921875,0.00045));
#7768=CARTESIAN_POINT('',(-0.0127044439181381,0.04921875,0.00045));
#7769=CARTESIAN_POINT('',(0.0275420075044616,0.04921875,0.0483608432274586));
#7770=CARTESIAN_POINT('',(-0.0244947669415673,0.04921875,-0.00367593121857038));
#7771=CARTESIAN_POINT('',(-0.0223651959024294,0.04921875,-0.00154636017943249));
#7772=CARTESIAN_POINT('',(-0.017545556081862,0.04921875,-0.006366));
#7773=CARTESIAN_POINT('',(-0.0196751271209998,0.04921875,-0.00849557103913788));
#7774=CARTESIAN_POINT('',(-0.0196751271209998,0.04921875,-0.0084955710391379));
#7775=CARTESIAN_POINT('',(-0.0196751271209998,0.04921875,-0.00849557103913788));
#7776=CARTESIAN_POINT('',(-0.0196751271209998,0.01921875,-0.0084955710391379));
#7777=CARTESIAN_POINT('',(-0.0254795456044879,0.04521875,-0.00588124855165803));
#7778=CARTESIAN_POINT('',(-0.0254434695424195,0.04521875,-0.00580115110289877));
#7779=CARTESIAN_POINT('',(-0.0254062307584995,0.0452087792908722,-0.00572289932992876));
#7780=CARTESIAN_POINT('',(-0.0253679888929757,0.0451883023557535,-0.00564648682746991));
#7781=CARTESIAN_POINT('',(-0.0253679888929757,0.0451883023557535,-0.00564648682746991));
#7782=CARTESIAN_POINT('',(-0.0253679888929757,0.0451883023557535,-0.00564648682746991));
#7783=CARTESIAN_POINT('',(-0.0252143768065333,0.0452156859262538,-0.00533954876960556));
#7784=CARTESIAN_POINT('',(-0.0250367502356704,0.04521875,-0.00504632176730182));
#7785=CARTESIAN_POINT('',(-0.024835266944427,0.04521875,-0.00476744644322099));
#7786=CARTESIAN_POINT('',(-0.0196751271209998,0.01921875,-0.0084955710391379));
#7787=CARTESIAN_POINT('',(0.0313034469250433,0.04921875,-0.0407346112020464));
#7788=CARTESIAN_POINT('',(-0.00788480409757057,0.04921875,-0.00154636017943249));
#7789=CARTESIAN_POINT('',(-0.00446162085811674,0.04921875,-0.00496954341888632));
#7790=CARTESIAN_POINT('',(-0.00246526067868425,0.04921875,-0.0552097393213158));
#7791=CARTESIAN_POINT('',(-0.00246526067868425,0.04921875,-0.00978918323945381));
#7792=CARTESIAN_POINT('',(-0.00246526067868425,0.04921875,-0.0146302954031777));
#7793=CARTESIAN_POINT('',(-0.0295077362569997,0.04921875,-0.0444960506226282));
#7794=CARTESIAN_POINT('',(-0.00446162085811674,0.04921875,-0.0194499352237452));
#7795=CARTESIAN_POINT('',(-0.00788480409757056,0.04921875,-0.022873118463199));
#7796=CARTESIAN_POINT('',(-0.038125,0.04921875,-0.0248694786426315));
#7797=CARTESIAN_POINT('',(-0.0127044439181381,0.04921875,-0.0248694786426315));
#7798=CARTESIAN_POINT('',(-0.017545556081862,0.04921875,-0.0248694786426315));
#7799=CARTESIAN_POINT('',(-0.0332691756775815,0.04921875,-0.011969138688047));
#7800=CARTESIAN_POINT('',(-0.0223651959024294,0.04921875,-0.022873118463199));
#7801=CARTESIAN_POINT('',(-0.0257883791418833,0.04921875,-0.0194499352237452));
#7802=CARTESIAN_POINT('',(-0.0277847393213158,0.04821875,-0.00870973932131577));
#7803=CARTESIAN_POINT('',(-0.0277847393213158,0.04921875,-0.00870973932131576));
#7804=CARTESIAN_POINT('',(-0.0277847393213158,0.04921875,-0.00920973932131576));
#7805=CARTESIAN_POINT('',(-0.0277847393213158,0.04921875,-0.0146302954031777));
#7806=CARTESIAN_POINT('',(-0.0209687393213157,0.04921875,-0.0146302954031777));
#7807=CARTESIAN_POINT('',(-0.017545556081862,0.04921875,-0.0180534786426315));
#7808=CARTESIAN_POINT('',(-0.0127044439181381,0.04921875,-0.0180534786426315));
#7809=CARTESIAN_POINT('',(-0.00928126067868425,0.04921875,-0.0146302954031777));
#7810=CARTESIAN_POINT('',(-0.00928126067868425,0.04921875,-0.00978918323945383));
#7811=CARTESIAN_POINT('',(-0.0127044439181381,0.04921875,-0.006366));
#7812=CARTESIAN_POINT('',(-0.00723387264962347,0.03406875,-0.0201008666716922));
#7813=CARTESIAN_POINT('',(-0.00894546426935038,0.03406875,-0.0218124582914192));
#7814=CARTESIAN_POINT('',(-0.00894546426935038,0.04421875,-0.0218124582914192));
#7815=CARTESIAN_POINT('',(-0.00894546426935037,0.01791875,-0.0218124582914192));
#7816=CARTESIAN_POINT('',(-0.00552228102989656,0.04421875,-0.0183892750519654));
#7817=CARTESIAN_POINT('',(-0.00552228102989656,0.04421875,-0.0183892750519654));
#7818=CARTESIAN_POINT('',(-0.00552228102989656,0.03406875,-0.0183892750519654));
#7819=CARTESIAN_POINT('',(-0.00552228102989656,0.01791875,-0.0183892750519654));
#7820=CARTESIAN_POINT('',(-0.00723387264962346,0.01791875,-0.0201008666716922));
#7821=CARTESIAN_POINT('',(-0.00693649459226966,0.03406875,-0.0169750614895923));
#7822=CARTESIAN_POINT('',(-0.00658294120167639,0.04421875,-0.0173286148801855));
#7823=CARTESIAN_POINT('',(-0.00658294120167639,0.04421875,-0.0173286148801855));
#7824=CARTESIAN_POINT('',(-0.00658294120167639,0.03406875,-0.0173286148801855));
#7825=CARTESIAN_POINT('',(-0.00658294120167639,0.04911875,-0.0173286148801855));
#7826=CARTESIAN_POINT('',(-0.00693649459226966,0.04861875,-0.0169750614895923));
#7827=CARTESIAN_POINT('',(-0.00693649459226966,0.04861875,-0.0169750614895923));
#7828=CARTESIAN_POINT('',(-0.00693649459226966,0.03406875,-0.0169750614895923));
#7829=CARTESIAN_POINT('',(-0.00693649459226966,0.01491875,-0.0169750614895923));
#7830=CARTESIAN_POINT('',(-0.00516872763930329,0.01491875,-0.0187428284425587));
#7831=CARTESIAN_POINT('',(-0.00516872763930329,0.01491875,-0.0187428284425587));
#7832=CARTESIAN_POINT('',(-0.00340096068633692,0.01741875,-0.020510595395525));
#7833=CARTESIAN_POINT('',(-0.00340096068633692,0.01741875,-0.020510595395525));
#7834=CARTESIAN_POINT('',(-0.00340096068633692,0.01491875,-0.020510595395525));
#7835=CARTESIAN_POINT('',(-0.00340096068633692,0.01791875,-0.020510595395525));
#7836=CARTESIAN_POINT('',(-0.00516872763930329,0.01791875,-0.0187428284425587));
#7837=CARTESIAN_POINT('',(-0.0103596778317235,0.03406875,-0.0203982447290461));
#7838=CARTESIAN_POINT('',(-0.0100061244411302,0.03406875,-0.0207517981196393));
#7839=CARTESIAN_POINT('',(-0.0100061244411302,0.04911875,-0.0207517981196393));
#7840=CARTESIAN_POINT('',(-0.0100061244411302,0.04421875,-0.0207517981196393));
#7841=CARTESIAN_POINT('',(-0.00894546426935038,0.04421875,-0.0218124582914192));
#7842=CARTESIAN_POINT('',(-0.0085919108787571,0.01791875,-0.0221660116820124));
#7843=CARTESIAN_POINT('',(-0.00682414392579073,0.01791875,-0.0239337786349788));
#7844=CARTESIAN_POINT('',(-0.00682414392579073,0.01491875,-0.0239337786349788));
#7845=CARTESIAN_POINT('',(-0.00682414392579073,0.01741875,-0.0239337786349788));
#7846=CARTESIAN_POINT('',(-0.00682414392579074,0.01741875,-0.0239337786349789));
#7847=CARTESIAN_POINT('',(-0.0085919108787571,0.01491875,-0.0221660116820124));
#7848=CARTESIAN_POINT('',(-0.0085919108787571,0.01491875,-0.0221660116820124));
#7849=CARTESIAN_POINT('',(-0.0103596778317235,0.01491875,-0.0203982447290461));
#7850=CARTESIAN_POINT('',(-0.0103596778317235,0.03406875,-0.0203982447290461));
#7851=CARTESIAN_POINT('',(-0.0103596778317235,0.04861875,-0.0203982447290461));
#7852=CARTESIAN_POINT('',(-0.0103596778317235,0.04861875,-0.0203982447290461));
#7853=CARTESIAN_POINT('',(-0.00864808621199656,0.03406875,-0.0186866531093192));
#7854=CARTESIAN_POINT('',(-0.00864808621199656,0.04861875,-0.0186866531093192));
#7855=CARTESIAN_POINT('',(-0.00864808621199656,0.01491875,-0.0186866531093192));
#7856=CARTESIAN_POINT('',(-0.00688031925903019,0.01791875,-0.0204544200622855));
#7857=CARTESIAN_POINT('',(-0.00511255230606382,0.01791875,-0.0222221870152519));
#7858=CARTESIAN_POINT('',(-0.00511255230606382,0.01491875,-0.0222221870152519));
#7859=CARTESIAN_POINT('',(-0.00511255230606382,0.01741875,-0.0222221870152519));
#7860=CARTESIAN_POINT('',(-0.00688031925903019,0.01491875,-0.0204544200622855));
#7861=CARTESIAN_POINT('',(-0.00688031925903019,0.01491875,-0.0204544200622855));
#7862=CARTESIAN_POINT('',(-0.00511255230606382,0.01741875,-0.0222221870152519));
#7863=CARTESIAN_POINT('',(-0.022588502146576,0.03406875,-0.003934895207743));
#7864=CARTESIAN_POINT('',(-0.0208769105268491,0.03406875,-0.0022233035880161));
#7865=CARTESIAN_POINT('',(-0.0208769105268491,0.04421875,-0.0022233035880161));
#7866=CARTESIAN_POINT('',(-0.0208769105268491,0.01791875,-0.0022233035880161));
#7867=CARTESIAN_POINT('',(-0.0243000937663028,0.04421875,-0.0056464868274699));
#7868=CARTESIAN_POINT('',(-0.0243000937663028,0.04421875,-0.0056464868274699));
#7869=CARTESIAN_POINT('',(-0.0243000937663028,0.03406875,-0.0056464868274699));
#7870=CARTESIAN_POINT('',(-0.0243000937663028,0.01791875,-0.0056464868274699));
#7871=CARTESIAN_POINT('',(-0.022588502146576,0.01791875,-0.003934895207743));
#7872=CARTESIAN_POINT('',(-0.0228858802039297,0.03406875,-0.00706070038984299));
#7873=CARTESIAN_POINT('',(-0.023239433594523,0.04421875,-0.00670714699924972));
#7874=CARTESIAN_POINT('',(-0.023239433594523,0.04421875,-0.00670714699924972));
#7875=CARTESIAN_POINT('',(-0.023239433594523,0.03406875,-0.00670714699924972));
#7876=CARTESIAN_POINT('',(-0.023239433594523,0.04911875,-0.00670714699924972));
#7877=CARTESIAN_POINT('',(-0.0228858802039297,0.04861875,-0.00706070038984299));
#7878=CARTESIAN_POINT('',(-0.0228858802039297,0.04861875,-0.00706070038984299));
#7879=CARTESIAN_POINT('',(-0.0228858802039297,0.03406875,-0.00706070038984299));
#7880=CARTESIAN_POINT('',(-0.0228858802039297,0.01491875,-0.00706070038984299));
#7881=CARTESIAN_POINT('',(-0.0246536471568961,0.01491875,-0.00529293343687663));
#7882=CARTESIAN_POINT('',(-0.0246536471568961,0.01491875,-0.00529293343687663));
#7883=CARTESIAN_POINT('',(-0.0246536471568961,0.01491875,-0.00529293343687663));
#7884=CARTESIAN_POINT('',(-0.0264214141098625,0.01741875,-0.00352516648391027));
#7885=CARTESIAN_POINT('',(-0.0264214141098625,0.01491875,-0.00352516648391027));
#7886=CARTESIAN_POINT('',(-0.0264214141098625,0.01791875,-0.00352516648391027));
#7887=CARTESIAN_POINT('',(-0.0246536471568961,0.01791875,-0.00529293343687663));
#7888=CARTESIAN_POINT('',(-0.019462696964476,0.03406875,-0.00363751715038919));
#7889=CARTESIAN_POINT('',(-0.0198162503550693,0.03406875,-0.00328396375979591));
#7890=CARTESIAN_POINT('',(-0.0198162503550693,0.04911875,-0.00328396375979591));
#7891=CARTESIAN_POINT('',(-0.0198162503550693,0.04421875,-0.00328396375979591));
#7892=CARTESIAN_POINT('',(-0.0208769105268491,0.04421875,-0.0022233035880161));
#7893=CARTESIAN_POINT('',(-0.0212304639174423,0.01791875,-0.00186975019742283));
#7894=CARTESIAN_POINT('',(-0.0229982308704087,0.01791875,-0.000101983244456472));
#7895=CARTESIAN_POINT('',(-0.0229982308704087,0.01491875,-0.000101983244456472));
#7896=CARTESIAN_POINT('',(-0.0229982308704087,0.01741875,-0.000101983244456472));
#7897=CARTESIAN_POINT('',(-0.0212304639174423,0.01491875,-0.00186975019742282));
#7898=CARTESIAN_POINT('',(-0.0212304639174423,0.01491875,-0.00186975019742283));
#7899=CARTESIAN_POINT('',(-0.0212304639174423,0.01491875,-0.00186975019742283));
#7900=CARTESIAN_POINT('',(-0.019462696964476,0.01491875,-0.00363751715038919));
#7901=CARTESIAN_POINT('',(-0.019462696964476,0.03406875,-0.00363751715038919));
#7902=CARTESIAN_POINT('',(-0.019462696964476,0.04861875,-0.00363751715038919));
#7903=CARTESIAN_POINT('',(-0.019462696964476,0.04861875,-0.00363751715038919));
#7904=CARTESIAN_POINT('',(-0.0211742885842028,0.03406875,-0.00534910877011609));
#7905=CARTESIAN_POINT('',(-0.0211742885842028,0.04861875,-0.00534910877011609));
#7906=CARTESIAN_POINT('',(-0.0211742885842028,0.01491875,-0.00534910877011609));
#7907=CARTESIAN_POINT('',(-0.0229420555371692,0.01791875,-0.00358134181714973));
#7908=CARTESIAN_POINT('',(-0.0247098224901357,0.01791875,-0.00181357486418338));
#7909=CARTESIAN_POINT('',(-0.0247098224901357,0.01491875,-0.00181357486418338));
#7910=CARTESIAN_POINT('',(-0.0229982308704087,0.01741875,-0.000101983244456472));
#7911=CARTESIAN_POINT('',(-0.0229420555371692,0.01491875,-0.00358134181714973));
#7912=CARTESIAN_POINT('',(-0.0246536471568961,0.01491875,-0.00529293343687663));
#7913=CARTESIAN_POINT('',(-0.0229420555371692,0.01491875,-0.00358134181714973));
#7914=CARTESIAN_POINT('',(-0.023239433594523,0.04521875,-0.00670714699924972));
#7915=CARTESIAN_POINT('',(-0.0215979435020665,0.0479774412009915,-0.00667971128920672));
#7916=CARTESIAN_POINT('',(-0.0246303986978106,0.04421875,-0.00673039545833522));
#7917=CARTESIAN_POINT('',(-0.0195870518577384,0.04521875,-0.0014576244034224));
#7918=CARTESIAN_POINT('',(-0.0200446680765456,0.0479932480509341,-0.00510408160211856));
#7919=CARTESIAN_POINT('',(-0.0196585613965241,0.04421875,-0.002027439155968));
#7920=CARTESIAN_POINT('',(-0.00658294120167639,0.04521875,-0.0173286148801855));
#7921=CARTESIAN_POINT('',(-0.00831608749779,0.0479801153286596,-0.0174514885815012));
#7922=CARTESIAN_POINT('',(-0.00526235252217108,0.04421875,-0.0172349899973178));
#7923=CARTESIAN_POINT('',(-0.0101451570687554,0.04521875,-0.0227128677466426));
#7924=CARTESIAN_POINT('',(-0.00988325073981454,0.0479801153286595,-0.0190186518235257));
#7925=CARTESIAN_POINT('',(-0.010099749323998,0.04421875,-0.0220723867991447));
#7926=CARTESIAN_POINT('',(-0.0211742885842028,0.04861875,-0.00534910877011609));
#7927=CARTESIAN_POINT('',(-0.00864808621199656,0.04861875,-0.0186866531093192));
#7928=CARTESIAN_POINT('',(-0.0235131127315766,0.04571875,-0.00203107866799742));
#7929=CARTESIAN_POINT('',(-0.0232166434821728,0.04571875,-0.00173460941859368));
#7930=CARTESIAN_POINT('',(-0.0232166434821728,0.04571875,-0.00173460941859368));
#7931=CARTESIAN_POINT('',(-0.0235131127315766,0.04571875,-0.00203107866799742));
#7932=CARTESIAN_POINT('',(-0.0238095819809803,0.04571875,-0.00232754791740116));
#7933=CARTESIAN_POINT('',(-0.0238095819809803,0.04571875,-0.00232754791740116));
#7934=CARTESIAN_POINT('',(-0.0232166434821728,0.0477018229166666,-0.00173460941859368));
#7935=CARTESIAN_POINT('',(-0.0232166434821728,0.0496848958333333,-0.00173460941859368));
#7936=CARTESIAN_POINT('',(-0.0232166434821728,0.0496848958333333,-0.00173460941859368));
#7937=CARTESIAN_POINT('',(-0.0232166434821728,0.0477018229166666,-0.00173460941859368));
#7938=CARTESIAN_POINT('',(-0.0234603252461755,0.0496848958333333,-0.00197829118259634));
#7939=CARTESIAN_POINT('',(-0.0237040070101781,0.0496848958333333,-0.002221972946599));
#7940=CARTESIAN_POINT('',(-0.0237040070101781,0.0496848958333333,-0.002221972946599));
#7941=CARTESIAN_POINT('',(-0.0234603252461755,0.0496848958333333,-0.00197829118259634));
#7942=CARTESIAN_POINT('',(-0.0241557696759363,0.0491762152777778,-0.00267373561235707));
#7943=CARTESIAN_POINT('',(-0.0246075323416943,0.0486675347222222,-0.00312549827811515));
#7944=CARTESIAN_POINT('',(-0.0246075323416943,0.0486675347222222,-0.00312549827811515));
#7945=CARTESIAN_POINT('',(-0.0241557696759363,0.0491762152777778,-0.00267373561235707));
#7946=CARTESIAN_POINT('',(-0.0244645150847355,0.0484153645833333,-0.00298248102115641));
#7947=CARTESIAN_POINT('',(-0.0243214978277768,0.0481631944444444,-0.00283946376419767));
#7948=CARTESIAN_POINT('',(-0.0243214978277768,0.0481631944444444,-0.00283946376419767));
#7949=CARTESIAN_POINT('',(-0.0244645150847355,0.0484153645833333,-0.00298248102115641));
#7950=CARTESIAN_POINT('',(-0.0241603732357096,0.0483463541666667,-0.00267833917213042));
#7951=CARTESIAN_POINT('',(-0.0239992486436423,0.0485295138888889,-0.00251721458006318));
#7952=CARTESIAN_POINT('',(-0.0239990582089434,0.0485292056812901,-0.0025170241453642));
#7953=CARTESIAN_POINT('',(-0.0241603732357096,0.0483463541666667,-0.00267833917213042));
#7954=CARTESIAN_POINT('',(-0.0262378901583703,0.0521526263229962,-0.00475585609478048));
#7955=CARTESIAN_POINT('',(-0.0237942183346238,0.0488037773675155,-0.00231218427104469));
#7956=CARTESIAN_POINT('',(-0.0237942367817358,0.0488029513888889,-0.00231220271815665));
#7957=CARTESIAN_POINT('',(-0.0262378901583649,0.0521526263229962,-0.00475585609478583));
#7958=CARTESIAN_POINT('',(-0.0237988403415091,0.0485967881944444,-0.00231680627793001));
#7959=CARTESIAN_POINT('',(-0.0238034439012825,0.048390625,-0.00232140983770336));
#7960=CARTESIAN_POINT('',(-0.0238034439012825,0.048390625,-0.00232140983770336));
#7961=CARTESIAN_POINT('',(-0.0237988403415091,0.0485967881944444,-0.00231680627793001));
#7962=CARTESIAN_POINT('',(-0.0238065129411314,0.0482022569444444,-0.00232447887755225));
#7963=CARTESIAN_POINT('',(-0.0238095819809803,0.0480138888888889,-0.00232754791740116));
#7964=CARTESIAN_POINT('',(-0.0238095819809803,0.0480138888888889,-0.00232754791740116));
#7965=CARTESIAN_POINT('',(-0.0238065129411314,0.0482022569444444,-0.00232447887755225));
#7966=CARTESIAN_POINT('',(-0.0238095819809803,0.0468663194444444,-0.00232754791740116));
#7967=CARTESIAN_POINT('',(-0.0238095819809803,0.0468663194444444,-0.00232754791740116));
#7968=CARTESIAN_POINT('',(-0.0239007324644927,0.04771875,-0.00241869840091349));
#7969=CARTESIAN_POINT('',(-0.0151940104166666,0.04571875,0.00095));
#7970=CARTESIAN_POINT('',(-0.0138077256944444,0.04571875,0.00095));
#7971=CARTESIAN_POINT('',(-0.0138077256944444,0.04571875,0.00095));
#7972=CARTESIAN_POINT('',(-0.0151940104166666,0.04571875,0.00095));
#7973=CARTESIAN_POINT('',(-0.0165802951388889,0.04571875,0.00095));
#7974=CARTESIAN_POINT('',(-0.0165802951388889,0.04571875,0.00095));
#7975=CARTESIAN_POINT('',(-0.0138077256944444,0.0460716145833333,0.00095));
#7976=CARTESIAN_POINT('',(-0.0138077256944444,0.0464244791666667,0.00095));
#7977=CARTESIAN_POINT('',(-0.0138077256944444,0.0464244791666667,0.00095));
#7978=CARTESIAN_POINT('',(-0.0138077256944444,0.0460716145833333,0.00095));
#7979=CARTESIAN_POINT('',(-0.014671875,0.0464244791666667,0.00095));
#7980=CARTESIAN_POINT('',(-0.0155360243055556,0.0464244791666667,0.00095));
#7981=CARTESIAN_POINT('',(-0.0155360243055556,0.0464244791666667,0.00095));
#7982=CARTESIAN_POINT('',(-0.014671875,0.0464244791666667,0.00095));
#7983=CARTESIAN_POINT('',(-0.0155360243055556,0.0464431423611111,0.00095));
#7984=CARTESIAN_POINT('',(-0.0155360243055556,0.0464618055555555,0.00095));
#7985=CARTESIAN_POINT('',(-0.0155360243055556,0.0464618055555555,0.00095));
#7986=CARTESIAN_POINT('',(-0.0155360243055556,0.0464431423611111,0.00095));
#7987=CARTESIAN_POINT('',(-0.0152808159722223,0.0467018229166667,0.00095));
#7988=CARTESIAN_POINT('',(-0.0150256076388889,0.0469418402777778,0.00095));
#7989=CARTESIAN_POINT('',(-0.0150256076388889,0.0469418402777778,0.00095));
#7990=CARTESIAN_POINT('',(-0.0152808159722223,0.0467018229166667,0.00095));
#7991=CARTESIAN_POINT('',(-0.0143138020833333,0.0476610243055555,0.00095));
#7992=CARTESIAN_POINT('',(-0.0143138020833333,0.0476610243055555,0.00195));
#7993=CARTESIAN_POINT('',(-0.0144486400462963,0.0474929108796296,0.00095));
#7994=CARTESIAN_POINT('',(-0.0144486400462963,0.0474929108796296,0.00195));
#7995=CARTESIAN_POINT('',(-0.0146859085648148,0.0472531828703704,0.00095));
#7996=CARTESIAN_POINT('',(-0.0146859085648148,0.0472531828703704,0.00195));
#7997=CARTESIAN_POINT('',(-0.0150256076388889,0.0469418402777778,0.00095));
#7998=CARTESIAN_POINT('',(-0.0150256076388889,0.0469418402777778,0.00195));
#7999=CARTESIAN_POINT('',(-0.0143138020833333,0.0476610243055555,0.00095));
#8000=CARTESIAN_POINT('',(-0.0143138020833333,0.0476610243055555,0.00095));
#8001=CARTESIAN_POINT('',(-0.0143138020833333,0.0476610243055555,0.00095));
#8002=CARTESIAN_POINT('',(-0.0145160590277778,0.0474088541666667,0.00095));
#8003=CARTESIAN_POINT('',(-0.0150256076388889,0.0469418402777778,0.00095));
#8004=CARTESIAN_POINT('',(-0.0158377982577621,0.0489287996918323,0.00095));
#8005=CARTESIAN_POINT('',(-0.0140151909722222,0.0481532118055556,0.00095));
#8006=CARTESIAN_POINT('',(-0.0140148127388785,0.0481530488067117,0.00095));
#8007=CARTESIAN_POINT('',(-0.0158377982577621,0.0489287996918323,0.00095));
#8008=CARTESIAN_POINT('',(-0.0152863878662721,0.0486561706014436,0.00095));
#8009=CARTESIAN_POINT('',(-0.0139188368055556,0.0486675347222222,0.00095));
#8010=CARTESIAN_POINT('',(-0.0139192042314897,0.0486675374466954,0.00095));
#8011=CARTESIAN_POINT('',(-0.0152863878662721,0.0486561706014436,0.00095));
#8012=CARTESIAN_POINT('',(-0.0149268792751524,0.0486868881022849,0.00095));
#8013=CARTESIAN_POINT('',(-0.0140763888888889,0.0492261284722222,0.00095));
#8014=CARTESIAN_POINT('',(-0.0140761865189516,0.0492262574497034,0.00095));
#8015=CARTESIAN_POINT('',(-0.0149268792751524,0.0486868881022849,0.00095));
#8016=CARTESIAN_POINT('',(-0.0149506936013809,0.0486520349188806,0.00095));
#8017=CARTESIAN_POINT('',(-0.0145186631944444,0.0496059027777778,0.00095));
#8018=CARTESIAN_POINT('',(-0.0145186631944444,0.0496059027777778,0.00095));
#8019=CARTESIAN_POINT('',(-0.0149506936013809,0.0486520349188806,0.00095));
#8020=CARTESIAN_POINT('',(-0.0151749131944445,0.0497413194444444,0.00095));
#8021=CARTESIAN_POINT('',(-0.0151749131944445,0.0497413194444444,0.00195));
#8022=CARTESIAN_POINT('',(-0.0149272280092593,0.0497413194444444,0.00095));
#8023=CARTESIAN_POINT('',(-0.0149272280092593,0.0497413194444444,0.00195));
#8024=CARTESIAN_POINT('',(-0.0147084780092593,0.0496961805555555,0.00095));
#8025=CARTESIAN_POINT('',(-0.0147084780092593,0.0496961805555555,0.00195));
#8026=CARTESIAN_POINT('',(-0.0145186631944444,0.0496059027777778,0.00095));
#8027=CARTESIAN_POINT('',(-0.0145186631944444,0.0496059027777778,0.00195));
#8028=CARTESIAN_POINT('',(-0.0151749131944445,0.0497413194444444,0.00095));
#8029=CARTESIAN_POINT('',(-0.0151749131944445,0.0497413194444444,0.00095));
#8030=CARTESIAN_POINT('',(-0.0151749131944445,0.0497413194444444,0.00095));
#8031=CARTESIAN_POINT('',(-0.0148033854166667,0.0497413194444444,0.00095));
#8032=CARTESIAN_POINT('',(-0.0145186631944444,0.0496059027777778,0.00095));
#8033=CARTESIAN_POINT('',(-0.0152012467064823,0.0475769894049133,0.00095));
#8034=CARTESIAN_POINT('',(-0.0156848958333334,0.0496857638888889,0.00095));
#8035=CARTESIAN_POINT('',(-0.0156849289813954,0.0496859161217255,0.00095));
#8036=CARTESIAN_POINT('',(-0.0152012467064823,0.0475769894049133,0.00095));
#8037=CARTESIAN_POINT('',(-0.0152707384968403,0.0479448820603796,0.00095));
#8038=CARTESIAN_POINT('',(-0.01610546875,0.04952734375,0.00095));
#8039=CARTESIAN_POINT('',(-0.01610546875,0.04952734375,0.00095));
#8040=CARTESIAN_POINT('',(-0.0152707384968403,0.0479448820603796,0.00095));
#8041=CARTESIAN_POINT('',(-0.0165907118055556,0.0491744791666667,0.00095));
#8042=CARTESIAN_POINT('',(-0.0165907118055556,0.0491744791666667,0.00195));
#8043=CARTESIAN_POINT('',(-0.0163956886574074,0.0493411458333334,0.00095));
#8044=CARTESIAN_POINT('',(-0.0163956886574074,0.0493411458333334,0.00195));
#8045=CARTESIAN_POINT('',(-0.0162339409722222,0.0494587673611111,0.00095));
#8046=CARTESIAN_POINT('',(-0.0162339409722222,0.0494587673611111,0.00195));
#8047=CARTESIAN_POINT('',(-0.01610546875,0.04952734375,0.00095));
#8048=CARTESIAN_POINT('',(-0.01610546875,0.04952734375,0.00195));
#8049=CARTESIAN_POINT('',(-0.0165907118055556,0.0491744791666667,0.00095));
#8050=CARTESIAN_POINT('',(-0.0165907118055556,0.0491744791666667,0.00095));
#8051=CARTESIAN_POINT('',(-0.0165907118055556,0.0491744791666667,0.00095));
#8052=CARTESIAN_POINT('',(-0.0162981770833334,0.0494244791666667,0.00095));
#8053=CARTESIAN_POINT('',(-0.01610546875,0.04952734375,0.00095));
#8054=CARTESIAN_POINT('',(-0.0163628472222223,0.0489045138888889,0.00095));
#8055=CARTESIAN_POINT('',(-0.01613457865389,0.0486340699850743,0.00095));
#8056=CARTESIAN_POINT('',(-0.01613457865389,0.0486340699850743,0.00095));
#8057=CARTESIAN_POINT('',(-0.0163628472222223,0.0489045138888889,0.00095));
#8058=CARTESIAN_POINT('',(-0.0146224345127333,0.0468606499013726,0.00095));
#8059=CARTESIAN_POINT('',(-0.0156818576388889,0.0489357638888889,0.00095));
#8060=CARTESIAN_POINT('',(-0.0156819471017376,0.0489359364917528,0.00095));
#8061=CARTESIAN_POINT('',(-0.0146224345127333,0.0468606499013726,0.00095));
#8062=CARTESIAN_POINT('',(-0.0152311893155151,0.0480341879795418,0.00095));
#8063=CARTESIAN_POINT('',(-0.0152348090277778,0.0490416666666667,0.00095));
#8064=CARTESIAN_POINT('',(-0.0152348090277778,0.0490416666666667,0.00095));
#8065=CARTESIAN_POINT('',(-0.0152311893155151,0.0480341879795418,0.00095));
#8066=CARTESIAN_POINT('',(-0.0148832465277778,0.0489249131944444,0.00095));
#8067=CARTESIAN_POINT('',(-0.0148832465277778,0.0489249131944444,0.00195));
#8068=CARTESIAN_POINT('',(-0.0149712094907408,0.0490027488425926,0.00095));
#8069=CARTESIAN_POINT('',(-0.0149712094907408,0.0490027488425926,0.00195));
#8070=CARTESIAN_POINT('',(-0.0150883969907408,0.0490416666666667,0.00095));
#8071=CARTESIAN_POINT('',(-0.0150883969907408,0.0490416666666667,0.00195));
#8072=CARTESIAN_POINT('',(-0.0152348090277778,0.0490416666666667,0.00095));
#8073=CARTESIAN_POINT('',(-0.0152348090277778,0.0490416666666667,0.00195));
#8074=CARTESIAN_POINT('',(-0.0148832465277778,0.0489249131944444,0.00095));
#8075=CARTESIAN_POINT('',(-0.0148832465277778,0.0489249131944444,0.00095));
#8076=CARTESIAN_POINT('',(-0.0148832465277778,0.0489249131944444,0.00095));
#8077=CARTESIAN_POINT('',(-0.0150151909722223,0.0490416666666667,0.00095));
#8078=CARTESIAN_POINT('',(-0.0152348090277778,0.0490416666666667,0.00095));
#8079=CARTESIAN_POINT('',(-0.0147513020833333,0.0485694444444444,0.00095));
#8080=CARTESIAN_POINT('',(-0.0147513020833333,0.0485694444444444,0.00195));
#8081=CARTESIAN_POINT('',(-0.0147513020833333,0.0487285879629629,0.00095));
#8082=CARTESIAN_POINT('',(-0.0147513020833333,0.0487285879629629,0.00195));
#8083=CARTESIAN_POINT('',(-0.0147952835648148,0.0488470775462963,0.00095));
#8084=CARTESIAN_POINT('',(-0.0147952835648148,0.0488470775462963,0.00195));
#8085=CARTESIAN_POINT('',(-0.0148832465277778,0.0489249131944444,0.00095));
#8086=CARTESIAN_POINT('',(-0.0148832465277778,0.0489249131944444,0.00195));
#8087=CARTESIAN_POINT('',(-0.0147513020833333,0.0485694444444444,0.00095));
#8088=CARTESIAN_POINT('',(-0.0147513039975758,0.0485694444424474,0.00095));
#8089=CARTESIAN_POINT('',(-0.0147513020833333,0.0485694444444444,0.00095));
#8090=CARTESIAN_POINT('',(-0.0147513020833333,0.0488081597222222,0.00095));
#8091=CARTESIAN_POINT('',(-0.0148832465277778,0.0489249131944444,0.00095));
#8092=CARTESIAN_POINT('',(-0.0155735051801916,0.0485685867060219,0.00095));
#8093=CARTESIAN_POINT('',(-0.0148111979166667,0.0482604166666667,0.00095));
#8094=CARTESIAN_POINT('',(-0.014810881514429,0.0482602779982218,0.00095));
#8095=CARTESIAN_POINT('',(-0.0155735051801916,0.0485685867060219,0.00095));
#8096=CARTESIAN_POINT('',(-0.016097937316065,0.0488206678383313,0.00095));
#8097=CARTESIAN_POINT('',(-0.0150065104166666,0.0479361979166667,0.00095));
#8098=CARTESIAN_POINT('',(-0.0150065104166666,0.0479361979166667,0.00095));
#8099=CARTESIAN_POINT('',(-0.016097937316065,0.0488206678383313,0.00095));
#8100=CARTESIAN_POINT('',(-0.0155846354166667,0.0473081597222222,0.00095));
#8101=CARTESIAN_POINT('',(-0.0155846354166667,0.0473081597222222,0.00195));
#8102=CARTESIAN_POINT('',(-0.0152894965277778,0.0476102430555555,0.00095));
#8103=CARTESIAN_POINT('',(-0.0152894965277778,0.0476102430555555,0.00195));
#8104=CARTESIAN_POINT('',(-0.0150967881944445,0.0478195891203704,0.00095));
#8105=CARTESIAN_POINT('',(-0.0150967881944445,0.0478195891203704,0.00195));
#8106=CARTESIAN_POINT('',(-0.0150065104166666,0.0479361979166667,0.00095));
#8107=CARTESIAN_POINT('',(-0.0150065104166666,0.0479361979166667,0.00195));
#8108=CARTESIAN_POINT('',(-0.0155846354166667,0.0473081597222222,0.00095));
#8109=CARTESIAN_POINT('',(-0.0155846354166667,0.0473081597222222,0.00095));
#8110=CARTESIAN_POINT('',(-0.0155846354166667,0.0473081597222222,0.00095));
#8111=CARTESIAN_POINT('',(-0.0151419270833333,0.0477612847222222,0.00095));
#8112=CARTESIAN_POINT('',(-0.0150065104166666,0.0479361979166667,0.00095));
#8113=CARTESIAN_POINT('',(-0.0160824652777778,0.0468051215277778,0.00095));
#8114=CARTESIAN_POINT('',(-0.0165802951388889,0.0463020833333333,0.00095));
#8115=CARTESIAN_POINT('',(-0.0165802951388889,0.0463020833333333,0.00095));
#8116=CARTESIAN_POINT('',(-0.0160824652777778,0.0468051215277778,0.00095));
#8117=CARTESIAN_POINT('',(-0.0165802951388889,0.0460104166666667,0.00095));
#8118=CARTESIAN_POINT('',(-0.0165802951388889,0.0460104166666667,0.00095));
#8119=CARTESIAN_POINT('',(-0.015125,0.04771875,0.00095));
#8120=CARTESIAN_POINT('',(-0.00498395953639493,0.0487977430555556,-0.00374009795942159));
#8121=CARTESIAN_POINT('',(-0.00427685275520838,0.0487977430555556,-0.00303299117823503));
#8122=CARTESIAN_POINT('',(-0.00498395953639493,0.0485500578703704,-0.00374009795942159));
#8123=CARTESIAN_POINT('',(-0.00427685275520838,0.0485500578703704,-0.00303299117823503));
#8124=CARTESIAN_POINT('',(-0.0050370539257809,0.0483394097222222,-0.00368700357003562));
#8125=CARTESIAN_POINT('',(-0.00432994714459434,0.0483394097222222,-0.00297989678884906));
#8126=CARTESIAN_POINT('',(-0.00514324270455283,0.0481657986111111,-0.00358081479126368));
#8127=CARTESIAN_POINT('',(-0.00443613592336628,0.0481657986111111,-0.00287370801007712));
#8128=CARTESIAN_POINT('',(-0.00498395953639493,0.0487977430555556,-0.00374009795942159));
#8129=CARTESIAN_POINT('',(-0.00498395953639493,0.0487977430555556,-0.00374009795942159));
#8130=CARTESIAN_POINT('',(-0.00498395953639493,0.0487977430555556,-0.00374009795942159));
#8131=CARTESIAN_POINT('',(-0.00498395953639493,0.0484262152777778,-0.00374009795942159));
#8132=CARTESIAN_POINT('',(-0.00514324270455283,0.0481657986111111,-0.00358081479126368));
#8133=CARTESIAN_POINT('',(-0.00514324270455283,0.0481657986111111,-0.00358081479126368));
#8134=CARTESIAN_POINT('',(-0.00514324270455283,0.0481657986111111,-0.00358081479126368));
#8135=CARTESIAN_POINT('',(-0.0052362346119745,0.0494917534722222,-0.00348782288384201));
#8136=CARTESIAN_POINT('',(-0.00452912783078795,0.0494917534722222,-0.00278071610265545));
#8137=CARTESIAN_POINT('',(-0.00506805122825479,0.0493253761574074,-0.00365600626756172));
#8138=CARTESIAN_POINT('',(-0.00436094444706824,0.0493253761574074,-0.00294889948637517));
#8139=CARTESIAN_POINT('',(-0.00498395953639493,0.0490940393518519,-0.00374009795942159));
#8140=CARTESIAN_POINT('',(-0.00427685275520838,0.0490940393518519,-0.00303299117823503));
#8141=CARTESIAN_POINT('',(-0.00498395953639493,0.0487977430555556,-0.00374009795942159));
#8142=CARTESIAN_POINT('',(-0.00427685275520838,0.0487977430555556,-0.00303299117823503));
#8143=CARTESIAN_POINT('',(-0.0052362346119745,0.0494917534722222,-0.00348782288384201));
#8144=CARTESIAN_POINT('',(-0.0052362346119745,0.0494917534722222,-0.00348782288384201));
#8145=CARTESIAN_POINT('',(-0.0052362346119745,0.0494917534722222,-0.00348782288384201));
#8146=CARTESIAN_POINT('',(-0.00498395953639493,0.0492421875,-0.00374009795942159));
#8147=CARTESIAN_POINT('',(-0.00498395953639493,0.0487977430555556,-0.00374009795942159));
#8148=CARTESIAN_POINT('',(-0.00592369953812809,0.0497413194444445,-0.00280035795768842));
#8149=CARTESIAN_POINT('',(-0.00521659275694154,0.0497413194444445,-0.00209325117650187));
#8150=CARTESIAN_POINT('',(-0.00563357297107875,0.0497413194444445,-0.00309048452473776));
#8151=CARTESIAN_POINT('',(-0.0049264661898922,0.0497413194444445,-0.00238337774355121));
#8152=CARTESIAN_POINT('',(-0.00540441799569422,0.0496581307870371,-0.00331963950012229));
#8153=CARTESIAN_POINT('',(-0.00469731121450767,0.0496581307870371,-0.00261253271893574));
#8154=CARTESIAN_POINT('',(-0.0052362346119745,0.0494917534722222,-0.00348782288384201));
#8155=CARTESIAN_POINT('',(-0.00452912783078795,0.0494917534722222,-0.00278071610265545));
#8156=CARTESIAN_POINT('',(-0.00592369953812809,0.0497413194444445,-0.00280035795768842));
#8157=CARTESIAN_POINT('',(-0.00592369953812809,0.0497413194444445,-0.00280035795768842));
#8158=CARTESIAN_POINT('',(-0.00592369953812809,0.0497413194444445,-0.00280035795768842));
#8159=CARTESIAN_POINT('',(-0.00548850968755408,0.0497413194444445,-0.00323554780826243));
#8160=CARTESIAN_POINT('',(-0.0052362346119745,0.0494917534722222,-0.00348782288384201));
#8161=CARTESIAN_POINT('',(-0.00683888722107005,0.0493506944444445,-0.00188517027474646));
#8162=CARTESIAN_POINT('',(-0.0061317804398835,0.0493506944444445,-0.00117806349355991));
#8163=CARTESIAN_POINT('',(-0.00658313390032839,0.0496111111111112,-0.00214092359548812));
#8164=CARTESIAN_POINT('',(-0.00587602711914184,0.0496111111111112,-0.00143381681430157));
#8165=CARTESIAN_POINT('',(-0.00627807133934774,0.0497413194444445,-0.00244598615646877));
#8166=CARTESIAN_POINT('',(-0.00557096455816119,0.0497413194444445,-0.00173887937528223));
#8167=CARTESIAN_POINT('',(-0.00592369953812809,0.0497413194444445,-0.00280035795768842));
#8168=CARTESIAN_POINT('',(-0.00521659275694154,0.0497413194444445,-0.00209325117650187));
#8169=CARTESIAN_POINT('',(-0.00683888722107005,0.0493506944444445,-0.00188517027474646));
#8170=CARTESIAN_POINT('',(-0.00683888722107005,0.0493506944444445,-0.00188517027474646));
#8171=CARTESIAN_POINT('',(-0.00683888722107005,0.0493506944444445,-0.00188517027474646));
#8172=CARTESIAN_POINT('',(-0.00645525723995756,0.0497413194444445,-0.00226880025585895));
#8173=CARTESIAN_POINT('',(-0.00592369953812809,0.0497413194444445,-0.00280035795768842));
#8174=CARTESIAN_POINT('',(-0.00670170113982423,0.0490620659722222,-0.00202235635599228));
#8175=CARTESIAN_POINT('',(-0.00656418180029696,0.0487727363514013,-0.00215987569551955));
#8176=CARTESIAN_POINT('',(-0.00656418180029695,0.0487727363514013,-0.00215987569551955));
#8177=CARTESIAN_POINT('',(-0.00670170113982423,0.0490620659722222,-0.00202235635599228));
#8178=CARTESIAN_POINT('',(-0.00578513035586935,0.0471491518222424,-0.00293892713994717));
#8179=CARTESIAN_POINT('',(-0.00624717633820214,0.0489982638888889,-0.00247688115761436));
#8180=CARTESIAN_POINT('',(-0.00624726003928292,0.0489985916729786,-0.00247679745653359));
#8181=CARTESIAN_POINT('',(-0.00578513035586934,0.0471491518222424,-0.00293892713994716));
#8182=CARTESIAN_POINT('',(-0.00595959601865439,0.0477702620391815,-0.00276446147716196));
#8183=CARTESIAN_POINT('',(-0.00596605228804291,0.0490633680555556,-0.0027580052077736));
#8184=CARTESIAN_POINT('',(-0.00596605228804291,0.0490633680555556,-0.0027580052077736));
#8185=CARTESIAN_POINT('',(-0.00595959601865447,0.0477702620391815,-0.00276446147716204));
#8186=CARTESIAN_POINT('',(-0.00556707710768592,0.0486128472222222,-0.00315698038813059));
#8187=CARTESIAN_POINT('',(-0.00485997032649937,0.0486128472222222,-0.00244987360694404));
#8188=CARTESIAN_POINT('',(-0.00556707710768592,0.0489131944444445,-0.00315698038813059));
#8189=CARTESIAN_POINT('',(-0.00485997032649937,0.0489131944444445,-0.00244987360694404));
#8190=CARTESIAN_POINT('',(-0.00570006883447158,0.0490633680555556,-0.00302398866134493));
#8191=CARTESIAN_POINT('',(-0.00499296205328504,0.0490633680555556,-0.00231688188015838));
#8192=CARTESIAN_POINT('',(-0.00596605228804291,0.0490633680555556,-0.0027580052077736));
#8193=CARTESIAN_POINT('',(-0.00525894550685636,0.0490633680555556,-0.00205089842658705));
#8194=CARTESIAN_POINT('',(-0.00556707710768592,0.0486128472222222,-0.00315698038813059));
#8195=CARTESIAN_POINT('',(-0.00556707710768592,0.0486128472222222,-0.00315698038813059));
#8196=CARTESIAN_POINT('',(-0.00556707710768592,0.0486128472222222,-0.00315698038813059));
#8197=CARTESIAN_POINT('',(-0.00556707710768592,0.0490633680555556,-0.00315698038813059));
#8198=CARTESIAN_POINT('',(-0.00596605228804291,0.0490633680555556,-0.0027580052077736));
#8199=CARTESIAN_POINT('',(-0.0057177669642669,0.0481996527777778,-0.00300629053154961));
#8200=CARTESIAN_POINT('',(-0.00501066018308035,0.0481996527777778,-0.00229918375036306));
#8201=CARTESIAN_POINT('',(-0.00561730705987958,0.0482800925925926,-0.00310675043593693));
#8202=CARTESIAN_POINT('',(-0.00491020027869303,0.0482800925925926,-0.00239964365475038));
#8203=CARTESIAN_POINT('',(-0.00556707710768592,0.0484178240740741,-0.00315698038813059));
#8204=CARTESIAN_POINT('',(-0.00485997032649937,0.0484178240740741,-0.00244987360694404));
#8205=CARTESIAN_POINT('',(-0.00556707710768592,0.0486128472222222,-0.00315698038813059));
#8206=CARTESIAN_POINT('',(-0.00485997032649937,0.0486128472222222,-0.00244987360694404));
#8207=CARTESIAN_POINT('',(-0.0057177669642669,0.0481996527777778,-0.00300629053154961));
#8208=CARTESIAN_POINT('',(-0.0057177669642669,0.0481996527777778,-0.00300629053154961));
#8209=CARTESIAN_POINT('',(-0.0057177669642669,0.0481996527777778,-0.00300629053154961));
#8210=CARTESIAN_POINT('',(-0.00556707710768592,0.0483203125,-0.00315698038813059));
#8211=CARTESIAN_POINT('',(-0.00556707710768592,0.0486128472222222,-0.00315698038813059));
#8212=CARTESIAN_POINT('',(-0.00619438885280106,0.0480789930555556,-0.00252966864301545));
#8213=CARTESIAN_POINT('',(-0.00548728207161451,0.0480789930555556,-0.0018225618618289));
#8214=CARTESIAN_POINT('',(-0.00597710083149895,0.0480789930555556,-0.00274695666431756));
#8215=CARTESIAN_POINT('',(-0.0052699940503124,0.0480789930555556,-0.00203984988313101));
#8216=CARTESIAN_POINT('',(-0.00581822686865423,0.048119212962963,-0.00290583062716228));
#8217=CARTESIAN_POINT('',(-0.00511112008746768,0.048119212962963,-0.00219872384597573));
#8218=CARTESIAN_POINT('',(-0.0057177669642669,0.0481996527777778,-0.00300629053154961));
#8219=CARTESIAN_POINT('',(-0.00501066018308035,0.0481996527777778,-0.00229918375036306));
#8220=CARTESIAN_POINT('',(-0.00619438885280106,0.0480789930555556,-0.00252966864301545));
#8221=CARTESIAN_POINT('',(-0.00619438885280106,0.0480789930555556,-0.00252966864301545));
#8222=CARTESIAN_POINT('',(-0.00619438885280106,0.0480789930555556,-0.00252966864301545));
#8223=CARTESIAN_POINT('',(-0.00586845682084789,0.0480789930555556,-0.00285560067496862));
#8224=CARTESIAN_POINT('',(-0.0057177669642669,0.0481996527777778,-0.00300629053154961));
#8225=CARTESIAN_POINT('',(-0.00630272595946723,0.0480789930555556,-0.00242133153634927));
#8226=CARTESIAN_POINT('',(-0.0064110630661334,0.0480789930555556,-0.00231299442968311));
#8227=CARTESIAN_POINT('',(-0.0064110630661334,0.0480789930555556,-0.00231299442968311));
#8228=CARTESIAN_POINT('',(-0.00630272595946723,0.0480789930555556,-0.00242133153634927));
#8229=CARTESIAN_POINT('',(-0.0064110630661334,0.0477573784722222,-0.00231299442968311));
#8230=CARTESIAN_POINT('',(-0.0064110630661334,0.0474357638888889,-0.00231299442968311));
#8231=CARTESIAN_POINT('',(-0.0064110630661334,0.0474357638888889,-0.00231299442968311));
#8232=CARTESIAN_POINT('',(-0.0064110630661334,0.0477573784722222,-0.00231299442968311));
#8233=CARTESIAN_POINT('',(-0.00630456738337657,0.0474357638888889,-0.00241949011243993));
#8234=CARTESIAN_POINT('',(-0.00619807170061974,0.0474357638888889,-0.00252598579519676));
#8235=CARTESIAN_POINT('',(-0.00619807170061974,0.0474357638888889,-0.00252598579519676));
#8236=CARTESIAN_POINT('',(-0.00630456738337657,0.0474357638888889,-0.00241949011243993));
#8237=CARTESIAN_POINT('',(-0.005684007525929,0.0473190104166667,-0.0030400499698875));
#8238=CARTESIAN_POINT('',(-0.00497690074474245,0.0473190104166667,-0.00233294318870096));
#8239=CARTESIAN_POINT('',(-0.0057914239206405,0.0473968460648148,-0.002932633575176));
#8240=CARTESIAN_POINT('',(-0.00508431713945395,0.0473968460648148,-0.00222552679398946));
#8241=CARTESIAN_POINT('',(-0.00596277864553742,0.0474357638888889,-0.00276127885027909));
#8242=CARTESIAN_POINT('',(-0.00525567186435087,0.0474357638888889,-0.00205417206909254));
#8243=CARTESIAN_POINT('',(-0.00619807170061975,0.0474357638888889,-0.00252598579519676));
#8244=CARTESIAN_POINT('',(-0.0054909649194332,0.0474357638888889,-0.00181887901401022));
#8245=CARTESIAN_POINT('',(-0.005684007525929,0.0473190104166667,-0.0030400499698875));
#8246=CARTESIAN_POINT('',(-0.005684007525929,0.0473190104166667,-0.0030400499698875));
#8247=CARTESIAN_POINT('',(-0.005684007525929,0.0473190104166667,-0.0030400499698875));
#8248=CARTESIAN_POINT('',(-0.00584513211799625,0.0474357638888889,-0.00287892537782025));
#8249=CARTESIAN_POINT('',(-0.00619807170061975,0.0474357638888889,-0.00252598579519676));
#8250=CARTESIAN_POINT('',(-0.00552288293386176,0.0469236111111111,-0.00320117456195475));
#8251=CARTESIAN_POINT('',(-0.00481577615267521,0.0469236111111111,-0.0024940677807682));
#8252=CARTESIAN_POINT('',(-0.00552288293386176,0.047109375,-0.00320117456195475));
#8253=CARTESIAN_POINT('',(-0.00481577615267521,0.047109375,-0.0024940677807682));
#8254=CARTESIAN_POINT('',(-0.00557659113121751,0.0472411747685186,-0.003147466364599));
#8255=CARTESIAN_POINT('',(-0.00486948435003096,0.0472411747685186,-0.00244035958341245));
#8256=CARTESIAN_POINT('',(-0.005684007525929,0.0473190104166667,-0.0030400499698875));
#8257=CARTESIAN_POINT('',(-0.00497690074474245,0.0473190104166667,-0.00233294318870096));
#8258=CARTESIAN_POINT('',(-0.00552288293386176,0.0469236111111111,-0.00320117456195475));
#8259=CARTESIAN_POINT('',(-0.00552288293386176,0.0469236111111111,-0.00320117456195475));
#8260=CARTESIAN_POINT('',(-0.00552288293386176,0.0469236111111111,-0.00320117456195475));
#8261=CARTESIAN_POINT('',(-0.00552288293386176,0.0472022569444445,-0.00320117456195475));
#8262=CARTESIAN_POINT('',(-0.005684007525929,0.0473190104166667,-0.0030400499698875));
#8263=CARTESIAN_POINT('',(-0.00566283115097159,0.0464700520833333,-0.00306122634484492));
#8264=CARTESIAN_POINT('',(-0.00495572436978504,0.0464700520833333,-0.00235411956365837));
#8265=CARTESIAN_POINT('',(-0.00556953233956504,0.0465640914351852,-0.00315452515625147));
#8266=CARTESIAN_POINT('',(-0.00486242555837849,0.0465640914351852,-0.00244741837506492));
#8267=CARTESIAN_POINT('',(-0.00552288293386176,0.0467152777777778,-0.00320117456195475));
#8268=CARTESIAN_POINT('',(-0.00481577615267521,0.0467152777777778,-0.0024940677807682));
#8269=CARTESIAN_POINT('',(-0.00552288293386176,0.0469236111111111,-0.00320117456195475));
#8270=CARTESIAN_POINT('',(-0.00481577615267521,0.0469236111111111,-0.0024940677807682));
#8271=CARTESIAN_POINT('',(-0.00566283115097159,0.0464700520833333,-0.00306122634484492));
#8272=CARTESIAN_POINT('',(-0.00566283115097159,0.0464700520833333,-0.00306122634484492));
#8273=CARTESIAN_POINT('',(-0.00566283115097159,0.0464700520833333,-0.00306122634484492));
#8274=CARTESIAN_POINT('',(-0.00552288293386176,0.0466111111111111,-0.00320117456195475));
#8275=CARTESIAN_POINT('',(-0.00552288293386176,0.0469236111111111,-0.00320117456195475));
#8276=CARTESIAN_POINT('',(-0.00609679338560605,0.0463289930555556,-0.00262726411021046));
#8277=CARTESIAN_POINT('',(-0.0053896866044195,0.0463289930555556,-0.00192015732902391));
#8278=CARTESIAN_POINT('',(-0.00590078404058964,0.0463289930555556,-0.00282327345522687));
#8279=CARTESIAN_POINT('',(-0.00519367725940309,0.0463289930555556,-0.00211616667404032));
#8280=CARTESIAN_POINT('',(-0.00575612996237815,0.0463760127314815,-0.00296792753343836));
#8281=CARTESIAN_POINT('',(-0.0050490231811916,0.0463760127314815,-0.0022608207522518));
#8282=CARTESIAN_POINT('',(-0.00566283115097159,0.0464700520833333,-0.00306122634484492));
#8283=CARTESIAN_POINT('',(-0.00495572436978504,0.0464700520833333,-0.00235411956365836));
#8284=CARTESIAN_POINT('',(-0.00609679338560605,0.0463289930555556,-0.00262726411021046));
#8285=CARTESIAN_POINT('',(-0.00609679338560605,0.0463289930555556,-0.00262726411021046));
#8286=CARTESIAN_POINT('',(-0.00609679338560605,0.0463289930555556,-0.00262726411021046));
#8287=CARTESIAN_POINT('',(-0.00580277936808143,0.0463289930555556,-0.00292127812773508));
#8288=CARTESIAN_POINT('',(-0.00566283115097159,0.0464700520833333,-0.00306122634484492));
#8289=CARTESIAN_POINT('',(-0.00609103788233765,0.0484615085341394,-0.00263301961347915));
#8290=CARTESIAN_POINT('',(-0.00648410621453722,0.04640234375,-0.00223995128127929));
#8291=CARTESIAN_POINT('',(-0.00648408296718064,0.0464024675875092,-0.00223997452863587));
#8292=CARTESIAN_POINT('',(-0.00609103788233751,0.0484615085341394,-0.002633019613479));
#8293=CARTESIAN_POINT('',(-0.00602600374882133,0.0489131973808905,-0.00269805374699475));
#8294=CARTESIAN_POINT('',(-0.00684257006888873,0.0465917297709623,-0.00188148742692778));
#8295=CARTESIAN_POINT('',(-0.00684257006888873,0.0465917297709623,-0.00188148742692777));
#8296=CARTESIAN_POINT('',(-0.00602600374882154,0.0489131973808905,-0.00269805374699496));
#8297=CARTESIAN_POINT('',(-0.00684257006888873,0.0462352430555556,-0.00188148742692778));
#8298=CARTESIAN_POINT('',(-0.00684257006888873,0.0458784722222222,-0.00188148742692778));
#8299=CARTESIAN_POINT('',(-0.00684257006888873,0.0458784722222222,-0.00188148742692778));
#8300=CARTESIAN_POINT('',(-0.00684257006888873,0.0462352430555556,-0.00188148742692778));
#8301=CARTESIAN_POINT('',(-0.00603295735674893,0.0456640625,-0.00269110013906758));
#8302=CARTESIAN_POINT('',(-0.00532585057556238,0.0456640625,-0.00198399335788103));
#8303=CARTESIAN_POINT('',(-0.0063374061097598,0.0456640625,-0.00238665138605671));
#8304=CARTESIAN_POINT('',(-0.00563029932857325,0.0456640625,-0.00167954460487016));
#8305=CARTESIAN_POINT('',(-0.0066072770138064,0.0457355324074074,-0.0021167804820101));
#8306=CARTESIAN_POINT('',(-0.00590017023261985,0.0457355324074074,-0.00140967370082355));
#8307=CARTESIAN_POINT('',(-0.00684257006888873,0.0458784722222222,-0.00188148742692778));
#8308=CARTESIAN_POINT('',(-0.00613546328770218,0.0458784722222222,-0.00117438064574122));
#8309=CARTESIAN_POINT('',(-0.00603295735674893,0.0456640625,-0.00269110013906758));
#8310=CARTESIAN_POINT('',(-0.00603295735674893,0.0456640625,-0.00269110013906758));
#8311=CARTESIAN_POINT('',(-0.00603295735674893,0.0456640625,-0.00269110013906758));
#8312=CARTESIAN_POINT('',(-0.00648963048626524,0.0456640625,-0.00223442700955127));
#8313=CARTESIAN_POINT('',(-0.00684257006888873,0.0458784722222222,-0.00188148742692778));
#8314=CARTESIAN_POINT('',(-0.00519510947799924,0.0459830729166667,-0.00352894801781727));
#8315=CARTESIAN_POINT('',(-0.00448800269681269,0.0459830729166667,-0.00282184123663072));
#8316=CARTESIAN_POINT('',(-0.00539070961770247,0.0457703993055556,-0.00333334787811404));
#8317=CARTESIAN_POINT('',(-0.00468360283651592,0.0457703993055556,-0.00262624109692749));
#8318=CARTESIAN_POINT('',(-0.00566999224395236,0.0456640625,-0.00305406525186415));
#8319=CARTESIAN_POINT('',(-0.00496288546276582,0.0456640625,-0.0023469584706776));
#8320=CARTESIAN_POINT('',(-0.00603295735674893,0.0456640625,-0.00269110013906758));
#8321=CARTESIAN_POINT('',(-0.00532585057556238,0.0456640625,-0.00198399335788103));
#8322=CARTESIAN_POINT('',(-0.00519510947799924,0.0459830729166667,-0.00352894801781727));
#8323=CARTESIAN_POINT('',(-0.00519510947799924,0.0459830729166667,-0.00352894801781727));
#8324=CARTESIAN_POINT('',(-0.00519510947799924,0.0459830729166667,-0.00352894801781727));
#8325=CARTESIAN_POINT('',(-0.00548850968755408,0.0456640625,-0.00323554780826243));
#8326=CARTESIAN_POINT('',(-0.00603295735674893,0.0456640625,-0.00269110013906758));
#8327=CARTESIAN_POINT('',(-0.00490170926844441,0.0468741319444444,-0.0038223482273721));
#8328=CARTESIAN_POINT('',(-0.00419460248725786,0.0468741319444444,-0.00311524144618555));
#8329=CARTESIAN_POINT('',(-0.00490170926844441,0.0464927662037037,-0.0038223482273721));
#8330=CARTESIAN_POINT('',(-0.00419460248725786,0.0464927662037037,-0.00311524144618555));
#8331=CARTESIAN_POINT('',(-0.00499950933829602,0.0461957465277778,-0.00372454815752049));
#8332=CARTESIAN_POINT('',(-0.00429240255710947,0.0461957465277778,-0.00301744137633394));
#8333=CARTESIAN_POINT('',(-0.00519510947799924,0.0459830729166667,-0.00352894801781727));
#8334=CARTESIAN_POINT('',(-0.00448800269681269,0.0459830729166667,-0.00282184123663072));
#8335=CARTESIAN_POINT('',(-0.00490170926844441,0.0468741319444444,-0.0038223482273721));
#8336=CARTESIAN_POINT('',(-0.00490170926844441,0.0468741319444444,-0.0038223482273721));
#8337=CARTESIAN_POINT('',(-0.00490170926844441,0.0468741319444444,-0.0038223482273721));
#8338=CARTESIAN_POINT('',(-0.00490170926844441,0.0463020833333333,-0.0038223482273721));
#8339=CARTESIAN_POINT('',(-0.00519510947799924,0.0459830729166667,-0.00352894801781727));
#8340=CARTESIAN_POINT('',(-0.00507603073186192,0.0474995659722222,-0.00364802676395458));
#8341=CARTESIAN_POINT('',(-0.00436892395067537,0.0474995659722222,-0.00294091998276804));
#8342=CARTESIAN_POINT('',(-0.00495981642291691,0.0473447627314815,-0.00376424107289959));
#8343=CARTESIAN_POINT('',(-0.00425270964173036,0.0473447627314815,-0.00305713429171304));
#8344=CARTESIAN_POINT('',(-0.00490170926844441,0.0471362847222222,-0.0038223482273721));
#8345=CARTESIAN_POINT('',(-0.00419460248725786,0.0471362847222222,-0.00311524144618555));
#8346=CARTESIAN_POINT('',(-0.00490170926844441,0.0468741319444444,-0.0038223482273721));
#8347=CARTESIAN_POINT('',(-0.00419460248725786,0.0468741319444444,-0.00311524144618555));
#8348=CARTESIAN_POINT('',(-0.00507603073186192,0.0474995659722222,-0.00364802676395458));
#8349=CARTESIAN_POINT('',(-0.00507603073186192,0.0474995659722222,-0.00364802676395458));
#8350=CARTESIAN_POINT('',(-0.00507603073186192,0.0474995659722222,-0.00364802676395458));
#8351=CARTESIAN_POINT('',(-0.00490170926844441,0.0472673611111111,-0.0038223482273721));
#8352=CARTESIAN_POINT('',(-0.00490170926844441,0.0468741319444444,-0.0038223482273721));
#8353=CARTESIAN_POINT('',(-0.00559040181053756,0.0477916666666667,-0.00313365568527895));
#8354=CARTESIAN_POINT('',(-0.00488329502935101,0.0477916666666667,-0.0024265489040924));
#8355=CARTESIAN_POINT('',(-0.00536370206703215,0.0477517361111111,-0.00336035542878436));
#8356=CARTESIAN_POINT('',(-0.00465659528584559,0.0477517361111111,-0.00265324864759781));
#8357=CARTESIAN_POINT('',(-0.00519224504080693,0.0476543692129629,-0.00353181245500957));
#8358=CARTESIAN_POINT('',(-0.00448513825962038,0.0476543692129629,-0.00282470567382302));
#8359=CARTESIAN_POINT('',(-0.00507603073186192,0.0474995659722222,-0.00364802676395458));
#8360=CARTESIAN_POINT('',(-0.00436892395067537,0.0474995659722222,-0.00294091998276803));
#8361=CARTESIAN_POINT('',(-0.00559040181053756,0.0477916666666667,-0.00313365568527895));
#8362=CARTESIAN_POINT('',(-0.00559040181053756,0.0477916666666667,-0.00313365568527895));
#8363=CARTESIAN_POINT('',(-0.00559040181053756,0.0477916666666667,-0.00313365568527895));
#8364=CARTESIAN_POINT('',(-0.00525035219527944,0.0477317708333333,-0.00347370530053707));
#8365=CARTESIAN_POINT('',(-0.00507603073186192,0.0474995659722222,-0.00364802676395458));
#8366=CARTESIAN_POINT('',(-0.00559040181053756,0.0477994791666667,-0.00313365568527895));
#8367=CARTESIAN_POINT('',(-0.00559040181053756,0.0478072916666667,-0.00313365568527895));
#8368=CARTESIAN_POINT('',(-0.00559040181053756,0.0478072916666667,-0.00313365568527895));
#8369=CARTESIAN_POINT('',(-0.00559040181053756,0.0477994791666667,-0.00313365568527895));
#8370=CARTESIAN_POINT('',(-0.00514324270455283,0.0481657986111111,-0.00358081479126368));
#8371=CARTESIAN_POINT('',(-0.00443613592336628,0.0481657986111111,-0.00287370801007713));
#8372=CARTESIAN_POINT('',(-0.00524943148332477,0.0479921875,-0.00347462601249174));
#8373=CARTESIAN_POINT('',(-0.00454232470213822,0.0479921875,-0.00276751923130519));
#8374=CARTESIAN_POINT('',(-0.00539848451865301,0.0478726851851852,-0.0033255729771635));
#8375=CARTESIAN_POINT('',(-0.00469137773746647,0.0478726851851852,-0.00261846619597695));
#8376=CARTESIAN_POINT('',(-0.00559040181053756,0.0478072916666667,-0.00313365568527895));
#8377=CARTESIAN_POINT('',(-0.00488329502935101,0.0478072916666667,-0.00242654890409241));
#8378=CARTESIAN_POINT('',(-0.00514324270455283,0.0481657986111111,-0.00358081479126368));
#8379=CARTESIAN_POINT('',(-0.00530252587271074,0.0479053819444445,-0.00342153162310577));
#8380=CARTESIAN_POINT('',(-0.00559040181053756,0.0478072916666667,-0.00313365568527895));
#8381=CARTESIAN_POINT('',(-0.00581965908725038,0.04771875,-0.00290439840856612));
#8382=CARTESIAN_POINT('',(-0.00196526067868425,0.0475282118055556,-0.0122748434879824));
#8383=CARTESIAN_POINT('',(-0.000965260678684253,0.0475282118055556,-0.0122748434879824));
#8384=CARTESIAN_POINT('',(-0.000965260678684253,0.0471918402777778,-0.0122748434879824));
#8385=CARTESIAN_POINT('',(-0.000965260678684253,0.0478645847713337,-0.01227470262688));
#8386=CARTESIAN_POINT('',(-0.00196526067868425,0.0471918402777778,-0.0122748434879824));
#8387=CARTESIAN_POINT('',(-0.00196526067868425,0.0471918402777778,-0.0122748434879824));
#8388=CARTESIAN_POINT('',(-0.00196526067868425,0.0475282118055556,-0.0122748434879824));
#8389=CARTESIAN_POINT('',(-0.00196526042868426,0.0478645847713337,-0.0122747026268799));
#8390=CARTESIAN_POINT('',(-0.00196526067868425,0.0478645833333333,-0.0122748434879824));
#8391=CARTESIAN_POINT('',(-0.00196526067868425,0.0471918402777778,-0.0117974129324269));
#8392=CARTESIAN_POINT('',(-0.000965260678684253,0.0471918402777778,-0.0117974129324269));
#8393=CARTESIAN_POINT('',(-0.000965260678684253,0.0471918402777778,-0.0113199823768713));
#8394=CARTESIAN_POINT('',(-0.00196526067868425,0.0471918402777778,-0.0113199823768713));
#8395=CARTESIAN_POINT('',(-0.00196526067868425,0.0471918402777778,-0.0113199823768713));
#8396=CARTESIAN_POINT('',(-0.00196526067868425,0.0471918402777778,-0.0117974129324269));
#8397=CARTESIAN_POINT('',(-0.00196526067868425,0.0477413194444445,-0.0116836976546491));
#8398=CARTESIAN_POINT('',(-0.000965260678684253,0.0477413194444445,-0.0116836976546491));
#8399=CARTESIAN_POINT('',(-0.000965260678684253,0.0482908162551137,-0.0120473865696623));
#8400=CARTESIAN_POINT('',(-0.00196526067868425,0.0482907986111111,-0.0120474129324269));
#8401=CARTESIAN_POINT('',(-0.00196526067868425,0.0482908162551137,-0.0120473865696623));
#8402=CARTESIAN_POINT('',(-0.00196526067868425,0.0477413194444445,-0.0116836976546491));
#8403=CARTESIAN_POINT('',(-0.00196526067868426,0.0499743847280429,-0.00953188483209718));
#8404=CARTESIAN_POINT('',(-0.000965260678684254,0.0499743847280429,-0.00953188483209718));
#8405=CARTESIAN_POINT('',(-0.000965260678684253,0.0487248263888889,-0.0122887968205106));
#8406=CARTESIAN_POINT('',(-0.00196526067868425,0.0487248263888889,-0.0122887968205106));
#8407=CARTESIAN_POINT('',(-0.00196526067868425,0.0487248263888889,-0.0122887968205106));
#8408=CARTESIAN_POINT('',(-0.00196526067868426,0.0499743847280429,-0.00953188483209718));
#8409=CARTESIAN_POINT('',(-0.00196526067868425,0.0487248263888889,-0.0122995830713157));
#8410=CARTESIAN_POINT('',(-0.000965260678684253,0.0487248263888889,-0.0122995830713157));
#8411=CARTESIAN_POINT('',(-0.000965260678684253,0.0487248263888889,-0.0123097120803649));
#8412=CARTESIAN_POINT('',(-0.00196526067868425,0.0487248263888889,-0.0123097120803649));
#8413=CARTESIAN_POINT('',(-0.00196526067868425,0.0487248263888889,-0.0123097120803649));
#8414=CARTESIAN_POINT('',(-0.00196526067868425,0.0487248263888889,-0.0122995830713157));
#8415=CARTESIAN_POINT('',(-0.00196526067868426,0.0480927017322526,-0.0203616906489007));
#8416=CARTESIAN_POINT('',(-0.000965260678684251,0.0480927017322526,-0.0203616906489007));
#8417=CARTESIAN_POINT('',(-0.000965260678684253,0.04835285808705,-0.012288930410668));
#8418=CARTESIAN_POINT('',(-0.00196526067868425,0.0483528645833333,-0.0122887323768713));
#8419=CARTESIAN_POINT('',(-0.00196526067868425,0.04835285808705,-0.012288930410668));
#8420=CARTESIAN_POINT('',(-0.00196526067868425,0.0480927017322526,-0.0203616906489007));
#8421=CARTESIAN_POINT('',(-0.00196526067868425,0.0465407986111111,-0.0133330032102046));
#8422=CARTESIAN_POINT('',(-0.00196526067868425,0.0465407986111111,-0.0135717184879824));
#8423=CARTESIAN_POINT('',(-0.00196526067868425,0.0465407986111111,-0.0135717184879824));
#8424=CARTESIAN_POINT('',(-0.00196526067868425,0.0465407986111111,-0.0133330032102046));
#8425=CARTESIAN_POINT('',(-0.00196526067868425,0.0465407986111111,-0.0130942879324269));
#8426=CARTESIAN_POINT('',(-0.00196526067868425,0.0465407986111111,-0.0130942879324269));
#8427=CARTESIAN_POINT('',(-0.00196526067868425,0.0468663194444445,-0.0135717184879824));
#8428=CARTESIAN_POINT('',(-0.00196526067868425,0.0471918402777778,-0.0135717184879824));
#8429=CARTESIAN_POINT('',(-0.00196526067868425,0.0471918402777778,-0.0135717184879824));
#8430=CARTESIAN_POINT('',(-0.00196526067868425,0.0468663194444445,-0.0135717184879824));
#8431=CARTESIAN_POINT('',(-0.00196526067868425,0.0471918402777778,-0.0133330032102046));
#8432=CARTESIAN_POINT('',(-0.00196526067868425,0.0471918402777778,-0.0130942879324269));
#8433=CARTESIAN_POINT('',(-0.00196526067868425,0.0471918402777778,-0.0130942879324269));
#8434=CARTESIAN_POINT('',(-0.00196526067868425,0.0471918402777778,-0.0133330032102046));
#8435=CARTESIAN_POINT('',(-0.00196526067868425,0.0484383680555556,-0.0130942879324269));
#8436=CARTESIAN_POINT('',(-0.00196526067868425,0.0496848958333333,-0.0130942879324269));
#8437=CARTESIAN_POINT('',(-0.00196526067868425,0.0496848958333333,-0.0130942879324269));
#8438=CARTESIAN_POINT('',(-0.00196526067868425,0.0484383680555556,-0.0130942879324269));
#8439=CARTESIAN_POINT('',(-0.00196526067868425,0.0496848958333333,-0.0127080032102046));
#8440=CARTESIAN_POINT('',(-0.00196526067868425,0.0496848958333333,-0.0123217184879824));
#8441=CARTESIAN_POINT('',(-0.00196526067868425,0.0496848958333333,-0.0123217184879824));
#8442=CARTESIAN_POINT('',(-0.00196526067868425,0.0496848958333333,-0.0127080032102046));
#8443=CARTESIAN_POINT('',(-0.00196526067868425,0.0484045138888889,-0.0114519268213157));
#8444=CARTESIAN_POINT('',(-0.00196526067868425,0.0471241319444445,-0.0105821351546491));
#8445=CARTESIAN_POINT('',(-0.00196526067868425,0.0471241319444445,-0.0105821351546491));
#8446=CARTESIAN_POINT('',(-0.00196526067868425,0.0484045138888889,-0.0114519268213157));
#8447=CARTESIAN_POINT('',(-0.00196526067868425,0.0468324652777778,-0.0105821351546491));
#8448=CARTESIAN_POINT('',(-0.00196526067868425,0.0465407986111111,-0.0105821351546491));
#8449=CARTESIAN_POINT('',(-0.00196526067868425,0.0465407986111111,-0.0105821351546491));
#8450=CARTESIAN_POINT('',(-0.00196526067868425,0.0468324652777778,-0.0105821351546491));
#8451=CARTESIAN_POINT('',(-0.00196526067868425,0.0465407986111111,-0.0114284893213157));
#8452=CARTESIAN_POINT('',(-0.00196526067868425,0.0465407986111111,-0.0122748434879824));
#8453=CARTESIAN_POINT('',(-0.00196526067868425,0.0465407986111111,-0.0122748434879824));
#8454=CARTESIAN_POINT('',(-0.00196526067868425,0.0465407986111111,-0.0114284893213157));
#8455=CARTESIAN_POINT('',(-0.00196526067868425,0.0461297743055556,-0.0122748434879824));
#8456=CARTESIAN_POINT('',(-0.00196526067868425,0.04571875,-0.0122748434879824));
#8457=CARTESIAN_POINT('',(-0.00196526067868425,0.04571875,-0.0122748434879824));
#8458=CARTESIAN_POINT('',(-0.00196526067868425,0.0461297743055556,-0.0122748434879824));
#8459=CARTESIAN_POINT('',(-0.00196526067868425,0.04571875,-0.0126845657102046));
#8460=CARTESIAN_POINT('',(-0.00196526067868425,0.04571875,-0.0130942879324269));
#8461=CARTESIAN_POINT('',(-0.00196526067868425,0.04571875,-0.0130942879324269));
#8462=CARTESIAN_POINT('',(-0.00196526067868425,0.04571875,-0.0126845657102046));
#8463=CARTESIAN_POINT('',(-0.00196526067868425,0.0461297743055556,-0.0130942879324269));
#8464=CARTESIAN_POINT('',(-0.00196526067868425,0.0461297743055556,-0.0130942879324269));
#8465=CARTESIAN_POINT('',(-0.00196526067868426,0.0477350907611105,-0.0249594477685289));
#8466=CARTESIAN_POINT('',(-0.00096526067868425,0.0477350907611105,-0.0249594477685289));
#8467=CARTESIAN_POINT('',(-0.00196526067868425,0.0477350907611105,-0.0249594477685289));
#8468=CARTESIAN_POINT('',(-0.00196526067868425,0.04771875,-0.0122097393213157));
#8469=CARTESIAN_POINT('',(-0.000965260678684253,0.04521875,-0.0122097393213157));
#8470=CARTESIAN_POINT('',(-0.0058371526143891,0.0482526041666667,-0.0215325737612041));
#8471=CARTESIAN_POINT('',(-0.00513004583320255,0.0482526041666667,-0.0222396805423906));
#8472=CARTESIAN_POINT('',(-0.00610804653171867,0.0482526041666667,-0.0218034676785337));
#8473=CARTESIAN_POINT('',(-0.00540093975053213,0.0482526041666667,-0.0225105744597202));
#8474=CARTESIAN_POINT('',(-0.00632380003309634,0.0481449652777778,-0.0220192211799113));
#8475=CARTESIAN_POINT('',(-0.00561669325190979,0.0481449652777778,-0.0227263279610979));
#8476=CARTESIAN_POINT('',(-0.0064844131185221,0.0479296875,-0.0221798342653371));
#8477=CARTESIAN_POINT('',(-0.00577730633733555,0.0479296875,-0.0228869410465236));
#8478=CARTESIAN_POINT('',(-0.0058371526143891,0.0482526041666667,-0.0215325737612041));
#8479=CARTESIAN_POINT('',(-0.0058371526143891,0.0482526041666667,-0.0215325737612041));
#8480=CARTESIAN_POINT('',(-0.0058371526143891,0.0482526041666667,-0.0215325737612041));
#8481=CARTESIAN_POINT('',(-0.00624349349038346,0.0482526041666667,-0.0219389146371985));
#8482=CARTESIAN_POINT('',(-0.0064844131185221,0.0479296875,-0.0221798342653371));
#8483=CARTESIAN_POINT('',(-0.0064844131185221,0.0479296875,-0.0221798342653371));
#8484=CARTESIAN_POINT('',(-0.0064844131185221,0.0479296875,-0.0221798342653371));
#8485=CARTESIAN_POINT('',(-0.00581090043354868,0.0463661050837655,-0.0215063215803614));
#8486=CARTESIAN_POINT('',(-0.00554743525265295,0.0482144097222222,-0.0212428563994679));
#8487=CARTESIAN_POINT('',(-0.00554738387228424,0.0482147689341541,-0.0212428053726526));
#8488=CARTESIAN_POINT('',(-0.00581090043354754,0.0463661050837655,-0.0215063215803625));
#8489=CARTESIAN_POINT('',(-0.00551398271829994,0.0482048611111111,-0.021209403865115));
#8490=CARTESIAN_POINT('',(-0.00548053018394693,0.0481953125,-0.021175951330762));
#8491=CARTESIAN_POINT('',(-0.00548053018394693,0.0481953125,-0.021175951330762));
#8492=CARTESIAN_POINT('',(-0.00551398271829994,0.0482048611111111,-0.021209403865115));
#8493=CARTESIAN_POINT('',(-0.00550631011867769,0.0485846354166667,-0.0212017312654927));
#8494=CARTESIAN_POINT('',(-0.00553209005340845,0.0489739583333333,-0.0212275112002234));
#8495=CARTESIAN_POINT('',(-0.00553209005340845,0.0489739583333333,-0.0212275112002234));
#8496=CARTESIAN_POINT('',(-0.00550631011867769,0.0485846354166667,-0.0212017312654927));
#8497=CARTESIAN_POINT('',(-0.00603265045276403,0.0489739583333333,-0.0217280715995791));
#8498=CARTESIAN_POINT('',(-0.00653321085211961,0.0489739583333333,-0.0222286319989346));
#8499=CARTESIAN_POINT('',(-0.00653321085211961,0.0489739583333333,-0.0222286319989346));
#8500=CARTESIAN_POINT('',(-0.00603265045276403,0.0489739583333333,-0.0217280715995791));
#8501=CARTESIAN_POINT('',(-0.00653321085211961,0.0493294270833333,-0.0222286319989346));
#8502=CARTESIAN_POINT('',(-0.00653321085211961,0.0496848958333333,-0.0222286319989346));
#8503=CARTESIAN_POINT('',(-0.00653321085211961,0.0496848958333333,-0.0222286319989346));
#8504=CARTESIAN_POINT('',(-0.00653321085211961,0.0493294270833333,-0.0222286319989346));
#8505=CARTESIAN_POINT('',(-0.00577270277756221,0.0496848958333333,-0.0214681239243772));
#8506=CARTESIAN_POINT('',(-0.0050121947030048,0.0496848958333333,-0.0207076158498198));
#8507=CARTESIAN_POINT('',(-0.0050121947030048,0.0496848958333333,-0.0207076158498198));
#8508=CARTESIAN_POINT('',(-0.00577270277756221,0.0496848958333333,-0.0214681239243772));
#8509=CARTESIAN_POINT('',(-0.00495940721760372,0.0486744791666667,-0.0206548283644187));
#8510=CARTESIAN_POINT('',(-0.00490661973220264,0.0476640625,-0.0206020408790177));
#8511=CARTESIAN_POINT('',(-0.00490661973220264,0.0476640625,-0.0206020408790177));
#8512=CARTESIAN_POINT('',(-0.00495940721760372,0.0486744791666667,-0.0206548283644187));
#8513=CARTESIAN_POINT('',(-0.00502477776638529,0.04757421875,-0.0207201989132003));
#8514=CARTESIAN_POINT('',(-0.00514261289142521,0.0474846205302214,-0.0208380340382402));
#8515=CARTESIAN_POINT('',(-0.00514261289142521,0.0474846205302214,-0.0208380340382402));
#8516=CARTESIAN_POINT('',(-0.00502477776638529,0.04757421875,-0.0207201989132003));
#8517=CARTESIAN_POINT('',(-0.00558861482623221,0.0452507408721074,-0.0212840359730467));
#8518=CARTESIAN_POINT('',(-0.00534242339074643,0.0475460069444444,-0.0210378445375615));
#8519=CARTESIAN_POINT('',(-0.005342439835254,0.047545856424843,-0.021037860982069));
#8520=CARTESIAN_POINT('',(-0.00558861482623194,0.0452507408721074,-0.021284035973047));
#8521=CARTESIAN_POINT('',(-0.00558134491382105,0.0456062800367592,-0.0212767660606366));
#8522=CARTESIAN_POINT('',(-0.00556646329971613,0.0475746527777778,-0.0212618844465312));
#8523=CARTESIAN_POINT('',(-0.00556646329971613,0.0475746527777778,-0.0212618844465312));
#8524=CARTESIAN_POINT('',(-0.00558134491382129,0.0456062800367592,-0.0212767660606363));
#8525=CARTESIAN_POINT('',(-0.0061287114000346,0.0469748263888889,-0.0218241325468496));
#8526=CARTESIAN_POINT('',(-0.00542160461884805,0.0469748263888889,-0.0225312393280361));
#8527=CARTESIAN_POINT('',(-0.0061287114000346,0.0473747106481482,-0.0218241325468496));
#8528=CARTESIAN_POINT('',(-0.00542160461884805,0.0473747106481482,-0.0225312393280361));
#8529=CARTESIAN_POINT('',(-0.00594129536659511,0.0475746527777778,-0.0216367165134101));
#8530=CARTESIAN_POINT('',(-0.00523418858540856,0.0475746527777778,-0.0223438232945967));
#8531=CARTESIAN_POINT('',(-0.00556646329971613,0.0475746527777778,-0.0212618844465312));
#8532=CARTESIAN_POINT('',(-0.00485935651852958,0.0475746527777778,-0.0219689912277177));
#8533=CARTESIAN_POINT('',(-0.0061287114000346,0.0469748263888889,-0.0218241325468496));
#8534=CARTESIAN_POINT('',(-0.0061287114000346,0.0469748263888889,-0.0218241325468496));
#8535=CARTESIAN_POINT('',(-0.0061287114000346,0.0469748263888889,-0.0218241325468496));
#8536=CARTESIAN_POINT('',(-0.0061287114000346,0.0475746527777778,-0.0218241325468496));
#8537=CARTESIAN_POINT('',(-0.00556646329971613,0.0475746527777778,-0.0212618844465312));
#8538=CARTESIAN_POINT('',(-0.00558549134677931,0.0463454861111111,-0.0212809124935943));
#8539=CARTESIAN_POINT('',(-0.00487838456559276,0.0463454861111111,-0.0219880192747809));
#8540=CARTESIAN_POINT('',(-0.0059476380489495,0.0463454861111111,-0.0216430591957645));
#8541=CARTESIAN_POINT('',(-0.00524053126776295,0.0463454861111111,-0.022350165976951));
#8542=CARTESIAN_POINT('',(-0.0061287114000346,0.0465552662037037,-0.0218241325468496));
#8543=CARTESIAN_POINT('',(-0.00542160461884805,0.0465552662037037,-0.0225312393280362));
#8544=CARTESIAN_POINT('',(-0.0061287114000346,0.0469748263888889,-0.0218241325468496));
#8545=CARTESIAN_POINT('',(-0.00542160461884805,0.0469748263888889,-0.0225312393280362));
#8546=CARTESIAN_POINT('',(-0.00558549134677931,0.0463454861111111,-0.0212809124935943));
#8547=CARTESIAN_POINT('',(-0.00558549134677931,0.0463454861111111,-0.0212809124935943));
#8548=CARTESIAN_POINT('',(-0.00558549134677931,0.0463454861111111,-0.0212809124935943));
#8549=CARTESIAN_POINT('',(-0.0061287114000346,0.0463454861111111,-0.0218241325468496));
#8550=CARTESIAN_POINT('',(-0.0061287114000346,0.0469748263888889,-0.0218241325468496));
#8551=CARTESIAN_POINT('',(-0.00560240401413547,0.0485547871168425,-0.0212978251609485));
#8552=CARTESIAN_POINT('',(-0.00520400969356104,0.0464175347222222,-0.0208994308403761));
#8553=CARTESIAN_POINT('',(-0.00520405545467381,0.0464177881708668,-0.0208994766014888));
#8554=CARTESIAN_POINT('',(-0.00560240401413446,0.0485547871168425,-0.0212978251609495));
#8555=CARTESIAN_POINT('',(-0.00556935355110854,0.0485796461433215,-0.0212647746979228));
#8556=CARTESIAN_POINT('',(-0.00485137701492244,0.0466026852912658,-0.0205467981617375));
#8557=CARTESIAN_POINT('',(-0.00485137701492244,0.0466026852912658,-0.0205467981617375));
#8558=CARTESIAN_POINT('',(-0.00556935355110816,0.0485796461433215,-0.0212647746979232));
#8559=CARTESIAN_POINT('',(-0.00485137701492244,0.0462408854166667,-0.0205467981617375));
#8560=CARTESIAN_POINT('',(-0.00485137701492244,0.0458784722222222,-0.0205467981617375));
#8561=CARTESIAN_POINT('',(-0.00485137701492244,0.0458784722222222,-0.0205467981617375));
#8562=CARTESIAN_POINT('',(-0.00485137701492244,0.0462408854166667,-0.0205467981617375));
#8563=CARTESIAN_POINT('',(-0.00560697462572161,0.0456640625,-0.0213023957725366));
#8564=CARTESIAN_POINT('',(-0.00489986784453506,0.0456640625,-0.0220095025537231));
#8565=CARTESIAN_POINT('',(-0.00529475097176018,0.0456640625,-0.0209901721185752));
#8566=CARTESIAN_POINT('',(-0.00458764419057363,0.0456640625,-0.0216972788997618));
#8567=CARTESIAN_POINT('',(-0.00504288510149379,0.0457355324074074,-0.0207383062483088));
#8568=CARTESIAN_POINT('',(-0.00433577832030724,0.0457355324074074,-0.0214454130294954));
#8569=CARTESIAN_POINT('',(-0.00485137701492244,0.0458784722222222,-0.0205467981617375));
#8570=CARTESIAN_POINT('',(-0.00414427023373589,0.0458784722222222,-0.021253904942924));
#8571=CARTESIAN_POINT('',(-0.00560697462572161,0.0456640625,-0.0213023957725366));
#8572=CARTESIAN_POINT('',(-0.00560697462572161,0.0456640625,-0.0213023957725366));
#8573=CARTESIAN_POINT('',(-0.00560697462572161,0.0456640625,-0.0213023957725366));
#8574=CARTESIAN_POINT('',(-0.00513863914477947,0.0456640625,-0.0208340602915945));
#8575=CARTESIAN_POINT('',(-0.00485137701492244,0.0458784722222222,-0.0205467981617375));
#8576=CARTESIAN_POINT('',(-0.00643561538492459,0.0460225694444444,-0.0221310365317396));
#8577=CARTESIAN_POINT('',(-0.00572850860373804,0.0460225694444444,-0.0228381433129261));
#8578=CARTESIAN_POINT('',(-0.00624247047710049,0.0457835648148148,-0.0219378916239155));
#8579=CARTESIAN_POINT('',(-0.00553536369591394,0.0457835648148148,-0.022644998405102));
#8580=CARTESIAN_POINT('',(-0.0059662568906995,0.0456640625,-0.0216616780375145));
#8581=CARTESIAN_POINT('',(-0.00525915010951295,0.0456640625,-0.022368784818701));
#8582=CARTESIAN_POINT('',(-0.00560697462572161,0.0456640625,-0.0213023957725366));
#8583=CARTESIAN_POINT('',(-0.00489986784453506,0.0456640625,-0.0220095025537231));
#8584=CARTESIAN_POINT('',(-0.00643561538492459,0.0460225694444444,-0.0221310365317396));
#8585=CARTESIAN_POINT('',(-0.00643561538492459,0.0460225694444444,-0.0221310365317396));
#8586=CARTESIAN_POINT('',(-0.00643561538492459,0.0460225694444444,-0.0221310365317396));
#8587=CARTESIAN_POINT('',(-0.00614589802318844,0.0456640625,-0.0218413191700035));
#8588=CARTESIAN_POINT('',(-0.00560697462572161,0.0456640625,-0.0213023957725366));
#8589=CARTESIAN_POINT('',(-0.00672533274666075,0.0470451388888889,-0.0224207538934757));
#8590=CARTESIAN_POINT('',(-0.0060182259654742,0.0470451388888889,-0.0231278606746623));
#8591=CARTESIAN_POINT('',(-0.00672533274666075,0.0466024305555556,-0.0224207538934757));
#8592=CARTESIAN_POINT('',(-0.0060182259654742,0.0466024305555556,-0.0231278606746623));
#8593=CARTESIAN_POINT('',(-0.0066287602927487,0.0462615740740741,-0.0223241814395637));
#8594=CARTESIAN_POINT('',(-0.00592165351156214,0.0462615740740741,-0.0230312882207503));
#8595=CARTESIAN_POINT('',(-0.00643561538492459,0.0460225694444444,-0.0221310365317396));
#8596=CARTESIAN_POINT('',(-0.00572850860373804,0.0460225694444444,-0.0228381433129262));
#8597=CARTESIAN_POINT('',(-0.00672533274666075,0.0470451388888889,-0.0224207538934757));
#8598=CARTESIAN_POINT('',(-0.00672533274666075,0.0470451388888889,-0.0224207538934757));
#8599=CARTESIAN_POINT('',(-0.00672533274666075,0.0470451388888889,-0.0224207538934757));
#8600=CARTESIAN_POINT('',(-0.00672533274666075,0.0463810763888889,-0.0224207538934757));
#8601=CARTESIAN_POINT('',(-0.00643561538492459,0.0460225694444444,-0.0221310365317396));
#8602=CARTESIAN_POINT('',(-0.0064844131185221,0.0479296875,-0.0221798342653371));
#8603=CARTESIAN_POINT('',(-0.00577730633733555,0.0479296875,-0.0228869410465236));
#8604=CARTESIAN_POINT('',(-0.00664502620394787,0.0477144097222222,-0.0223404473507629));
#8605=CARTESIAN_POINT('',(-0.00593791942276132,0.0477144097222222,-0.0230475541319494));
#8606=CARTESIAN_POINT('',(-0.00672533274666075,0.0474195601851852,-0.0224207538934757));
#8607=CARTESIAN_POINT('',(-0.00601822596547421,0.0474195601851852,-0.0231278606746623));
#8608=CARTESIAN_POINT('',(-0.00672533274666075,0.0470451388888889,-0.0224207538934757));
#8609=CARTESIAN_POINT('',(-0.00601822596547421,0.0470451388888889,-0.0231278606746623));
#8610=CARTESIAN_POINT('',(-0.0064844131185221,0.0479296875,-0.0221798342653371));
#8611=CARTESIAN_POINT('',(-0.00672533274666075,0.0476067708333333,-0.0224207538934757));
#8612=CARTESIAN_POINT('',(-0.00672533274666075,0.0470451388888889,-0.0224207538934757));
#8613=CARTESIAN_POINT('',(-0.00581965908725037,0.04771875,-0.0215150802340654));
#8614=CARTESIAN_POINT('',(-0.0150750868055556,0.0463342013888889,-0.0253694786426315));
#8615=CARTESIAN_POINT('',(-0.0150750868055556,0.0463342013888889,-0.0263694786426315));
#8616=CARTESIAN_POINT('',(-0.01525390625,0.0463342013888889,-0.0253694786426315));
#8617=CARTESIAN_POINT('',(-0.01525390625,0.0463342013888889,-0.0263694786426315));
#8618=CARTESIAN_POINT('',(-0.0153913483796297,0.0463943865740741,-0.0253694786426315));
#8619=CARTESIAN_POINT('',(-0.0153913483796297,0.0463943865740741,-0.0263694786426315));
#8620=CARTESIAN_POINT('',(-0.0154874131944445,0.0465147569444444,-0.0253694786426315));
#8621=CARTESIAN_POINT('',(-0.0154874131944445,0.0465147569444444,-0.0263694786426315));
#8622=CARTESIAN_POINT('',(-0.0150750868055556,0.0463342013888889,-0.0263694786426315));
#8623=CARTESIAN_POINT('',(-0.0153433159722223,0.0463342013888889,-0.0263694786426315));
#8624=CARTESIAN_POINT('',(-0.0154874131944445,0.0465147569444444,-0.0263694786426315));
#8625=CARTESIAN_POINT('',(-0.0150750868055556,0.0463342013888889,-0.0263694786426315));
#8626=CARTESIAN_POINT('',(-0.0154874131944445,0.0465147569444444,-0.0263694786426315));
#8627=CARTESIAN_POINT('',(-0.0150750868055556,0.0463342013888889,-0.0253694786426315));
#8628=CARTESIAN_POINT('',(-0.0150750868055556,0.0463342013888889,-0.0253694786426315));
#8629=CARTESIAN_POINT('',(-0.0150750868055556,0.0463342013888889,-0.0253694786426315));
#8630=CARTESIAN_POINT('',(-0.0153433159722223,0.0463342013888889,-0.0253694786426315));
#8631=CARTESIAN_POINT('',(-0.0154874131944445,0.0465147569444444,-0.0253694786426315));
#8632=CARTESIAN_POINT('',(-0.0154874131944445,0.0465147569444444,-0.0253694786426315));
#8633=CARTESIAN_POINT('',(-0.0154874131944445,0.0465147569444444,-0.0253694786426315));
#8634=CARTESIAN_POINT('',(-0.0146449652777778,0.0465568576388889,-0.0253694786426315));
#8635=CARTESIAN_POINT('',(-0.0146449652777778,0.0465568576388889,-0.0263694786426315));
#8636=CARTESIAN_POINT('',(-0.0147581018518519,0.0464084201388889,-0.0253694786426315));
#8637=CARTESIAN_POINT('',(-0.0147581018518519,0.0464084201388889,-0.0263694786426315));
#8638=CARTESIAN_POINT('',(-0.0149014756944444,0.0463342013888889,-0.0253694786426315));
#8639=CARTESIAN_POINT('',(-0.0149014756944444,0.0463342013888889,-0.0263694786426315));
#8640=CARTESIAN_POINT('',(-0.0150750868055556,0.0463342013888889,-0.0253694786426315));
#8641=CARTESIAN_POINT('',(-0.0150750868055556,0.0463342013888889,-0.0263694786426315));
#8642=CARTESIAN_POINT('',(-0.0146449652777778,0.0465568576388889,-0.0263694786426315));
#8643=CARTESIAN_POINT('',(-0.0148146701388889,0.0463342013888889,-0.0263694786426315));
#8644=CARTESIAN_POINT('',(-0.0150750868055556,0.0463342013888889,-0.0263694786426315));
#8645=CARTESIAN_POINT('',(-0.0146449652777778,0.0465568576388889,-0.0263694786426315));
#8646=CARTESIAN_POINT('',(-0.0146449652777778,0.0465568576388889,-0.0253694786426315));
#8647=CARTESIAN_POINT('',(-0.0146449652777778,0.0465568576388889,-0.0253694786426315));
#8648=CARTESIAN_POINT('',(-0.0146449652777778,0.0465568576388889,-0.0253694786426315));
#8649=CARTESIAN_POINT('',(-0.0148146701388889,0.0463342013888889,-0.0253694786426315));
#8650=CARTESIAN_POINT('',(-0.0150750868055556,0.0463342013888889,-0.0253694786426315));
#8651=CARTESIAN_POINT('',(-0.0144752604166667,0.0471024305555556,-0.0253694786426315));
#8652=CARTESIAN_POINT('',(-0.0144752604166667,0.0471024305555556,-0.0263694786426315));
#8653=CARTESIAN_POINT('',(-0.0144752604166667,0.0468871527777778,-0.0253694786426315));
#8654=CARTESIAN_POINT('',(-0.0144752604166667,0.0468871527777778,-0.0263694786426315));
#8655=CARTESIAN_POINT('',(-0.0145318287037037,0.0467052951388889,-0.0253694786426315));
#8656=CARTESIAN_POINT('',(-0.0145318287037037,0.0467052951388889,-0.0263694786426315));
#8657=CARTESIAN_POINT('',(-0.0146449652777778,0.0465568576388889,-0.0253694786426315));
#8658=CARTESIAN_POINT('',(-0.0146449652777778,0.0465568576388889,-0.0263694786426315));
#8659=CARTESIAN_POINT('',(-0.0144752604166667,0.0471024305555556,-0.0263694786426315));
#8660=CARTESIAN_POINT('',(-0.0144752604166667,0.0467795138888889,-0.0263694786426315));
#8661=CARTESIAN_POINT('',(-0.0146449652777778,0.0465568576388889,-0.0263694786426315));
#8662=CARTESIAN_POINT('',(-0.0144752604166667,0.0471024305555556,-0.0263694786426315));
#8663=CARTESIAN_POINT('',(-0.0144752604166667,0.0471024305555556,-0.0253694786426315));
#8664=CARTESIAN_POINT('',(-0.0144752604166667,0.0471024305555556,-0.0253694786426315));
#8665=CARTESIAN_POINT('',(-0.0144752604166667,0.0471024305555556,-0.0253694786426315));
#8666=CARTESIAN_POINT('',(-0.0144752604166667,0.0467795138888889,-0.0253694786426315));
#8667=CARTESIAN_POINT('',(-0.0146449652777778,0.0465568576388889,-0.0253694786426315));
#8668=CARTESIAN_POINT('',(-0.0146558159722222,0.0474874131944444,-0.0253694786426315));
#8669=CARTESIAN_POINT('',(-0.0146558159722222,0.0474874131944444,-0.0263694786426315));
#8670=CARTESIAN_POINT('',(-0.0145354456018518,0.0473771701388889,-0.0253694786426315));
#8671=CARTESIAN_POINT('',(-0.0145354456018518,0.0473771701388889,-0.0263694786426315));
#8672=CARTESIAN_POINT('',(-0.0144752604166667,0.0472488425925926,-0.0253694786426315));
#8673=CARTESIAN_POINT('',(-0.0144752604166667,0.0472488425925926,-0.0263694786426315));
#8674=CARTESIAN_POINT('',(-0.0144752604166667,0.0471024305555556,-0.0253694786426315));
#8675=CARTESIAN_POINT('',(-0.0144752604166667,0.0471024305555556,-0.0263694786426315));
#8676=CARTESIAN_POINT('',(-0.0146558159722222,0.0474874131944444,-0.0263694786426315));
#8677=CARTESIAN_POINT('',(-0.0144752604166667,0.0473220486111111,-0.0263694786426315));
#8678=CARTESIAN_POINT('',(-0.0144752604166667,0.0471024305555556,-0.0263694786426315));
#8679=CARTESIAN_POINT('',(-0.0146558159722222,0.0474874131944444,-0.0263694786426315));
#8680=CARTESIAN_POINT('',(-0.0146558159722222,0.0474874131944444,-0.0253694786426315));
#8681=CARTESIAN_POINT('',(-0.0146558159722222,0.0474874131944444,-0.0253694786426315));
#8682=CARTESIAN_POINT('',(-0.0146558159722222,0.0474874131944444,-0.0253694786426315));
#8683=CARTESIAN_POINT('',(-0.0144752604166667,0.0473220486111111,-0.0253694786426315));
#8684=CARTESIAN_POINT('',(-0.0144752604166667,0.0471024305555556,-0.0253694786426315));
#8685=CARTESIAN_POINT('',(-0.0150771410252737,0.0470313284937492,-0.0253694786426315));
#8686=CARTESIAN_POINT('',(-0.0150771410252737,0.0470313284937492,-0.0263694786426315));
#8687=CARTESIAN_POINT('',(-0.0150915798611111,0.0476527777777778,-0.0263694786426315));
#8688=CARTESIAN_POINT('',(-0.0150915798611111,0.0476527777777778,-0.0253694786426315));
#8689=CARTESIAN_POINT('',(-0.0150915798611111,0.0476527777777778,-0.0253694786426315));
#8690=CARTESIAN_POINT('',(-0.0150771410252737,0.0470313284937492,-0.0253694786426315));
#8691=CARTESIAN_POINT('',(-0.0154969618055556,0.0474861111111111,-0.0253694786426315));
#8692=CARTESIAN_POINT('',(-0.0154969618055556,0.0474861111111111,-0.0263694786426315));
#8693=CARTESIAN_POINT('',(-0.0154072627314815,0.0475972222222222,-0.0253694786426315));
#8694=CARTESIAN_POINT('',(-0.0154072627314815,0.0475972222222222,-0.0263694786426315));
#8695=CARTESIAN_POINT('',(-0.0152721354166667,0.0476527777777778,-0.0253694786426315));
#8696=CARTESIAN_POINT('',(-0.0152721354166667,0.0476527777777778,-0.0263694786426315));
#8697=CARTESIAN_POINT('',(-0.0150915798611111,0.0476527777777778,-0.0253694786426315));
#8698=CARTESIAN_POINT('',(-0.0150915798611111,0.0476527777777778,-0.0263694786426315));
#8699=CARTESIAN_POINT('',(-0.0154969618055556,0.0474861111111111,-0.0263694786426315));
#8700=CARTESIAN_POINT('',(-0.0153624131944445,0.0476527777777778,-0.0263694786426315));
#8701=CARTESIAN_POINT('',(-0.0150915798611111,0.0476527777777778,-0.0263694786426315));
#8702=CARTESIAN_POINT('',(-0.0154969618055556,0.0474861111111111,-0.0263694786426315));
#8703=CARTESIAN_POINT('',(-0.0154969618055556,0.0474861111111111,-0.0253694786426315));
#8704=CARTESIAN_POINT('',(-0.0154969618055556,0.0474861111111111,-0.0253694786426315));
#8705=CARTESIAN_POINT('',(-0.0154969618055556,0.0474861111111111,-0.0253694786426315));
#8706=CARTESIAN_POINT('',(-0.0153624131944445,0.0476527777777778,-0.0253694786426315));
#8707=CARTESIAN_POINT('',(-0.0150915798611111,0.0476527777777778,-0.0253694786426315));
#8708=CARTESIAN_POINT('',(-0.0156315104166667,0.0470286458333333,-0.0253694786426315));
#8709=CARTESIAN_POINT('',(-0.0156315104166667,0.0470286458333333,-0.0263694786426315));
#8710=CARTESIAN_POINT('',(-0.0156315104166667,0.047222511574074,-0.0253694786426315));
#8711=CARTESIAN_POINT('',(-0.0156315104166667,0.047222511574074,-0.0263694786426315));
#8712=CARTESIAN_POINT('',(-0.0155866608796296,0.047375,-0.0253694786426315));
#8713=CARTESIAN_POINT('',(-0.0155866608796296,0.047375,-0.0263694786426315));
#8714=CARTESIAN_POINT('',(-0.0154969618055556,0.0474861111111111,-0.0253694786426315));
#8715=CARTESIAN_POINT('',(-0.0154969618055556,0.0474861111111111,-0.0263694786426315));
#8716=CARTESIAN_POINT('',(-0.0156315104166667,0.0470286458333333,-0.0263694786426315));
#8717=CARTESIAN_POINT('',(-0.0156315104166667,0.0473194444444444,-0.0263694786426315));
#8718=CARTESIAN_POINT('',(-0.0154969618055556,0.0474861111111111,-0.0263694786426315));
#8719=CARTESIAN_POINT('',(-0.0156315104166667,0.0470286458333333,-0.0263694786426315));
#8720=CARTESIAN_POINT('',(-0.0156315104166667,0.0470286458333333,-0.0253694786426315));
#8721=CARTESIAN_POINT('',(-0.0156315104166667,0.0470286458333333,-0.0253694786426315));
#8722=CARTESIAN_POINT('',(-0.0156315104166667,0.0470286458333333,-0.0253694786426315));
#8723=CARTESIAN_POINT('',(-0.0156315104166667,0.0473194444444444,-0.0253694786426315));
#8724=CARTESIAN_POINT('',(-0.0154969618055556,0.0474861111111111,-0.0253694786426315));
#8725=CARTESIAN_POINT('',(-0.0136427951388889,0.0474036458333333,-0.0253694786426315));
#8726=CARTESIAN_POINT('',(-0.0136427951388889,0.0474036458333333,-0.0263694786426315));
#8727=CARTESIAN_POINT('',(-0.0136427951388889,0.0481883680555556,-0.0253694786426315));
#8728=CARTESIAN_POINT('',(-0.0136427951388889,0.0481883680555556,-0.0263694786426315));
#8729=CARTESIAN_POINT('',(-0.0138087384259259,0.0487724247685185,-0.0253694786426315));
#8730=CARTESIAN_POINT('',(-0.0138087384259259,0.0487724247685185,-0.0263694786426315));
#8731=CARTESIAN_POINT('',(-0.014140625,0.0491558159722222,-0.0253694786426315));
#8732=CARTESIAN_POINT('',(-0.014140625,0.0491558159722222,-0.0263694786426315));
#8733=CARTESIAN_POINT('',(-0.0136427951388889,0.0474036458333333,-0.0253694786426315));
#8734=CARTESIAN_POINT('',(-0.0136427951388889,0.0474036458333333,-0.0253694786426315));
#8735=CARTESIAN_POINT('',(-0.0136427951388889,0.0474036458333333,-0.0253694786426315));
#8736=CARTESIAN_POINT('',(-0.0136427951388889,0.0485807291666667,-0.0253694786426315));
#8737=CARTESIAN_POINT('',(-0.014140625,0.0491558159722222,-0.0253694786426315));
#8738=CARTESIAN_POINT('',(-0.014140625,0.0491558159722222,-0.0253694786426315));
#8739=CARTESIAN_POINT('',(-0.014140625,0.0491558159722222,-0.0253694786426315));
#8740=CARTESIAN_POINT('',(-0.0138203125,0.0464618055555556,-0.0253694786426315));
#8741=CARTESIAN_POINT('',(-0.0138203125,0.0464618055555556,-0.0263694786426315));
#8742=CARTESIAN_POINT('',(-0.0137019675925926,0.0467222222222223,-0.0253694786426315));
#8743=CARTESIAN_POINT('',(-0.0137019675925926,0.0467222222222223,-0.0263694786426315));
#8744=CARTESIAN_POINT('',(-0.0136427951388889,0.0470361689814815,-0.0253694786426315));
#8745=CARTESIAN_POINT('',(-0.0136427951388889,0.0470361689814815,-0.0263694786426315));
#8746=CARTESIAN_POINT('',(-0.0136427951388889,0.0474036458333333,-0.0253694786426315));
#8747=CARTESIAN_POINT('',(-0.0136427951388889,0.0474036458333333,-0.0263694786426315));
#8748=CARTESIAN_POINT('',(-0.0138203125,0.0464618055555556,-0.0253694786426315));
#8749=CARTESIAN_POINT('',(-0.0138203125,0.0464618055555556,-0.0253694786426315));
#8750=CARTESIAN_POINT('',(-0.0138203125,0.0464618055555556,-0.0253694786426315));
#8751=CARTESIAN_POINT('',(-0.0136427951388889,0.0468524305555556,-0.0253694786426315));
#8752=CARTESIAN_POINT('',(-0.0136427951388889,0.0474036458333333,-0.0253694786426315));
#8753=CARTESIAN_POINT('',(-0.0143250868055556,0.0458676215277778,-0.0253694786426315));
#8754=CARTESIAN_POINT('',(-0.0143250868055556,0.0458676215277778,-0.0263694786426315));
#8755=CARTESIAN_POINT('',(-0.0141069155092593,0.0460033275462963,-0.0253694786426315));
#8756=CARTESIAN_POINT('',(-0.0141069155092593,0.0460033275462963,-0.0263694786426315));
#8757=CARTESIAN_POINT('',(-0.0139386574074074,0.0462013888888889,-0.0253694786426315));
#8758=CARTESIAN_POINT('',(-0.0139386574074074,0.0462013888888889,-0.0263694786426315));
#8759=CARTESIAN_POINT('',(-0.0138203125,0.0464618055555556,-0.0253694786426315));
#8760=CARTESIAN_POINT('',(-0.0138203125,0.0464618055555556,-0.0263694786426315));
#8761=CARTESIAN_POINT('',(-0.0143250868055556,0.0458676215277778,-0.0253694786426315));
#8762=CARTESIAN_POINT('',(-0.0143250868055556,0.0458676215277778,-0.0253694786426315));
#8763=CARTESIAN_POINT('',(-0.0143250868055556,0.0458676215277778,-0.0253694786426315));
#8764=CARTESIAN_POINT('',(-0.0139978298611111,0.0460711805555555,-0.0253694786426315));
#8765=CARTESIAN_POINT('',(-0.0138203125,0.0464618055555556,-0.0253694786426315));
#8766=CARTESIAN_POINT('',(-0.0150915798611111,0.0456640625,-0.0253694786426315));
#8767=CARTESIAN_POINT('',(-0.0150915798611111,0.0456640625,-0.0263694786426315));
#8768=CARTESIAN_POINT('',(-0.014798755787037,0.0456640625,-0.0253694786426315));
#8769=CARTESIAN_POINT('',(-0.014798755787037,0.0456640625,-0.0263694786426315));
#8770=CARTESIAN_POINT('',(-0.0145432581018519,0.0457319155092593,-0.0253694786426315));
#8771=CARTESIAN_POINT('',(-0.0145432581018519,0.0457319155092593,-0.0263694786426315));
#8772=CARTESIAN_POINT('',(-0.0143250868055556,0.0458676215277778,-0.0253694786426315));
#8773=CARTESIAN_POINT('',(-0.0143250868055556,0.0458676215277778,-0.0263694786426315));
#8774=CARTESIAN_POINT('',(-0.0150915798611111,0.0456640625,-0.0253694786426315));
#8775=CARTESIAN_POINT('',(-0.0150915798611111,0.0456640625,-0.0253694786426315));
#8776=CARTESIAN_POINT('',(-0.0150915798611111,0.0456640625,-0.0253694786426315));
#8777=CARTESIAN_POINT('',(-0.01465234375,0.0456640625,-0.0253694786426315));
#8778=CARTESIAN_POINT('',(-0.0143250868055556,0.0458676215277778,-0.0253694786426315));
#8779=CARTESIAN_POINT('',(-0.0160842013888889,0.0460347222222222,-0.0253694786426315));
#8780=CARTESIAN_POINT('',(-0.0160842013888889,0.0460347222222222,-0.0263694786426315));
#8781=CARTESIAN_POINT('',(-0.0158454861111111,0.0457876157407407,-0.0253694786426315));
#8782=CARTESIAN_POINT('',(-0.0158454861111111,0.0457876157407407,-0.0263694786426315));
#8783=CARTESIAN_POINT('',(-0.0155146122685185,0.0456640625,-0.0253694786426315));
#8784=CARTESIAN_POINT('',(-0.0155146122685185,0.0456640625,-0.0263694786426315));
#8785=CARTESIAN_POINT('',(-0.0150915798611111,0.0456640625,-0.0253694786426315));
#8786=CARTESIAN_POINT('',(-0.0150915798611111,0.0456640625,-0.0263694786426315));
#8787=CARTESIAN_POINT('',(-0.0160842013888889,0.0460347222222222,-0.0253694786426315));
#8788=CARTESIAN_POINT('',(-0.0160842013888889,0.0460347222222222,-0.0253694786426315));
#8789=CARTESIAN_POINT('',(-0.0160842013888889,0.0460347222222222,-0.0253694786426315));
#8790=CARTESIAN_POINT('',(-0.0157261284722222,0.0456640625,-0.0253694786426315));
#8791=CARTESIAN_POINT('',(-0.0150915798611111,0.0456640625,-0.0253694786426315));
#8792=CARTESIAN_POINT('',(-0.0164422743055555,0.0470399305555556,-0.0253694786426315));
#8793=CARTESIAN_POINT('',(-0.0164422743055555,0.0470399305555556,-0.0263694786426315));
#8794=CARTESIAN_POINT('',(-0.0164422743055555,0.0466168981481481,-0.0253694786426315));
#8795=CARTESIAN_POINT('',(-0.0164422743055555,0.0466168981481481,-0.0263694786426315));
#8796=CARTESIAN_POINT('',(-0.0163229166666667,0.0462818287037037,-0.0253694786426315));
#8797=CARTESIAN_POINT('',(-0.0163229166666667,0.0462818287037037,-0.0263694786426315));
#8798=CARTESIAN_POINT('',(-0.0160842013888889,0.0460347222222222,-0.0253694786426315));
#8799=CARTESIAN_POINT('',(-0.0160842013888889,0.0460347222222222,-0.0263694786426315));
#8800=CARTESIAN_POINT('',(-0.0164422743055555,0.0470399305555556,-0.0253694786426315));
#8801=CARTESIAN_POINT('',(-0.0164422743055555,0.0470399305555556,-0.0253694786426315));
#8802=CARTESIAN_POINT('',(-0.0164422743055555,0.0470399305555556,-0.0253694786426315));
#8803=CARTESIAN_POINT('',(-0.0164422743055555,0.0464053819444444,-0.0253694786426315));
#8804=CARTESIAN_POINT('',(-0.0160842013888889,0.0460347222222222,-0.0253694786426315));
#8805=CARTESIAN_POINT('',(-0.0161410590277778,0.0479622395833333,-0.0253694786426315));
#8806=CARTESIAN_POINT('',(-0.0161410590277778,0.0479622395833333,-0.0263694786426315));
#8807=CARTESIAN_POINT('',(-0.016341869212963,0.0477397280092592,-0.0253694786426315));
#8808=CARTESIAN_POINT('',(-0.016341869212963,0.0477397280092592,-0.0263694786426315));
#8809=CARTESIAN_POINT('',(-0.0164422743055555,0.0474322916666667,-0.0253694786426315));
#8810=CARTESIAN_POINT('',(-0.0164422743055555,0.0474322916666667,-0.0263694786426315));
#8811=CARTESIAN_POINT('',(-0.0164422743055555,0.0470399305555556,-0.0253694786426315));
#8812=CARTESIAN_POINT('',(-0.0164422743055555,0.0470399305555556,-0.0263694786426315));
#8813=CARTESIAN_POINT('',(-0.0161410590277778,0.0479622395833333,-0.0253694786426315));
#8814=CARTESIAN_POINT('',(-0.0161410590277778,0.0479622395833333,-0.0253694786426315));
#8815=CARTESIAN_POINT('',(-0.0161410590277778,0.0479622395833333,-0.0253694786426315));
#8816=CARTESIAN_POINT('',(-0.0164422743055555,0.0476284722222222,-0.0253694786426315));
#8817=CARTESIAN_POINT('',(-0.0164422743055555,0.0470399305555556,-0.0253694786426315));
#8818=CARTESIAN_POINT('',(-0.01530859375,0.0482960069444444,-0.0253694786426315));
#8819=CARTESIAN_POINT('',(-0.01530859375,0.0482960069444444,-0.0263694786426315));
#8820=CARTESIAN_POINT('',(-0.0156627604166667,0.0482960069444444,-0.0253694786426315));
#8821=CARTESIAN_POINT('',(-0.0156627604166667,0.0482960069444444,-0.0263694786426315));
#8822=CARTESIAN_POINT('',(-0.0159402488425926,0.0481847511574074,-0.0253694786426315));
#8823=CARTESIAN_POINT('',(-0.0159402488425926,0.0481847511574074,-0.0263694786426315));
#8824=CARTESIAN_POINT('',(-0.0161410590277778,0.0479622395833333,-0.0253694786426315));
#8825=CARTESIAN_POINT('',(-0.0161410590277778,0.0479622395833333,-0.0263694786426315));
#8826=CARTESIAN_POINT('',(-0.01530859375,0.0482960069444444,-0.0253694786426315));
#8827=CARTESIAN_POINT('',(-0.01530859375,0.0482960069444444,-0.0253694786426315));
#8828=CARTESIAN_POINT('',(-0.01530859375,0.0482960069444444,-0.0253694786426315));
#8829=CARTESIAN_POINT('',(-0.01583984375,0.0482960069444444,-0.0253694786426315));
#8830=CARTESIAN_POINT('',(-0.0161410590277778,0.0479622395833333,-0.0253694786426315));
#8831=CARTESIAN_POINT('',(-0.0144483506944444,0.0478350694444444,-0.0253694786426315));
#8832=CARTESIAN_POINT('',(-0.0144483506944444,0.0478350694444444,-0.0263694786426315));
#8833=CARTESIAN_POINT('',(-0.0146277488425926,0.0481423611111111,-0.0253694786426315));
#8834=CARTESIAN_POINT('',(-0.0146277488425926,0.0481423611111111,-0.0263694786426315));
#8835=CARTESIAN_POINT('',(-0.0149144965277778,0.0482960069444444,-0.0253694786426315));
#8836=CARTESIAN_POINT('',(-0.0149144965277778,0.0482960069444444,-0.0263694786426315));
#8837=CARTESIAN_POINT('',(-0.01530859375,0.0482960069444444,-0.0253694786426315));
#8838=CARTESIAN_POINT('',(-0.01530859375,0.0482960069444444,-0.0263694786426315));
#8839=CARTESIAN_POINT('',(-0.0144483506944444,0.0478350694444444,-0.0253694786426315));
#8840=CARTESIAN_POINT('',(-0.0144483506944444,0.0478350694444444,-0.0253694786426315));
#8841=CARTESIAN_POINT('',(-0.0144483506944444,0.0478350694444444,-0.0253694786426315));
#8842=CARTESIAN_POINT('',(-0.0147174479166667,0.0482960069444444,-0.0253694786426315));
#8843=CARTESIAN_POINT('',(-0.01530859375,0.0482960069444444,-0.0253694786426315));
#8844=CARTESIAN_POINT('',(-0.0144309895833333,0.0478350694444444,-0.0253694786426315));
#8845=CARTESIAN_POINT('',(-0.0144136284722222,0.0478350694444444,-0.0253694786426315));
#8846=CARTESIAN_POINT('',(-0.0144136284722222,0.0478350694444444,-0.0253694786426315));
#8847=CARTESIAN_POINT('',(-0.0144309895833333,0.0478350694444444,-0.0253694786426315));
#8848=CARTESIAN_POINT('',(-0.0145733506944444,0.0485590277777778,-0.0253694786426315));
#8849=CARTESIAN_POINT('',(-0.0145733506944444,0.0485590277777778,-0.0263694786426315));
#8850=CARTESIAN_POINT('',(-0.0144830729166667,0.0483888888888889,-0.0253694786426315));
#8851=CARTESIAN_POINT('',(-0.0144830729166667,0.0483888888888889,-0.0263694786426315));
#8852=CARTESIAN_POINT('',(-0.0144298321759259,0.0481475694444444,-0.0253694786426315));
#8853=CARTESIAN_POINT('',(-0.0144298321759259,0.0481475694444444,-0.0263694786426315));
#8854=CARTESIAN_POINT('',(-0.0144136284722222,0.0478350694444444,-0.0253694786426315));
#8855=CARTESIAN_POINT('',(-0.0144136284722222,0.0478350694444444,-0.0263694786426315));
#8856=CARTESIAN_POINT('',(-0.0145733506944444,0.0485590277777778,-0.0253694786426315));
#8857=CARTESIAN_POINT('',(-0.0145733506944444,0.0485590277777778,-0.0253694786426315));
#8858=CARTESIAN_POINT('',(-0.0145733506944444,0.0485590277777778,-0.0253694786426315));
#8859=CARTESIAN_POINT('',(-0.0144379340277778,0.0483038194444444,-0.0253694786426315));
#8860=CARTESIAN_POINT('',(-0.0144136284722222,0.0478350694444444,-0.0253694786426315));
#8861=CARTESIAN_POINT('',(-0.0153442060605523,0.048149967638539,-0.0253694786426315));
#8862=CARTESIAN_POINT('',(-0.0149813368055556,0.0489444444444444,-0.0253694786426315));
#8863=CARTESIAN_POINT('',(-0.0149813368055556,0.0489444444444444,-0.0253694786426315));
#8864=CARTESIAN_POINT('',(-0.0153442060605523,0.048149967638539,-0.0253694786426315));
#8865=CARTESIAN_POINT('',(-0.0156853298611111,0.0490746527777778,-0.0253694786426315));
#8866=CARTESIAN_POINT('',(-0.0156853298611111,0.0490746527777778,-0.0263694786426315));
#8867=CARTESIAN_POINT('',(-0.0153977141203704,0.0490746527777778,-0.0253694786426315));
#8868=CARTESIAN_POINT('',(-0.0153977141203704,0.0490746527777778,-0.0263694786426315));
#8869=CARTESIAN_POINT('',(-0.0151630497685185,0.04903125,-0.0253694786426315));
#8870=CARTESIAN_POINT('',(-0.0151630497685185,0.04903125,-0.0263694786426315));
#8871=CARTESIAN_POINT('',(-0.0149813368055556,0.0489444444444444,-0.0253694786426315));
#8872=CARTESIAN_POINT('',(-0.0149813368055556,0.0489444444444444,-0.0263694786426315));
#8873=CARTESIAN_POINT('',(-0.0156853298611111,0.0490746527777778,-0.0253694786426315));
#8874=CARTESIAN_POINT('',(-0.0156853298611111,0.0490746527777778,-0.0253694786426315));
#8875=CARTESIAN_POINT('',(-0.0156853298611111,0.0490746527777778,-0.0253694786426315));
#8876=CARTESIAN_POINT('',(-0.01525390625,0.0490746527777778,-0.0253694786426315));
#8877=CARTESIAN_POINT('',(-0.0149813368055556,0.0489444444444444,-0.0253694786426315));
#8878=CARTESIAN_POINT('',(-0.0156793560300202,0.0469196246369764,-0.0253694786426315));
#8879=CARTESIAN_POINT('',(-0.0161627604166667,0.0490198487718323,-0.0253694786426315));
#8880=CARTESIAN_POINT('',(-0.0161627604166667,0.0490199652777778,-0.0253694786426315));
#8881=CARTESIAN_POINT('',(-0.0156793560300202,0.0469196246369764,-0.0253694786426315));
#8882=CARTESIAN_POINT('',(-0.0161627604166667,0.0493550347222222,-0.0253694786426315));
#8883=CARTESIAN_POINT('',(-0.0161627604166667,0.0496901041666667,-0.0253694786426315));
#8884=CARTESIAN_POINT('',(-0.0161627604166667,0.0496901041666667,-0.0253694786426315));
#8885=CARTESIAN_POINT('',(-0.0161627604166667,0.0493550347222222,-0.0253694786426315));
#8886=CARTESIAN_POINT('',(-0.0156315104166667,0.0497309027777778,-0.0253694786426315));
#8887=CARTESIAN_POINT('',(-0.0156315104166667,0.0497309027777778,-0.0263694786426315));
#8888=CARTESIAN_POINT('',(-0.0158572048611111,0.0497309027777778,-0.0253694786426315));
#8889=CARTESIAN_POINT('',(-0.0158572048611111,0.0497309027777778,-0.0263694786426315));
#8890=CARTESIAN_POINT('',(-0.0160342881944445,0.0497173032407408,-0.0253694786426315));
#8891=CARTESIAN_POINT('',(-0.0160342881944445,0.0497173032407408,-0.0263694786426315));
#8892=CARTESIAN_POINT('',(-0.0161627604166667,0.0496901041666667,-0.0253694786426315));
#8893=CARTESIAN_POINT('',(-0.0161627604166667,0.0496901041666667,-0.0263694786426315));
#8894=CARTESIAN_POINT('',(-0.0156315104166667,0.0497309027777778,-0.0253694786426315));
#8895=CARTESIAN_POINT('',(-0.0156315104166667,0.0497309027777778,-0.0253694786426315));
#8896=CARTESIAN_POINT('',(-0.0156315104166667,0.0497309027777778,-0.0253694786426315));
#8897=CARTESIAN_POINT('',(-0.0159700520833334,0.0497309027777778,-0.0253694786426315));
#8898=CARTESIAN_POINT('',(-0.0161627604166667,0.0496901041666667,-0.0253694786426315));
#8899=CARTESIAN_POINT('',(-0.014140625,0.0491558159722222,-0.0253694786426315));
#8900=CARTESIAN_POINT('',(-0.014140625,0.0491558159722222,-0.0263694786426315));
#8901=CARTESIAN_POINT('',(-0.0144725115740741,0.0495392071759259,-0.0253694786426315));
#8902=CARTESIAN_POINT('',(-0.0144725115740741,0.0495392071759259,-0.0263694786426315));
#8903=CARTESIAN_POINT('',(-0.0149694733796296,0.0497309027777778,-0.0253694786426315));
#8904=CARTESIAN_POINT('',(-0.0149694733796296,0.0497309027777778,-0.0263694786426315));
#8905=CARTESIAN_POINT('',(-0.0156315104166667,0.0497309027777778,-0.0253694786426315));
#8906=CARTESIAN_POINT('',(-0.0156315104166667,0.0497309027777778,-0.0263694786426315));
#8907=CARTESIAN_POINT('',(-0.014140625,0.0491558159722222,-0.0253694786426315));
#8908=CARTESIAN_POINT('',(-0.0146384548611111,0.0497309027777778,-0.0253694786426315));
#8909=CARTESIAN_POINT('',(-0.0156315104166667,0.0497309027777778,-0.0253694786426315));
#8910=CARTESIAN_POINT('',(-0.0154874131944445,0.0465147569444444,-0.0253694786426315));
#8911=CARTESIAN_POINT('',(-0.0154874131944445,0.0465147569444444,-0.0263694786426315));
#8912=CARTESIAN_POINT('',(-0.0155834780092592,0.0466351273148148,-0.0253694786426315));
#8913=CARTESIAN_POINT('',(-0.0155834780092592,0.0466351273148148,-0.0263694786426315));
#8914=CARTESIAN_POINT('',(-0.0156315104166667,0.0468064236111111,-0.0253694786426315));
#8915=CARTESIAN_POINT('',(-0.0156315104166667,0.0468064236111111,-0.0263694786426315));
#8916=CARTESIAN_POINT('',(-0.0156315104166667,0.0470286458333333,-0.0253694786426315));
#8917=CARTESIAN_POINT('',(-0.0156315104166667,0.0470286458333333,-0.0263694786426315));
#8918=CARTESIAN_POINT('',(-0.0154874131944445,0.0465147569444444,-0.0263694786426315));
#8919=CARTESIAN_POINT('',(-0.0156315104166667,0.0466953125,-0.0263694786426315));
#8920=CARTESIAN_POINT('',(-0.0156315104166667,0.0470286458333333,-0.0263694786426315));
#8921=CARTESIAN_POINT('',(-0.0154874131944445,0.0465147569444444,-0.0253694786426315));
#8922=CARTESIAN_POINT('',(-0.0156315104166667,0.0466953125,-0.0253694786426315));
#8923=CARTESIAN_POINT('',(-0.0156315104166667,0.0470286458333333,-0.0253694786426315));
#8924=CARTESIAN_POINT('',(-0.015125,0.04771875,-0.0253694786426315));
#8925=CARTESIAN_POINT('',(-0.015125,0.04521875,-0.0263694786426315));
#8926=CARTESIAN_POINT('',(-0.0242059940997951,0.0473463541666667,-0.0217394270470199));
#8927=CARTESIAN_POINT('',(-0.0236793468617238,0.04571875,-0.0222660742850912));
#8928=CARTESIAN_POINT('',(-0.0236793468617238,0.04571875,-0.0222660742850912));
#8929=CARTESIAN_POINT('',(-0.0242059940997951,0.0473463541666667,-0.0217394270470199));
#8930=CARTESIAN_POINT('',(-0.0247326413378663,0.0489739583333333,-0.0212127798089488));
#8931=CARTESIAN_POINT('',(-0.0247326413378663,0.0489739583333333,-0.0212127798089488));
#8932=CARTESIAN_POINT('',(-0.0239902405984174,0.04571875,-0.0219551805483977));
#8933=CARTESIAN_POINT('',(-0.0243011343351109,0.04571875,-0.021644286811704));
#8934=CARTESIAN_POINT('',(-0.0243011343351109,0.04571875,-0.021644286811704));
#8935=CARTESIAN_POINT('',(-0.0239902405984174,0.04571875,-0.0219551805483977));
#8936=CARTESIAN_POINT('',(-0.0248314644210008,0.0474357638888889,-0.0211139567258142));
#8937=CARTESIAN_POINT('',(-0.0253617945068907,0.0491527777777778,-0.0205836266399242));
#8938=CARTESIAN_POINT('',(-0.0253617945068907,0.0491527777777778,-0.0205836266399242));
#8939=CARTESIAN_POINT('',(-0.0248314644210008,0.0474357638888889,-0.0211139567258142));
#8940=CARTESIAN_POINT('',(-0.0253617945068907,0.0494162326388889,-0.0205836266399242));
#8941=CARTESIAN_POINT('',(-0.0253617945068907,0.0496796875,-0.0205836266399242));
#8942=CARTESIAN_POINT('',(-0.0253617945068907,0.0496796875,-0.0205836266399242));
#8943=CARTESIAN_POINT('',(-0.0253617945068907,0.0494162326388889,-0.0205836266399242));
#8944=CARTESIAN_POINT('',(-0.0243557632444214,0.0496796875,-0.0215896579023937));
#8945=CARTESIAN_POINT('',(-0.0233497319819519,0.0496796875,-0.022595689164863));
#8946=CARTESIAN_POINT('',(-0.0233497319819519,0.0496796875,-0.022595689164863));
#8947=CARTESIAN_POINT('',(-0.0243557632444214,0.0496796875,-0.0215896579023937));
#8948=CARTESIAN_POINT('',(-0.0233497319819519,0.0493268229166667,-0.022595689164863));
#8949=CARTESIAN_POINT('',(-0.0233497319819519,0.0489739583333333,-0.022595689164863));
#8950=CARTESIAN_POINT('',(-0.0233497319819519,0.0489739583333333,-0.022595689164863));
#8951=CARTESIAN_POINT('',(-0.0233497319819519,0.0493268229166667,-0.022595689164863));
#8952=CARTESIAN_POINT('',(-0.0240411866599091,0.0489739583333333,-0.0219042344869059));
#8953=CARTESIAN_POINT('',(-0.0240411866599091,0.0489739583333333,-0.0219042344869059));
#8954=CARTESIAN_POINT('',(-0.0244303409127496,0.04771875,-0.0215150802340654));
#8955=CARTESIAN_POINT('',(-0.0282770193617416,0.0491232638888889,-0.0119365647569325));
#8956=CARTESIAN_POINT('',(-0.0292770193617416,0.0491232638888889,-0.0119365647569325));
#8957=CARTESIAN_POINT('',(-0.0282770193617416,0.0491232638888889,-0.0120795045717473));
#8958=CARTESIAN_POINT('',(-0.0292770193617416,0.0491232638888889,-0.0120795045717473));
#8959=CARTESIAN_POINT('',(-0.0282770193617416,0.0490866608796296,-0.0121948112847103));
#8960=CARTESIAN_POINT('',(-0.0292770193617416,0.0490866608796296,-0.0121948112847103));
#8961=CARTESIAN_POINT('',(-0.0282770193617416,0.0490134548611111,-0.0122824848958214));
#8962=CARTESIAN_POINT('',(-0.0292770193617416,0.0490134548611111,-0.0122824848958214));
#8963=CARTESIAN_POINT('',(-0.0292770193617416,0.0491232638888889,-0.0119365647569325));
#8964=CARTESIAN_POINT('',(-0.0292770193617416,0.0491232638888889,-0.0121509744791547));
#8965=CARTESIAN_POINT('',(-0.0292770193617416,0.0490134548611111,-0.0122824848958214));
#8966=CARTESIAN_POINT('',(-0.0292770193617416,0.0491232638888889,-0.0119365647569325));
#8967=CARTESIAN_POINT('',(-0.0292770193617416,0.0490134548611111,-0.0122824848958214));
#8968=CARTESIAN_POINT('',(-0.0282770193617416,0.0491232638888889,-0.0119365647569325));
#8969=CARTESIAN_POINT('',(-0.0282770193617416,0.0491232638888889,-0.0119365647569325));
#8970=CARTESIAN_POINT('',(-0.0282770193617416,0.0491232638888889,-0.0119365647569325));
#8971=CARTESIAN_POINT('',(-0.0282770193617416,0.0491232638888889,-0.0121509744791547));
#8972=CARTESIAN_POINT('',(-0.0282770193617416,0.0490134548611111,-0.0122824848958214));
#8973=CARTESIAN_POINT('',(-0.0282770193617416,0.0490134548611111,-0.0122824848958214));
#8974=CARTESIAN_POINT('',(-0.0282770193617416,0.0490134548611111,-0.0122824848958214));
#8975=CARTESIAN_POINT('',(-0.0282770193617416,0.0490147569444444,-0.0115893425347103));
#8976=CARTESIAN_POINT('',(-0.0292770193617416,0.0490147569444444,-0.0115893425347103));
#8977=CARTESIAN_POINT('',(-0.0282770193617416,0.0490870949074074,-0.0116796203124881));
#8978=CARTESIAN_POINT('',(-0.0292770193617416,0.0490870949074074,-0.0116796203124881));
#8979=CARTESIAN_POINT('',(-0.0282770193617416,0.0491232638888889,-0.0117953610532288));
#8980=CARTESIAN_POINT('',(-0.0292770193617416,0.0491232638888889,-0.0117953610532288));
#8981=CARTESIAN_POINT('',(-0.0282770193617416,0.0491232638888889,-0.0119365647569325));
#8982=CARTESIAN_POINT('',(-0.0292770193617416,0.0491232638888889,-0.0119365647569325));
#8983=CARTESIAN_POINT('',(-0.0292770193617416,0.0490147569444444,-0.0115893425347103));
#8984=CARTESIAN_POINT('',(-0.0292770193617416,0.0491232638888889,-0.011724759201377));
#8985=CARTESIAN_POINT('',(-0.0292770193617416,0.0491232638888889,-0.0119365647569325));
#8986=CARTESIAN_POINT('',(-0.0292770193617416,0.0490147569444444,-0.0115893425347103));
#8987=CARTESIAN_POINT('',(-0.0282770193617416,0.0490147569444444,-0.0115893425347103));
#8988=CARTESIAN_POINT('',(-0.0282770193617416,0.0490147569444444,-0.0115893425347103));
#8989=CARTESIAN_POINT('',(-0.0282770193617416,0.0490147569444444,-0.0115893425347103));
#8990=CARTESIAN_POINT('',(-0.0282770193617416,0.0491232638888889,-0.011724759201377));
#8991=CARTESIAN_POINT('',(-0.0282770193617416,0.0491232638888889,-0.0119365647569325));
#8992=CARTESIAN_POINT('',(-0.0282770193617416,0.0487351963732638,-0.0118123669058151));
#8993=CARTESIAN_POINT('',(-0.0292770193617416,0.0487351963732638,-0.0118123669058151));
#8994=CARTESIAN_POINT('',(-0.0292770193617416,0.0487187862081184,-0.0114543894302041));
#8995=CARTESIAN_POINT('',(-0.0282770193617416,0.04871875,-0.0114539258680436));
#8996=CARTESIAN_POINT('',(-0.0282770193617416,0.0487187862081184,-0.0114543894302041));
#8997=CARTESIAN_POINT('',(-0.0282770193617416,0.0487351963732638,-0.0118123669058151));
#8998=CARTESIAN_POINT('',(-0.0282770193617416,0.0487118156977716,-0.0119179236497805));
#8999=CARTESIAN_POINT('',(-0.0292770193617416,0.0487118156977716,-0.0119179236497804));
#9000=CARTESIAN_POINT('',(-0.0292770193617416,0.0484175347222222,-0.0115593946180436));
#9001=CARTESIAN_POINT('',(-0.0282770193617416,0.0484175347222222,-0.0115593946180436));
#9002=CARTESIAN_POINT('',(-0.0282770193617416,0.0484175347222222,-0.0115593946180436));
#9003=CARTESIAN_POINT('',(-0.0282770193617416,0.0487118156977716,-0.0119179236497805));
#9004=CARTESIAN_POINT('',(-0.0282770193617416,0.0481631944444444,-0.0119313564235992));
#9005=CARTESIAN_POINT('',(-0.0292770193617416,0.0481631944444444,-0.0119313564235992));
#9006=CARTESIAN_POINT('',(-0.0282770193617416,0.0482459490740741,-0.0117536943865621));
#9007=CARTESIAN_POINT('',(-0.0292770193617416,0.0482459490740741,-0.0117536943865621));
#9008=CARTESIAN_POINT('',(-0.0282770193617416,0.0483307291666667,-0.0116297071180436));
#9009=CARTESIAN_POINT('',(-0.0292770193617416,0.0483307291666667,-0.0116297071180436));
#9010=CARTESIAN_POINT('',(-0.0282770193617416,0.0484175347222222,-0.0115593946180436));
#9011=CARTESIAN_POINT('',(-0.0292770193617416,0.0484175347222222,-0.0115593946180436));
#9012=CARTESIAN_POINT('',(-0.0292770193617416,0.0481631944444444,-0.0119313564235992));
#9013=CARTESIAN_POINT('',(-0.0292770193617416,0.0482873263888889,-0.0116648633680436));
#9014=CARTESIAN_POINT('',(-0.0292770193617416,0.0484175347222222,-0.0115593946180436));
#9015=CARTESIAN_POINT('',(-0.0292770193617416,0.0481631944444444,-0.0119313564235992));
#9016=CARTESIAN_POINT('',(-0.0282770193617416,0.0481631944444444,-0.0119313564235992));
#9017=CARTESIAN_POINT('',(-0.0282770193617416,0.0481631944444444,-0.0119313564235992));
#9018=CARTESIAN_POINT('',(-0.0282770193617416,0.0481631944444444,-0.0119313564235992));
#9019=CARTESIAN_POINT('',(-0.0282770193617416,0.0482873263888889,-0.0116648633680436));
#9020=CARTESIAN_POINT('',(-0.0282770193617416,0.0484175347222222,-0.0115593946180436));
#9021=CARTESIAN_POINT('',(-0.0282770193617416,0.0484275173611111,-0.0123093946180436));
#9022=CARTESIAN_POINT('',(-0.0292770193617416,0.0484275173611111,-0.0123093946180436));
#9023=CARTESIAN_POINT('',(-0.0282770193617416,0.0483415798611111,-0.0122396608217473));
#9024=CARTESIAN_POINT('',(-0.0292770193617416,0.0483415798611111,-0.0122396608217473));
#9025=CARTESIAN_POINT('',(-0.0282770193617416,0.0482534722222222,-0.0121136480902658));
#9026=CARTESIAN_POINT('',(-0.0292770193617416,0.0482534722222222,-0.0121136480902658));
#9027=CARTESIAN_POINT('',(-0.0282770193617416,0.0481631944444444,-0.0119313564235992));
#9028=CARTESIAN_POINT('',(-0.0292770193617416,0.0481631944444444,-0.0119313564235992));
#9029=CARTESIAN_POINT('',(-0.0292770193617416,0.0484275173611111,-0.0123093946180436));
#9030=CARTESIAN_POINT('',(-0.0292770193617416,0.0482986111111111,-0.0122047939235992));
#9031=CARTESIAN_POINT('',(-0.0292770193617416,0.0481631944444444,-0.0119313564235992));
#9032=CARTESIAN_POINT('',(-0.0292770193617416,0.0484275173611111,-0.0123093946180436));
#9033=CARTESIAN_POINT('',(-0.0282770193617416,0.0484275173611111,-0.0123093946180436));
#9034=CARTESIAN_POINT('',(-0.0282770193617416,0.0484275173611111,-0.0123093946180436));
#9035=CARTESIAN_POINT('',(-0.0282770193617416,0.0484275173611111,-0.0123093946180436));
#9036=CARTESIAN_POINT('',(-0.0282770193617416,0.0482986111111111,-0.0122047939235992));
#9037=CARTESIAN_POINT('',(-0.0282770193617416,0.0481631944444444,-0.0119313564235992));
#9038=CARTESIAN_POINT('',(-0.0282770193617416,0.0487160190254921,-0.0119648484990442));
#9039=CARTESIAN_POINT('',(-0.0292770193617416,0.0487160190254921,-0.0119648484990442));
#9040=CARTESIAN_POINT('',(-0.0292770193617416,0.04871875,-0.0124139953124881));
#9041=CARTESIAN_POINT('',(-0.0282770193617416,0.04871875,-0.0124139953124881));
#9042=CARTESIAN_POINT('',(-0.0282770193617416,0.04871875,-0.0124139953124881));
#9043=CARTESIAN_POINT('',(-0.0282770193617416,0.0487160190254921,-0.0119648484990442));
#9044=CARTESIAN_POINT('',(-0.0282770193617416,0.0467743055555556,-0.0125494119791547));
#9045=CARTESIAN_POINT('',(-0.0292770193617416,0.0467743055555556,-0.0125494119791547));
#9046=CARTESIAN_POINT('',(-0.0282770193617416,0.0466186342592593,-0.0125494119791547));
#9047=CARTESIAN_POINT('',(-0.0292770193617416,0.0466186342592593,-0.0125494119791547));
#9048=CARTESIAN_POINT('',(-0.0282770193617416,0.0464973958333333,-0.0124951585069325));
#9049=CARTESIAN_POINT('',(-0.0292770193617416,0.0464973958333333,-0.0124951585069325));
#9050=CARTESIAN_POINT('',(-0.0282770193617416,0.0464105902777778,-0.0123866515624881));
#9051=CARTESIAN_POINT('',(-0.0292770193617416,0.0464105902777778,-0.0123866515624881));
#9052=CARTESIAN_POINT('',(-0.0292770193617416,0.0467743055555556,-0.0125494119791547));
#9053=CARTESIAN_POINT('',(-0.0292770193617416,0.0465407986111111,-0.0125494119791547));
#9054=CARTESIAN_POINT('',(-0.0292770193617416,0.0464105902777778,-0.0123866515624881));
#9055=CARTESIAN_POINT('',(-0.0292770193617416,0.0467743055555556,-0.0125494119791547));
#9056=CARTESIAN_POINT('',(-0.0292770193617416,0.0464105902777778,-0.0123866515624881));
#9057=CARTESIAN_POINT('',(-0.0282770193617416,0.0467743055555556,-0.0125494119791547));
#9058=CARTESIAN_POINT('',(-0.0282770193617416,0.0467743055555556,-0.0125494119791547));
#9059=CARTESIAN_POINT('',(-0.0282770193617416,0.0467743055555556,-0.0125494119791547));
#9060=CARTESIAN_POINT('',(-0.0282770193617416,0.0465407986111111,-0.0125494119791547));
#9061=CARTESIAN_POINT('',(-0.0282770193617416,0.0464105902777778,-0.0123866515624881));
#9062=CARTESIAN_POINT('',(-0.0282770193617416,0.0464105902777778,-0.0123866515624881));
#9063=CARTESIAN_POINT('',(-0.0282770193617416,0.0464105902777778,-0.0123866515624881));
#9064=CARTESIAN_POINT('',(-0.0282770193617416,0.0474470486111111,-0.0119721550347103));
#9065=CARTESIAN_POINT('',(-0.0292770193617416,0.0474470486111111,-0.0119721550347103));
#9066=CARTESIAN_POINT('',(-0.0282770193617416,0.0472693865740741,-0.0123569929976733));
#9067=CARTESIAN_POINT('',(-0.0292770193617416,0.0472693865740741,-0.0123569929976733));
#9068=CARTESIAN_POINT('',(-0.0282770193617416,0.0470451388888889,-0.0125494119791547));
#9069=CARTESIAN_POINT('',(-0.0292770193617416,0.0470451388888889,-0.0125494119791547));
#9070=CARTESIAN_POINT('',(-0.0282770193617416,0.0467743055555556,-0.0125494119791547));
#9071=CARTESIAN_POINT('',(-0.0292770193617416,0.0467743055555556,-0.0125494119791547));
#9072=CARTESIAN_POINT('',(-0.0292770193617416,0.0474470486111111,-0.0119721550347103));
#9073=CARTESIAN_POINT('',(-0.0292770193617416,0.0471805555555556,-0.0125494119791547));
#9074=CARTESIAN_POINT('',(-0.0292770193617416,0.0467743055555556,-0.0125494119791547));
#9075=CARTESIAN_POINT('',(-0.0292770193617416,0.0474470486111111,-0.0119721550347103));
#9076=CARTESIAN_POINT('',(-0.0282770193617416,0.0474470486111111,-0.0119721550347103));
#9077=CARTESIAN_POINT('',(-0.0282770193617416,0.0474470486111111,-0.0119721550347103));
#9078=CARTESIAN_POINT('',(-0.0282770193617416,0.0474470486111111,-0.0119721550347103));
#9079=CARTESIAN_POINT('',(-0.0282770193617416,0.0471805555555556,-0.0125494119791547));
#9080=CARTESIAN_POINT('',(-0.0282770193617416,0.0467743055555556,-0.0125494119791547));
#9081=CARTESIAN_POINT('',(-0.0282770193617416,0.0471089409722222,-0.0114743251735992));
#9082=CARTESIAN_POINT('',(-0.0292770193617416,0.0471089409722222,-0.0114743251735992));
#9083=CARTESIAN_POINT('',(-0.0282770193617416,0.0472145543981481,-0.0115764663773029));
#9084=CARTESIAN_POINT('',(-0.0292770193617416,0.0472145543981481,-0.0115764663773029));
#9085=CARTESIAN_POINT('',(-0.0282770193617416,0.0473272569444444,-0.0117424096643399));
#9086=CARTESIAN_POINT('',(-0.0292770193617416,0.0473272569444444,-0.0117424096643399));
#9087=CARTESIAN_POINT('',(-0.0282770193617416,0.0474470486111111,-0.0119721550347103));
#9088=CARTESIAN_POINT('',(-0.0292770193617416,0.0474470486111111,-0.0119721550347103));
#9089=CARTESIAN_POINT('',(-0.0292770193617416,0.0471089409722222,-0.0114743251735992));
#9090=CARTESIAN_POINT('',(-0.0292770193617416,0.0472673611111111,-0.0116275369791547));
#9091=CARTESIAN_POINT('',(-0.0292770193617416,0.0474470486111111,-0.0119721550347103));
#9092=CARTESIAN_POINT('',(-0.0292770193617416,0.0471089409722222,-0.0114743251735992));
#9093=CARTESIAN_POINT('',(-0.0282770193617416,0.0471089409722222,-0.0114743251735992));
#9094=CARTESIAN_POINT('',(-0.0282770193617416,0.0471089409722222,-0.0114743251735992));
#9095=CARTESIAN_POINT('',(-0.0282770193617416,0.0471089409722222,-0.0114743251735992));
#9096=CARTESIAN_POINT('',(-0.0282770193617416,0.0472673611111111,-0.0116275369791547));
#9097=CARTESIAN_POINT('',(-0.0282770193617416,0.0474470486111111,-0.0119721550347103));
#9098=CARTESIAN_POINT('',(-0.0282770193617416,0.0467682291666667,-0.0113211133680436));
#9099=CARTESIAN_POINT('',(-0.0292770193617416,0.0467682291666667,-0.0113211133680436));
#9100=CARTESIAN_POINT('',(-0.0282770193617416,0.0468897569444444,-0.0113211133680436));
#9101=CARTESIAN_POINT('',(-0.0292770193617416,0.0468897569444444,-0.0113211133680436));
#9102=CARTESIAN_POINT('',(-0.0282770193617416,0.0470033275462963,-0.0113721839698955));
#9103=CARTESIAN_POINT('',(-0.0292770193617416,0.0470033275462963,-0.0113721839698955));
#9104=CARTESIAN_POINT('',(-0.0282770193617416,0.0471089409722222,-0.0114743251735992));
#9105=CARTESIAN_POINT('',(-0.0292770193617416,0.0471089409722222,-0.0114743251735992));
#9106=CARTESIAN_POINT('',(-0.0292770193617416,0.0467682291666667,-0.0113211133680436));
#9107=CARTESIAN_POINT('',(-0.0292770193617416,0.0469505208333333,-0.0113211133680436));
#9108=CARTESIAN_POINT('',(-0.0292770193617416,0.0471089409722222,-0.0114743251735992));
#9109=CARTESIAN_POINT('',(-0.0292770193617416,0.0467682291666667,-0.0113211133680436));
#9110=CARTESIAN_POINT('',(-0.0282770193617416,0.0467682291666667,-0.0113211133680436));
#9111=CARTESIAN_POINT('',(-0.0282770193617416,0.0467682291666667,-0.0113211133680436));
#9112=CARTESIAN_POINT('',(-0.0282770193617416,0.0467682291666667,-0.0113211133680436));
#9113=CARTESIAN_POINT('',(-0.0282770193617416,0.0469505208333333,-0.0113211133680436));
#9114=CARTESIAN_POINT('',(-0.0282770193617416,0.0471089409722222,-0.0114743251735992));
#9115=CARTESIAN_POINT('',(-0.0282770193617416,0.0467504424395338,-0.0117660544591037));
#9116=CARTESIAN_POINT('',(-0.0292770193617416,0.0467504424395338,-0.0117660544591037));
#9117=CARTESIAN_POINT('',(-0.0292770193617416,0.0464144965277778,-0.0114756272569325));
#9118=CARTESIAN_POINT('',(-0.0282770193617416,0.0464144965277778,-0.0114756272569325));
#9119=CARTESIAN_POINT('',(-0.0282770193617416,0.0464144965277778,-0.0114756272569325));
#9120=CARTESIAN_POINT('',(-0.0282770193617416,0.0467504424395338,-0.0117660544591037));
#9121=CARTESIAN_POINT('',(-0.0282770193617416,0.0462803819444444,-0.0119417730902658));
#9122=CARTESIAN_POINT('',(-0.0292770193617416,0.0462803819444444,-0.0119417730902658));
#9123=CARTESIAN_POINT('',(-0.0282770193617416,0.0462803819444444,-0.0117340184606362));
#9124=CARTESIAN_POINT('',(-0.0292770193617416,0.0462803819444444,-0.0117340184606362));
#9125=CARTESIAN_POINT('',(-0.0282770193617416,0.0463250868055555,-0.0115786365161918));
#9126=CARTESIAN_POINT('',(-0.0292770193617416,0.0463250868055555,-0.0115786365161918));
#9127=CARTESIAN_POINT('',(-0.0282770193617416,0.0464144965277778,-0.0114756272569325));
#9128=CARTESIAN_POINT('',(-0.0292770193617416,0.0464144965277778,-0.0114756272569325));
#9129=CARTESIAN_POINT('',(-0.0292770193617416,0.0462803819444444,-0.0119417730902658));
#9130=CARTESIAN_POINT('',(-0.0292770193617416,0.0462803819444444,-0.0116301411458214));
#9131=CARTESIAN_POINT('',(-0.0292770193617416,0.0464144965277778,-0.0114756272569325));
#9132=CARTESIAN_POINT('',(-0.0292770193617416,0.0462803819444444,-0.0119417730902658));
#9133=CARTESIAN_POINT('',(-0.0282770193617416,0.0462803819444444,-0.0119417730902658));
#9134=CARTESIAN_POINT('',(-0.0282770193617416,0.0462803819444444,-0.0119417730902658));
#9135=CARTESIAN_POINT('',(-0.0282770193617416,0.0462803819444444,-0.0119417730902658));
#9136=CARTESIAN_POINT('',(-0.0282770193617416,0.0462803819444444,-0.0116301411458214));
#9137=CARTESIAN_POINT('',(-0.0282770193617416,0.0464144965277778,-0.0114756272569325));
#9138=CARTESIAN_POINT('',(-0.0282770193617416,0.0497361111111111,-0.0119313564235992));
#9139=CARTESIAN_POINT('',(-0.0292770193617416,0.0497361111111111,-0.0119313564235992));
#9140=CARTESIAN_POINT('',(-0.0282770193617416,0.0497361111111111,-0.0115511480902658));
#9141=CARTESIAN_POINT('',(-0.0292770193617416,0.0497361111111111,-0.0115511480902658));
#9142=CARTESIAN_POINT('',(-0.0282770193617416,0.0496497395833333,-0.0112448691550807));
#9143=CARTESIAN_POINT('',(-0.0292770193617416,0.0496497395833333,-0.0112448691550807));
#9144=CARTESIAN_POINT('',(-0.0282770193617416,0.0494769965277778,-0.0110125196180436));
#9145=CARTESIAN_POINT('',(-0.0292770193617416,0.0494769965277778,-0.0110125196180436));
#9146=CARTESIAN_POINT('',(-0.0282770193617416,0.0497361111111111,-0.0119313564235992));
#9147=CARTESIAN_POINT('',(-0.0282770193617416,0.0497361111111111,-0.0119313564235992));
#9148=CARTESIAN_POINT('',(-0.0282770193617416,0.0497361111111111,-0.0119313564235992));
#9149=CARTESIAN_POINT('',(-0.0282770193617416,0.0497361111111111,-0.0113610439235992));
#9150=CARTESIAN_POINT('',(-0.0282770193617416,0.0494769965277778,-0.0110125196180436));
#9151=CARTESIAN_POINT('',(-0.0282770193617416,0.0494769965277778,-0.0110125196180436));
#9152=CARTESIAN_POINT('',(-0.0282770193617416,0.0494769965277778,-0.0110125196180436));
#9153=CARTESIAN_POINT('',(-0.0282770193617417,0.0494730902777778,-0.0128506272569325));
#9154=CARTESIAN_POINT('',(-0.0292770193617416,0.0494730902777778,-0.0128506272569325));
#9155=CARTESIAN_POINT('',(-0.0282770193617416,0.0496484375,-0.0126156735532288));
#9156=CARTESIAN_POINT('',(-0.0292770193617416,0.0496484375,-0.0126156735532288));
#9157=CARTESIAN_POINT('',(-0.0282770193617416,0.0497361111111111,-0.0123092499421177));
#9158=CARTESIAN_POINT('',(-0.0292770193617416,0.0497361111111111,-0.0123092499421177));
#9159=CARTESIAN_POINT('',(-0.0282770193617416,0.0497361111111111,-0.0119313564235992));
#9160=CARTESIAN_POINT('',(-0.0292770193617416,0.0497361111111111,-0.0119313564235992));
#9161=CARTESIAN_POINT('',(-0.0282770193617417,0.0494730902777778,-0.0128506272569325));
#9162=CARTESIAN_POINT('',(-0.0282770193617417,0.0494730902777778,-0.0128506272569325));
#9163=CARTESIAN_POINT('',(-0.0282770193617417,0.0494730902777778,-0.0128506272569325));
#9164=CARTESIAN_POINT('',(-0.0282770193617416,0.0497361111111111,-0.012498196701377));
#9165=CARTESIAN_POINT('',(-0.0282770193617416,0.0497361111111111,-0.0119313564235992));
#9166=CARTESIAN_POINT('',(-0.0282770193617417,0.0487838541666667,-0.0132030578124881));
#9167=CARTESIAN_POINT('',(-0.0292770193617416,0.0487838541666667,-0.0132030578124881));
#9168=CARTESIAN_POINT('',(-0.0282770193617417,0.0490679976851852,-0.0132030578124881));
#9169=CARTESIAN_POINT('',(-0.0292770193617416,0.0490679976851852,-0.0132030578124881));
#9170=CARTESIAN_POINT('',(-0.0282770193617417,0.0492977430555555,-0.0130855809606362));
#9171=CARTESIAN_POINT('',(-0.0292770193617416,0.0492977430555555,-0.0130855809606362));
#9172=CARTESIAN_POINT('',(-0.0282770193617417,0.0494730902777778,-0.0128506272569325));
#9173=CARTESIAN_POINT('',(-0.0292770193617416,0.0494730902777778,-0.0128506272569325));
#9174=CARTESIAN_POINT('',(-0.0282770193617417,0.0487838541666667,-0.0132030578124881));
#9175=CARTESIAN_POINT('',(-0.0282770193617417,0.0487838541666667,-0.0132030578124881));
#9176=CARTESIAN_POINT('',(-0.0282770193617417,0.0487838541666667,-0.0132030578124881));
#9177=CARTESIAN_POINT('',(-0.0282770193617417,0.0492100694444444,-0.0132030578124881));
#9178=CARTESIAN_POINT('',(-0.0282770193617417,0.0494730902777778,-0.0128506272569325));
#9179=CARTESIAN_POINT('',(-0.0282770193617417,0.0487761186066468,-0.0121963801673428));
#9180=CARTESIAN_POINT('',(-0.0282770193617417,0.0482495659722222,-0.0130541862847103));
#9181=CARTESIAN_POINT('',(-0.0282770193617417,0.0482495659722222,-0.0130541862847103));
#9182=CARTESIAN_POINT('',(-0.0282770193617416,0.0487761186066468,-0.0121963801673428));
#9183=CARTESIAN_POINT('',(-0.0282770193617416,0.0477916666666667,-0.0125659050347103));
#9184=CARTESIAN_POINT('',(-0.0292770193617416,0.0477916666666667,-0.0125659050347103));
#9185=CARTESIAN_POINT('',(-0.0282770193617416,0.0479340277777778,-0.0127921781828584));
#9186=CARTESIAN_POINT('',(-0.0292770193617416,0.0479340277777778,-0.0127921781828584));
#9187=CARTESIAN_POINT('',(-0.0282770193617417,0.0480866608796296,-0.0129549385995251));
#9188=CARTESIAN_POINT('',(-0.0292770193617416,0.0480866608796296,-0.0129549385995251));
#9189=CARTESIAN_POINT('',(-0.0282770193617417,0.0482495659722222,-0.0130541862847103));
#9190=CARTESIAN_POINT('',(-0.0292770193617416,0.0482495659722222,-0.0130541862847103));
#9191=CARTESIAN_POINT('',(-0.0282770193617416,0.0477916666666667,-0.0125659050347103));
#9192=CARTESIAN_POINT('',(-0.0282770193617416,0.0477916666666667,-0.0125659050347103));
#9193=CARTESIAN_POINT('',(-0.0282770193617416,0.0477916666666667,-0.0125659050347103));
#9194=CARTESIAN_POINT('',(-0.0282770193617417,0.0480052083333333,-0.0129053147569325));
#9195=CARTESIAN_POINT('',(-0.0282770193617417,0.0482495659722222,-0.0130541862847103));
#9196=CARTESIAN_POINT('',(-0.0282770193617417,0.0473272569444444,-0.0131448980902658));
#9197=CARTESIAN_POINT('',(-0.0292770193617416,0.0473272569444444,-0.0131448980902658));
#9198=CARTESIAN_POINT('',(-0.0282770193617417,0.0475026041666667,-0.0130245277198955));
#9199=CARTESIAN_POINT('',(-0.0292770193617416,0.0475026041666667,-0.0130245277198955));
#9200=CARTESIAN_POINT('',(-0.0282770193617416,0.0476574074074074,-0.0128315300347103));
#9201=CARTESIAN_POINT('',(-0.0292770193617416,0.0476574074074074,-0.0128315300347103));
#9202=CARTESIAN_POINT('',(-0.0282770193617416,0.0477916666666667,-0.0125659050347103));
#9203=CARTESIAN_POINT('',(-0.0292770193617416,0.0477916666666667,-0.0125659050347103));
#9204=CARTESIAN_POINT('',(-0.0282770193617417,0.0473272569444444,-0.0131448980902658));
#9205=CARTESIAN_POINT('',(-0.0282770193617417,0.0473272569444444,-0.0131448980902658));
#9206=CARTESIAN_POINT('',(-0.0282770193617417,0.0473272569444444,-0.0131448980902658));
#9207=CARTESIAN_POINT('',(-0.0282770193617417,0.0475902777777778,-0.0129643425347103));
#9208=CARTESIAN_POINT('',(-0.0282770193617416,0.0477916666666667,-0.0125659050347103));
#9209=CARTESIAN_POINT('',(-0.0282770193617417,0.0467437916865501,-0.0122871361103213));
#9210=CARTESIAN_POINT('',(-0.0282770193617417,0.0467248263888889,-0.0133254536458214));
#9211=CARTESIAN_POINT('',(-0.0282770193617417,0.0467248263888889,-0.0133254536458214));
#9212=CARTESIAN_POINT('',(-0.0282770193617416,0.0467437916865501,-0.0122871361103213));
#9213=CARTESIAN_POINT('',(-0.0282770193617417,0.0459409722222222,-0.0129539258680436));
#9214=CARTESIAN_POINT('',(-0.0292770193617416,0.0459409722222222,-0.0129539258680436));
#9215=CARTESIAN_POINT('',(-0.0282770193617417,0.0461255787037037,-0.0132016110532288));
#9216=CARTESIAN_POINT('',(-0.0292770193617416,0.0461255787037037,-0.0132016110532288));
#9217=CARTESIAN_POINT('',(-0.0282770193617417,0.0463868634259259,-0.0133254536458214));
#9218=CARTESIAN_POINT('',(-0.0292770193617416,0.0463868634259259,-0.0133254536458214));
#9219=CARTESIAN_POINT('',(-0.0282770193617417,0.0467248263888889,-0.0133254536458214));
#9220=CARTESIAN_POINT('',(-0.0292770193617416,0.0467248263888889,-0.0133254536458214));
#9221=CARTESIAN_POINT('',(-0.0282770193617417,0.0459409722222222,-0.0129539258680436));
#9222=CARTESIAN_POINT('',(-0.0282770193617417,0.0459409722222222,-0.0129539258680436));
#9223=CARTESIAN_POINT('',(-0.0282770193617417,0.0459409722222222,-0.0129539258680436));
#9224=CARTESIAN_POINT('',(-0.0282770193617417,0.0462178819444444,-0.0133254536458214));
#9225=CARTESIAN_POINT('',(-0.0282770193617417,0.0467248263888889,-0.0133254536458214));
#9226=CARTESIAN_POINT('',(-0.0282770193617416,0.0456640625,-0.0119313564235992));
#9227=CARTESIAN_POINT('',(-0.0292770193617416,0.0456640625,-0.0119313564235992));
#9228=CARTESIAN_POINT('',(-0.0282770193617416,0.0456640625,-0.012365384201377));
#9229=CARTESIAN_POINT('',(-0.0292770193617416,0.0456640625,-0.0123653842013769));
#9230=CARTESIAN_POINT('',(-0.0282770193617416,0.0457563657407407,-0.0127062406828584));
#9231=CARTESIAN_POINT('',(-0.0292770193617416,0.0457563657407407,-0.0127062406828584));
#9232=CARTESIAN_POINT('',(-0.0282770193617417,0.0459409722222222,-0.0129539258680436));
#9233=CARTESIAN_POINT('',(-0.0292770193617416,0.0459409722222222,-0.0129539258680436));
#9234=CARTESIAN_POINT('',(-0.0282770193617416,0.0456640625,-0.0119313564235992));
#9235=CARTESIAN_POINT('',(-0.0282770193617416,0.0456640625,-0.0119313564235992));
#9236=CARTESIAN_POINT('',(-0.0282770193617416,0.0456640625,-0.0119313564235992));
#9237=CARTESIAN_POINT('',(-0.0282770193617416,0.0456640625,-0.0125823980902658));
#9238=CARTESIAN_POINT('',(-0.0282770193617417,0.0459409722222222,-0.0129539258680436));
#9239=CARTESIAN_POINT('',(-0.0282770193617416,0.0459613715277778,-0.0109248460069325));
#9240=CARTESIAN_POINT('',(-0.0292770193617416,0.0459613715277778,-0.0109248460069325));
#9241=CARTESIAN_POINT('',(-0.0282770193617416,0.0457631655092593,-0.011179764988414));
#9242=CARTESIAN_POINT('',(-0.0292770193617416,0.0457631655092593,-0.011179764988414));
#9243=CARTESIAN_POINT('',(-0.0282770193617416,0.0456640625,-0.0115152684606362));
#9244=CARTESIAN_POINT('',(-0.0292770193617416,0.0456640625,-0.0115152684606362));
#9245=CARTESIAN_POINT('',(-0.0282770193617416,0.0456640625,-0.0119313564235992));
#9246=CARTESIAN_POINT('',(-0.0292770193617416,0.0456640625,-0.0119313564235992));
#9247=CARTESIAN_POINT('',(-0.0282770193617416,0.0459613715277778,-0.0109248460069325));
#9248=CARTESIAN_POINT('',(-0.0282770193617416,0.0459613715277778,-0.0109248460069325));
#9249=CARTESIAN_POINT('',(-0.0282770193617416,0.0459613715277778,-0.0109248460069325));
#9250=CARTESIAN_POINT('',(-0.0282770193617416,0.0456640625,-0.0113072244791547));
#9251=CARTESIAN_POINT('',(-0.0282770193617416,0.0456640625,-0.0119313564235992));
#9252=CARTESIAN_POINT('',(-0.0282770193617416,0.0467465277777778,-0.0105424675347103));
#9253=CARTESIAN_POINT('',(-0.0292770193617416,0.0467465277777778,-0.0105424675347103));
#9254=CARTESIAN_POINT('',(-0.0282770193617416,0.0464212962962963,-0.0105424675347103));
#9255=CARTESIAN_POINT('',(-0.0292770193617416,0.0464212962962963,-0.0105424675347103));
#9256=CARTESIAN_POINT('',(-0.0282770193617416,0.0461595775462963,-0.010669927025451));
#9257=CARTESIAN_POINT('',(-0.0292770193617416,0.0461595775462963,-0.010669927025451));
#9258=CARTESIAN_POINT('',(-0.0282770193617416,0.0459613715277778,-0.0109248460069325));
#9259=CARTESIAN_POINT('',(-0.0292770193617416,0.0459613715277778,-0.0109248460069325));
#9260=CARTESIAN_POINT('',(-0.0282770193617416,0.0467465277777778,-0.0105424675347103));
#9261=CARTESIAN_POINT('',(-0.0282770193617416,0.0467465277777778,-0.0105424675347103));
#9262=CARTESIAN_POINT('',(-0.0282770193617416,0.0467465277777778,-0.0105424675347103));
#9263=CARTESIAN_POINT('',(-0.0282770193617416,0.0462586805555556,-0.0105424675347103));
#9264=CARTESIAN_POINT('',(-0.0282770193617416,0.0459613715277778,-0.0109248460069325));
#9265=CARTESIAN_POINT('',(-0.0282770193617416,0.0467468182694865,-0.0114692199341204));
#9266=CARTESIAN_POINT('',(-0.0282770193617416,0.0473155381944444,-0.010736477951377));
#9267=CARTESIAN_POINT('',(-0.0282770193617416,0.0473155381944444,-0.010736477951377));
#9268=CARTESIAN_POINT('',(-0.0282770193617416,0.0467468182694865,-0.0114692199341204));
#9269=CARTESIAN_POINT('',(-0.0282770193617416,0.0478133680555556,-0.0113749328124881));
#9270=CARTESIAN_POINT('',(-0.0292770193617416,0.0478133680555556,-0.0113749328124881));
#9271=CARTESIAN_POINT('',(-0.0282770193617416,0.0476542245370371,-0.0110786365161918));
#9272=CARTESIAN_POINT('',(-0.0292770193617416,0.0476542245370371,-0.0110786365161918));
#9273=CARTESIAN_POINT('',(-0.0282770193617416,0.04748828125,-0.0108658182291547));
#9274=CARTESIAN_POINT('',(-0.0292770193617416,0.04748828125,-0.0108658182291547));
#9275=CARTESIAN_POINT('',(-0.0282770193617416,0.0473155381944444,-0.010736477951377));
#9276=CARTESIAN_POINT('',(-0.0292770193617416,0.0473155381944444,-0.010736477951377));
#9277=CARTESIAN_POINT('',(-0.0282770193617416,0.0478133680555556,-0.0113749328124881));
#9278=CARTESIAN_POINT('',(-0.0282770193617416,0.0478133680555556,-0.0113749328124881));
#9279=CARTESIAN_POINT('',(-0.0282770193617416,0.0478133680555556,-0.0113749328124881));
#9280=CARTESIAN_POINT('',(-0.0282770193617416,0.0475746527777778,-0.0109304883680436));
#9281=CARTESIAN_POINT('',(-0.0282770193617416,0.0473155381944444,-0.010736477951377));
#9282=CARTESIAN_POINT('',(-0.0282770193617416,0.0482374131944444,-0.0108323980902658));
#9283=CARTESIAN_POINT('',(-0.0292770193617416,0.0482374131944444,-0.0108323980902658));
#9284=CARTESIAN_POINT('',(-0.0282770193617416,0.0480791377314815,-0.0109446666087844));
#9285=CARTESIAN_POINT('',(-0.0292770193617416,0.0480791377314815,-0.0109446666087844));
#9286=CARTESIAN_POINT('',(-0.0282770193617416,0.0479377893518519,-0.0111255115161918));
#9287=CARTESIAN_POINT('',(-0.0292770193617416,0.0479377893518519,-0.0111255115161918));
#9288=CARTESIAN_POINT('',(-0.0282770193617416,0.0478133680555556,-0.0113749328124881));
#9289=CARTESIAN_POINT('',(-0.0292770193617416,0.0478133680555556,-0.0113749328124881));
#9290=CARTESIAN_POINT('',(-0.0282770193617416,0.0482374131944444,-0.0108323980902658));
#9291=CARTESIAN_POINT('',(-0.0282770193617416,0.0482374131944444,-0.0108323980902658));
#9292=CARTESIAN_POINT('',(-0.0282770193617416,0.0482374131944444,-0.0108323980902658));
#9293=CARTESIAN_POINT('',(-0.0282770193617416,0.048,-0.0110008008680436));
#9294=CARTESIAN_POINT('',(-0.0282770193617416,0.0478133680555556,-0.0113749328124881));
#9295=CARTESIAN_POINT('',(-0.0282770193617416,0.0487642509632403,-0.0115754887370853));
#9296=CARTESIAN_POINT('',(-0.0282770193617416,0.0487786458333333,-0.0106639953124881));
#9297=CARTESIAN_POINT('',(-0.0282770193617416,0.0487786458333333,-0.0106639953124881));
#9298=CARTESIAN_POINT('',(-0.0282770193617416,0.0487642509632403,-0.0115754887370853));
#9299=CARTESIAN_POINT('',(-0.0282770193617416,0.0464105902777778,-0.0123866515624881));
#9300=CARTESIAN_POINT('',(-0.0292770193617416,0.0464105902777778,-0.0123866515624881));
#9301=CARTESIAN_POINT('',(-0.0282770193617416,0.0463237847222222,-0.0122781446180436));
#9302=CARTESIAN_POINT('',(-0.0292770193617416,0.0463237847222222,-0.0122781446180436));
#9303=CARTESIAN_POINT('',(-0.0282770193617416,0.0462803819444444,-0.0121298517939695));
#9304=CARTESIAN_POINT('',(-0.0292770193617416,0.0462803819444444,-0.0121298517939695));
#9305=CARTESIAN_POINT('',(-0.0282770193617416,0.0462803819444444,-0.0119417730902658));
#9306=CARTESIAN_POINT('',(-0.0292770193617416,0.0462803819444444,-0.0119417730902658));
#9307=CARTESIAN_POINT('',(-0.0292770193617416,0.0464105902777778,-0.0123866515624881));
#9308=CARTESIAN_POINT('',(-0.0292770193617416,0.0462803819444444,-0.0122238911458214));
#9309=CARTESIAN_POINT('',(-0.0292770193617416,0.0462803819444444,-0.0119417730902658));
#9310=CARTESIAN_POINT('',(-0.0282770193617416,0.0464105902777778,-0.0123866515624881));
#9311=CARTESIAN_POINT('',(-0.0282770193617416,0.0462803819444444,-0.0122238911458214));
#9312=CARTESIAN_POINT('',(-0.0282770193617416,0.0462803819444444,-0.0119417730902658));
#9313=CARTESIAN_POINT('',(-0.0282770193617416,0.0494769965277778,-0.0110125196180436));
#9314=CARTESIAN_POINT('',(-0.0292770193617416,0.0494769965277778,-0.0110125196180436));
#9315=CARTESIAN_POINT('',(-0.0282770193617416,0.0493042534722222,-0.0107801700810066));
#9316=CARTESIAN_POINT('',(-0.0292770193617416,0.0493042534722222,-0.0107801700810066));
#9317=CARTESIAN_POINT('',(-0.0282770193617416,0.0490714699074074,-0.0106639953124881));
#9318=CARTESIAN_POINT('',(-0.0292770193617416,0.0490714699074074,-0.0106639953124881));
#9319=CARTESIAN_POINT('',(-0.0282770193617416,0.0487786458333333,-0.0106639953124881));
#9320=CARTESIAN_POINT('',(-0.0292770193617416,0.0487786458333333,-0.0106639953124881));
#9321=CARTESIAN_POINT('',(-0.0282770193617416,0.0494769965277778,-0.0110125196180436));
#9322=CARTESIAN_POINT('',(-0.0282770193617416,0.0492178819444444,-0.0106639953124881));
#9323=CARTESIAN_POINT('',(-0.0282770193617416,0.0487786458333333,-0.0106639953124881));
#9324=CARTESIAN_POINT('',(-0.0282770193617416,0.0490134548611111,-0.0122824848958214));
#9325=CARTESIAN_POINT('',(-0.0292770193617416,0.0490134548611111,-0.0122824848958214));
#9326=CARTESIAN_POINT('',(-0.0282770193617416,0.0489402488425926,-0.0123701585069325));
#9327=CARTESIAN_POINT('',(-0.0292770193617416,0.0489402488425926,-0.0123701585069325));
#9328=CARTESIAN_POINT('',(-0.0282770193617416,0.0488420138888889,-0.0124139953124881));
#9329=CARTESIAN_POINT('',(-0.0292770193617416,0.0488420138888889,-0.0124139953124881));
#9330=CARTESIAN_POINT('',(-0.0282770193617416,0.04871875,-0.0124139953124881));
#9331=CARTESIAN_POINT('',(-0.0292770193617416,0.04871875,-0.0124139953124881));
#9332=CARTESIAN_POINT('',(-0.0292770193617416,0.0490134548611111,-0.0122824848958214));
#9333=CARTESIAN_POINT('',(-0.0292770193617416,0.0489036458333333,-0.0124139953124881));
#9334=CARTESIAN_POINT('',(-0.0292770193617416,0.04871875,-0.0124139953124881));
#9335=CARTESIAN_POINT('',(-0.0282770193617416,0.0490134548611111,-0.0122824848958214));
#9336=CARTESIAN_POINT('',(-0.0282770193617416,0.0489036458333333,-0.0124139953124881));
#9337=CARTESIAN_POINT('',(-0.0282770193617416,0.04871875,-0.0124139953124881));
#9338=CARTESIAN_POINT('',(-0.0282770193617416,0.04771875,-0.0118514953124881));
#9339=CARTESIAN_POINT('',(-0.0292770193617416,0.04521875,-0.0118514953124881));
#9340=CARTESIAN_POINT('',(-0.0292770193617416,0.04521875,-0.0118514953124881));
#9341=CARTESIAN_POINT('',(-0.0187555901832894,0.04421875,-0.00293041036920263));
#9342=CARTESIAN_POINT('',(-0.0208769105268491,0.04421875,-0.000809090025643003));
#9343=CARTESIAN_POINT('',(-0.0232956089277625,0.04421875,-0.00322778842655646));
#9344=CARTESIAN_POINT('',(-0.0257143073286759,0.04421875,-0.00564648682746991));
#9345=CARTESIAN_POINT('',(-0.0235929869851163,0.04421875,-0.00776780717102954));
#9346=CARTESIAN_POINT('',(-0.00622938781108311,0.04421875,-0.0162679547084057));
#9347=CARTESIAN_POINT('',(-0.00410806746752347,0.04421875,-0.0183892750519654));
#9348=CARTESIAN_POINT('',(-0.00652676586843692,0.04421875,-0.0208079734528788));
#9349=CARTESIAN_POINT('',(-0.00894546426935038,0.04421875,-0.0232266718537923));
#9350=CARTESIAN_POINT('',(-0.01106678461291,0.04421875,-0.0211053515102326));
#9351=MECHANICAL_DESIGN_GEOMETRIC_PRESENTATION_REPRESENTATION('',(#5346),
#9352);
#9352=(
GEOMETRIC_REPRESENTATION_CONTEXT(3)
GLOBAL_UNCERTAINTY_ASSIGNED_CONTEXT((#9353))
GLOBAL_UNIT_ASSIGNED_CONTEXT((#9356,#9355,#9354))
REPRESENTATION_CONTEXT('Top Bit','TOP_LEVEL_ASSEMBLY_PART')
);
#9353=UNCERTAINTY_MEASURE_WITH_UNIT(LENGTH_MEASURE(2.E-5),#9356,
'DISTANCE_ACCURACY_VALUE','Maximum Tolerance applied to model');
#9354=(
NAMED_UNIT(*)
SI_UNIT($,.STERADIAN.)
SOLID_ANGLE_UNIT()
);
#9355=(
NAMED_UNIT(*)
PLANE_ANGLE_UNIT()
SI_UNIT($,.RADIAN.)
);
#9356=(
LENGTH_UNIT()
NAMED_UNIT(*)
SI_UNIT($,.METRE.)
);
#9357=PRODUCT_DEFINITION_SHAPE('','',#9358);
#9358=PRODUCT_DEFINITION('','',#9360,#9359);
#9359=PRODUCT_DEFINITION_CONTEXT('',#9366,'design');
#9360=PRODUCT_DEFINITION_FORMATION_WITH_SPECIFIED_SOURCE('','',#9362,
 .NOT_KNOWN.);
#9361=PRODUCT_RELATED_PRODUCT_CATEGORY('','',(#9362));
#9362=PRODUCT('Top Bit','Top Bit','Top Bit',(#9364));
#9363=PRODUCT_CATEGORY('','');
#9364=PRODUCT_CONTEXT('',#9366,'mechanical');
#9365=APPLICATION_PROTOCOL_DEFINITION('international standard',
'ap242_managed_model_based_3d_engineering',2020,#9366);
#9366=APPLICATION_CONTEXT('managed model based 3d engineering');
ENDSEC;
END-ISO-10303-21;
