ISO-10303-21;
HEADER;
/* Generated by software containing ST-Developer
 * from STEP Tools, Inc. (www.steptools.com) 
 */
/* OPTION: using custom renumber hook */

FILE_DESCRIPTION(
/* description */ ('STEP AP242 Edition 2',
'CAx-IF Rec.Pracs.---Representation and Presentation of Product Manufa
cturing Information (PMI)---4.0---2014-10-13',
'CAx-IF Rec.Pracs.---3D Tessellated Geometry---0.4---2014-09-14','2;1',
'CAx-IF Rec.Pracs.---User Defined Attributes---1.5---2016-08-15'),
/* implementation_level */ '2;1');

FILE_NAME(
/* name */ 'Flex mount - Mast',
/* time_stamp */ '2026-06-11T15:06:46Z',
/* author */ (''),
/* organization */ (''),
/* preprocessor_version */ 'ST-DEVELOPER v20',
/* originating_system */ 'ONSHAPE BY PTC INC, 1.216',
/* authorisation */ '  ');

FILE_SCHEMA (('AP242_MANAGED_MODEL_BASED_3D_ENGINEERING_MIM_LF { 1 0 10303 442 3 1 4 }'));
ENDSEC;

DATA;
#10=SHAPE_REPRESENTATION_RELATIONSHIP('','',#6152,#11);
#11=ADVANCED_BREP_SHAPE_REPRESENTATION('',(#6150),#11522);
#12=(
BOUNDED_SURFACE()
B_SPLINE_SURFACE(3,2,((#9856,#9857,#9858),(#9859,#9860,#9861),(#9862,#9863,
#9864),(#9865,#9866,#9867)),.UNSPECIFIED.,.F.,.F.,.F.)
B_SPLINE_SURFACE_WITH_KNOTS((4,4),(3,3),(0.00919387162671931,0.0121110355957782),
(0.,1.),.PIECEWISE_BEZIER_KNOTS.)
GEOMETRIC_REPRESENTATION_ITEM()
RATIONAL_B_SPLINE_SURFACE(((1.,0.678369490736379,1.),(1.,0.673308366328283,
1.),(1.,0.668193173448227,1.),(1.,0.663033810585758,1.)))
REPRESENTATION_ITEM('')
SURFACE()
);
#13=(
BOUNDED_SURFACE()
B_SPLINE_SURFACE(3,2,((#9873,#9874,#9875),(#9876,#9877,#9878),(#9879,#9880,
#9881),(#9882,#9883,#9884)),.UNSPECIFIED.,.F.,.F.,.F.)
B_SPLINE_SURFACE_WITH_KNOTS((4,4),(3,3),(0.0233306443128709,0.0274182271483645),
(0.,1.),.PIECEWISE_BEZIER_KNOTS.)
GEOMETRIC_REPRESENTATION_ITEM()
RATIONAL_B_SPLINE_SURFACE(((1.,0.691644370891544,1.),(1.,0.680740922881292,
1.),(1.,0.66959334896933,1.),(1.,0.658312824565891,1.)))
REPRESENTATION_ITEM('')
SURFACE()
);
#14=(
BOUNDED_SURFACE()
B_SPLINE_SURFACE(3,2,((#9890,#9891,#9892),(#9893,#9894,#9895),(#9896,#9897,
#9898),(#9899,#9900,#9901)),.UNSPECIFIED.,.F.,.F.,.F.)
B_SPLINE_SURFACE_WITH_KNOTS((4,4),(3,3),(0.0233306443086444,0.0274182271426799),
(0.,1.),.PIECEWISE_BEZIER_KNOTS.)
GEOMETRIC_REPRESENTATION_ITEM()
RATIONAL_B_SPLINE_SURFACE(((1.,0.691644370891654,1.),(1.,0.680740922881508,
1.),(1.,0.66959334896907,1.),(1.,0.658312824565893,1.)))
REPRESENTATION_ITEM('')
SURFACE()
);
#15=(
BOUNDED_SURFACE()
B_SPLINE_SURFACE(3,2,((#9907,#9908,#9909),(#9910,#9911,#9912),(#9913,#9914,
#9915),(#9916,#9917,#9918)),.UNSPECIFIED.,.F.,.F.,.F.)
B_SPLINE_SURFACE_WITH_KNOTS((4,4),(3,3),(0.00919289017819874,0.0121110414597754),
(0.,1.),.PIECEWISE_BEZIER_KNOTS.)
GEOMETRIC_REPRESENTATION_ITEM()
RATIONAL_B_SPLINE_SURFACE(((1.,0.678374599033401,1.),(1.,0.673311798038745,
1.),(1.,0.668194888742624,1.),(1.,0.663033779527381,1.)))
REPRESENTATION_ITEM('')
SURFACE()
);
#16=(
BOUNDED_SURFACE()
B_SPLINE_SURFACE(3,2,((#9919,#9920,#9921),(#9922,#9923,#9924),(#9925,#9926,
#9927),(#9928,#9929,#9930)),.UNSPECIFIED.,.F.,.F.,.F.)
B_SPLINE_SURFACE_WITH_KNOTS((4,4),(3,3),(0.00919387162675706,0.0121110355957781),
(0.,1.),.PIECEWISE_BEZIER_KNOTS.)
GEOMETRIC_REPRESENTATION_ITEM()
RATIONAL_B_SPLINE_SURFACE(((1.,0.678369490736181,1.),(1.,0.67330836632815,
1.),(1.,0.668193173447676,1.),(1.,0.663033810585867,1.)))
REPRESENTATION_ITEM('')
SURFACE()
);
#17=(
BOUNDED_SURFACE()
B_SPLINE_SURFACE(3,2,((#9936,#9937,#9938),(#9939,#9940,#9941),(#9942,#9943,
#9944),(#9945,#9946,#9947)),.UNSPECIFIED.,.F.,.F.,.F.)
B_SPLINE_SURFACE_WITH_KNOTS((4,4),(3,3),(0.0233306443128737,0.0274182271483651),
(0.,1.),.PIECEWISE_BEZIER_KNOTS.)
GEOMETRIC_REPRESENTATION_ITEM()
RATIONAL_B_SPLINE_SURFACE(((1.,0.691644370891526,1.),(1.,0.680740922881203,
1.),(1.,0.669593348969852,1.),(1.,0.65831282456589,1.)))
REPRESENTATION_ITEM('')
SURFACE()
);
#18=(
BOUNDED_SURFACE()
B_SPLINE_SURFACE(3,2,((#9953,#9954,#9955),(#9956,#9957,#9958),(#9959,#9960,
#9961),(#9962,#9963,#9964)),.UNSPECIFIED.,.F.,.F.,.F.)
B_SPLINE_SURFACE_WITH_KNOTS((4,4),(3,3),(0.0233306443086449,0.0274182271426802),
(0.,1.),.PIECEWISE_BEZIER_KNOTS.)
GEOMETRIC_REPRESENTATION_ITEM()
RATIONAL_B_SPLINE_SURFACE(((1.,0.69164437089165,1.),(1.,0.680740922880293,
1.),(1.,0.669593348967556,1.),(1.,0.658312824565892,1.)))
REPRESENTATION_ITEM('')
SURFACE()
);
#19=(
BOUNDED_SURFACE()
B_SPLINE_SURFACE(3,2,((#9970,#9971,#9972),(#9973,#9974,#9975),(#9976,#9977,
#9978),(#9979,#9980,#9981)),.UNSPECIFIED.,.F.,.F.,.F.)
B_SPLINE_SURFACE_WITH_KNOTS((4,4),(3,3),(0.00919289017826211,0.012111041459775),
(0.,1.),.PIECEWISE_BEZIER_KNOTS.)
GEOMETRIC_REPRESENTATION_ITEM()
RATIONAL_B_SPLINE_SURFACE(((1.,0.678374599033071,1.),(1.,0.673311798038688,
1.),(1.,0.668194888742651,1.),(1.,0.66303377952736,1.)))
REPRESENTATION_ITEM('')
SURFACE()
);
#20=(
BOUNDED_SURFACE()
B_SPLINE_SURFACE(3,2,((#9982,#9983,#9984),(#9985,#9986,#9987),(#9988,#9989,
#9990),(#9991,#9992,#9993)),.UNSPECIFIED.,.F.,.F.,.F.)
B_SPLINE_SURFACE_WITH_KNOTS((4,4),(3,3),(0.00919289017217607,0.012111041449384),
(0.,1.),.PIECEWISE_BEZIER_KNOTS.)
GEOMETRIC_REPRESENTATION_ITEM()
RATIONAL_B_SPLINE_SURFACE(((1.,0.678374599032419,1.),(1.,0.673311798040166,
1.),(1.,0.668194888742893,1.),(1.,0.663033779527343,1.)))
REPRESENTATION_ITEM('')
SURFACE()
);
#21=(
BOUNDED_SURFACE()
B_SPLINE_SURFACE(3,2,((#9999,#10000,#10001),(#10002,#10003,#10004),(#10005,
#10006,#10007),(#10008,#10009,#10010)),.UNSPECIFIED.,.F.,.F.,.F.)
B_SPLINE_SURFACE_WITH_KNOTS((4,4),(3,3),(0.0233306443128587,0.0274182271483653),
(0.,1.),.PIECEWISE_BEZIER_KNOTS.)
GEOMETRIC_REPRESENTATION_ITEM()
RATIONAL_B_SPLINE_SURFACE(((1.,0.691644370891649,1.),(1.,0.680740922881437,
1.),(1.,0.669593348970274,1.),(1.,0.658312824565892,1.)))
REPRESENTATION_ITEM('')
SURFACE()
);
#22=(
BOUNDED_SURFACE()
B_SPLINE_SURFACE(3,2,((#10016,#10017,#10018),(#10019,#10020,#10021),(#10022,
#10023,#10024),(#10025,#10026,#10027)),.UNSPECIFIED.,.F.,.F.,.F.)
B_SPLINE_SURFACE_WITH_KNOTS((4,4),(3,3),(0.0233306443086587,0.0274182271426791),
(0.,1.),.PIECEWISE_BEZIER_KNOTS.)
GEOMETRIC_REPRESENTATION_ITEM()
RATIONAL_B_SPLINE_SURFACE(((1.,0.691644370891535,1.),(1.,0.680740922880294,
1.),(1.,0.669593348969861,1.),(1.,0.658312824565893,1.)))
REPRESENTATION_ITEM('')
SURFACE()
);
#23=(
BOUNDED_SURFACE()
B_SPLINE_SURFACE(3,2,((#10033,#10034,#10035),(#10036,#10037,#10038),(#10039,
#10040,#10041),(#10042,#10043,#10044)),.UNSPECIFIED.,.F.,.F.,.F.)
B_SPLINE_SURFACE_WITH_KNOTS((4,4),(3,3),(0.00919387163300468,0.0121110356061678),
(0.,1.),.PIECEWISE_BEZIER_KNOTS.)
GEOMETRIC_REPRESENTATION_ITEM()
RATIONAL_B_SPLINE_SURFACE(((1.,0.678369490736,1.),(1.,0.673308366327308,
1.),(1.,0.668193173447392,1.),(1.,0.663033810585803,1.)))
REPRESENTATION_ITEM('')
SURFACE()
);
#24=(
BOUNDED_SURFACE()
B_SPLINE_SURFACE(3,2,((#10045,#10046,#10047),(#10048,#10049,#10050),(#10051,
#10052,#10053),(#10054,#10055,#10056)),.UNSPECIFIED.,.F.,.F.,.F.)
B_SPLINE_SURFACE_WITH_KNOTS((4,4),(3,3),(0.00919289017823058,0.0121110414597751),
(0.,1.),.PIECEWISE_BEZIER_KNOTS.)
GEOMETRIC_REPRESENTATION_ITEM()
RATIONAL_B_SPLINE_SURFACE(((1.,0.678374599033237,1.),(1.,0.673311798038583,
1.),(1.,0.668194888741607,1.),(1.,0.663033779527394,1.)))
REPRESENTATION_ITEM('')
SURFACE()
);
#25=(
BOUNDED_SURFACE()
B_SPLINE_SURFACE(3,2,((#10062,#10063,#10064),(#10065,#10066,#10067),(#10068,
#10069,#10070),(#10071,#10072,#10073)),.UNSPECIFIED.,.F.,.F.,.F.)
B_SPLINE_SURFACE_WITH_KNOTS((4,4),(3,3),(0.0233306443086447,0.02741822714268),
(0.,1.),.PIECEWISE_BEZIER_KNOTS.)
GEOMETRIC_REPRESENTATION_ITEM()
RATIONAL_B_SPLINE_SURFACE(((1.,0.691644370891638,1.),(1.,0.680740922881113,
1.),(1.,0.669593348969374,1.),(1.,0.658312824565894,1.)))
REPRESENTATION_ITEM('')
SURFACE()
);
#26=(
BOUNDED_SURFACE()
B_SPLINE_SURFACE(3,2,((#10079,#10080,#10081),(#10082,#10083,#10084),(#10085,
#10086,#10087),(#10088,#10089,#10090)),.UNSPECIFIED.,.F.,.F.,.F.)
B_SPLINE_SURFACE_WITH_KNOTS((4,4),(3,3),(0.023330644312874,0.027418227148365),
(0.,1.),.PIECEWISE_BEZIER_KNOTS.)
GEOMETRIC_REPRESENTATION_ITEM()
RATIONAL_B_SPLINE_SURFACE(((1.,0.691644370891537,1.),(1.,0.680740922881291,
1.),(1.,0.669593348969396,1.),(1.,0.658312824565889,1.)))
REPRESENTATION_ITEM('')
SURFACE()
);
#27=(
BOUNDED_SURFACE()
B_SPLINE_SURFACE(3,2,((#10096,#10097,#10098),(#10099,#10100,#10101),(#10102,
#10103,#10104),(#10105,#10106,#10107)),.UNSPECIFIED.,.F.,.F.,.F.)
B_SPLINE_SURFACE_WITH_KNOTS((4,4),(3,3),(0.00919387162673825,0.0121110355957782),
(0.,1.),.PIECEWISE_BEZIER_KNOTS.)
GEOMETRIC_REPRESENTATION_ITEM()
RATIONAL_B_SPLINE_SURFACE(((1.,0.678369490736278,1.),(1.,0.67330836632897,
1.),(1.,0.668193173448,1.),(1.,0.663033810585834,1.)))
REPRESENTATION_ITEM('')
SURFACE()
);
#28=B_SPLINE_SURFACE_WITH_KNOTS('',3,1,((#8693,#8694),(#8695,#8696),(#8697,
#8698),(#8699,#8700),(#8701,#8702),(#8703,#8704),(#8705,#8706)),
 .RULED_SURF.,.F.,.F.,.F.,(4,3,4),(2,2),(-1.54135388946585,0.,1.),(0.00164742208287441,
1.),.PIECEWISE_BEZIER_KNOTS.);
#29=B_SPLINE_SURFACE_WITH_KNOTS('',3,1,((#8720,#8721),(#8722,#8723),(#8724,
#8725),(#8726,#8727),(#8728,#8729),(#8730,#8731),(#8732,#8733)),
 .RULED_SURF.,.F.,.F.,.F.,(4,3,4),(2,2),(0.,1.,1.00664861876953),(0.0938592462454323,
0.894282591612069),.PIECEWISE_BEZIER_KNOTS.);
#30=B_SPLINE_SURFACE_WITH_KNOTS('',3,1,((#8750,#8751),(#8752,#8753),(#8754,
#8755),(#8756,#8757),(#8758,#8759),(#8760,#8761),(#8762,#8763)),
 .RULED_SURF.,.F.,.F.,.F.,(4,3,4),(2,2),(0.,1.,2.32141350856731),(0.,1.),
 .PIECEWISE_BEZIER_KNOTS.);
#31=B_SPLINE_SURFACE_WITH_KNOTS('',3,1,((#8777,#8778),(#8779,#8780),(#8781,
#8782),(#8783,#8784)),.RULED_SURF.,.F.,.F.,.F.,(4,4),(2,2),(0.,1.),(0.,
1.),.PIECEWISE_BEZIER_KNOTS.);
#32=B_SPLINE_SURFACE_WITH_KNOTS('',3,1,((#8788,#8789),(#8790,#8791),(#8792,
#8793),(#8794,#8795)),.RULED_SURF.,.F.,.F.,.F.,(4,4),(2,2),(0.,1.),(0.,
1.),.PIECEWISE_BEZIER_KNOTS.);
#33=B_SPLINE_SURFACE_WITH_KNOTS('',3,1,((#8799,#8800),(#8801,#8802),(#8803,
#8804),(#8805,#8806),(#8807,#8808),(#8809,#8810),(#8811,#8812)),
 .RULED_SURF.,.F.,.F.,.F.,(4,3,4),(2,2),(-1.32141348788729,0.,1.),(0.,1.),
 .PIECEWISE_BEZIER_KNOTS.);
#34=B_SPLINE_SURFACE_WITH_KNOTS('',3,1,((#8827,#8828),(#8829,#8830),(#8831,
#8832),(#8833,#8834),(#8835,#8836),(#8837,#8838),(#8839,#8840)),
 .RULED_SURF.,.F.,.F.,.F.,(4,3,4),(2,2),(-0.00664861876953426,0.,1.),(0.0938591898608416,
0.894292045428562),.PIECEWISE_BEZIER_KNOTS.);
#35=B_SPLINE_SURFACE_WITH_KNOTS('',3,1,((#8857,#8858),(#8859,#8860),(#8861,
#8862),(#8863,#8864),(#8865,#8866),(#8867,#8868),(#8869,#8870)),
 .RULED_SURF.,.F.,.F.,.F.,(4,3,4),(2,2),(0.,1.,2.54135388945235),(0.00164742208287479,
1.),.PIECEWISE_BEZIER_KNOTS.);
#36=B_SPLINE_SURFACE_WITH_KNOTS('',3,1,((#8879,#8880),(#8881,#8882),(#8883,
#8884),(#8885,#8886)),.RULED_SURF.,.F.,.F.,.F.,(4,4),(2,2),(0.,1.),(0.,
1.),.PIECEWISE_BEZIER_KNOTS.);
#37=B_SPLINE_SURFACE_WITH_KNOTS('',3,1,((#8892,#8893),(#8894,#8895),(#8896,
#8897),(#8898,#8899),(#8900,#8901),(#8902,#8903),(#8904,#8905)),
 .RULED_SURF.,.F.,.F.,.F.,(4,3,4),(2,2),(-1.32141349684433,0.,1.),(0.,1.),
 .PIECEWISE_BEZIER_KNOTS.);
#38=B_SPLINE_SURFACE_WITH_KNOTS('',3,1,((#8920,#8921),(#8922,#8923),(#8924,
#8925),(#8926,#8927),(#8928,#8929),(#8930,#8931),(#8932,#8933)),
 .RULED_SURF.,.F.,.F.,.F.,(4,3,4),(2,2),(-0.00664861876953207,0.,1.),(0.0938592462454333,
0.89428259161199),.PIECEWISE_BEZIER_KNOTS.);
#39=B_SPLINE_SURFACE_WITH_KNOTS('',3,1,((#8950,#8951),(#8952,#8953),(#8954,
#8955),(#8956,#8957),(#8958,#8959),(#8960,#8961),(#8962,#8963)),
 .RULED_SURF.,.F.,.F.,.F.,(4,3,4),(2,2),(0.,1.,2.54135388945233),(0.0016474220828749,
1.),.PIECEWISE_BEZIER_KNOTS.);
#40=B_SPLINE_SURFACE_WITH_KNOTS('',3,1,((#8974,#8975),(#8976,#8977),(#8978,
#8979),(#8980,#8981),(#8982,#8983),(#8984,#8985),(#8986,#8987)),
 .RULED_SURF.,.F.,.F.,.F.,(4,3,4),(2,2),(-1.54135388946587,0.,1.),(0.00164742208287483,
1.),.PIECEWISE_BEZIER_KNOTS.);
#41=B_SPLINE_SURFACE_WITH_KNOTS('',3,1,((#8999,#9000),(#9001,#9002),(#9003,
#9004),(#9005,#9006),(#9007,#9008),(#9009,#9010),(#9011,#9012)),
 .RULED_SURF.,.F.,.F.,.F.,(4,3,4),(2,2),(0.,1.,1.00664861876954),(0.0938591898608794,
0.89429204542241),.PIECEWISE_BEZIER_KNOTS.);
#42=B_SPLINE_SURFACE_WITH_KNOTS('',3,1,((#9029,#9030),(#9031,#9032),(#9033,
#9034),(#9035,#9036),(#9037,#9038),(#9039,#9040),(#9041,#9042)),
 .RULED_SURF.,.F.,.F.,.F.,(4,3,4),(2,2),(0.,1.,2.32141349858655),(0.,1.),
 .PIECEWISE_BEZIER_KNOTS.);
#43=B_SPLINE_SURFACE_WITH_KNOTS('',3,1,((#9056,#9057),(#9058,#9059),(#9060,
#9061),(#9062,#9063)),.RULED_SURF.,.F.,.F.,.F.,(4,4),(2,2),(0.,1.),(0.,
1.),.PIECEWISE_BEZIER_KNOTS.);
#44=B_SPLINE_SURFACE_WITH_KNOTS('',3,1,((#9065,#9066),(#9067,#9068),(#9069,
#9070),(#9071,#9072)),.RULED_SURF.,.F.,.F.,.F.,(4,4),(2,2),(0.,1.),(0.,
1.),.PIECEWISE_BEZIER_KNOTS.);
#45=B_SPLINE_SURFACE_WITH_KNOTS('',3,1,((#9078,#9079),(#9080,#9081),(#9082,
#9083),(#9084,#9085),(#9086,#9087),(#9088,#9089),(#9090,#9091)),
 .RULED_SURF.,.F.,.F.,.F.,(4,3,4),(2,2),(-1.32141349922516,0.,1.),(0.,1.),
 .PIECEWISE_BEZIER_KNOTS.);
#46=B_SPLINE_SURFACE_WITH_KNOTS('',3,1,((#9106,#9107),(#9108,#9109),(#9110,
#9111),(#9112,#9113),(#9114,#9115),(#9116,#9117),(#9118,#9119)),
 .RULED_SURF.,.F.,.F.,.F.,(4,3,4),(2,2),(-0.00664861876953739,0.,1.),(0.0938592462645939,
0.894282588399456),.PIECEWISE_BEZIER_KNOTS.);
#47=B_SPLINE_SURFACE_WITH_KNOTS('',3,1,((#9136,#9137),(#9138,#9139),(#9140,
#9141),(#9142,#9143),(#9144,#9145),(#9146,#9147),(#9148,#9149)),
 .RULED_SURF.,.F.,.F.,.F.,(4,3,4),(2,2),(0.,1.,2.54135388945233),(0.00164742208287534,
1.),.PIECEWISE_BEZIER_KNOTS.);
#48=B_SPLINE_SURFACE_WITH_KNOTS('',3,1,((#9160,#9161),(#9162,#9163),(#9164,
#9165),(#9166,#9167),(#9168,#9169),(#9170,#9171),(#9172,#9173)),
 .RULED_SURF.,.F.,.F.,.F.,(4,3,4),(2,2),(-1.54135388946585,0.,1.),(0.00164742208287544,
1.),.PIECEWISE_BEZIER_KNOTS.);
#49=B_SPLINE_SURFACE_WITH_KNOTS('',3,1,((#9185,#9186),(#9187,#9188),(#9189,
#9190),(#9191,#9192),(#9193,#9194),(#9195,#9196),(#9197,#9198)),
 .RULED_SURF.,.F.,.F.,.F.,(4,3,4),(2,2),(0.,1.,1.00664861876953),(0.093859075590036,
0.894311204833678),.PIECEWISE_BEZIER_KNOTS.);
#50=B_SPLINE_SURFACE_WITH_KNOTS('',3,1,((#9215,#9216),(#9217,#9218),(#9219,
#9220),(#9221,#9222),(#9223,#9224),(#9225,#9226),(#9227,#9228)),
 .RULED_SURF.,.F.,.F.,.F.,(4,3,4),(2,2),(0.,1.,2.32141349501164),(0.,1.),
 .PIECEWISE_BEZIER_KNOTS.);
#51=B_SPLINE_SURFACE_WITH_KNOTS('',3,1,((#9242,#9243),(#9244,#9245),(#9246,
#9247),(#9248,#9249)),.RULED_SURF.,.F.,.F.,.F.,(4,4),(2,2),(0.,1.),(0.,
1.),.PIECEWISE_BEZIER_KNOTS.);
#52=B_SPLINE_SURFACE_WITH_KNOTS('',3,1,((#9251,#9252),(#9253,#9254),(#9255,
#9256),(#9257,#9258),(#9259,#9260),(#9261,#9262),(#9263,#9264)),
 .RULED_SURF.,.F.,.F.,.F.,(4,3,4),(2,2),(0.,1.,2.32141350216805),(0.,1.),
 .PIECEWISE_BEZIER_KNOTS.);
#53=B_SPLINE_SURFACE_WITH_KNOTS('',3,1,((#9281,#9282),(#9283,#9284),(#9285,
#9286),(#9287,#9288)),.RULED_SURF.,.F.,.F.,.F.,(4,4),(2,2),(0.,1.),(0.,
1.),.PIECEWISE_BEZIER_KNOTS.);
#54=B_SPLINE_SURFACE_WITH_KNOTS('',3,1,((#9292,#9293),(#9294,#9295),(#9296,
#9297),(#9298,#9299)),.RULED_SURF.,.F.,.F.,.F.,(4,4),(2,2),(0.,1.),(0.,
1.),.PIECEWISE_BEZIER_KNOTS.);
#55=B_SPLINE_SURFACE_WITH_KNOTS('',3,1,((#9303,#9304),(#9305,#9306),(#9307,
#9308),(#9309,#9310),(#9311,#9312),(#9313,#9314),(#9315,#9316)),
 .RULED_SURF.,.F.,.F.,.F.,(4,3,4),(2,2),(-1.32141349440904,0.,1.),(0.,1.),
 .PIECEWISE_BEZIER_KNOTS.);
#56=B_SPLINE_SURFACE_WITH_KNOTS('',3,1,((#9331,#9332),(#9333,#9334),(#9335,
#9336),(#9337,#9338),(#9339,#9340),(#9341,#9342),(#9343,#9344)),
 .RULED_SURF.,.F.,.F.,.F.,(4,3,4),(2,2),(-0.00664861876957647,0.,1.),(0.0938592462454335,
0.89428259161199),.PIECEWISE_BEZIER_KNOTS.);
#57=B_SPLINE_SURFACE_WITH_KNOTS('',3,1,((#9361,#9362),(#9363,#9364),(#9365,
#9366),(#9367,#9368),(#9369,#9370),(#9371,#9372),(#9373,#9374)),
 .RULED_SURF.,.F.,.F.,.F.,(4,3,4),(2,2),(0.,1.,2.54135388945235),(0.00164742208287515,
1.),.PIECEWISE_BEZIER_KNOTS.);
#58=B_SPLINE_SURFACE_WITH_KNOTS('',3,1,((#9385,#9386),(#9387,#9388),(#9389,
#9390),(#9391,#9392),(#9393,#9394),(#9395,#9396),(#9397,#9398)),
 .RULED_SURF.,.F.,.F.,.F.,(4,3,4),(2,2),(-1.54135388946583,0.,1.),(0.00164742208287479,
1.),.PIECEWISE_BEZIER_KNOTS.);
#59=B_SPLINE_SURFACE_WITH_KNOTS('',3,1,((#9410,#9411),(#9412,#9413),(#9414,
#9415),(#9416,#9417),(#9418,#9419),(#9420,#9421),(#9422,#9423)),
 .RULED_SURF.,.F.,.F.,.F.,(4,3,4),(2,2),(0.,1.,1.00664861876953),(0.0938591898608788,
0.894292045422409),.PIECEWISE_BEZIER_KNOTS.);
#60=B_SPLINE_SURFACE_WITH_KNOTS('',1,3,((#9624,#9625,#9626,#9627,#9628,
#9629,#9630),(#9631,#9632,#9633,#9634,#9635,#9636,#9637),(#9638,#9639,#9640,
#9641,#9642,#9643,#9644),(#9645,#9646,#9647,#9648,#9649,#9650,#9651)),
 .RULED_SURF.,.F.,.F.,.F.,(2,1,1,2),(4,3,4),(-0.0591999942570577,0.,1.,
1.00635521499643),(0.00604839342934158,0.00822881539656099,0.00860774117310912),
 .PIECEWISE_BEZIER_KNOTS.);
#61=B_SPLINE_SURFACE_WITH_KNOTS('',1,3,((#9652,#9653,#9654,#9655,#9656,
#9657,#9658,#9659,#9660,#9661),(#9662,#9663,#9664,#9665,#9666,#9667,#9668,
#9669,#9670,#9671),(#9672,#9673,#9674,#9675,#9676,#9677,#9678,#9679,#9680,
#9681)),.RULED_SURF.,.F.,.F.,.F.,(2,1,2),(4,3,3,4),(-0.0591999943430114,
0.,1.),(0.00413673592737735,0.00421625349478015,0.00451566421649886,0.00669608614801049),
 .PIECEWISE_BEZIER_KNOTS.);
#62=B_SPLINE_SURFACE_WITH_KNOTS('',1,3,((#9682,#9683,#9684,#9685,#9686,
#9687,#9688,#9689,#9690,#9691),(#9692,#9693,#9694,#9695,#9696,#9697,#9698,
#9699,#9700,#9701),(#9702,#9703,#9704,#9705,#9706,#9707,#9708,#9709,#9710,
#9711)),.RULED_SURF.,.F.,.F.,.F.,(2,1,2),(4,3,3,4),(0.,1.,1.05919999434301),
(0.00604839322279456,0.00822881515430618,0.00852822587602489,0.00860774344342768),
 .PIECEWISE_BEZIER_KNOTS.);
#63=B_SPLINE_SURFACE_WITH_KNOTS('',1,3,((#9712,#9713,#9714,#9715,#9716,
#9717,#9718),(#9719,#9720,#9721,#9722,#9723,#9724,#9725),(#9726,#9727,#9728,
#9729,#9730,#9731,#9732),(#9733,#9734,#9735,#9736,#9737,#9738,#9739)),
 .RULED_SURF.,.F.,.F.,.F.,(2,1,1,2),(4,3,4),(-0.00635521499643343,0.,1.,
1.05919999425705),(0.00413673850565301,0.00451566428220119,0.00669608624942062),
 .PIECEWISE_BEZIER_KNOTS.);
#64=B_SPLINE_SURFACE_WITH_KNOTS('',1,3,((#9740,#9741,#9742,#9743,#9744,
#9745,#9746,#9747,#9748,#9749),(#9750,#9751,#9752,#9753,#9754,#9755,#9756,
#9757,#9758,#9759),(#9760,#9761,#9762,#9763,#9764,#9765,#9766,#9767,#9768,
#9769)),.RULED_SURF.,.F.,.F.,.F.,(2,1,2),(4,3,3,4),(-0.0591999943430124,
0.,1.),(0.00413673592737738,0.00421625349478018,0.00451566421649887,0.00669608614801052),
 .PIECEWISE_BEZIER_KNOTS.);
#65=B_SPLINE_SURFACE_WITH_KNOTS('',1,3,((#9770,#9771,#9772,#9773,#9774,
#9775,#9776),(#9777,#9778,#9779,#9780,#9781,#9782,#9783),(#9784,#9785,#9786,
#9787,#9788,#9789,#9790),(#9791,#9792,#9793,#9794,#9795,#9796,#9797)),
 .RULED_SURF.,.F.,.F.,.F.,(2,1,1,2),(4,3,4),(-0.0591999942570558,0.,1.,
1.00635521499644),(0.00604839342934155,0.00822881539656097,0.00860774117310915),
 .PIECEWISE_BEZIER_KNOTS.);
#66=B_SPLINE_SURFACE_WITH_KNOTS('',1,3,((#9798,#9799,#9800,#9801,#9802,
#9803,#9804),(#9805,#9806,#9807,#9808,#9809,#9810,#9811),(#9812,#9813,#9814,
#9815,#9816,#9817,#9818),(#9819,#9820,#9821,#9822,#9823,#9824,#9825)),
 .RULED_SURF.,.F.,.F.,.F.,(2,1,1,2),(4,3,4),(-0.0591999943430158,0.,1.,
1.00635521499812),(0.00604839338356327,0.00822881515430597,0.00860774089542461),
 .PIECEWISE_BEZIER_KNOTS.);
#67=B_SPLINE_SURFACE_WITH_KNOTS('',1,3,((#9826,#9827,#9828,#9829,#9830,
#9831,#9832,#9833,#9834,#9835),(#9836,#9837,#9838,#9839,#9840,#9841,#9842,
#9843,#9844,#9845),(#9846,#9847,#9848,#9849,#9850,#9851,#9852,#9853,#9854,
#9855)),.RULED_SURF.,.F.,.F.,.F.,(2,1,2),(4,3,3,4),(-0.0591999942570645,
0.,1.),(0.00413673595763886,0.00421625353073151,0.00451566428220112,0.0066960864101784),
 .PIECEWISE_BEZIER_KNOTS.);
#68=B_SPLINE_SURFACE_WITH_KNOTS('',3,1,((#10171,#10172),(#10173,#10174),
(#10175,#10176),(#10177,#10178)),.SURF_OF_LINEAR_EXTRUSION.,.F.,.F.,.F.,
(4,4),(2,2),(0.,1.),(0.,1.),.PIECEWISE_BEZIER_KNOTS.);
#69=B_SPLINE_SURFACE_WITH_KNOTS('',3,1,((#10200,#10201),(#10202,#10203),
(#10204,#10205),(#10206,#10207)),.SURF_OF_LINEAR_EXTRUSION.,.F.,.F.,.F.,
(4,4),(2,2),(0.,1.),(0.,1.),.PIECEWISE_BEZIER_KNOTS.);
#70=B_SPLINE_SURFACE_WITH_KNOTS('',3,1,((#10221,#10222),(#10223,#10224),
(#10225,#10226),(#10227,#10228)),.SURF_OF_LINEAR_EXTRUSION.,.F.,.F.,.F.,
(4,4),(2,2),(0.,1.),(0.,1.),.PIECEWISE_BEZIER_KNOTS.);
#71=B_SPLINE_SURFACE_WITH_KNOTS('',3,1,((#10246,#10247),(#10248,#10249),
(#10250,#10251),(#10252,#10253)),.SURF_OF_LINEAR_EXTRUSION.,.F.,.F.,.F.,
(4,4),(2,2),(0.,1.),(0.,1.),.PIECEWISE_BEZIER_KNOTS.);
#72=B_SPLINE_SURFACE_WITH_KNOTS('',3,1,((#10259,#10260),(#10261,#10262),
(#10263,#10264),(#10265,#10266)),.SURF_OF_LINEAR_EXTRUSION.,.F.,.F.,.F.,
(4,4),(2,2),(0.,1.),(0.,1.),.PIECEWISE_BEZIER_KNOTS.);
#73=B_SPLINE_SURFACE_WITH_KNOTS('',3,1,((#10280,#10281),(#10282,#10283),
(#10284,#10285),(#10286,#10287)),.SURF_OF_LINEAR_EXTRUSION.,.F.,.F.,.F.,
(4,4),(2,2),(0.,1.),(0.,1.),.PIECEWISE_BEZIER_KNOTS.);
#74=B_SPLINE_SURFACE_WITH_KNOTS('',3,1,((#10300,#10301),(#10302,#10303),
(#10304,#10305),(#10306,#10307)),.SURF_OF_LINEAR_EXTRUSION.,.F.,.F.,.F.,
(4,4),(2,2),(0.,1.),(0.,1.),.PIECEWISE_BEZIER_KNOTS.);
#75=B_SPLINE_SURFACE_WITH_KNOTS('',3,1,((#10315,#10316),(#10317,#10318),
(#10319,#10320),(#10321,#10322)),.SURF_OF_LINEAR_EXTRUSION.,.F.,.F.,.F.,
(4,4),(2,2),(0.,1.),(0.,1.),.PIECEWISE_BEZIER_KNOTS.);
#76=B_SPLINE_SURFACE_WITH_KNOTS('',3,1,((#10328,#10329),(#10330,#10331),
(#10332,#10333),(#10334,#10335)),.SURF_OF_LINEAR_EXTRUSION.,.F.,.F.,.F.,
(4,4),(2,2),(0.,1.),(0.,1.),.PIECEWISE_BEZIER_KNOTS.);
#77=B_SPLINE_SURFACE_WITH_KNOTS('',3,1,((#10341,#10342),(#10343,#10344),
(#10345,#10346),(#10347,#10348)),.SURF_OF_LINEAR_EXTRUSION.,.F.,.F.,.F.,
(4,4),(2,2),(0.,1.),(0.,1.),.PIECEWISE_BEZIER_KNOTS.);
#78=B_SPLINE_SURFACE_WITH_KNOTS('',3,1,((#10366,#10367),(#10368,#10369),
(#10370,#10371),(#10372,#10373)),.SURF_OF_LINEAR_EXTRUSION.,.F.,.F.,.F.,
(4,4),(2,2),(0.,1.),(0.,1.),.PIECEWISE_BEZIER_KNOTS.);
#79=B_SPLINE_SURFACE_WITH_KNOTS('',3,1,((#10379,#10380),(#10381,#10382),
(#10383,#10384),(#10385,#10386)),.SURF_OF_LINEAR_EXTRUSION.,.F.,.F.,.F.,
(4,4),(2,2),(0.,1.),(0.,1.),.PIECEWISE_BEZIER_KNOTS.);
#80=B_SPLINE_SURFACE_WITH_KNOTS('',3,1,((#10392,#10393),(#10394,#10395),
(#10396,#10397),(#10398,#10399)),.SURF_OF_LINEAR_EXTRUSION.,.F.,.F.,.F.,
(4,4),(2,2),(0.,1.),(0.,1.),.PIECEWISE_BEZIER_KNOTS.);
#81=B_SPLINE_SURFACE_WITH_KNOTS('',3,1,((#10417,#10418),(#10419,#10420),
(#10421,#10422),(#10423,#10424)),.SURF_OF_LINEAR_EXTRUSION.,.F.,.F.,.F.,
(4,4),(2,2),(0.,1.),(0.,1.),.PIECEWISE_BEZIER_KNOTS.);
#82=B_SPLINE_SURFACE_WITH_KNOTS('',3,1,((#10430,#10431),(#10432,#10433),
(#10434,#10435),(#10436,#10437)),.SURF_OF_LINEAR_EXTRUSION.,.F.,.F.,.F.,
(4,4),(2,2),(0.,1.),(0.,1.),.PIECEWISE_BEZIER_KNOTS.);
#83=B_SPLINE_SURFACE_WITH_KNOTS('',3,1,((#10443,#10444),(#10445,#10446),
(#10447,#10448),(#10449,#10450)),.SURF_OF_LINEAR_EXTRUSION.,.F.,.F.,.F.,
(4,4),(2,2),(0.,1.),(0.,1.),.PIECEWISE_BEZIER_KNOTS.);
#84=B_SPLINE_SURFACE_WITH_KNOTS('',3,1,((#10456,#10457),(#10458,#10459),
(#10460,#10461),(#10462,#10463)),.SURF_OF_LINEAR_EXTRUSION.,.F.,.F.,.F.,
(4,4),(2,2),(0.,1.),(0.,1.),.PIECEWISE_BEZIER_KNOTS.);
#85=B_SPLINE_SURFACE_WITH_KNOTS('',3,1,((#10481,#10482),(#10483,#10484),
(#10485,#10486),(#10487,#10488)),.SURF_OF_LINEAR_EXTRUSION.,.F.,.F.,.F.,
(4,4),(2,2),(0.,1.),(0.,1.),.PIECEWISE_BEZIER_KNOTS.);
#86=B_SPLINE_SURFACE_WITH_KNOTS('',3,1,((#10494,#10495),(#10496,#10497),
(#10498,#10499),(#10500,#10501)),.SURF_OF_LINEAR_EXTRUSION.,.F.,.F.,.F.,
(4,4),(2,2),(0.,1.),(0.,1.),.PIECEWISE_BEZIER_KNOTS.);
#87=B_SPLINE_SURFACE_WITH_KNOTS('',3,1,((#10507,#10508),(#10509,#10510),
(#10511,#10512),(#10513,#10514)),.SURF_OF_LINEAR_EXTRUSION.,.F.,.F.,.F.,
(4,4),(2,2),(0.,1.),(0.,1.),.PIECEWISE_BEZIER_KNOTS.);
#88=B_SPLINE_SURFACE_WITH_KNOTS('',3,1,((#10520,#10521),(#10522,#10523),
(#10524,#10525),(#10526,#10527)),.SURF_OF_LINEAR_EXTRUSION.,.F.,.F.,.F.,
(4,4),(2,2),(0.,1.),(0.,1.),.PIECEWISE_BEZIER_KNOTS.);
#89=B_SPLINE_SURFACE_WITH_KNOTS('',3,1,((#10533,#10534),(#10535,#10536),
(#10537,#10538),(#10539,#10540)),.SURF_OF_LINEAR_EXTRUSION.,.F.,.F.,.F.,
(4,4),(2,2),(0.,1.),(0.,1.),.PIECEWISE_BEZIER_KNOTS.);
#90=B_SPLINE_SURFACE_WITH_KNOTS('',3,1,((#10550,#10551),(#10552,#10553),
(#10554,#10555),(#10556,#10557)),.SURF_OF_LINEAR_EXTRUSION.,.F.,.F.,.F.,
(4,4),(2,2),(0.,1.),(0.,1.),.PIECEWISE_BEZIER_KNOTS.);
#91=B_SPLINE_SURFACE_WITH_KNOTS('',3,1,((#10650,#10651),(#10652,#10653),
(#10654,#10655),(#10656,#10657)),.SURF_OF_LINEAR_EXTRUSION.,.F.,.F.,.F.,
(4,4),(2,2),(0.,1.),(0.,1.),.PIECEWISE_BEZIER_KNOTS.);
#92=B_SPLINE_SURFACE_WITH_KNOTS('',3,1,((#10705,#10706),(#10707,#10708),
(#10709,#10710),(#10711,#10712)),.SURF_OF_LINEAR_EXTRUSION.,.F.,.F.,.F.,
(4,4),(2,2),(0.,1.),(0.,1.),.PIECEWISE_BEZIER_KNOTS.);
#93=B_SPLINE_SURFACE_WITH_KNOTS('',3,1,((#10718,#10719),(#10720,#10721),
(#10722,#10723),(#10724,#10725)),.SURF_OF_LINEAR_EXTRUSION.,.F.,.F.,.F.,
(4,4),(2,2),(0.,1.),(0.,1.),.PIECEWISE_BEZIER_KNOTS.);
#94=B_SPLINE_SURFACE_WITH_KNOTS('',3,1,((#10743,#10744),(#10745,#10746),
(#10747,#10748),(#10749,#10750)),.SURF_OF_LINEAR_EXTRUSION.,.F.,.F.,.F.,
(4,4),(2,2),(0.,1.),(0.,1.),.PIECEWISE_BEZIER_KNOTS.);
#95=B_SPLINE_SURFACE_WITH_KNOTS('',3,1,((#10756,#10757),(#10758,#10759),
(#10760,#10761),(#10762,#10763)),.SURF_OF_LINEAR_EXTRUSION.,.F.,.F.,.F.,
(4,4),(2,2),(0.,1.),(0.,1.),.PIECEWISE_BEZIER_KNOTS.);
#96=B_SPLINE_SURFACE_WITH_KNOTS('',3,1,((#10769,#10770),(#10771,#10772),
(#10773,#10774),(#10775,#10776)),.SURF_OF_LINEAR_EXTRUSION.,.F.,.F.,.F.,
(4,4),(2,2),(0.,1.),(0.,1.),.PIECEWISE_BEZIER_KNOTS.);
#97=B_SPLINE_SURFACE_WITH_KNOTS('',3,1,((#10782,#10783),(#10784,#10785),
(#10786,#10787),(#10788,#10789)),.SURF_OF_LINEAR_EXTRUSION.,.F.,.F.,.F.,
(4,4),(2,2),(0.,1.),(0.,1.),.PIECEWISE_BEZIER_KNOTS.);
#98=B_SPLINE_SURFACE_WITH_KNOTS('',3,1,((#10794,#10795),(#10796,#10797),
(#10798,#10799),(#10800,#10801)),.SURF_OF_LINEAR_EXTRUSION.,.F.,.F.,.F.,
(4,4),(2,2),(0.,1.),(0.,1.),.PIECEWISE_BEZIER_KNOTS.);
#99=B_SPLINE_SURFACE_WITH_KNOTS('',3,1,((#10814,#10815),(#10816,#10817),
(#10818,#10819),(#10820,#10821)),.SURF_OF_LINEAR_EXTRUSION.,.F.,.F.,.F.,
(4,4),(2,2),(0.,1.),(0.,1.),.PIECEWISE_BEZIER_KNOTS.);
#100=B_SPLINE_SURFACE_WITH_KNOTS('',3,1,((#10831,#10832),(#10833,#10834),
(#10835,#10836),(#10837,#10838)),.SURF_OF_LINEAR_EXTRUSION.,.F.,.F.,.F.,
(4,4),(2,2),(0.,1.),(0.,1.),.PIECEWISE_BEZIER_KNOTS.);
#101=B_SPLINE_SURFACE_WITH_KNOTS('',3,1,((#10848,#10849),(#10850,#10851),
(#10852,#10853),(#10854,#10855)),.SURF_OF_LINEAR_EXTRUSION.,.F.,.F.,.F.,
(4,4),(2,2),(0.,1.),(0.,1.),.PIECEWISE_BEZIER_KNOTS.);
#102=B_SPLINE_SURFACE_WITH_KNOTS('',3,1,((#10871,#10872),(#10873,#10874),
(#10875,#10876),(#10877,#10878)),.SURF_OF_LINEAR_EXTRUSION.,.F.,.F.,.F.,
(4,4),(2,2),(0.,1.),(0.,1.),.PIECEWISE_BEZIER_KNOTS.);
#103=B_SPLINE_SURFACE_WITH_KNOTS('',3,1,((#10888,#10889),(#10890,#10891),
(#10892,#10893),(#10894,#10895)),.SURF_OF_LINEAR_EXTRUSION.,.F.,.F.,.F.,
(4,4),(2,2),(0.,1.),(0.,1.),.PIECEWISE_BEZIER_KNOTS.);
#104=B_SPLINE_SURFACE_WITH_KNOTS('',3,1,((#10905,#10906),(#10907,#10908),
(#10909,#10910),(#10911,#10912)),.SURF_OF_LINEAR_EXTRUSION.,.F.,.F.,.F.,
(4,4),(2,2),(0.,1.),(0.,1.),.PIECEWISE_BEZIER_KNOTS.);
#105=B_SPLINE_SURFACE_WITH_KNOTS('',3,1,((#10920,#10921),(#10922,#10923),
(#10924,#10925),(#10926,#10927)),.SURF_OF_LINEAR_EXTRUSION.,.F.,.F.,.F.,
(4,4),(2,2),(0.,1.),(0.,1.),.PIECEWISE_BEZIER_KNOTS.);
#106=B_SPLINE_SURFACE_WITH_KNOTS('',3,1,((#10933,#10934),(#10935,#10936),
(#10937,#10938),(#10939,#10940)),.SURF_OF_LINEAR_EXTRUSION.,.F.,.F.,.F.,
(4,4),(2,2),(0.,1.),(0.,1.),.PIECEWISE_BEZIER_KNOTS.);
#107=B_SPLINE_SURFACE_WITH_KNOTS('',3,1,((#10946,#10947),(#10948,#10949),
(#10950,#10951),(#10952,#10953)),.SURF_OF_LINEAR_EXTRUSION.,.F.,.F.,.F.,
(4,4),(2,2),(0.,1.),(0.,1.),.PIECEWISE_BEZIER_KNOTS.);
#108=B_SPLINE_SURFACE_WITH_KNOTS('',3,1,((#10959,#10960),(#10961,#10962),
(#10963,#10964),(#10965,#10966)),.SURF_OF_LINEAR_EXTRUSION.,.F.,.F.,.F.,
(4,4),(2,2),(0.,1.),(0.,1.),.PIECEWISE_BEZIER_KNOTS.);
#109=B_SPLINE_SURFACE_WITH_KNOTS('',3,1,((#10972,#10973),(#10974,#10975),
(#10976,#10977),(#10978,#10979)),.SURF_OF_LINEAR_EXTRUSION.,.F.,.F.,.F.,
(4,4),(2,2),(0.,1.),(0.,1.),.PIECEWISE_BEZIER_KNOTS.);
#110=B_SPLINE_SURFACE_WITH_KNOTS('',3,1,((#10985,#10986),(#10987,#10988),
(#10989,#10990),(#10991,#10992)),.SURF_OF_LINEAR_EXTRUSION.,.F.,.F.,.F.,
(4,4),(2,2),(0.,1.),(0.,1.),.PIECEWISE_BEZIER_KNOTS.);
#111=B_SPLINE_SURFACE_WITH_KNOTS('',3,1,((#10998,#10999),(#11000,#11001),
(#11002,#11003),(#11004,#11005)),.SURF_OF_LINEAR_EXTRUSION.,.F.,.F.,.F.,
(4,4),(2,2),(0.,1.),(0.,1.),.PIECEWISE_BEZIER_KNOTS.);
#112=B_SPLINE_SURFACE_WITH_KNOTS('',3,1,((#11011,#11012),(#11013,#11014),
(#11015,#11016),(#11017,#11018)),.SURF_OF_LINEAR_EXTRUSION.,.F.,.F.,.F.,
(4,4),(2,2),(0.,1.),(0.,1.),.PIECEWISE_BEZIER_KNOTS.);
#113=B_SPLINE_SURFACE_WITH_KNOTS('',3,1,((#11028,#11029),(#11030,#11031),
(#11032,#11033),(#11034,#11035)),.SURF_OF_LINEAR_EXTRUSION.,.F.,.F.,.F.,
(4,4),(2,2),(0.,1.),(0.,1.),.PIECEWISE_BEZIER_KNOTS.);
#114=B_SPLINE_SURFACE_WITH_KNOTS('',3,1,((#11045,#11046),(#11047,#11048),
(#11049,#11050),(#11051,#11052)),.SURF_OF_LINEAR_EXTRUSION.,.F.,.F.,.F.,
(4,4),(2,2),(0.,1.),(0.,1.),.PIECEWISE_BEZIER_KNOTS.);
#115=B_SPLINE_SURFACE_WITH_KNOTS('',3,1,((#11066,#11067),(#11068,#11069),
(#11070,#11071),(#11072,#11073)),.SURF_OF_LINEAR_EXTRUSION.,.F.,.F.,.F.,
(4,4),(2,2),(0.,1.),(0.,1.),.PIECEWISE_BEZIER_KNOTS.);
#116=B_SPLINE_SURFACE_WITH_KNOTS('',3,1,((#11079,#11080),(#11081,#11082),
(#11083,#11084),(#11085,#11086)),.SURF_OF_LINEAR_EXTRUSION.,.F.,.F.,.F.,
(4,4),(2,2),(0.,1.),(0.,1.),.PIECEWISE_BEZIER_KNOTS.);
#117=B_SPLINE_SURFACE_WITH_KNOTS('',3,1,((#11090,#11091),(#11092,#11093),
(#11094,#11095),(#11096,#11097)),.SURF_OF_LINEAR_EXTRUSION.,.F.,.F.,.F.,
(4,4),(2,2),(0.,1.),(0.,1.),.PIECEWISE_BEZIER_KNOTS.);
#118=B_SPLINE_SURFACE_WITH_KNOTS('',3,1,((#11135,#11136),(#11137,#11138),
(#11139,#11140),(#11141,#11142)),.SURF_OF_LINEAR_EXTRUSION.,.F.,.F.,.F.,
(4,4),(2,2),(0.,1.),(0.,1.),.PIECEWISE_BEZIER_KNOTS.);
#119=B_SPLINE_SURFACE_WITH_KNOTS('',3,1,((#11155,#11156),(#11157,#11158),
(#11159,#11160),(#11161,#11162)),.SURF_OF_LINEAR_EXTRUSION.,.F.,.F.,.F.,
(4,4),(2,2),(0.,1.),(0.,1.),.PIECEWISE_BEZIER_KNOTS.);
#120=B_SPLINE_SURFACE_WITH_KNOTS('',3,1,((#11184,#11185),(#11186,#11187),
(#11188,#11189),(#11190,#11191)),.SURF_OF_LINEAR_EXTRUSION.,.F.,.F.,.F.,
(4,4),(2,2),(0.,1.),(0.,1.),.PIECEWISE_BEZIER_KNOTS.);
#121=B_SPLINE_SURFACE_WITH_KNOTS('',3,1,((#11201,#11202),(#11203,#11204),
(#11205,#11206),(#11207,#11208)),.SURF_OF_LINEAR_EXTRUSION.,.F.,.F.,.F.,
(4,4),(2,2),(0.,1.),(0.,1.),.PIECEWISE_BEZIER_KNOTS.);
#122=B_SPLINE_SURFACE_WITH_KNOTS('',3,1,((#11224,#11225),(#11226,#11227),
(#11228,#11229),(#11230,#11231)),.SURF_OF_LINEAR_EXTRUSION.,.F.,.F.,.F.,
(4,4),(2,2),(0.,1.),(0.,1.),.PIECEWISE_BEZIER_KNOTS.);
#123=B_SPLINE_SURFACE_WITH_KNOTS('',3,1,((#11244,#11245),(#11246,#11247),
(#11248,#11249),(#11250,#11251)),.SURF_OF_LINEAR_EXTRUSION.,.F.,.F.,.F.,
(4,4),(2,2),(0.,1.),(0.,1.),.PIECEWISE_BEZIER_KNOTS.);
#124=B_SPLINE_SURFACE_WITH_KNOTS('',3,1,((#11261,#11262),(#11263,#11264),
(#11265,#11266),(#11267,#11268)),.SURF_OF_LINEAR_EXTRUSION.,.F.,.F.,.F.,
(4,4),(2,2),(0.,1.),(0.,1.),.PIECEWISE_BEZIER_KNOTS.);
#125=B_SPLINE_SURFACE_WITH_KNOTS('',3,1,((#11278,#11279),(#11280,#11281),
(#11282,#11283),(#11284,#11285)),.SURF_OF_LINEAR_EXTRUSION.,.F.,.F.,.F.,
(4,4),(2,2),(0.,1.),(0.,1.),.PIECEWISE_BEZIER_KNOTS.);
#126=B_SPLINE_SURFACE_WITH_KNOTS('',3,1,((#11301,#11302),(#11303,#11304),
(#11305,#11306),(#11307,#11308)),.SURF_OF_LINEAR_EXTRUSION.,.F.,.F.,.F.,
(4,4),(2,2),(0.,1.),(0.,1.),.PIECEWISE_BEZIER_KNOTS.);
#127=B_SPLINE_SURFACE_WITH_KNOTS('',3,1,((#11318,#11319),(#11320,#11321),
(#11322,#11323),(#11324,#11325)),.SURF_OF_LINEAR_EXTRUSION.,.F.,.F.,.F.,
(4,4),(2,2),(0.,1.),(0.,1.),.PIECEWISE_BEZIER_KNOTS.);
#128=B_SPLINE_SURFACE_WITH_KNOTS('',3,1,((#11333,#11334),(#11335,#11336),
(#11337,#11338),(#11339,#11340)),.SURF_OF_LINEAR_EXTRUSION.,.F.,.F.,.F.,
(4,4),(2,2),(0.,1.),(0.,1.),.PIECEWISE_BEZIER_KNOTS.);
#129=B_SPLINE_SURFACE_WITH_KNOTS('',3,1,((#11346,#11347),(#11348,#11349),
(#11350,#11351),(#11352,#11353)),.SURF_OF_LINEAR_EXTRUSION.,.F.,.F.,.F.,
(4,4),(2,2),(0.,1.),(0.,1.),.PIECEWISE_BEZIER_KNOTS.);
#130=B_SPLINE_SURFACE_WITH_KNOTS('',3,1,((#11363,#11364),(#11365,#11366),
(#11367,#11368),(#11369,#11370)),.SURF_OF_LINEAR_EXTRUSION.,.F.,.F.,.F.,
(4,4),(2,2),(0.,1.),(0.,1.),.PIECEWISE_BEZIER_KNOTS.);
#131=B_SPLINE_SURFACE_WITH_KNOTS('',3,1,((#11376,#11377),(#11378,#11379),
(#11380,#11381),(#11382,#11383)),.SURF_OF_LINEAR_EXTRUSION.,.F.,.F.,.F.,
(4,4),(2,2),(0.,1.),(0.,1.),.PIECEWISE_BEZIER_KNOTS.);
#132=B_SPLINE_SURFACE_WITH_KNOTS('',3,1,((#11393,#11394),(#11395,#11396),
(#11397,#11398),(#11399,#11400)),.SURF_OF_LINEAR_EXTRUSION.,.F.,.F.,.F.,
(4,4),(2,2),(0.,1.),(0.,1.),.PIECEWISE_BEZIER_KNOTS.);
#133=B_SPLINE_SURFACE_WITH_KNOTS('',3,1,((#11406,#11407),(#11408,#11409),
(#11410,#11411),(#11412,#11413)),.SURF_OF_LINEAR_EXTRUSION.,.F.,.F.,.F.,
(4,4),(2,2),(0.,1.),(0.,1.),.PIECEWISE_BEZIER_KNOTS.);
#134=B_SPLINE_SURFACE_WITH_KNOTS('',3,1,((#11419,#11420),(#11421,#11422),
(#11423,#11424),(#11425,#11426)),.SURF_OF_LINEAR_EXTRUSION.,.F.,.F.,.F.,
(4,4),(2,2),(0.,1.),(0.,1.),.PIECEWISE_BEZIER_KNOTS.);
#135=B_SPLINE_SURFACE_WITH_KNOTS('',3,1,((#11432,#11433),(#11434,#11435),
(#11436,#11437),(#11438,#11439)),.SURF_OF_LINEAR_EXTRUSION.,.F.,.F.,.F.,
(4,4),(2,2),(0.,1.),(0.,1.),.PIECEWISE_BEZIER_KNOTS.);
#136=B_SPLINE_SURFACE_WITH_KNOTS('',3,1,((#11449,#11450),(#11451,#11452),
(#11453,#11454),(#11455,#11456)),.SURF_OF_LINEAR_EXTRUSION.,.F.,.F.,.F.,
(4,4),(2,2),(0.,1.),(0.,1.),.PIECEWISE_BEZIER_KNOTS.);
#137=B_SPLINE_SURFACE_WITH_KNOTS('',3,1,((#11462,#11463),(#11464,#11465),
(#11466,#11467),(#11468,#11469)),.SURF_OF_LINEAR_EXTRUSION.,.F.,.F.,.F.,
(4,4),(2,2),(0.,1.),(0.,1.),.PIECEWISE_BEZIER_KNOTS.);
#138=B_SPLINE_SURFACE_WITH_KNOTS('',3,1,((#11479,#11480),(#11481,#11482),
(#11483,#11484),(#11485,#11486)),.SURF_OF_LINEAR_EXTRUSION.,.F.,.F.,.F.,
(4,4),(2,2),(0.,1.),(0.,1.),.PIECEWISE_BEZIER_KNOTS.);
#139=B_SPLINE_SURFACE_WITH_KNOTS('',3,1,((#11493,#11494),(#11495,#11496),
(#11497,#11498),(#11499,#11500)),.SURF_OF_LINEAR_EXTRUSION.,.F.,.F.,.F.,
(4,4),(2,2),(0.,1.),(0.,1.),.PIECEWISE_BEZIER_KNOTS.);
#140=B_SPLINE_SURFACE_WITH_KNOTS('',3,1,((#11504,#11505),(#11506,#11507),
(#11508,#11509),(#11510,#11511)),.SURF_OF_LINEAR_EXTRUSION.,.F.,.F.,.F.,
(4,4),(2,2),(0.,1.),(0.,1.),.PIECEWISE_BEZIER_KNOTS.);
#141=CYLINDRICAL_SURFACE('',#6241,0.005316);
#142=CYLINDRICAL_SURFACE('',#6243,0.005316);
#143=CYLINDRICAL_SURFACE('',#6245,0.005316);
#144=CYLINDRICAL_SURFACE('',#6247,0.005316);
#145=CYLINDRICAL_SURFACE('',#6249,0.005316);
#146=CYLINDRICAL_SURFACE('',#6251,0.005316);
#147=CYLINDRICAL_SURFACE('',#6253,0.005316);
#148=CYLINDRICAL_SURFACE('',#6255,0.005316);
#149=CYLINDRICAL_SURFACE('',#6257,0.008316);
#150=CYLINDRICAL_SURFACE('',#6258,0.008316);
#151=CYLINDRICAL_SURFACE('',#6259,0.008316);
#152=CYLINDRICAL_SURFACE('',#6260,0.008316);
#153=CYLINDRICAL_SURFACE('',#6261,0.008316);
#154=CYLINDRICAL_SURFACE('',#6262,0.008316);
#155=CYLINDRICAL_SURFACE('',#6263,0.008316);
#156=CYLINDRICAL_SURFACE('',#6264,0.008316);
#157=CYLINDRICAL_SURFACE('',#6270,0.006366);
#158=CYLINDRICAL_SURFACE('',#6272,0.006816);
#159=CYLINDRICAL_SURFACE('',#6289,0.006366);
#160=CYLINDRICAL_SURFACE('',#6291,0.006816);
#161=CYLINDRICAL_SURFACE('',#6293,0.006366);
#162=CYLINDRICAL_SURFACE('',#6295,0.006816);
#163=CYLINDRICAL_SURFACE('',#6297,0.006366);
#164=CYLINDRICAL_SURFACE('',#6299,0.006816);
#165=CYLINDRICAL_SURFACE('',#6301,0.006366);
#166=CYLINDRICAL_SURFACE('',#6303,0.006816);
#167=CYLINDRICAL_SURFACE('',#6305,0.006366);
#168=CYLINDRICAL_SURFACE('',#6307,0.006816);
#169=CYLINDRICAL_SURFACE('',#6309,0.006366);
#170=CYLINDRICAL_SURFACE('',#6311,0.006816);
#171=CYLINDRICAL_SURFACE('',#6319,0.006366);
#172=CYLINDRICAL_SURFACE('',#6320,0.006816);
#173=CYLINDRICAL_SURFACE('',#6326,0.001);
#174=CYLINDRICAL_SURFACE('',#6347,0.001);
#175=CYLINDRICAL_SURFACE('',#6349,0.001);
#176=CYLINDRICAL_SURFACE('',#6351,0.001);
#177=CYLINDRICAL_SURFACE('',#6353,0.001);
#178=CYLINDRICAL_SURFACE('',#6355,0.001);
#179=CYLINDRICAL_SURFACE('',#6357,0.001);
#180=CYLINDRICAL_SURFACE('',#6359,0.001);
#181=CYLINDRICAL_SURFACE('',#6361,0.00125);
#182=CYLINDRICAL_SURFACE('',#6364,0.001);
#183=CYLINDRICAL_SURFACE('',#6373,0.00481226088652932);
#184=CYLINDRICAL_SURFACE('',#6384,0.00198158932153118);
#185=CYLINDRICAL_SURFACE('',#6386,0.00136730452199833);
#186=CYLINDRICAL_SURFACE('',#6388,0.00100749348180344);
#187=CYLINDRICAL_SURFACE('',#6390,0.00104642063621463);
#188=CYLINDRICAL_SURFACE('',#6392,0.00216401731968348);
#189=CYLINDRICAL_SURFACE('',#6394,0.0017892886300317);
#190=CYLINDRICAL_SURFACE('',#6397,0.00233057904755708);
#191=CYLINDRICAL_SURFACE('',#6399,0.0010076576574057);
#192=CYLINDRICAL_SURFACE('',#6401,0.000822199715776243);
#193=CYLINDRICAL_SURFACE('',#6403,0.00140414984605995);
#194=CYLINDRICAL_SURFACE('',#6409,0.00196210831239739);
#195=CYLINDRICAL_SURFACE('',#6411,0.00129335588077011);
#196=CYLINDRICAL_SURFACE('',#6416,0.00213269370014153);
#197=CYLINDRICAL_SURFACE('',#6418,0.0025928310686709);
#198=CYLINDRICAL_SURFACE('',#6426,0.00302687293337678);
#199=CYLINDRICAL_SURFACE('',#6430,0.00807675308849666);
#200=CYLINDRICAL_SURFACE('',#6444,0.0126855469718214);
#201=CYLINDRICAL_SURFACE('',#6449,0.00188621897881909);
#202=CYLINDRICAL_SURFACE('',#6458,0.0023212181659012);
#203=CYLINDRICAL_SURFACE('',#6460,0.0019687179439434);
#204=CYLINDRICAL_SURFACE('',#6462,0.00220985089101667);
#205=CYLINDRICAL_SURFACE('',#6464,0.00222246593305779);
#206=CYLINDRICAL_SURFACE('',#6468,0.000620999658992123);
#207=CYLINDRICAL_SURFACE('',#6472,0.000872850068500057);
#208=CYLINDRICAL_SURFACE('',#6474,0.00215513832912468);
#209=CYLINDRICAL_SURFACE('',#6487,0.000357889036300343);
#210=CYLINDRICAL_SURFACE('',#6490,0.000463804315086088);
#211=CYLINDRICAL_SURFACE('',#6493,0.000449134155454824);
#212=CYLINDRICAL_SURFACE('',#6496,0.000444348062420873);
#213=CYLINDRICAL_SURFACE('',#6499,0.00100649351518765);
#214=CYLINDRICAL_SURFACE('',#6501,0.00103776430886892);
#215=CYLINDRICAL_SURFACE('',#6503,0.000926937617367232);
#216=CYLINDRICAL_SURFACE('',#6505,0.000911076399473764);
#217=CIRCLE('',#6155,0.000911076399473764);
#218=CIRCLE('',#6156,0.000926937617367232);
#219=CIRCLE('',#6157,0.00103776430886892);
#220=CIRCLE('',#6158,0.00100649351518765);
#221=CIRCLE('',#6161,0.00215513832912468);
#222=CIRCLE('',#6162,0.000872850068500057);
#223=CIRCLE('',#6164,0.00222246593305779);
#224=CIRCLE('',#6165,0.00220985089101667);
#225=CIRCLE('',#6166,0.0019687179439434);
#226=CIRCLE('',#6167,0.0023212181659012);
#227=CIRCLE('',#6168,0.00188621897881909);
#228=CIRCLE('',#6171,0.0025928310686709);
#229=CIRCLE('',#6172,0.00213269370014153);
#230=CIRCLE('',#6173,0.00129335588077011);
#231=CIRCLE('',#6174,0.00196210831239739);
#232=CIRCLE('',#6176,0.00140414984605995);
#233=CIRCLE('',#6177,0.000822199715776243);
#234=CIRCLE('',#6178,0.0010076576574057);
#235=CIRCLE('',#6179,0.00233057904755708);
#236=CIRCLE('',#6180,0.0017892886300317);
#237=CIRCLE('',#6181,0.00216401731968348);
#238=CIRCLE('',#6182,0.00104642063621463);
#239=CIRCLE('',#6183,0.00100749348180344);
#240=CIRCLE('',#6184,0.00136730452199833);
#241=CIRCLE('',#6185,0.00198158932153118);
#242=CIRCLE('',#6187,0.00481226088652932);
#243=CIRCLE('',#6189,0.008316);
#244=CIRCLE('',#6190,0.005316);
#245=CIRCLE('',#6191,0.005316);
#246=CIRCLE('',#6192,0.008316);
#247=CIRCLE('',#6194,0.005316);
#248=CIRCLE('',#6195,0.008316);
#249=CIRCLE('',#6196,0.008316);
#250=CIRCLE('',#6197,0.005316);
#251=CIRCLE('',#6199,0.005316);
#252=CIRCLE('',#6200,0.008316);
#253=CIRCLE('',#6201,0.008316);
#254=CIRCLE('',#6202,0.005316);
#255=CIRCLE('',#6204,0.005316);
#256=CIRCLE('',#6205,0.008316);
#257=CIRCLE('',#6206,0.008316);
#258=CIRCLE('',#6207,0.005316);
#259=CIRCLE('',#6209,0.008316);
#260=CIRCLE('',#6210,0.008316);
#261=CIRCLE('',#6211,0.008316);
#262=CIRCLE('',#6212,0.008316);
#263=CIRCLE('',#6213,0.008316);
#264=CIRCLE('',#6214,0.008316);
#265=CIRCLE('',#6215,0.008316);
#266=CIRCLE('',#6216,0.008316);
#267=CIRCLE('',#6217,0.006366);
#268=CIRCLE('',#6218,0.006366);
#269=CIRCLE('',#6219,0.006366);
#270=CIRCLE('',#6220,0.006366);
#271=CIRCLE('',#6221,0.006366);
#272=CIRCLE('',#6222,0.006366);
#273=CIRCLE('',#6223,0.006366);
#274=CIRCLE('',#6224,0.006366);
#275=CIRCLE('',#6225,0.006816);
#276=CIRCLE('',#6226,0.006816);
#277=CIRCLE('',#6227,0.006816);
#278=CIRCLE('',#6228,0.006816);
#279=CIRCLE('',#6229,0.006816);
#280=CIRCLE('',#6230,0.006816);
#281=CIRCLE('',#6231,0.006816);
#282=CIRCLE('',#6232,0.006816);
#283=CIRCLE('',#6233,0.005316);
#284=CIRCLE('',#6234,0.005316);
#285=CIRCLE('',#6235,0.005316);
#286=CIRCLE('',#6236,0.005316);
#287=CIRCLE('',#6237,0.005316);
#288=CIRCLE('',#6238,0.005316);
#289=CIRCLE('',#6239,0.005316);
#290=CIRCLE('',#6240,0.005316);
#291=CIRCLE('',#6256,0.005316);
#292=CIRCLE('',#6271,0.006366);
#293=CIRCLE('',#6273,0.006816);
#294=CIRCLE('',#6286,0.001);
#295=CIRCLE('',#6288,0.001);
#296=CIRCLE('',#6290,0.006366);
#297=CIRCLE('',#6292,0.006816);
#298=CIRCLE('',#6294,0.006366);
#299=CIRCLE('',#6296,0.006816);
#300=CIRCLE('',#6298,0.006366);
#301=CIRCLE('',#6300,0.006816);
#302=CIRCLE('',#6302,0.006366);
#303=CIRCLE('',#6304,0.006816);
#304=CIRCLE('',#6306,0.006366);
#305=CIRCLE('',#6308,0.006816);
#306=CIRCLE('',#6310,0.006366);
#307=CIRCLE('',#6312,0.006816);
#308=CIRCLE('',#6317,0.006816);
#309=CIRCLE('',#6318,0.006366);
#310=CIRCLE('',#6335,0.00125);
#311=CIRCLE('',#6336,0.001);
#312=CIRCLE('',#6337,0.001);
#313=CIRCLE('',#6338,0.001);
#314=CIRCLE('',#6339,0.001);
#315=CIRCLE('',#6340,0.001);
#316=CIRCLE('',#6341,0.001);
#317=CIRCLE('',#6342,0.001);
#318=CIRCLE('',#6343,0.001);
#319=CIRCLE('',#6348,0.001);
#320=CIRCLE('',#6350,0.001);
#321=CIRCLE('',#6352,0.001);
#322=CIRCLE('',#6354,0.001);
#323=CIRCLE('',#6356,0.001);
#324=CIRCLE('',#6358,0.001);
#325=CIRCLE('',#6360,0.001);
#326=CIRCLE('',#6362,0.00125);
#327=CIRCLE('',#6365,0.001);
#328=CIRCLE('',#6374,0.00481226088652932);
#329=CIRCLE('',#6385,0.00198158932153118);
#330=CIRCLE('',#6387,0.00136730452199833);
#331=CIRCLE('',#6389,0.00100749348180344);
#332=CIRCLE('',#6391,0.00104642063621463);
#333=CIRCLE('',#6393,0.00216401731968348);
#334=CIRCLE('',#6395,0.0017892886300317);
#335=CIRCLE('',#6398,0.00233057904755708);
#336=CIRCLE('',#6400,0.0010076576574057);
#337=CIRCLE('',#6402,0.000822199715776243);
#338=CIRCLE('',#6404,0.00140414984605995);
#339=CIRCLE('',#6410,0.00196210831239739);
#340=CIRCLE('',#6412,0.00129335588077011);
#341=CIRCLE('',#6417,0.00213269370014153);
#342=CIRCLE('',#6419,0.0025928310686709);
#343=CIRCLE('',#6427,0.00302687293337678);
#344=CIRCLE('',#6428,0.00302687293337678);
#345=CIRCLE('',#6431,0.00807675308849666);
#346=CIRCLE('',#6432,0.00807675308849666);
#347=CIRCLE('',#6445,0.0126855469718214);
#348=CIRCLE('',#6446,0.0126855469718214);
#349=CIRCLE('',#6450,0.00188621897881909);
#350=CIRCLE('',#6459,0.0023212181659012);
#351=CIRCLE('',#6461,0.0019687179439434);
#352=CIRCLE('',#6463,0.00220985089101667);
#353=CIRCLE('',#6465,0.00222246593305779);
#354=CIRCLE('',#6469,0.000620999658992123);
#355=CIRCLE('',#6470,0.000620999658992123);
#356=CIRCLE('',#6473,0.000872850068500057);
#357=CIRCLE('',#6475,0.00215513832912468);
#358=CIRCLE('',#6488,0.000357889036300343);
#359=CIRCLE('',#6489,0.000357889036300343);
#360=CIRCLE('',#6491,0.000463804315086088);
#361=CIRCLE('',#6492,0.000463804315086088);
#362=CIRCLE('',#6494,0.000449134155454824);
#363=CIRCLE('',#6495,0.000449134155454824);
#364=CIRCLE('',#6497,0.000444348062420873);
#365=CIRCLE('',#6498,0.000444348062420873);
#366=CIRCLE('',#6500,0.00100649351518765);
#367=CIRCLE('',#6502,0.00103776430886892);
#368=CIRCLE('',#6504,0.000926937617367232);
#369=CIRCLE('',#6506,0.000911076399473764);
#370=B_SPLINE_CURVE_WITH_KNOTS('',2,(#7725,#7726,#7727),.UNSPECIFIED.,.F.,
 .F.,(3,3),(0.,1.),.PIECEWISE_BEZIER_KNOTS.);
#371=B_SPLINE_CURVE_WITH_KNOTS('',2,(#7730,#7731,#7732),.UNSPECIFIED.,.F.,
 .F.,(3,3),(0.,1.),.PIECEWISE_BEZIER_KNOTS.);
#372=B_SPLINE_CURVE_WITH_KNOTS('',2,(#7736,#7737,#7738),.UNSPECIFIED.,.F.,
 .F.,(3,3),(0.,1.),.PIECEWISE_BEZIER_KNOTS.);
#373=B_SPLINE_CURVE_WITH_KNOTS('',2,(#7740,#7741,#7742),.UNSPECIFIED.,.F.,
 .F.,(3,3),(0.,1.),.PIECEWISE_BEZIER_KNOTS.);
#374=B_SPLINE_CURVE_WITH_KNOTS('',2,(#7746,#7747,#7748),.UNSPECIFIED.,.F.,
 .F.,(3,3),(0.,1.),.PIECEWISE_BEZIER_KNOTS.);
#375=B_SPLINE_CURVE_WITH_KNOTS('',2,(#7750,#7751,#7752),.UNSPECIFIED.,.F.,
 .F.,(3,3),(0.,1.),.PIECEWISE_BEZIER_KNOTS.);
#376=B_SPLINE_CURVE_WITH_KNOTS('',2,(#7754,#7755,#7756),.UNSPECIFIED.,.F.,
 .F.,(3,3),(0.,1.),.PIECEWISE_BEZIER_KNOTS.);
#377=B_SPLINE_CURVE_WITH_KNOTS('',2,(#7758,#7759,#7760),.UNSPECIFIED.,.F.,
 .F.,(3,3),(0.,1.),.PIECEWISE_BEZIER_KNOTS.);
#378=B_SPLINE_CURVE_WITH_KNOTS('',2,(#7764,#7765,#7766),.UNSPECIFIED.,.F.,
 .F.,(3,3),(0.,1.),.PIECEWISE_BEZIER_KNOTS.);
#379=B_SPLINE_CURVE_WITH_KNOTS('',2,(#7768,#7769,#7770),.UNSPECIFIED.,.F.,
 .F.,(3,3),(0.,1.),.PIECEWISE_BEZIER_KNOTS.);
#380=B_SPLINE_CURVE_WITH_KNOTS('',2,(#7774,#7775,#7776),.UNSPECIFIED.,.F.,
 .F.,(3,3),(0.,1.),.PIECEWISE_BEZIER_KNOTS.);
#381=B_SPLINE_CURVE_WITH_KNOTS('',2,(#7778,#7779,#7780),.UNSPECIFIED.,.F.,
 .F.,(3,3),(0.,1.),.PIECEWISE_BEZIER_KNOTS.);
#382=B_SPLINE_CURVE_WITH_KNOTS('',2,(#7815,#7816,#7817),.UNSPECIFIED.,.F.,
 .F.,(3,3),(0.,1.),.PIECEWISE_BEZIER_KNOTS.);
#383=B_SPLINE_CURVE_WITH_KNOTS('',2,(#7820,#7821,#7822),.UNSPECIFIED.,.F.,
 .F.,(3,3),(0.,1.),.PIECEWISE_BEZIER_KNOTS.);
#384=B_SPLINE_CURVE_WITH_KNOTS('',2,(#7824,#7825,#7826),.UNSPECIFIED.,.F.,
 .F.,(3,3),(0.,1.),.PIECEWISE_BEZIER_KNOTS.);
#385=B_SPLINE_CURVE_WITH_KNOTS('',2,(#7832,#7833,#7834),.UNSPECIFIED.,.F.,
 .F.,(3,3),(0.,1.),.PIECEWISE_BEZIER_KNOTS.);
#386=B_SPLINE_CURVE_WITH_KNOTS('',2,(#7838,#7839,#7840),.UNSPECIFIED.,.F.,
 .F.,(3,3),(0.,1.),.PIECEWISE_BEZIER_KNOTS.);
#387=B_SPLINE_CURVE_WITH_KNOTS('',2,(#7844,#7845,#7846),.UNSPECIFIED.,.F.,
 .F.,(3,3),(0.,1.),.PIECEWISE_BEZIER_KNOTS.);
#388=B_SPLINE_CURVE_WITH_KNOTS('',2,(#7848,#7849,#7850),.UNSPECIFIED.,.F.,
 .F.,(3,3),(0.,1.),.PIECEWISE_BEZIER_KNOTS.);
#389=B_SPLINE_CURVE_WITH_KNOTS('',2,(#7852,#7853,#7854),.UNSPECIFIED.,.F.,
 .F.,(3,3),(0.,1.),.PIECEWISE_BEZIER_KNOTS.);
#390=B_SPLINE_CURVE_WITH_KNOTS('',2,(#7856,#7857,#7858),.UNSPECIFIED.,.F.,
 .F.,(3,3),(0.,1.),.PIECEWISE_BEZIER_KNOTS.);
#391=B_SPLINE_CURVE_WITH_KNOTS('',2,(#7860,#7861,#7862),.UNSPECIFIED.,.F.,
 .F.,(3,3),(0.,1.),.PIECEWISE_BEZIER_KNOTS.);
#392=B_SPLINE_CURVE_WITH_KNOTS('',2,(#7864,#7865,#7866),.UNSPECIFIED.,.F.,
 .F.,(3,3),(0.,1.),.PIECEWISE_BEZIER_KNOTS.);
#393=B_SPLINE_CURVE_WITH_KNOTS('',2,(#7868,#7869,#7870),.UNSPECIFIED.,.F.,
 .F.,(3,3),(0.,1.),.PIECEWISE_BEZIER_KNOTS.);
#394=B_SPLINE_CURVE_WITH_KNOTS('',2,(#7872,#7873,#7874),.UNSPECIFIED.,.F.,
 .F.,(3,3),(0.,1.),.PIECEWISE_BEZIER_KNOTS.);
#395=B_SPLINE_CURVE_WITH_KNOTS('',2,(#7884,#7885,#7886),.UNSPECIFIED.,.F.,
 .F.,(3,3),(0.,1.),.PIECEWISE_BEZIER_KNOTS.);
#396=B_SPLINE_CURVE_WITH_KNOTS('',2,(#7889,#7890,#7891),.UNSPECIFIED.,.F.,
 .F.,(3,3),(0.,1.),.PIECEWISE_BEZIER_KNOTS.);
#397=B_SPLINE_CURVE_WITH_KNOTS('',2,(#7893,#7894,#7895),.UNSPECIFIED.,.F.,
 .F.,(3,3),(0.,1.),.PIECEWISE_BEZIER_KNOTS.);
#398=B_SPLINE_CURVE_WITH_KNOTS('',2,(#7897,#7898,#7899),.UNSPECIFIED.,.F.,
 .F.,(3,3),(0.,1.),.PIECEWISE_BEZIER_KNOTS.);
#399=B_SPLINE_CURVE_WITH_KNOTS('',2,(#7901,#7902,#7903),.UNSPECIFIED.,.F.,
 .F.,(3,3),(0.,1.),.PIECEWISE_BEZIER_KNOTS.);
#400=B_SPLINE_CURVE_WITH_KNOTS('',2,(#7911,#7912,#7913),.UNSPECIFIED.,.F.,
 .F.,(3,3),(0.,1.),.PIECEWISE_BEZIER_KNOTS.);
#401=B_SPLINE_CURVE_WITH_KNOTS('',2,(#7915,#7916,#7917),.UNSPECIFIED.,.F.,
 .F.,(3,3),(0.,1.),.PIECEWISE_BEZIER_KNOTS.);
#402=B_SPLINE_CURVE_WITH_KNOTS('',2,(#7980,#7981,#7982),.UNSPECIFIED.,.F.,
 .F.,(3,3),(0.,1.),.PIECEWISE_BEZIER_KNOTS.);
#403=B_SPLINE_CURVE_WITH_KNOTS('',2,(#7985,#7986,#7987),.UNSPECIFIED.,.F.,
 .F.,(3,3),(0.,1.),.PIECEWISE_BEZIER_KNOTS.);
#404=B_SPLINE_CURVE_WITH_KNOTS('',2,(#7991,#7992,#7993),.UNSPECIFIED.,.F.,
 .F.,(3,3),(0.,1.),.PIECEWISE_BEZIER_KNOTS.);
#405=B_SPLINE_CURVE_WITH_KNOTS('',2,(#7995,#7996,#7997),.UNSPECIFIED.,.F.,
 .F.,(3,3),(0.,1.),.PIECEWISE_BEZIER_KNOTS.);
#406=B_SPLINE_CURVE_WITH_KNOTS('',2,(#7999,#8000,#8001),.UNSPECIFIED.,.F.,
 .F.,(3,3),(0.,1.),.PIECEWISE_BEZIER_KNOTS.);
#407=B_SPLINE_CURVE_WITH_KNOTS('',2,(#8003,#8004,#8005),.UNSPECIFIED.,.F.,
 .F.,(3,3),(0.,1.),.PIECEWISE_BEZIER_KNOTS.);
#408=B_SPLINE_CURVE_WITH_KNOTS('',2,(#8007,#8008,#8009),.UNSPECIFIED.,.F.,
 .F.,(3,3),(0.,1.),.PIECEWISE_BEZIER_KNOTS.);
#409=B_SPLINE_CURVE_WITH_KNOTS('',2,(#8017,#8018,#8019),.UNSPECIFIED.,.F.,
 .F.,(3,3),(0.,1.),.PIECEWISE_BEZIER_KNOTS.);
#410=B_SPLINE_CURVE_WITH_KNOTS('',2,(#8021,#8022,#8023),.UNSPECIFIED.,.F.,
 .F.,(3,3),(0.,1.),.PIECEWISE_BEZIER_KNOTS.);
#411=B_SPLINE_CURVE_WITH_KNOTS('',2,(#8025,#8026,#8027),.UNSPECIFIED.,.F.,
 .F.,(3,3),(0.,1.),.PIECEWISE_BEZIER_KNOTS.);
#412=B_SPLINE_CURVE_WITH_KNOTS('',2,(#8029,#8030,#8031),.UNSPECIFIED.,.F.,
 .F.,(3,3),(0.,1.),.PIECEWISE_BEZIER_KNOTS.);
#413=B_SPLINE_CURVE_WITH_KNOTS('',2,(#8039,#8040,#8041),.UNSPECIFIED.,.F.,
 .F.,(3,3),(0.,1.),.PIECEWISE_BEZIER_KNOTS.);
#414=B_SPLINE_CURVE_WITH_KNOTS('',2,(#8043,#8044,#8045),.UNSPECIFIED.,.F.,
 .F.,(3,3),(0.,1.),.PIECEWISE_BEZIER_KNOTS.);
#415=B_SPLINE_CURVE_WITH_KNOTS('',2,(#8047,#8048,#8049),.UNSPECIFIED.,.F.,
 .F.,(3,3),(0.,1.),.PIECEWISE_BEZIER_KNOTS.);
#416=B_SPLINE_CURVE_WITH_KNOTS('',2,(#8057,#8058,#8059),.UNSPECIFIED.,.F.,
 .F.,(3,3),(0.,1.),.PIECEWISE_BEZIER_KNOTS.);
#417=B_SPLINE_CURVE_WITH_KNOTS('',2,(#8061,#8062,#8063),.UNSPECIFIED.,.F.,
 .F.,(3,3),(0.,1.),.PIECEWISE_BEZIER_KNOTS.);
#418=B_SPLINE_CURVE_WITH_KNOTS('',2,(#8065,#8066,#8067),.UNSPECIFIED.,.F.,
 .F.,(3,3),(0.,1.),.PIECEWISE_BEZIER_KNOTS.);
#419=B_SPLINE_CURVE_WITH_KNOTS('',2,(#8086,#8087,#8088),.UNSPECIFIED.,.F.,
 .F.,(3,3),(0.,1.),.PIECEWISE_BEZIER_KNOTS.);
#420=B_SPLINE_CURVE_WITH_KNOTS('',2,(#8094,#8095,#8096),.UNSPECIFIED.,.F.,
 .F.,(3,3),(0.,1.),.PIECEWISE_BEZIER_KNOTS.);
#421=B_SPLINE_CURVE_WITH_KNOTS('',2,(#8098,#8099,#8100),.UNSPECIFIED.,.F.,
 .F.,(3,3),(0.,1.),.PIECEWISE_BEZIER_KNOTS.);
#422=B_SPLINE_CURVE_WITH_KNOTS('',2,(#8108,#8109,#8110),.UNSPECIFIED.,.F.,
 .F.,(3,3),(0.,1.),.PIECEWISE_BEZIER_KNOTS.);
#423=B_SPLINE_CURVE_WITH_KNOTS('',2,(#8116,#8117,#8118),.UNSPECIFIED.,.F.,
 .F.,(3,3),(0.,1.),.PIECEWISE_BEZIER_KNOTS.);
#424=B_SPLINE_CURVE_WITH_KNOTS('',2,(#8128,#8129,#8130),.UNSPECIFIED.,.F.,
 .F.,(3,3),(0.,1.),.PIECEWISE_BEZIER_KNOTS.);
#425=B_SPLINE_CURVE_WITH_KNOTS('',3,(#8171,#8172,#8173,#8174),
 .UNSPECIFIED.,.F.,.F.,(4,4),(0.,1.),.UNSPECIFIED.);
#426=B_SPLINE_CURVE_WITH_KNOTS('',3,(#8176,#8177,#8178,#8179),
 .UNSPECIFIED.,.F.,.F.,(4,4),(2.12511650637959E-10,0.0037309333189037),
 .UNSPECIFIED.);
#427=B_SPLINE_CURVE_WITH_KNOTS('',3,(#8187,#8188,#8189,#8190),
 .UNSPECIFIED.,.F.,.F.,(4,4),(0.,0.00373093310639206),.UNSPECIFIED.);
#428=B_SPLINE_CURVE_WITH_KNOTS('',3,(#8192,#8193,#8194,#8195),
 .UNSPECIFIED.,.F.,.F.,(4,4),(0.,1.),.UNSPECIFIED.);
#429=B_SPLINE_CURVE_WITH_KNOTS('',3,(#8202,#8203,#8204,#8205),
 .UNSPECIFIED.,.F.,.F.,(4,4),(0.,0.00373093331892009),.UNSPECIFIED.);
#430=B_SPLINE_CURVE_WITH_KNOTS('',3,(#8207,#8208,#8209,#8210),
 .UNSPECIFIED.,.F.,.F.,(4,4),(0.,1.),.UNSPECIFIED.);
#431=B_SPLINE_CURVE_WITH_KNOTS('',3,(#8215,#8216,#8217,#8218),
 .UNSPECIFIED.,.F.,.F.,(4,4),(0.,1.),.UNSPECIFIED.);
#432=B_SPLINE_CURVE_WITH_KNOTS('',3,(#8220,#8221,#8222,#8223),
 .UNSPECIFIED.,.F.,.F.,(4,4),(0.,0.00373093331890371),.UNSPECIFIED.);
#433=B_SPLINE_CURVE_WITH_KNOTS('',3,(#8232,#8233,#8234,#8235),
 .UNSPECIFIED.,.F.,.F.,(4,4),(0.,0.0037309333189201),.UNSPECIFIED.);
#434=B_SPLINE_CURVE_WITH_KNOTS('',3,(#8237,#8238,#8239,#8240),
 .UNSPECIFIED.,.F.,.F.,(4,4),(0.,1.),.UNSPECIFIED.);
#435=B_SPLINE_CURVE_WITH_KNOTS('',3,(#8245,#8246,#8247,#8248),
 .UNSPECIFIED.,.F.,.F.,(4,4),(0.,1.),.UNSPECIFIED.);
#436=B_SPLINE_CURVE_WITH_KNOTS('',3,(#8250,#8251,#8252,#8253),
 .UNSPECIFIED.,.F.,.F.,(4,4),(0.,0.00373093331890369),.UNSPECIFIED.);
#437=B_SPLINE_CURVE_WITH_KNOTS('',3,(#8262,#8263,#8264,#8265),
 .UNSPECIFIED.,.F.,.F.,(4,4),(0.,0.00373093331892008),.UNSPECIFIED.);
#438=B_SPLINE_CURVE_WITH_KNOTS('',3,(#8267,#8268,#8269,#8270),
 .UNSPECIFIED.,.F.,.F.,(4,4),(0.,1.),.UNSPECIFIED.);
#439=B_SPLINE_CURVE_WITH_KNOTS('',3,(#8275,#8276,#8277,#8278),
 .UNSPECIFIED.,.F.,.F.,(4,4),(0.,1.),.UNSPECIFIED.);
#440=B_SPLINE_CURVE_WITH_KNOTS('',3,(#8280,#8281,#8282,#8283),
 .UNSPECIFIED.,.F.,.F.,(4,4),(2.12528016886593E-10,0.00373093331892011),
 .UNSPECIFIED.);
#441=B_SPLINE_CURVE_WITH_KNOTS('',3,(#8446,#8447,#8448,#8449),
 .UNSPECIFIED.,.F.,.F.,(4,4),(0.,0.00588155759996367),.UNSPECIFIED.);
#442=B_SPLINE_CURVE_WITH_KNOTS('',3,(#8451,#8452,#8453,#8454),
 .UNSPECIFIED.,.F.,.F.,(4,4),(3.46944695195361E-18,0.00418058215202216),
 .UNSPECIFIED.);
#443=B_SPLINE_CURVE_WITH_KNOTS('',3,(#8456,#8457,#8458,#8459),
 .UNSPECIFIED.,.F.,.F.,(4,4),(0.,0.00418058214660211),.UNSPECIFIED.);
#444=B_SPLINE_CURVE_WITH_KNOTS('',3,(#8461,#8462,#8463,#8464),
 .UNSPECIFIED.,.F.,.F.,(4,4),(0.,0.00588250554937031),.UNSPECIFIED.);
#445=B_SPLINE_CURVE_WITH_KNOTS('',3,(#8466,#8467,#8468,#8469),
 .UNSPECIFIED.,.F.,.F.,(4,4),(0.,0.00588155760290919),.UNSPECIFIED.);
#446=B_SPLINE_CURVE_WITH_KNOTS('',3,(#8471,#8472,#8473,#8474),
 .UNSPECIFIED.,.F.,.F.,(4,4),(0.,0.00418058214626668),.UNSPECIFIED.);
#447=B_SPLINE_CURVE_WITH_KNOTS('',3,(#8476,#8477,#8478,#8479),
 .UNSPECIFIED.,.F.,.F.,(4,4),(5.20417042793042E-18,0.00418058214626666),
 .UNSPECIFIED.);
#448=B_SPLINE_CURVE_WITH_KNOTS('',3,(#8481,#8482,#8483,#8484),
 .UNSPECIFIED.,.F.,.F.,(4,4),(0.,0.00588250555210298),.UNSPECIFIED.);
#449=B_SPLINE_CURVE_WITH_KNOTS('',3,(#8486,#8487,#8488,#8489),
 .UNSPECIFIED.,.F.,.F.,(4,4),(0.,0.00588155759996369),.UNSPECIFIED.);
#450=B_SPLINE_CURVE_WITH_KNOTS('',3,(#8491,#8492,#8493,#8494),
 .UNSPECIFIED.,.F.,.F.,(4,4),(0.,0.00418058214660209),.UNSPECIFIED.);
#451=B_SPLINE_CURVE_WITH_KNOTS('',3,(#8496,#8497,#8498,#8499),
 .UNSPECIFIED.,.F.,.F.,(4,4),(1.73472347597681E-18,0.00418058214626663),
 .UNSPECIFIED.);
#452=B_SPLINE_CURVE_WITH_KNOTS('',3,(#8501,#8502,#8503,#8504),
 .UNSPECIFIED.,.F.,.F.,(4,4),(0.,0.00588250555210293),.UNSPECIFIED.);
#453=B_SPLINE_CURVE_WITH_KNOTS('',3,(#8506,#8507,#8508,#8509),
 .UNSPECIFIED.,.F.,.F.,(4,4),(0.,0.00588155759996366),.UNSPECIFIED.);
#454=B_SPLINE_CURVE_WITH_KNOTS('',3,(#8511,#8512,#8513,#8514),
 .UNSPECIFIED.,.F.,.F.,(4,4),(0.,0.00418058214660207),.UNSPECIFIED.);
#455=B_SPLINE_CURVE_WITH_KNOTS('',3,(#8516,#8517,#8518,#8519),
 .UNSPECIFIED.,.F.,.F.,(4,4),(3.46944695195361E-18,0.00418058215189819),
 .UNSPECIFIED.);
#456=B_SPLINE_CURVE_WITH_KNOTS('',3,(#8521,#8522,#8523,#8524),
 .UNSPECIFIED.,.F.,.F.,(4,4),(0.,0.00588250555210301),.UNSPECIFIED.);
#457=B_SPLINE_CURVE_WITH_KNOTS('',3,(#8710,#8711,#8712,#8713),
 .UNSPECIFIED.,.F.,.F.,(4,4),(0.,0.00242021362476526),.UNSPECIFIED.);
#458=B_SPLINE_CURVE_WITH_KNOTS('',3,(#8716,#8717,#8718,#8719),
 .UNSPECIFIED.,.F.,.F.,(4,4),(0.,0.00529986641370633),.UNSPECIFIED.);
#459=B_SPLINE_CURVE_WITH_KNOTS('',3,(#8737,#8738,#8739,#8740),
 .UNSPECIFIED.,.F.,.F.,(4,4),(0.,0.00237414884472068),.UNSPECIFIED.);
#460=B_SPLINE_CURVE_WITH_KNOTS('',3,(#8742,#8743,#8744,#8745),
 .UNSPECIFIED.,.F.,.F.,(4,4),(1.73472347597681E-18,3.26806266042488E-5),
 .UNSPECIFIED.);
#461=B_SPLINE_CURVE_WITH_KNOTS('',3,(#8746,#8747,#8748,#8749),
 .UNSPECIFIED.,.F.,.F.,(4,4),(0.,1.),.UNSPECIFIED.);
#462=B_SPLINE_CURVE_WITH_KNOTS('',3,(#8764,#8765,#8766,#8767),
 .UNSPECIFIED.,.F.,.F.,(4,4),(0.000500460388541433,1.),.UNSPECIFIED.);
#463=B_SPLINE_CURVE_WITH_KNOTS('',3,(#8772,#8773,#8774,#8775,#8776),
 .UNSPECIFIED.,.F.,.F.,(4,1,4),(2.87613804218382E-16,0.00247963796545359,
0.0049592759309069),.UNSPECIFIED.);
#464=B_SPLINE_CURVE_WITH_KNOTS('',3,(#8813,#8814,#8815,#8816),
 .UNSPECIFIED.,.F.,.F.,(4,4),(0.,1.),.UNSPECIFIED.);
#465=B_SPLINE_CURVE_WITH_KNOTS('',3,(#8820,#8821,#8822,#8823,#8824),
 .UNSPECIFIED.,.F.,.F.,(4,1,4),(3.46944695195361E-18,0.00247923320436028,
0.00495846640872056),.UNSPECIFIED.);
#466=B_SPLINE_CURVE_WITH_KNOTS('',3,(#8844,#8845,#8846,#8847),
 .UNSPECIFIED.,.F.,.F.,(4,4),(5.20417042793042E-18,3.26806266042566E-5),
 .UNSPECIFIED.);
#467=B_SPLINE_CURVE_WITH_KNOTS('',3,(#8849,#8850,#8851,#8852),
 .UNSPECIFIED.,.F.,.F.,(4,4),(-1.52700714166622E-6,0.0023726216365508),
 .UNSPECIFIED.);
#468=B_SPLINE_CURVE_WITH_KNOTS('',3,(#8853,#8854,#8855,#8856),
 .UNSPECIFIED.,.F.,.F.,(4,4),(0.,1.),.UNSPECIFIED.);
#469=B_SPLINE_CURVE_WITH_KNOTS('',3,(#8871,#8872,#8873,#8874),
 .UNSPECIFIED.,.F.,.F.,(4,4),(0.,0.0024202079691587),.UNSPECIFIED.);
#470=B_SPLINE_CURVE_WITH_KNOTS('',3,(#8875,#8876,#8877,#8878),
 .UNSPECIFIED.,.F.,.F.,(4,4),(2.17815834974368E-7,0.00530128495343276),
 .UNSPECIFIED.);
#471=B_SPLINE_CURVE_WITH_KNOTS('',3,(#8906,#8907,#8908,#8909),
 .UNSPECIFIED.,.F.,.F.,(4,4),(0.00050046039732307,1.),.UNSPECIFIED.);
#472=B_SPLINE_CURVE_WITH_KNOTS('',3,(#8913,#8914,#8915,#8916,#8917),
 .UNSPECIFIED.,.F.,.F.,(4,1,4),(4.03919661232637E-16,0.00247963795070855,
0.00495927590141669),.UNSPECIFIED.);
#473=B_SPLINE_CURVE_WITH_KNOTS('',3,(#8934,#8935,#8936,#8937),
 .UNSPECIFIED.,.F.,.F.,(4,4),(0.,0.00237414884472965),.UNSPECIFIED.);
#474=B_SPLINE_CURVE_WITH_KNOTS('',3,(#8939,#8940,#8941,#8942),
 .UNSPECIFIED.,.F.,.F.,(4,4),(1.78811203067275E-18,3.26806266042543E-5),
 .UNSPECIFIED.);
#475=B_SPLINE_CURVE_WITH_KNOTS('',3,(#8946,#8947,#8948,#8949),
 .UNSPECIFIED.,.F.,.F.,(4,4),(0.,1.),.UNSPECIFIED.);
#476=B_SPLINE_CURVE_WITH_KNOTS('',3,(#8964,#8965,#8966,#8967),
 .UNSPECIFIED.,.F.,.F.,(4,4),(0.,0.00242021362476536),.UNSPECIFIED.);
#477=B_SPLINE_CURVE_WITH_KNOTS('',3,(#8970,#8971,#8972,#8973),
 .UNSPECIFIED.,.F.,.F.,(4,4),(0.,0.00529986641380187),.UNSPECIFIED.);
#478=B_SPLINE_CURVE_WITH_KNOTS('',3,(#8988,#8989,#8990,#8991),
 .UNSPECIFIED.,.F.,.F.,(4,4),(0.,0.00242020796915857),.UNSPECIFIED.);
#479=B_SPLINE_CURVE_WITH_KNOTS('',3,(#8995,#8996,#8997,#8998),
 .UNSPECIFIED.,.F.,.F.,(4,4),(2.17815646184764E-7,0.00530128495333708),
 .UNSPECIFIED.);
#480=B_SPLINE_CURVE_WITH_KNOTS('',3,(#9013,#9014,#9015,#9016),
 .UNSPECIFIED.,.F.,.F.,(4,4),(0.,3.26806266042564E-5),.UNSPECIFIED.);
#481=B_SPLINE_CURVE_WITH_KNOTS('',3,(#9018,#9019,#9020,#9021),
 .UNSPECIFIED.,.F.,.F.,(4,4),(-1.52700714180709E-6,0.00237262163673312),
 .UNSPECIFIED.);
#482=B_SPLINE_CURVE_WITH_KNOTS('',3,(#9025,#9026,#9027,#9028),
 .UNSPECIFIED.,.F.,.F.,(4,4),(4.66416733462092E-7,1.),.UNSPECIFIED.);
#483=B_SPLINE_CURVE_WITH_KNOTS('',3,(#9045,#9046,#9047,#9048),
 .UNSPECIFIED.,.F.,.F.,(4,4),(0.,1.),.UNSPECIFIED.);
#484=B_SPLINE_CURVE_WITH_KNOTS('',3,(#9049,#9050,#9051,#9052,#9053),
 .UNSPECIFIED.,.F.,.F.,(4,1,4),(1.43311678859634E-17,0.00247923321777155,
0.00495846643554309),.UNSPECIFIED.);
#485=B_SPLINE_CURVE_WITH_KNOTS('',3,(#9092,#9093,#9094,#9095),
 .UNSPECIFIED.,.F.,.F.,(4,4),(0.000162532232431029,1.),.UNSPECIFIED.);
#486=B_SPLINE_CURVE_WITH_KNOTS('',3,(#9099,#9100,#9101,#9102,#9103),
 .UNSPECIFIED.,.F.,.F.,(4,1,4),(4.06410823458249E-16,0.00247963795370701,
0.00495927590741362),.UNSPECIFIED.);
#487=B_SPLINE_CURVE_WITH_KNOTS('',3,(#9120,#9121,#9122,#9123),
 .UNSPECIFIED.,.F.,.F.,(4,4),(0.,0.00237414884472962),.UNSPECIFIED.);
#488=B_SPLINE_CURVE_WITH_KNOTS('',3,(#9125,#9126,#9127,#9128),
 .UNSPECIFIED.,.F.,.F.,(4,4),(0.,3.26806266042584E-5),.UNSPECIFIED.);
#489=B_SPLINE_CURVE_WITH_KNOTS('',3,(#9132,#9133,#9134,#9135),
 .UNSPECIFIED.,.F.,.F.,(4,4),(0.,1.),.UNSPECIFIED.);
#490=B_SPLINE_CURVE_WITH_KNOTS('',3,(#9150,#9151,#9152,#9153),
 .UNSPECIFIED.,.F.,.F.,(4,4),(0.,0.00242021362476521),.UNSPECIFIED.);
#491=B_SPLINE_CURVE_WITH_KNOTS('',3,(#9156,#9157,#9158,#9159),
 .UNSPECIFIED.,.F.,.F.,(4,4),(0.,0.00529986641380189),.UNSPECIFIED.);
#492=B_SPLINE_CURVE_WITH_KNOTS('',3,(#9174,#9175,#9176,#9177),
 .UNSPECIFIED.,.F.,.F.,(4,4),(0.,0.00242020796915871),.UNSPECIFIED.);
#493=B_SPLINE_CURVE_WITH_KNOTS('',3,(#9181,#9182,#9183,#9184),
 .UNSPECIFIED.,.F.,.F.,(4,4),(6.61518045294191E-7,0.00530128495333696),
 .UNSPECIFIED.);
#494=B_SPLINE_CURVE_WITH_KNOTS('',3,(#9199,#9200,#9201,#9202),
 .UNSPECIFIED.,.F.,.F.,(4,4),(0.,3.2680626604261E-5),.UNSPECIFIED.);
#495=B_SPLINE_CURVE_WITH_KNOTS('',3,(#9204,#9205,#9206,#9207),
 .UNSPECIFIED.,.F.,.F.,(4,4),(-1.5270071413038E-6,0.00237262163673364),
 .UNSPECIFIED.);
#496=B_SPLINE_CURVE_WITH_KNOTS('',3,(#9211,#9212,#9213,#9214),
 .UNSPECIFIED.,.F.,.F.,(4,4),(4.66416728351493E-7,1.),.UNSPECIFIED.);
#497=B_SPLINE_CURVE_WITH_KNOTS('',3,(#9231,#9232,#9233,#9234),
 .UNSPECIFIED.,.F.,.F.,(4,4),(0.,1.),.UNSPECIFIED.);
#498=B_SPLINE_CURVE_WITH_KNOTS('',3,(#9235,#9236,#9237,#9238,#9239),
 .UNSPECIFIED.,.F.,.F.,(4,1,4),(0.,0.00247923321329048,0.00495846642658097),
 .UNSPECIFIED.);
#499=B_SPLINE_CURVE_WITH_KNOTS('',3,(#9267,#9268,#9269,#9270),
 .UNSPECIFIED.,.F.,.F.,(4,4),(0.,1.),.UNSPECIFIED.);
#500=B_SPLINE_CURVE_WITH_KNOTS('',3,(#9274,#9275,#9276,#9277,#9278),
 .UNSPECIFIED.,.F.,.F.,(4,1,4),(1.73472347597681E-18,0.0024792332222608,
0.00495846644452161),.UNSPECIFIED.);
#501=B_SPLINE_CURVE_WITH_KNOTS('',3,(#9317,#9318,#9319,#9320),
 .UNSPECIFIED.,.F.,.F.,(4,4),(0.000500460397282009,1.),.UNSPECIFIED.);
#502=B_SPLINE_CURVE_WITH_KNOTS('',3,(#9324,#9325,#9326,#9327,#9328),
 .UNSPECIFIED.,.F.,.F.,(4,1,4),(4.05751042295876E-16,0.00247963794765136,
0.00495927589530231),.UNSPECIFIED.);
#503=B_SPLINE_CURVE_WITH_KNOTS('',3,(#9345,#9346,#9347,#9348),
 .UNSPECIFIED.,.F.,.F.,(4,4),(0.,0.00237414884472962),.UNSPECIFIED.);
#504=B_SPLINE_CURVE_WITH_KNOTS('',3,(#9350,#9351,#9352,#9353),
 .UNSPECIFIED.,.F.,.F.,(4,4),(3.46944695195361E-18,3.26806266042632E-5),
 .UNSPECIFIED.);
#505=B_SPLINE_CURVE_WITH_KNOTS('',3,(#9357,#9358,#9359,#9360),
 .UNSPECIFIED.,.F.,.F.,(4,4),(0.,1.),.UNSPECIFIED.);
#506=B_SPLINE_CURVE_WITH_KNOTS('',3,(#9375,#9376,#9377,#9378),
 .UNSPECIFIED.,.F.,.F.,(4,4),(0.,0.00242021362476518),.UNSPECIFIED.);
#507=B_SPLINE_CURVE_WITH_KNOTS('',3,(#9381,#9382,#9383,#9384),
 .UNSPECIFIED.,.F.,.F.,(4,4),(0.,0.00529986641380187),.UNSPECIFIED.);
#508=B_SPLINE_CURVE_WITH_KNOTS('',3,(#9399,#9400,#9401,#9402),
 .UNSPECIFIED.,.F.,.F.,(4,4),(0.,0.00242020796915873),.UNSPECIFIED.);
#509=B_SPLINE_CURVE_WITH_KNOTS('',3,(#9406,#9407,#9408,#9409),
 .UNSPECIFIED.,.F.,.F.,(4,4),(2.17815646193246E-7,0.00530128495333699),
 .UNSPECIFIED.);
#510=B_SPLINE_CURVE_WITH_KNOTS('',3,(#9424,#9425,#9426,#9427),
 .UNSPECIFIED.,.F.,.F.,(4,4),(1.73472347597681E-18,3.26806266042582E-5),
 .UNSPECIFIED.);
#511=B_SPLINE_CURVE_WITH_KNOTS('',3,(#9429,#9430,#9431,#9432),
 .UNSPECIFIED.,.F.,.F.,(4,4),(-1.52700714181849E-6,0.00237262163673314),
 .UNSPECIFIED.);
#512=B_SPLINE_CURVE_WITH_KNOTS('',3,(#9433,#9434,#9435,#9436),
 .UNSPECIFIED.,.F.,.F.,(4,4),(4.66416723621661E-7,1.),.UNSPECIFIED.);
#513=B_SPLINE_CURVE_WITH_KNOTS('',3,(#9442,#9443,#9444,#9445),
 .UNSPECIFIED.,.F.,.F.,(4,4),(0.00131968150282626,0.00519101707004816),
 .UNSPECIFIED.);
#514=B_SPLINE_CURVE_WITH_KNOTS('',3,(#9448,#9449,#9450,#9451),
 .UNSPECIFIED.,.F.,.F.,(4,4),(0.,0.00286427609070141),.UNSPECIFIED.);
#515=B_SPLINE_CURVE_WITH_KNOTS('',3,(#9453,#9454,#9455,#9456),
 .UNSPECIFIED.,.F.,.F.,(4,4),(0.,0.00286427604897702),.UNSPECIFIED.);
#516=B_SPLINE_CURVE_WITH_KNOTS('',3,(#9458,#9459,#9460,#9461),
 .UNSPECIFIED.,.F.,.F.,(4,4),(0.,0.00387133588733061),.UNSPECIFIED.);
#517=B_SPLINE_CURVE_WITH_KNOTS('',3,(#9465,#9466,#9467,#9468),
 .UNSPECIFIED.,.F.,.F.,(4,4),(0.00131968150283403,0.00519101707010221),
 .UNSPECIFIED.);
#518=B_SPLINE_CURVE_WITH_KNOTS('',3,(#9470,#9471,#9472,#9473),
 .UNSPECIFIED.,.F.,.F.,(4,4),(0.,0.00286427609077676),.UNSPECIFIED.);
#519=B_SPLINE_CURVE_WITH_KNOTS('',3,(#9475,#9476,#9477,#9478),
 .UNSPECIFIED.,.F.,.F.,(4,4),(4.61009087360184E-18,0.00286427604894523),
 .UNSPECIFIED.);
#520=B_SPLINE_CURVE_WITH_KNOTS('',3,(#9480,#9481,#9482,#9483),
 .UNSPECIFIED.,.F.,.F.,(4,4),(0.,0.00387133588734489),.UNSPECIFIED.);
#521=B_SPLINE_CURVE_WITH_KNOTS('',3,(#9487,#9488,#9489,#9490),
 .UNSPECIFIED.,.F.,.F.,(4,4),(0.00131968150282667,0.00519101707004835),
 .UNSPECIFIED.);
#522=B_SPLINE_CURVE_WITH_KNOTS('',3,(#9492,#9493,#9494,#9495),
 .UNSPECIFIED.,.F.,.F.,(4,4),(0.,0.00286427609070145),.UNSPECIFIED.);
#523=B_SPLINE_CURVE_WITH_KNOTS('',3,(#9497,#9498,#9499,#9500),
 .UNSPECIFIED.,.F.,.F.,(4,4),(0.,0.00286427604894526),.UNSPECIFIED.);
#524=B_SPLINE_CURVE_WITH_KNOTS('',3,(#9502,#9503,#9504,#9505),
 .UNSPECIFIED.,.F.,.F.,(4,4),(0.,0.0038713358873448),.UNSPECIFIED.);
#525=B_SPLINE_CURVE_WITH_KNOTS('',3,(#9509,#9510,#9511,#9512),
 .UNSPECIFIED.,.F.,.F.,(4,4),(0.00131968150282645,0.00519101707004821),
 .UNSPECIFIED.);
#526=B_SPLINE_CURVE_WITH_KNOTS('',3,(#9514,#9515,#9516,#9517),
 .UNSPECIFIED.,.F.,.F.,(4,4),(4.47028007668187E-18,0.00286427609070146),
 .UNSPECIFIED.);
#527=B_SPLINE_CURVE_WITH_KNOTS('',3,(#9519,#9520,#9521,#9522),
 .UNSPECIFIED.,.F.,.F.,(4,4),(4.66766349428497E-17,0.0028642760489452),
 .UNSPECIFIED.);
#528=B_SPLINE_CURVE_WITH_KNOTS('',3,(#9524,#9525,#9526,#9527),
 .UNSPECIFIED.,.F.,.F.,(4,4),(0.,0.00387133588734475),.UNSPECIFIED.);
#529=B_SPLINE_CURVE_WITH_KNOTS('',3,(#9551,#9552,#9553,#9554,#9555),
 .UNSPECIFIED.,.F.,.F.,(4,1,4),(3.03413004569201E-16,0.000741260972313459,
0.00148252194462661),.UNSPECIFIED.);
#530=B_SPLINE_CURVE_WITH_KNOTS('',3,(#9557,#9558,#9559,#9560,#9561),
 .UNSPECIFIED.,.F.,.F.,(4,1,4),(0.,0.00074170819608055,0.0014834163921611),
 .UNSPECIFIED.);
#531=B_SPLINE_CURVE_WITH_KNOTS('',3,(#9565,#9566,#9567,#9568,#9569),
 .UNSPECIFIED.,.F.,.F.,(4,1,4),(2.93774537160217E-16,0.000741260972313413,
0.00148252194462653),.UNSPECIFIED.);
#532=B_SPLINE_CURVE_WITH_KNOTS('',3,(#9571,#9572,#9573,#9574,#9575),
 .UNSPECIFIED.,.F.,.F.,(4,1,4),(0.,0.000741708196080598,0.0014834163921612),
 .UNSPECIFIED.);
#533=B_SPLINE_CURVE_WITH_KNOTS('',3,(#9582,#9583,#9584,#9585,#9586),
 .UNSPECIFIED.,.F.,.F.,(4,1,4),(2.9030358955152E-16,0.000741260972311859,
0.00148252194462343),.UNSPECIFIED.);
#534=B_SPLINE_CURVE_WITH_KNOTS('',3,(#9588,#9589,#9590,#9591,#9592),
 .UNSPECIFIED.,.F.,.F.,(4,1,4),(2.19024064442903E-15,0.000741708196081689,
0.00148341639216119),.UNSPECIFIED.);
#535=B_SPLINE_CURVE_WITH_KNOTS('',3,(#9599,#9600,#9601,#9602,#9603),
 .UNSPECIFIED.,.F.,.F.,(4,1,4),(3.11033548864108E-16,0.000741260972311885,
0.00148252194462346),.UNSPECIFIED.);
#536=B_SPLINE_CURVE_WITH_KNOTS('',3,(#9605,#9606,#9607,#9608,#9609),
 .UNSPECIFIED.,.F.,.F.,(4,1,4),(2.32951919983051E-15,0.000741708196081707,
0.00148341639216108),.UNSPECIFIED.);
#537=B_SPLINE_CURVE_WITH_KNOTS('',3,(#9868,#9869,#9870,#9871,#9872),
 .UNSPECIFIED.,.F.,.F.,(4,1,4),(1.73472347597681E-18,0.00252363138238134,
0.00504726276476269),.UNSPECIFIED.);
#538=B_SPLINE_CURVE_WITH_KNOTS('',3,(#9885,#9886,#9887,#9888,#9889),
 .UNSPECIFIED.,.F.,.F.,(4,1,4),(0.00524396075126538,0.00720876030394058,
0.00917355985661579),.UNSPECIFIED.);
#539=B_SPLINE_CURVE_WITH_KNOTS('',3,(#9902,#9903,#9904,#9905,#9906),
 .UNSPECIFIED.,.F.,.F.,(4,1,4),(1.73472347597681E-18,0.00252363138238145,
0.0050472627647629),.UNSPECIFIED.);
#540=B_SPLINE_CURVE_WITH_KNOTS('',3,(#9931,#9932,#9933,#9934,#9935),
 .UNSPECIFIED.,.F.,.F.,(4,1,4),(0.,0.00252363138238148,0.00504726276476296),
 .UNSPECIFIED.);
#541=B_SPLINE_CURVE_WITH_KNOTS('',3,(#9948,#9949,#9950,#9951,#9952),
 .UNSPECIFIED.,.F.,.F.,(4,1,4),(0.00524396075126539,0.00720876030394054,
0.00917355985661569),.UNSPECIFIED.);
#542=B_SPLINE_CURVE_WITH_KNOTS('',3,(#9965,#9966,#9967,#9968,#9969),
 .UNSPECIFIED.,.F.,.F.,(4,1,4),(0.,0.00252363138238149,0.00504726276476297),
 .UNSPECIFIED.);
#543=B_SPLINE_CURVE_WITH_KNOTS('',3,(#9994,#9995,#9996,#9997,#9998),
 .UNSPECIFIED.,.F.,.F.,(4,1,4),(5.20417042793042E-18,0.00252363138238156,
0.00504726276476312),.UNSPECIFIED.);
#544=B_SPLINE_CURVE_WITH_KNOTS('',3,(#10011,#10012,#10013,#10014,#10015),
 .UNSPECIFIED.,.F.,.F.,(4,1,4),(0.0052439607512654,0.00720876030394076,
0.00917355985661613),.UNSPECIFIED.);
#545=B_SPLINE_CURVE_WITH_KNOTS('',3,(#10028,#10029,#10030,#10031,#10032),
 .UNSPECIFIED.,.F.,.F.,(4,1,4),(0.,0.00252363138238148,0.00504726276476296),
 .UNSPECIFIED.);
#546=B_SPLINE_CURVE_WITH_KNOTS('',3,(#10057,#10058,#10059,#10060,#10061),
 .UNSPECIFIED.,.F.,.F.,(4,1,4),(0.,0.00252363138238144,0.00504726276476289),
 .UNSPECIFIED.);
#547=B_SPLINE_CURVE_WITH_KNOTS('',3,(#10074,#10075,#10076,#10077,#10078),
 .UNSPECIFIED.,.F.,.F.,(4,1,4),(0.00524396075126542,0.00720876030394072,
0.00917355985661603),.UNSPECIFIED.);
#548=B_SPLINE_CURVE_WITH_KNOTS('',3,(#10091,#10092,#10093,#10094,#10095),
 .UNSPECIFIED.,.F.,.F.,(4,1,4),(1.73472347597681E-18,0.0025236313823814,
0.0050472627647628),.UNSPECIFIED.);
#549=B_SPLINE_CURVE_WITH_KNOTS('',2,(#10181,#10182,#10183),
 .UNSPECIFIED.,.F.,.F.,(3,3),(0.,1.),.PIECEWISE_BEZIER_KNOTS.);
#550=B_SPLINE_CURVE_WITH_KNOTS('',2,(#10210,#10211,#10212),
 .UNSPECIFIED.,.F.,.F.,(3,3),(0.,1.),.PIECEWISE_BEZIER_KNOTS.);
#551=B_SPLINE_CURVE_WITH_KNOTS('',2,(#10231,#10232,#10233),
 .UNSPECIFIED.,.F.,.F.,(3,3),(0.,1.),.PIECEWISE_BEZIER_KNOTS.);
#552=B_SPLINE_CURVE_WITH_KNOTS('',2,(#10256,#10257,#10258),
 .UNSPECIFIED.,.F.,.F.,(3,3),(0.,1.),.PIECEWISE_BEZIER_KNOTS.);
#553=B_SPLINE_CURVE_WITH_KNOTS('',2,(#10269,#10270,#10271),
 .UNSPECIFIED.,.F.,.F.,(3,3),(0.,1.),.PIECEWISE_BEZIER_KNOTS.);
#554=B_SPLINE_CURVE_WITH_KNOTS('',2,(#10290,#10291,#10292),
 .UNSPECIFIED.,.F.,.F.,(3,3),(0.,1.),.PIECEWISE_BEZIER_KNOTS.);
#555=B_SPLINE_CURVE_WITH_KNOTS('',2,(#10310,#10311,#10312),
 .UNSPECIFIED.,.F.,.F.,(3,3),(0.,1.),.PIECEWISE_BEZIER_KNOTS.);
#556=B_SPLINE_CURVE_WITH_KNOTS('',2,(#10325,#10326,#10327),
 .UNSPECIFIED.,.F.,.F.,(3,3),(0.,1.),.PIECEWISE_BEZIER_KNOTS.);
#557=B_SPLINE_CURVE_WITH_KNOTS('',2,(#10338,#10339,#10340),
 .UNSPECIFIED.,.F.,.F.,(3,3),(0.,1.),.PIECEWISE_BEZIER_KNOTS.);
#558=B_SPLINE_CURVE_WITH_KNOTS('',2,(#10351,#10352,#10353),
 .UNSPECIFIED.,.F.,.F.,(3,3),(0.,1.),.PIECEWISE_BEZIER_KNOTS.);
#559=B_SPLINE_CURVE_WITH_KNOTS('',2,(#10376,#10377,#10378),
 .UNSPECIFIED.,.F.,.F.,(3,3),(0.,1.),.PIECEWISE_BEZIER_KNOTS.);
#560=B_SPLINE_CURVE_WITH_KNOTS('',2,(#10389,#10390,#10391),
 .UNSPECIFIED.,.F.,.F.,(3,3),(0.,1.),.PIECEWISE_BEZIER_KNOTS.);
#561=B_SPLINE_CURVE_WITH_KNOTS('',2,(#10402,#10403,#10404),
 .UNSPECIFIED.,.F.,.F.,(3,3),(0.,1.),.PIECEWISE_BEZIER_KNOTS.);
#562=B_SPLINE_CURVE_WITH_KNOTS('',2,(#10427,#10428,#10429),
 .UNSPECIFIED.,.F.,.F.,(3,3),(0.,1.),.PIECEWISE_BEZIER_KNOTS.);
#563=B_SPLINE_CURVE_WITH_KNOTS('',2,(#10440,#10441,#10442),
 .UNSPECIFIED.,.F.,.F.,(3,3),(0.,1.),.PIECEWISE_BEZIER_KNOTS.);
#564=B_SPLINE_CURVE_WITH_KNOTS('',2,(#10453,#10454,#10455),
 .UNSPECIFIED.,.F.,.F.,(3,3),(0.,1.),.PIECEWISE_BEZIER_KNOTS.);
#565=B_SPLINE_CURVE_WITH_KNOTS('',2,(#10466,#10467,#10468),
 .UNSPECIFIED.,.F.,.F.,(3,3),(0.,1.),.PIECEWISE_BEZIER_KNOTS.);
#566=B_SPLINE_CURVE_WITH_KNOTS('',2,(#10491,#10492,#10493),
 .UNSPECIFIED.,.F.,.F.,(3,3),(0.,1.),.PIECEWISE_BEZIER_KNOTS.);
#567=B_SPLINE_CURVE_WITH_KNOTS('',2,(#10504,#10505,#10506),
 .UNSPECIFIED.,.F.,.F.,(3,3),(0.,1.),.PIECEWISE_BEZIER_KNOTS.);
#568=B_SPLINE_CURVE_WITH_KNOTS('',2,(#10517,#10518,#10519),
 .UNSPECIFIED.,.F.,.F.,(3,3),(0.,1.),.PIECEWISE_BEZIER_KNOTS.);
#569=B_SPLINE_CURVE_WITH_KNOTS('',2,(#10530,#10531,#10532),
 .UNSPECIFIED.,.F.,.F.,(3,3),(0.,1.),.PIECEWISE_BEZIER_KNOTS.);
#570=B_SPLINE_CURVE_WITH_KNOTS('',2,(#10543,#10544,#10545),
 .UNSPECIFIED.,.F.,.F.,(3,3),(0.,1.),.PIECEWISE_BEZIER_KNOTS.);
#571=B_SPLINE_CURVE_WITH_KNOTS('',2,(#10558,#10559,#10560),
 .UNSPECIFIED.,.F.,.F.,(3,3),(0.,1.),.PIECEWISE_BEZIER_KNOTS.);
#572=B_SPLINE_CURVE_WITH_KNOTS('',2,(#10660,#10661,#10662),
 .UNSPECIFIED.,.F.,.F.,(3,3),(0.,1.),.PIECEWISE_BEZIER_KNOTS.);
#573=B_SPLINE_CURVE_WITH_KNOTS('',2,(#10715,#10716,#10717),
 .UNSPECIFIED.,.F.,.F.,(3,3),(0.,1.),.PIECEWISE_BEZIER_KNOTS.);
#574=B_SPLINE_CURVE_WITH_KNOTS('',2,(#10728,#10729,#10730),
 .UNSPECIFIED.,.F.,.F.,(3,3),(0.,1.),.PIECEWISE_BEZIER_KNOTS.);
#575=B_SPLINE_CURVE_WITH_KNOTS('',2,(#10753,#10754,#10755),
 .UNSPECIFIED.,.F.,.F.,(3,3),(0.,1.),.PIECEWISE_BEZIER_KNOTS.);
#576=B_SPLINE_CURVE_WITH_KNOTS('',2,(#10766,#10767,#10768),
 .UNSPECIFIED.,.F.,.F.,(3,3),(0.,1.),.PIECEWISE_BEZIER_KNOTS.);
#577=B_SPLINE_CURVE_WITH_KNOTS('',2,(#10779,#10780,#10781),
 .UNSPECIFIED.,.F.,.F.,(3,3),(0.,1.),.PIECEWISE_BEZIER_KNOTS.);
#578=B_SPLINE_CURVE_WITH_KNOTS('',2,(#10790,#10791,#10792),
 .UNSPECIFIED.,.F.,.F.,(3,3),(0.,1.),.PIECEWISE_BEZIER_KNOTS.);
#579=B_SPLINE_CURVE_WITH_KNOTS('',2,(#10802,#10803,#10804),
 .UNSPECIFIED.,.F.,.F.,(3,3),(0.,1.),.PIECEWISE_BEZIER_KNOTS.);
#580=B_SPLINE_CURVE_WITH_KNOTS('',2,(#10809,#10810,#10811),
 .UNSPECIFIED.,.F.,.F.,(3,3),(0.,1.),.PIECEWISE_BEZIER_KNOTS.);
#581=B_SPLINE_CURVE_WITH_KNOTS('',2,(#10822,#10823,#10824),
 .UNSPECIFIED.,.F.,.F.,(3,3),(0.,1.),.PIECEWISE_BEZIER_KNOTS.);
#582=B_SPLINE_CURVE_WITH_KNOTS('',2,(#10828,#10829,#10830),
 .UNSPECIFIED.,.F.,.F.,(3,3),(0.,1.),.PIECEWISE_BEZIER_KNOTS.);
#583=B_SPLINE_CURVE_WITH_KNOTS('',2,(#10839,#10840,#10841),
 .UNSPECIFIED.,.F.,.F.,(3,3),(0.,1.),.PIECEWISE_BEZIER_KNOTS.);
#584=B_SPLINE_CURVE_WITH_KNOTS('',2,(#10845,#10846,#10847),
 .UNSPECIFIED.,.F.,.F.,(3,3),(0.,1.),.PIECEWISE_BEZIER_KNOTS.);
#585=B_SPLINE_CURVE_WITH_KNOTS('',2,(#10856,#10857,#10858),
 .UNSPECIFIED.,.F.,.F.,(3,3),(0.,1.),.PIECEWISE_BEZIER_KNOTS.);
#586=B_SPLINE_CURVE_WITH_KNOTS('',2,(#10862,#10863,#10864),
 .UNSPECIFIED.,.F.,.F.,(3,3),(0.,1.),.PIECEWISE_BEZIER_KNOTS.);
#587=B_SPLINE_CURVE_WITH_KNOTS('',2,(#10879,#10880,#10881),
 .UNSPECIFIED.,.F.,.F.,(3,3),(0.,1.),.PIECEWISE_BEZIER_KNOTS.);
#588=B_SPLINE_CURVE_WITH_KNOTS('',2,(#10885,#10886,#10887),
 .UNSPECIFIED.,.F.,.F.,(3,3),(0.,1.),.PIECEWISE_BEZIER_KNOTS.);
#589=B_SPLINE_CURVE_WITH_KNOTS('',2,(#10896,#10897,#10898),
 .UNSPECIFIED.,.F.,.F.,(3,3),(0.,1.),.PIECEWISE_BEZIER_KNOTS.);
#590=B_SPLINE_CURVE_WITH_KNOTS('',2,(#10902,#10903,#10904),
 .UNSPECIFIED.,.F.,.F.,(3,3),(0.,1.),.PIECEWISE_BEZIER_KNOTS.);
#591=B_SPLINE_CURVE_WITH_KNOTS('',2,(#10915,#10916,#10917),
 .UNSPECIFIED.,.F.,.F.,(3,3),(0.,1.),.PIECEWISE_BEZIER_KNOTS.);
#592=B_SPLINE_CURVE_WITH_KNOTS('',2,(#10930,#10931,#10932),
 .UNSPECIFIED.,.F.,.F.,(3,3),(0.,1.),.PIECEWISE_BEZIER_KNOTS.);
#593=B_SPLINE_CURVE_WITH_KNOTS('',2,(#10943,#10944,#10945),
 .UNSPECIFIED.,.F.,.F.,(3,3),(0.,1.),.PIECEWISE_BEZIER_KNOTS.);
#594=B_SPLINE_CURVE_WITH_KNOTS('',2,(#10956,#10957,#10958),
 .UNSPECIFIED.,.F.,.F.,(3,3),(0.,1.),.PIECEWISE_BEZIER_KNOTS.);
#595=B_SPLINE_CURVE_WITH_KNOTS('',2,(#10969,#10970,#10971),
 .UNSPECIFIED.,.F.,.F.,(3,3),(0.,1.),.PIECEWISE_BEZIER_KNOTS.);
#596=B_SPLINE_CURVE_WITH_KNOTS('',2,(#10982,#10983,#10984),
 .UNSPECIFIED.,.F.,.F.,(3,3),(0.,1.),.PIECEWISE_BEZIER_KNOTS.);
#597=B_SPLINE_CURVE_WITH_KNOTS('',2,(#10995,#10996,#10997),
 .UNSPECIFIED.,.F.,.F.,(3,3),(0.,1.),.PIECEWISE_BEZIER_KNOTS.);
#598=B_SPLINE_CURVE_WITH_KNOTS('',2,(#11008,#11009,#11010),
 .UNSPECIFIED.,.F.,.F.,(3,3),(0.,1.),.PIECEWISE_BEZIER_KNOTS.);
#599=B_SPLINE_CURVE_WITH_KNOTS('',2,(#11021,#11022,#11023),
 .UNSPECIFIED.,.F.,.F.,(3,3),(0.,1.),.PIECEWISE_BEZIER_KNOTS.);
#600=B_SPLINE_CURVE_WITH_KNOTS('',2,(#11038,#11039,#11040),
 .UNSPECIFIED.,.F.,.F.,(3,3),(0.,1.),.PIECEWISE_BEZIER_KNOTS.);
#601=B_SPLINE_CURVE_WITH_KNOTS('',2,(#11055,#11056,#11057),
 .UNSPECIFIED.,.F.,.F.,(3,3),(0.,1.),.PIECEWISE_BEZIER_KNOTS.);
#602=B_SPLINE_CURVE_WITH_KNOTS('',2,(#11076,#11077,#11078),
 .UNSPECIFIED.,.F.,.F.,(3,3),(0.,1.),.PIECEWISE_BEZIER_KNOTS.);
#603=B_SPLINE_CURVE_WITH_KNOTS('',2,(#11087,#11088,#11089),
 .UNSPECIFIED.,.F.,.F.,(3,3),(0.,1.),.PIECEWISE_BEZIER_KNOTS.);
#604=B_SPLINE_CURVE_WITH_KNOTS('',2,(#11098,#11099,#11100),
 .UNSPECIFIED.,.F.,.F.,(3,3),(0.,1.),.PIECEWISE_BEZIER_KNOTS.);
#605=B_SPLINE_CURVE_WITH_KNOTS('',2,(#11101,#11102,#11103),
 .UNSPECIFIED.,.F.,.F.,(3,3),(0.,1.),.PIECEWISE_BEZIER_KNOTS.);
#606=B_SPLINE_CURVE_WITH_KNOTS('',2,(#11143,#11144,#11145),
 .UNSPECIFIED.,.F.,.F.,(3,3),(0.,1.),.PIECEWISE_BEZIER_KNOTS.);
#607=B_SPLINE_CURVE_WITH_KNOTS('',2,(#11150,#11151,#11152),
 .UNSPECIFIED.,.F.,.F.,(3,3),(0.,1.),.PIECEWISE_BEZIER_KNOTS.);
#608=B_SPLINE_CURVE_WITH_KNOTS('',2,(#11163,#11164,#11165),
 .UNSPECIFIED.,.F.,.F.,(3,3),(0.,1.),.PIECEWISE_BEZIER_KNOTS.);
#609=B_SPLINE_CURVE_WITH_KNOTS('',2,(#11169,#11170,#11171),
 .UNSPECIFIED.,.F.,.F.,(3,3),(0.,1.),.PIECEWISE_BEZIER_KNOTS.);
#610=B_SPLINE_CURVE_WITH_KNOTS('',2,(#11192,#11193,#11194),
 .UNSPECIFIED.,.F.,.F.,(3,3),(0.,1.),.PIECEWISE_BEZIER_KNOTS.);
#611=B_SPLINE_CURVE_WITH_KNOTS('',2,(#11198,#11199,#11200),
 .UNSPECIFIED.,.F.,.F.,(3,3),(0.,1.),.PIECEWISE_BEZIER_KNOTS.);
#612=B_SPLINE_CURVE_WITH_KNOTS('',2,(#11209,#11210,#11211),
 .UNSPECIFIED.,.F.,.F.,(3,3),(0.,1.),.PIECEWISE_BEZIER_KNOTS.);
#613=B_SPLINE_CURVE_WITH_KNOTS('',2,(#11215,#11216,#11217),
 .UNSPECIFIED.,.F.,.F.,(3,3),(0.,1.),.PIECEWISE_BEZIER_KNOTS.);
#614=B_SPLINE_CURVE_WITH_KNOTS('',2,(#11232,#11233,#11234),
 .UNSPECIFIED.,.F.,.F.,(3,3),(0.,1.),.PIECEWISE_BEZIER_KNOTS.);
#615=B_SPLINE_CURVE_WITH_KNOTS('',2,(#11239,#11240,#11241),
 .UNSPECIFIED.,.F.,.F.,(3,3),(0.,1.),.PIECEWISE_BEZIER_KNOTS.);
#616=B_SPLINE_CURVE_WITH_KNOTS('',2,(#11252,#11253,#11254),
 .UNSPECIFIED.,.F.,.F.,(3,3),(0.,1.),.PIECEWISE_BEZIER_KNOTS.);
#617=B_SPLINE_CURVE_WITH_KNOTS('',2,(#11258,#11259,#11260),
 .UNSPECIFIED.,.F.,.F.,(3,3),(0.,1.),.PIECEWISE_BEZIER_KNOTS.);
#618=B_SPLINE_CURVE_WITH_KNOTS('',2,(#11269,#11270,#11271),
 .UNSPECIFIED.,.F.,.F.,(3,3),(0.,1.),.PIECEWISE_BEZIER_KNOTS.);
#619=B_SPLINE_CURVE_WITH_KNOTS('',2,(#11275,#11276,#11277),
 .UNSPECIFIED.,.F.,.F.,(3,3),(0.,1.),.PIECEWISE_BEZIER_KNOTS.);
#620=B_SPLINE_CURVE_WITH_KNOTS('',2,(#11286,#11287,#11288),
 .UNSPECIFIED.,.F.,.F.,(3,3),(0.,1.),.PIECEWISE_BEZIER_KNOTS.);
#621=B_SPLINE_CURVE_WITH_KNOTS('',2,(#11292,#11293,#11294),
 .UNSPECIFIED.,.F.,.F.,(3,3),(0.,1.),.PIECEWISE_BEZIER_KNOTS.);
#622=B_SPLINE_CURVE_WITH_KNOTS('',2,(#11309,#11310,#11311),
 .UNSPECIFIED.,.F.,.F.,(3,3),(0.,1.),.PIECEWISE_BEZIER_KNOTS.);
#623=B_SPLINE_CURVE_WITH_KNOTS('',2,(#11315,#11316,#11317),
 .UNSPECIFIED.,.F.,.F.,(3,3),(0.,1.),.PIECEWISE_BEZIER_KNOTS.);
#624=B_SPLINE_CURVE_WITH_KNOTS('',2,(#11328,#11329,#11330),
 .UNSPECIFIED.,.F.,.F.,(3,3),(0.,1.),.PIECEWISE_BEZIER_KNOTS.);
#625=B_SPLINE_CURVE_WITH_KNOTS('',2,(#11343,#11344,#11345),
 .UNSPECIFIED.,.F.,.F.,(3,3),(0.,1.),.PIECEWISE_BEZIER_KNOTS.);
#626=B_SPLINE_CURVE_WITH_KNOTS('',2,(#11356,#11357,#11358),
 .UNSPECIFIED.,.F.,.F.,(3,3),(0.,1.),.PIECEWISE_BEZIER_KNOTS.);
#627=B_SPLINE_CURVE_WITH_KNOTS('',2,(#11373,#11374,#11375),
 .UNSPECIFIED.,.F.,.F.,(3,3),(0.,1.),.PIECEWISE_BEZIER_KNOTS.);
#628=B_SPLINE_CURVE_WITH_KNOTS('',2,(#11386,#11387,#11388),
 .UNSPECIFIED.,.F.,.F.,(3,3),(0.,1.),.PIECEWISE_BEZIER_KNOTS.);
#629=B_SPLINE_CURVE_WITH_KNOTS('',2,(#11403,#11404,#11405),
 .UNSPECIFIED.,.F.,.F.,(3,3),(0.,1.),.PIECEWISE_BEZIER_KNOTS.);
#630=B_SPLINE_CURVE_WITH_KNOTS('',2,(#11416,#11417,#11418),
 .UNSPECIFIED.,.F.,.F.,(3,3),(0.,1.),.PIECEWISE_BEZIER_KNOTS.);
#631=B_SPLINE_CURVE_WITH_KNOTS('',2,(#11429,#11430,#11431),
 .UNSPECIFIED.,.F.,.F.,(3,3),(0.,1.),.PIECEWISE_BEZIER_KNOTS.);
#632=B_SPLINE_CURVE_WITH_KNOTS('',2,(#11442,#11443,#11444),
 .UNSPECIFIED.,.F.,.F.,(3,3),(0.,1.),.PIECEWISE_BEZIER_KNOTS.);
#633=B_SPLINE_CURVE_WITH_KNOTS('',2,(#11459,#11460,#11461),
 .UNSPECIFIED.,.F.,.F.,(3,3),(0.,1.),.PIECEWISE_BEZIER_KNOTS.);
#634=B_SPLINE_CURVE_WITH_KNOTS('',2,(#11472,#11473,#11474),
 .UNSPECIFIED.,.F.,.F.,(3,3),(0.,1.),.PIECEWISE_BEZIER_KNOTS.);
#635=B_SPLINE_CURVE_WITH_KNOTS('',2,(#11487,#11488,#11489),
 .UNSPECIFIED.,.F.,.F.,(3,3),(0.,1.),.PIECEWISE_BEZIER_KNOTS.);
#636=B_SPLINE_CURVE_WITH_KNOTS('',2,(#11490,#11491,#11492),
 .UNSPECIFIED.,.F.,.F.,(3,3),(0.,1.),.PIECEWISE_BEZIER_KNOTS.);
#637=B_SPLINE_CURVE_WITH_KNOTS('',2,(#11501,#11502,#11503),
 .UNSPECIFIED.,.F.,.F.,(3,3),(0.,1.),.PIECEWISE_BEZIER_KNOTS.);
#638=B_SPLINE_CURVE_WITH_KNOTS('',2,(#11512,#11513,#11514),
 .UNSPECIFIED.,.F.,.F.,(3,3),(0.,1.),.PIECEWISE_BEZIER_KNOTS.);
#639=B_SPLINE_CURVE_WITH_KNOTS('',2,(#11515,#11516,#11517),
 .UNSPECIFIED.,.F.,.F.,(3,3),(0.,1.),.PIECEWISE_BEZIER_KNOTS.);
#640=ORIENTED_EDGE('',*,*,#2464,.T.);
#641=ORIENTED_EDGE('',*,*,#2465,.T.);
#642=ORIENTED_EDGE('',*,*,#2466,.F.);
#643=ORIENTED_EDGE('',*,*,#2467,.F.);
#644=ORIENTED_EDGE('',*,*,#2468,.T.);
#645=ORIENTED_EDGE('',*,*,#2469,.T.);
#646=ORIENTED_EDGE('',*,*,#2470,.T.);
#647=ORIENTED_EDGE('',*,*,#2471,.T.);
#648=ORIENTED_EDGE('',*,*,#2472,.T.);
#649=ORIENTED_EDGE('',*,*,#2473,.T.);
#650=ORIENTED_EDGE('',*,*,#2474,.T.);
#651=ORIENTED_EDGE('',*,*,#2475,.T.);
#652=ORIENTED_EDGE('',*,*,#2476,.T.);
#653=ORIENTED_EDGE('',*,*,#2477,.T.);
#654=ORIENTED_EDGE('',*,*,#2478,.T.);
#655=ORIENTED_EDGE('',*,*,#2479,.T.);
#656=ORIENTED_EDGE('',*,*,#2480,.T.);
#657=ORIENTED_EDGE('',*,*,#2481,.T.);
#658=ORIENTED_EDGE('',*,*,#2482,.T.);
#659=ORIENTED_EDGE('',*,*,#2483,.T.);
#660=ORIENTED_EDGE('',*,*,#2484,.T.);
#661=ORIENTED_EDGE('',*,*,#2485,.T.);
#662=ORIENTED_EDGE('',*,*,#2486,.F.);
#663=ORIENTED_EDGE('',*,*,#2487,.F.);
#664=ORIENTED_EDGE('',*,*,#2488,.T.);
#665=ORIENTED_EDGE('',*,*,#2489,.T.);
#666=ORIENTED_EDGE('',*,*,#2490,.T.);
#667=ORIENTED_EDGE('',*,*,#2491,.T.);
#668=ORIENTED_EDGE('',*,*,#2492,.T.);
#669=ORIENTED_EDGE('',*,*,#2493,.T.);
#670=ORIENTED_EDGE('',*,*,#2494,.T.);
#671=ORIENTED_EDGE('',*,*,#2495,.T.);
#672=ORIENTED_EDGE('',*,*,#2496,.T.);
#673=ORIENTED_EDGE('',*,*,#2497,.F.);
#674=ORIENTED_EDGE('',*,*,#2498,.F.);
#675=ORIENTED_EDGE('',*,*,#2499,.F.);
#676=ORIENTED_EDGE('',*,*,#2500,.T.);
#677=ORIENTED_EDGE('',*,*,#2501,.T.);
#678=ORIENTED_EDGE('',*,*,#2502,.T.);
#679=ORIENTED_EDGE('',*,*,#2503,.T.);
#680=ORIENTED_EDGE('',*,*,#2504,.T.);
#681=ORIENTED_EDGE('',*,*,#2505,.T.);
#682=ORIENTED_EDGE('',*,*,#2506,.T.);
#683=ORIENTED_EDGE('',*,*,#2507,.T.);
#684=ORIENTED_EDGE('',*,*,#2508,.T.);
#685=ORIENTED_EDGE('',*,*,#2509,.T.);
#686=ORIENTED_EDGE('',*,*,#2510,.T.);
#687=ORIENTED_EDGE('',*,*,#2511,.T.);
#688=ORIENTED_EDGE('',*,*,#2512,.T.);
#689=ORIENTED_EDGE('',*,*,#2513,.T.);
#690=ORIENTED_EDGE('',*,*,#2514,.T.);
#691=ORIENTED_EDGE('',*,*,#2515,.T.);
#692=ORIENTED_EDGE('',*,*,#2516,.T.);
#693=ORIENTED_EDGE('',*,*,#2517,.T.);
#694=ORIENTED_EDGE('',*,*,#2518,.T.);
#695=ORIENTED_EDGE('',*,*,#2519,.F.);
#696=ORIENTED_EDGE('',*,*,#2520,.F.);
#697=ORIENTED_EDGE('',*,*,#2521,.T.);
#698=ORIENTED_EDGE('',*,*,#2522,.T.);
#699=ORIENTED_EDGE('',*,*,#2523,.T.);
#700=ORIENTED_EDGE('',*,*,#2524,.T.);
#701=ORIENTED_EDGE('',*,*,#2525,.T.);
#702=ORIENTED_EDGE('',*,*,#2526,.T.);
#703=ORIENTED_EDGE('',*,*,#2527,.T.);
#704=ORIENTED_EDGE('',*,*,#2528,.T.);
#705=ORIENTED_EDGE('',*,*,#2529,.T.);
#706=ORIENTED_EDGE('',*,*,#2530,.T.);
#707=ORIENTED_EDGE('',*,*,#2531,.T.);
#708=ORIENTED_EDGE('',*,*,#2532,.T.);
#709=ORIENTED_EDGE('',*,*,#2533,.T.);
#710=ORIENTED_EDGE('',*,*,#2534,.T.);
#711=ORIENTED_EDGE('',*,*,#2535,.T.);
#712=ORIENTED_EDGE('',*,*,#2536,.T.);
#713=ORIENTED_EDGE('',*,*,#2537,.T.);
#714=ORIENTED_EDGE('',*,*,#2538,.T.);
#715=ORIENTED_EDGE('',*,*,#2539,.T.);
#716=ORIENTED_EDGE('',*,*,#2540,.T.);
#717=ORIENTED_EDGE('',*,*,#2541,.T.);
#718=ORIENTED_EDGE('',*,*,#2542,.T.);
#719=ORIENTED_EDGE('',*,*,#2543,.F.);
#720=ORIENTED_EDGE('',*,*,#2544,.F.);
#721=ORIENTED_EDGE('',*,*,#2545,.F.);
#722=ORIENTED_EDGE('',*,*,#2546,.T.);
#723=ORIENTED_EDGE('',*,*,#2547,.T.);
#724=ORIENTED_EDGE('',*,*,#2548,.T.);
#725=ORIENTED_EDGE('',*,*,#2549,.T.);
#726=ORIENTED_EDGE('',*,*,#2550,.T.);
#727=ORIENTED_EDGE('',*,*,#2551,.T.);
#728=ORIENTED_EDGE('',*,*,#2552,.T.);
#729=ORIENTED_EDGE('',*,*,#2553,.T.);
#730=ORIENTED_EDGE('',*,*,#2554,.T.);
#731=ORIENTED_EDGE('',*,*,#2555,.T.);
#732=ORIENTED_EDGE('',*,*,#2556,.T.);
#733=ORIENTED_EDGE('',*,*,#2557,.T.);
#734=ORIENTED_EDGE('',*,*,#2558,.T.);
#735=ORIENTED_EDGE('',*,*,#2559,.F.);
#736=ORIENTED_EDGE('',*,*,#2560,.F.);
#737=ORIENTED_EDGE('',*,*,#2561,.T.);
#738=ORIENTED_EDGE('',*,*,#2562,.T.);
#739=ORIENTED_EDGE('',*,*,#2563,.T.);
#740=ORIENTED_EDGE('',*,*,#2564,.T.);
#741=ORIENTED_EDGE('',*,*,#2565,.T.);
#742=ORIENTED_EDGE('',*,*,#2566,.T.);
#743=ORIENTED_EDGE('',*,*,#2567,.T.);
#744=ORIENTED_EDGE('',*,*,#2568,.T.);
#745=ORIENTED_EDGE('',*,*,#2569,.T.);
#746=ORIENTED_EDGE('',*,*,#2570,.T.);
#747=ORIENTED_EDGE('',*,*,#2571,.T.);
#748=ORIENTED_EDGE('',*,*,#2572,.T.);
#749=ORIENTED_EDGE('',*,*,#2573,.T.);
#750=ORIENTED_EDGE('',*,*,#2574,.T.);
#751=ORIENTED_EDGE('',*,*,#2575,.T.);
#752=ORIENTED_EDGE('',*,*,#2576,.T.);
#753=ORIENTED_EDGE('',*,*,#2577,.T.);
#754=ORIENTED_EDGE('',*,*,#2578,.T.);
#755=ORIENTED_EDGE('',*,*,#2579,.T.);
#756=ORIENTED_EDGE('',*,*,#2580,.T.);
#757=ORIENTED_EDGE('',*,*,#2581,.T.);
#758=ORIENTED_EDGE('',*,*,#2582,.T.);
#759=ORIENTED_EDGE('',*,*,#2583,.T.);
#760=ORIENTED_EDGE('',*,*,#2584,.T.);
#761=ORIENTED_EDGE('',*,*,#2585,.T.);
#762=ORIENTED_EDGE('',*,*,#2586,.T.);
#763=ORIENTED_EDGE('',*,*,#2587,.T.);
#764=ORIENTED_EDGE('',*,*,#2588,.T.);
#765=ORIENTED_EDGE('',*,*,#2589,.T.);
#766=ORIENTED_EDGE('',*,*,#2590,.F.);
#767=ORIENTED_EDGE('',*,*,#2591,.F.);
#768=ORIENTED_EDGE('',*,*,#2592,.F.);
#769=ORIENTED_EDGE('',*,*,#2593,.T.);
#770=ORIENTED_EDGE('',*,*,#2594,.T.);
#771=ORIENTED_EDGE('',*,*,#2595,.T.);
#772=ORIENTED_EDGE('',*,*,#2596,.T.);
#773=ORIENTED_EDGE('',*,*,#2597,.T.);
#774=ORIENTED_EDGE('',*,*,#2598,.T.);
#775=ORIENTED_EDGE('',*,*,#2599,.T.);
#776=ORIENTED_EDGE('',*,*,#2600,.T.);
#777=ORIENTED_EDGE('',*,*,#2601,.T.);
#778=ORIENTED_EDGE('',*,*,#2602,.T.);
#779=ORIENTED_EDGE('',*,*,#2603,.T.);
#780=ORIENTED_EDGE('',*,*,#2604,.T.);
#781=ORIENTED_EDGE('',*,*,#2605,.T.);
#782=ORIENTED_EDGE('',*,*,#2606,.T.);
#783=ORIENTED_EDGE('',*,*,#2607,.T.);
#784=ORIENTED_EDGE('',*,*,#2608,.T.);
#785=ORIENTED_EDGE('',*,*,#2609,.T.);
#786=ORIENTED_EDGE('',*,*,#2610,.T.);
#787=ORIENTED_EDGE('',*,*,#2611,.T.);
#788=ORIENTED_EDGE('',*,*,#2612,.T.);
#789=ORIENTED_EDGE('',*,*,#2613,.T.);
#790=ORIENTED_EDGE('',*,*,#2614,.T.);
#791=ORIENTED_EDGE('',*,*,#2615,.T.);
#792=ORIENTED_EDGE('',*,*,#2616,.T.);
#793=ORIENTED_EDGE('',*,*,#2617,.T.);
#794=ORIENTED_EDGE('',*,*,#2618,.F.);
#795=ORIENTED_EDGE('',*,*,#2619,.F.);
#796=ORIENTED_EDGE('',*,*,#2620,.T.);
#797=ORIENTED_EDGE('',*,*,#2621,.T.);
#798=ORIENTED_EDGE('',*,*,#2622,.T.);
#799=ORIENTED_EDGE('',*,*,#2623,.T.);
#800=ORIENTED_EDGE('',*,*,#2624,.T.);
#801=ORIENTED_EDGE('',*,*,#2625,.T.);
#802=ORIENTED_EDGE('',*,*,#2626,.T.);
#803=ORIENTED_EDGE('',*,*,#2627,.T.);
#804=ORIENTED_EDGE('',*,*,#2628,.T.);
#805=ORIENTED_EDGE('',*,*,#2629,.T.);
#806=ORIENTED_EDGE('',*,*,#2630,.T.);
#807=ORIENTED_EDGE('',*,*,#2631,.T.);
#808=ORIENTED_EDGE('',*,*,#2632,.F.);
#809=ORIENTED_EDGE('',*,*,#2633,.T.);
#810=ORIENTED_EDGE('',*,*,#2634,.T.);
#811=ORIENTED_EDGE('',*,*,#2635,.T.);
#812=ORIENTED_EDGE('',*,*,#2636,.T.);
#813=ORIENTED_EDGE('',*,*,#2637,.T.);
#814=ORIENTED_EDGE('',*,*,#2638,.T.);
#815=ORIENTED_EDGE('',*,*,#2639,.T.);
#816=ORIENTED_EDGE('',*,*,#2640,.F.);
#817=ORIENTED_EDGE('',*,*,#2485,.F.);
#818=ORIENTED_EDGE('',*,*,#2641,.T.);
#819=ORIENTED_EDGE('',*,*,#2642,.T.);
#820=ORIENTED_EDGE('',*,*,#2643,.T.);
#821=ORIENTED_EDGE('',*,*,#2644,.F.);
#822=ORIENTED_EDGE('',*,*,#2558,.F.);
#823=ORIENTED_EDGE('',*,*,#2645,.F.);
#824=ORIENTED_EDGE('',*,*,#2646,.T.);
#825=ORIENTED_EDGE('',*,*,#2647,.T.);
#826=ORIENTED_EDGE('',*,*,#2648,.T.);
#827=ORIENTED_EDGE('',*,*,#2649,.T.);
#828=ORIENTED_EDGE('',*,*,#2650,.T.);
#829=ORIENTED_EDGE('',*,*,#2651,.T.);
#830=ORIENTED_EDGE('',*,*,#2652,.T.);
#831=ORIENTED_EDGE('',*,*,#2653,.F.);
#832=ORIENTED_EDGE('',*,*,#2518,.F.);
#833=ORIENTED_EDGE('',*,*,#2654,.F.);
#834=ORIENTED_EDGE('',*,*,#2655,.T.);
#835=ORIENTED_EDGE('',*,*,#2656,.T.);
#836=ORIENTED_EDGE('',*,*,#2657,.T.);
#837=ORIENTED_EDGE('',*,*,#2658,.T.);
#838=ORIENTED_EDGE('',*,*,#2659,.T.);
#839=ORIENTED_EDGE('',*,*,#2660,.T.);
#840=ORIENTED_EDGE('',*,*,#2661,.T.);
#841=ORIENTED_EDGE('',*,*,#2662,.F.);
#842=ORIENTED_EDGE('',*,*,#2618,.T.);
#843=ORIENTED_EDGE('',*,*,#2663,.F.);
#844=ORIENTED_EDGE('',*,*,#2664,.T.);
#845=ORIENTED_EDGE('',*,*,#2665,.T.);
#846=ORIENTED_EDGE('',*,*,#2666,.T.);
#847=ORIENTED_EDGE('',*,*,#2667,.F.);
#848=ORIENTED_EDGE('',*,*,#2668,.T.);
#849=ORIENTED_EDGE('',*,*,#2592,.T.);
#850=ORIENTED_EDGE('',*,*,#2669,.T.);
#851=ORIENTED_EDGE('',*,*,#2560,.T.);
#852=ORIENTED_EDGE('',*,*,#2670,.T.);
#853=ORIENTED_EDGE('',*,*,#2545,.T.);
#854=ORIENTED_EDGE('',*,*,#2671,.T.);
#855=ORIENTED_EDGE('',*,*,#2520,.T.);
#856=ORIENTED_EDGE('',*,*,#2672,.T.);
#857=ORIENTED_EDGE('',*,*,#2499,.T.);
#858=ORIENTED_EDGE('',*,*,#2673,.T.);
#859=ORIENTED_EDGE('',*,*,#2487,.T.);
#860=ORIENTED_EDGE('',*,*,#2674,.T.);
#861=ORIENTED_EDGE('',*,*,#2467,.T.);
#862=ORIENTED_EDGE('',*,*,#2675,.T.);
#863=ORIENTED_EDGE('',*,*,#2620,.F.);
#864=ORIENTED_EDGE('',*,*,#2676,.F.);
#865=ORIENTED_EDGE('',*,*,#2677,.F.);
#866=ORIENTED_EDGE('',*,*,#2678,.F.);
#867=ORIENTED_EDGE('',*,*,#2679,.F.);
#868=ORIENTED_EDGE('',*,*,#2680,.F.);
#869=ORIENTED_EDGE('',*,*,#2681,.F.);
#870=ORIENTED_EDGE('',*,*,#2682,.F.);
#871=ORIENTED_EDGE('',*,*,#2683,.F.);
#872=ORIENTED_EDGE('',*,*,#2684,.F.);
#873=ORIENTED_EDGE('',*,*,#2685,.F.);
#874=ORIENTED_EDGE('',*,*,#2686,.F.);
#875=ORIENTED_EDGE('',*,*,#2687,.F.);
#876=ORIENTED_EDGE('',*,*,#2688,.F.);
#877=ORIENTED_EDGE('',*,*,#2689,.F.);
#878=ORIENTED_EDGE('',*,*,#2690,.F.);
#879=ORIENTED_EDGE('',*,*,#2691,.F.);
#880=ORIENTED_EDGE('',*,*,#2692,.T.);
#881=ORIENTED_EDGE('',*,*,#2693,.T.);
#882=ORIENTED_EDGE('',*,*,#2694,.T.);
#883=ORIENTED_EDGE('',*,*,#2695,.T.);
#884=ORIENTED_EDGE('',*,*,#2696,.T.);
#885=ORIENTED_EDGE('',*,*,#2697,.T.);
#886=ORIENTED_EDGE('',*,*,#2698,.T.);
#887=ORIENTED_EDGE('',*,*,#2699,.T.);
#888=ORIENTED_EDGE('',*,*,#2700,.T.);
#889=ORIENTED_EDGE('',*,*,#2701,.T.);
#890=ORIENTED_EDGE('',*,*,#2702,.T.);
#891=ORIENTED_EDGE('',*,*,#2703,.T.);
#892=ORIENTED_EDGE('',*,*,#2704,.T.);
#893=ORIENTED_EDGE('',*,*,#2705,.T.);
#894=ORIENTED_EDGE('',*,*,#2706,.T.);
#895=ORIENTED_EDGE('',*,*,#2707,.T.);
#896=ORIENTED_EDGE('',*,*,#2708,.T.);
#897=ORIENTED_EDGE('',*,*,#2709,.F.);
#898=ORIENTED_EDGE('',*,*,#2710,.F.);
#899=ORIENTED_EDGE('',*,*,#2711,.F.);
#900=ORIENTED_EDGE('',*,*,#2712,.F.);
#901=ORIENTED_EDGE('',*,*,#2713,.F.);
#902=ORIENTED_EDGE('',*,*,#2714,.F.);
#903=ORIENTED_EDGE('',*,*,#2715,.F.);
#904=ORIENTED_EDGE('',*,*,#2716,.F.);
#905=ORIENTED_EDGE('',*,*,#2717,.F.);
#906=ORIENTED_EDGE('',*,*,#2718,.F.);
#907=ORIENTED_EDGE('',*,*,#2719,.F.);
#908=ORIENTED_EDGE('',*,*,#2720,.F.);
#909=ORIENTED_EDGE('',*,*,#2721,.F.);
#910=ORIENTED_EDGE('',*,*,#2722,.F.);
#911=ORIENTED_EDGE('',*,*,#2723,.T.);
#912=ORIENTED_EDGE('',*,*,#2724,.F.);
#913=ORIENTED_EDGE('',*,*,#2659,.F.);
#914=ORIENTED_EDGE('',*,*,#2725,.F.);
#915=ORIENTED_EDGE('',*,*,#2722,.T.);
#916=ORIENTED_EDGE('',*,*,#2726,.T.);
#917=ORIENTED_EDGE('',*,*,#2727,.F.);
#918=ORIENTED_EDGE('',*,*,#2726,.F.);
#919=ORIENTED_EDGE('',*,*,#2721,.T.);
#920=ORIENTED_EDGE('',*,*,#2728,.T.);
#921=ORIENTED_EDGE('',*,*,#2729,.F.);
#922=ORIENTED_EDGE('',*,*,#2648,.F.);
#923=ORIENTED_EDGE('',*,*,#2728,.F.);
#924=ORIENTED_EDGE('',*,*,#2720,.T.);
#925=ORIENTED_EDGE('',*,*,#2730,.T.);
#926=ORIENTED_EDGE('',*,*,#2649,.F.);
#927=ORIENTED_EDGE('',*,*,#2730,.F.);
#928=ORIENTED_EDGE('',*,*,#2719,.T.);
#929=ORIENTED_EDGE('',*,*,#2731,.T.);
#930=ORIENTED_EDGE('',*,*,#2641,.F.);
#931=ORIENTED_EDGE('',*,*,#2731,.F.);
#932=ORIENTED_EDGE('',*,*,#2718,.T.);
#933=ORIENTED_EDGE('',*,*,#2732,.T.);
#934=ORIENTED_EDGE('',*,*,#2733,.F.);
#935=ORIENTED_EDGE('',*,*,#2732,.F.);
#936=ORIENTED_EDGE('',*,*,#2717,.T.);
#937=ORIENTED_EDGE('',*,*,#2734,.T.);
#938=ORIENTED_EDGE('',*,*,#2735,.F.);
#939=ORIENTED_EDGE('',*,*,#2657,.F.);
#940=ORIENTED_EDGE('',*,*,#2734,.F.);
#941=ORIENTED_EDGE('',*,*,#2716,.T.);
#942=ORIENTED_EDGE('',*,*,#2736,.T.);
#943=ORIENTED_EDGE('',*,*,#2658,.F.);
#944=ORIENTED_EDGE('',*,*,#2736,.F.);
#945=ORIENTED_EDGE('',*,*,#2715,.T.);
#946=ORIENTED_EDGE('',*,*,#2737,.T.);
#947=ORIENTED_EDGE('',*,*,#2650,.F.);
#948=ORIENTED_EDGE('',*,*,#2737,.F.);
#949=ORIENTED_EDGE('',*,*,#2714,.T.);
#950=ORIENTED_EDGE('',*,*,#2738,.T.);
#951=ORIENTED_EDGE('',*,*,#2739,.F.);
#952=ORIENTED_EDGE('',*,*,#2738,.F.);
#953=ORIENTED_EDGE('',*,*,#2713,.T.);
#954=ORIENTED_EDGE('',*,*,#2740,.T.);
#955=ORIENTED_EDGE('',*,*,#2741,.F.);
#956=ORIENTED_EDGE('',*,*,#2635,.F.);
#957=ORIENTED_EDGE('',*,*,#2740,.F.);
#958=ORIENTED_EDGE('',*,*,#2712,.T.);
#959=ORIENTED_EDGE('',*,*,#2742,.T.);
#960=ORIENTED_EDGE('',*,*,#2636,.F.);
#961=ORIENTED_EDGE('',*,*,#2742,.F.);
#962=ORIENTED_EDGE('',*,*,#2711,.T.);
#963=ORIENTED_EDGE('',*,*,#2743,.T.);
#964=ORIENTED_EDGE('',*,*,#2637,.F.);
#965=ORIENTED_EDGE('',*,*,#2743,.F.);
#966=ORIENTED_EDGE('',*,*,#2710,.T.);
#967=ORIENTED_EDGE('',*,*,#2744,.T.);
#968=ORIENTED_EDGE('',*,*,#2745,.F.);
#969=ORIENTED_EDGE('',*,*,#2746,.T.);
#970=ORIENTED_EDGE('',*,*,#2747,.T.);
#971=ORIENTED_EDGE('',*,*,#2748,.F.);
#972=ORIENTED_EDGE('',*,*,#2744,.F.);
#973=ORIENTED_EDGE('',*,*,#2709,.T.);
#974=ORIENTED_EDGE('',*,*,#2749,.F.);
#975=ORIENTED_EDGE('',*,*,#2750,.F.);
#976=ORIENTED_EDGE('',*,*,#2751,.T.);
#977=ORIENTED_EDGE('',*,*,#2724,.T.);
#978=ORIENTED_EDGE('',*,*,#2752,.T.);
#979=ORIENTED_EDGE('',*,*,#2666,.F.);
#980=ORIENTED_EDGE('',*,*,#2746,.F.);
#981=ORIENTED_EDGE('',*,*,#2662,.T.);
#982=ORIENTED_EDGE('',*,*,#2753,.T.);
#983=ORIENTED_EDGE('',*,*,#2754,.F.);
#984=ORIENTED_EDGE('',*,*,#2593,.F.);
#985=ORIENTED_EDGE('',*,*,#2668,.F.);
#986=ORIENTED_EDGE('',*,*,#2619,.T.);
#987=ORIENTED_EDGE('',*,*,#2466,.T.);
#988=ORIENTED_EDGE('',*,*,#2755,.F.);
#989=ORIENTED_EDGE('',*,*,#2756,.T.);
#990=ORIENTED_EDGE('',*,*,#2663,.T.);
#991=ORIENTED_EDGE('',*,*,#2621,.F.);
#992=ORIENTED_EDGE('',*,*,#2675,.F.);
#993=ORIENTED_EDGE('',*,*,#2640,.T.);
#994=ORIENTED_EDGE('',*,*,#2757,.T.);
#995=ORIENTED_EDGE('',*,*,#2758,.F.);
#996=ORIENTED_EDGE('',*,*,#2468,.F.);
#997=ORIENTED_EDGE('',*,*,#2674,.F.);
#998=ORIENTED_EDGE('',*,*,#2486,.T.);
#999=ORIENTED_EDGE('',*,*,#2498,.T.);
#1000=ORIENTED_EDGE('',*,*,#2759,.F.);
#1001=ORIENTED_EDGE('',*,*,#2760,.T.);
#1002=ORIENTED_EDGE('',*,*,#2632,.T.);
#1003=ORIENTED_EDGE('',*,*,#2488,.F.);
#1004=ORIENTED_EDGE('',*,*,#2673,.F.);
#1005=ORIENTED_EDGE('',*,*,#2653,.T.);
#1006=ORIENTED_EDGE('',*,*,#2761,.T.);
#1007=ORIENTED_EDGE('',*,*,#2762,.F.);
#1008=ORIENTED_EDGE('',*,*,#2500,.F.);
#1009=ORIENTED_EDGE('',*,*,#2672,.F.);
#1010=ORIENTED_EDGE('',*,*,#2519,.T.);
#1011=ORIENTED_EDGE('',*,*,#2544,.T.);
#1012=ORIENTED_EDGE('',*,*,#2763,.F.);
#1013=ORIENTED_EDGE('',*,*,#2764,.T.);
#1014=ORIENTED_EDGE('',*,*,#2654,.T.);
#1015=ORIENTED_EDGE('',*,*,#2521,.F.);
#1016=ORIENTED_EDGE('',*,*,#2671,.F.);
#1017=ORIENTED_EDGE('',*,*,#2644,.T.);
#1018=ORIENTED_EDGE('',*,*,#2765,.T.);
#1019=ORIENTED_EDGE('',*,*,#2766,.F.);
#1020=ORIENTED_EDGE('',*,*,#2546,.F.);
#1021=ORIENTED_EDGE('',*,*,#2670,.F.);
#1022=ORIENTED_EDGE('',*,*,#2559,.T.);
#1023=ORIENTED_EDGE('',*,*,#2591,.T.);
#1024=ORIENTED_EDGE('',*,*,#2767,.F.);
#1025=ORIENTED_EDGE('',*,*,#2768,.T.);
#1026=ORIENTED_EDGE('',*,*,#2645,.T.);
#1027=ORIENTED_EDGE('',*,*,#2561,.F.);
#1028=ORIENTED_EDGE('',*,*,#2669,.F.);
#1029=ORIENTED_EDGE('',*,*,#2667,.T.);
#1030=ORIENTED_EDGE('',*,*,#2752,.F.);
#1031=ORIENTED_EDGE('',*,*,#2723,.F.);
#1032=ORIENTED_EDGE('',*,*,#2725,.T.);
#1033=ORIENTED_EDGE('',*,*,#2679,.T.);
#1034=ORIENTED_EDGE('',*,*,#2769,.F.);
#1035=ORIENTED_EDGE('',*,*,#2770,.T.);
#1036=ORIENTED_EDGE('',*,*,#2771,.F.);
#1037=ORIENTED_EDGE('',*,*,#2772,.T.);
#1038=ORIENTED_EDGE('',*,*,#2773,.F.);
#1039=ORIENTED_EDGE('',*,*,#2774,.T.);
#1040=ORIENTED_EDGE('',*,*,#2705,.F.);
#1041=ORIENTED_EDGE('',*,*,#2677,.T.);
#1042=ORIENTED_EDGE('',*,*,#2775,.F.);
#1043=ORIENTED_EDGE('',*,*,#2776,.T.);
#1044=ORIENTED_EDGE('',*,*,#2777,.T.);
#1045=ORIENTED_EDGE('',*,*,#2778,.F.);
#1046=ORIENTED_EDGE('',*,*,#2779,.F.);
#1047=ORIENTED_EDGE('',*,*,#2780,.T.);
#1048=ORIENTED_EDGE('',*,*,#2707,.F.);
#1049=ORIENTED_EDGE('',*,*,#2678,.T.);
#1050=ORIENTED_EDGE('',*,*,#2777,.F.);
#1051=ORIENTED_EDGE('',*,*,#2781,.T.);
#1052=ORIENTED_EDGE('',*,*,#2769,.T.);
#1053=ORIENTED_EDGE('',*,*,#2774,.F.);
#1054=ORIENTED_EDGE('',*,*,#2782,.F.);
#1055=ORIENTED_EDGE('',*,*,#2778,.T.);
#1056=ORIENTED_EDGE('',*,*,#2706,.F.);
#1057=ORIENTED_EDGE('',*,*,#2681,.T.);
#1058=ORIENTED_EDGE('',*,*,#2783,.T.);
#1059=ORIENTED_EDGE('',*,*,#2784,.T.);
#1060=ORIENTED_EDGE('',*,*,#2785,.F.);
#1061=ORIENTED_EDGE('',*,*,#2786,.T.);
#1062=ORIENTED_EDGE('',*,*,#2787,.F.);
#1063=ORIENTED_EDGE('',*,*,#2788,.F.);
#1064=ORIENTED_EDGE('',*,*,#2703,.F.);
#1065=ORIENTED_EDGE('',*,*,#2683,.T.);
#1066=ORIENTED_EDGE('',*,*,#2789,.T.);
#1067=ORIENTED_EDGE('',*,*,#2790,.T.);
#1068=ORIENTED_EDGE('',*,*,#2791,.F.);
#1069=ORIENTED_EDGE('',*,*,#2792,.T.);
#1070=ORIENTED_EDGE('',*,*,#2793,.F.);
#1071=ORIENTED_EDGE('',*,*,#2794,.F.);
#1072=ORIENTED_EDGE('',*,*,#2701,.F.);
#1073=ORIENTED_EDGE('',*,*,#2685,.T.);
#1074=ORIENTED_EDGE('',*,*,#2795,.T.);
#1075=ORIENTED_EDGE('',*,*,#2796,.T.);
#1076=ORIENTED_EDGE('',*,*,#2797,.F.);
#1077=ORIENTED_EDGE('',*,*,#2798,.T.);
#1078=ORIENTED_EDGE('',*,*,#2799,.F.);
#1079=ORIENTED_EDGE('',*,*,#2800,.F.);
#1080=ORIENTED_EDGE('',*,*,#2699,.F.);
#1081=ORIENTED_EDGE('',*,*,#2687,.T.);
#1082=ORIENTED_EDGE('',*,*,#2801,.T.);
#1083=ORIENTED_EDGE('',*,*,#2802,.T.);
#1084=ORIENTED_EDGE('',*,*,#2803,.F.);
#1085=ORIENTED_EDGE('',*,*,#2804,.T.);
#1086=ORIENTED_EDGE('',*,*,#2805,.F.);
#1087=ORIENTED_EDGE('',*,*,#2806,.F.);
#1088=ORIENTED_EDGE('',*,*,#2697,.F.);
#1089=ORIENTED_EDGE('',*,*,#2689,.T.);
#1090=ORIENTED_EDGE('',*,*,#2807,.T.);
#1091=ORIENTED_EDGE('',*,*,#2808,.T.);
#1092=ORIENTED_EDGE('',*,*,#2809,.F.);
#1093=ORIENTED_EDGE('',*,*,#2810,.T.);
#1094=ORIENTED_EDGE('',*,*,#2811,.F.);
#1095=ORIENTED_EDGE('',*,*,#2812,.F.);
#1096=ORIENTED_EDGE('',*,*,#2695,.F.);
#1097=ORIENTED_EDGE('',*,*,#2813,.F.);
#1098=ORIENTED_EDGE('',*,*,#2814,.F.);
#1099=ORIENTED_EDGE('',*,*,#2815,.T.);
#1100=ORIENTED_EDGE('',*,*,#2692,.F.);
#1101=ORIENTED_EDGE('',*,*,#2691,.T.);
#1102=ORIENTED_EDGE('',*,*,#2816,.T.);
#1103=ORIENTED_EDGE('',*,*,#2817,.T.);
#1104=ORIENTED_EDGE('',*,*,#2818,.T.);
#1105=ORIENTED_EDGE('',*,*,#2813,.T.);
#1106=ORIENTED_EDGE('',*,*,#2815,.F.);
#1107=ORIENTED_EDGE('',*,*,#2819,.F.);
#1108=ORIENTED_EDGE('',*,*,#2820,.F.);
#1109=ORIENTED_EDGE('',*,*,#2821,.F.);
#1110=ORIENTED_EDGE('',*,*,#2693,.F.);
#1111=ORIENTED_EDGE('',*,*,#2690,.T.);
#1112=ORIENTED_EDGE('',*,*,#2809,.T.);
#1113=ORIENTED_EDGE('',*,*,#2822,.T.);
#1114=ORIENTED_EDGE('',*,*,#2816,.F.);
#1115=ORIENTED_EDGE('',*,*,#2821,.T.);
#1116=ORIENTED_EDGE('',*,*,#2823,.F.);
#1117=ORIENTED_EDGE('',*,*,#2810,.F.);
#1118=ORIENTED_EDGE('',*,*,#2694,.F.);
#1119=ORIENTED_EDGE('',*,*,#2688,.T.);
#1120=ORIENTED_EDGE('',*,*,#2803,.T.);
#1121=ORIENTED_EDGE('',*,*,#2824,.T.);
#1122=ORIENTED_EDGE('',*,*,#2807,.F.);
#1123=ORIENTED_EDGE('',*,*,#2812,.T.);
#1124=ORIENTED_EDGE('',*,*,#2825,.F.);
#1125=ORIENTED_EDGE('',*,*,#2804,.F.);
#1126=ORIENTED_EDGE('',*,*,#2696,.F.);
#1127=ORIENTED_EDGE('',*,*,#2686,.T.);
#1128=ORIENTED_EDGE('',*,*,#2797,.T.);
#1129=ORIENTED_EDGE('',*,*,#2826,.T.);
#1130=ORIENTED_EDGE('',*,*,#2801,.F.);
#1131=ORIENTED_EDGE('',*,*,#2806,.T.);
#1132=ORIENTED_EDGE('',*,*,#2827,.F.);
#1133=ORIENTED_EDGE('',*,*,#2798,.F.);
#1134=ORIENTED_EDGE('',*,*,#2698,.F.);
#1135=ORIENTED_EDGE('',*,*,#2684,.T.);
#1136=ORIENTED_EDGE('',*,*,#2791,.T.);
#1137=ORIENTED_EDGE('',*,*,#2828,.T.);
#1138=ORIENTED_EDGE('',*,*,#2795,.F.);
#1139=ORIENTED_EDGE('',*,*,#2800,.T.);
#1140=ORIENTED_EDGE('',*,*,#2829,.F.);
#1141=ORIENTED_EDGE('',*,*,#2792,.F.);
#1142=ORIENTED_EDGE('',*,*,#2700,.F.);
#1143=ORIENTED_EDGE('',*,*,#2682,.T.);
#1144=ORIENTED_EDGE('',*,*,#2785,.T.);
#1145=ORIENTED_EDGE('',*,*,#2830,.T.);
#1146=ORIENTED_EDGE('',*,*,#2789,.F.);
#1147=ORIENTED_EDGE('',*,*,#2794,.T.);
#1148=ORIENTED_EDGE('',*,*,#2831,.F.);
#1149=ORIENTED_EDGE('',*,*,#2786,.F.);
#1150=ORIENTED_EDGE('',*,*,#2702,.F.);
#1151=ORIENTED_EDGE('',*,*,#2680,.T.);
#1152=ORIENTED_EDGE('',*,*,#2771,.T.);
#1153=ORIENTED_EDGE('',*,*,#2832,.T.);
#1154=ORIENTED_EDGE('',*,*,#2783,.F.);
#1155=ORIENTED_EDGE('',*,*,#2788,.T.);
#1156=ORIENTED_EDGE('',*,*,#2833,.F.);
#1157=ORIENTED_EDGE('',*,*,#2772,.F.);
#1158=ORIENTED_EDGE('',*,*,#2704,.F.);
#1159=ORIENTED_EDGE('',*,*,#2834,.T.);
#1160=ORIENTED_EDGE('',*,*,#2770,.F.);
#1161=ORIENTED_EDGE('',*,*,#2835,.F.);
#1162=ORIENTED_EDGE('',*,*,#2773,.T.);
#1163=ORIENTED_EDGE('',*,*,#2779,.T.);
#1164=ORIENTED_EDGE('',*,*,#2836,.T.);
#1165=ORIENTED_EDGE('',*,*,#2776,.F.);
#1166=ORIENTED_EDGE('',*,*,#2837,.F.);
#1167=ORIENTED_EDGE('',*,*,#2835,.T.);
#1168=ORIENTED_EDGE('',*,*,#2781,.F.);
#1169=ORIENTED_EDGE('',*,*,#2836,.F.);
#1170=ORIENTED_EDGE('',*,*,#2782,.T.);
#1171=ORIENTED_EDGE('',*,*,#2745,.T.);
#1172=ORIENTED_EDGE('',*,*,#2838,.T.);
#1173=ORIENTED_EDGE('',*,*,#2837,.T.);
#1174=ORIENTED_EDGE('',*,*,#2839,.F.);
#1175=ORIENTED_EDGE('',*,*,#2750,.T.);
#1176=ORIENTED_EDGE('',*,*,#2839,.T.);
#1177=ORIENTED_EDGE('',*,*,#2775,.T.);
#1178=ORIENTED_EDGE('',*,*,#2676,.T.);
#1179=ORIENTED_EDGE('',*,*,#2751,.F.);
#1180=ORIENTED_EDGE('',*,*,#2749,.T.);
#1181=ORIENTED_EDGE('',*,*,#2708,.F.);
#1182=ORIENTED_EDGE('',*,*,#2780,.F.);
#1183=ORIENTED_EDGE('',*,*,#2838,.F.);
#1184=ORIENTED_EDGE('',*,*,#2840,.T.);
#1185=ORIENTED_EDGE('',*,*,#2784,.F.);
#1186=ORIENTED_EDGE('',*,*,#2841,.F.);
#1187=ORIENTED_EDGE('',*,*,#2787,.T.);
#1188=ORIENTED_EDGE('',*,*,#2842,.T.);
#1189=ORIENTED_EDGE('',*,*,#2790,.F.);
#1190=ORIENTED_EDGE('',*,*,#2843,.F.);
#1191=ORIENTED_EDGE('',*,*,#2793,.T.);
#1192=ORIENTED_EDGE('',*,*,#2844,.T.);
#1193=ORIENTED_EDGE('',*,*,#2796,.F.);
#1194=ORIENTED_EDGE('',*,*,#2845,.F.);
#1195=ORIENTED_EDGE('',*,*,#2799,.T.);
#1196=ORIENTED_EDGE('',*,*,#2846,.T.);
#1197=ORIENTED_EDGE('',*,*,#2802,.F.);
#1198=ORIENTED_EDGE('',*,*,#2847,.F.);
#1199=ORIENTED_EDGE('',*,*,#2805,.T.);
#1200=ORIENTED_EDGE('',*,*,#2848,.T.);
#1201=ORIENTED_EDGE('',*,*,#2808,.F.);
#1202=ORIENTED_EDGE('',*,*,#2849,.F.);
#1203=ORIENTED_EDGE('',*,*,#2811,.T.);
#1204=ORIENTED_EDGE('',*,*,#2814,.T.);
#1205=ORIENTED_EDGE('',*,*,#2818,.F.);
#1206=ORIENTED_EDGE('',*,*,#2850,.F.);
#1207=ORIENTED_EDGE('',*,*,#2819,.T.);
#1208=ORIENTED_EDGE('',*,*,#2850,.T.);
#1209=ORIENTED_EDGE('',*,*,#2817,.F.);
#1210=ORIENTED_EDGE('',*,*,#2851,.F.);
#1211=ORIENTED_EDGE('',*,*,#2820,.T.);
#1212=ORIENTED_EDGE('',*,*,#2851,.T.);
#1213=ORIENTED_EDGE('',*,*,#2822,.F.);
#1214=ORIENTED_EDGE('',*,*,#2848,.F.);
#1215=ORIENTED_EDGE('',*,*,#2823,.T.);
#1216=ORIENTED_EDGE('',*,*,#2849,.T.);
#1217=ORIENTED_EDGE('',*,*,#2824,.F.);
#1218=ORIENTED_EDGE('',*,*,#2846,.F.);
#1219=ORIENTED_EDGE('',*,*,#2825,.T.);
#1220=ORIENTED_EDGE('',*,*,#2847,.T.);
#1221=ORIENTED_EDGE('',*,*,#2826,.F.);
#1222=ORIENTED_EDGE('',*,*,#2844,.F.);
#1223=ORIENTED_EDGE('',*,*,#2827,.T.);
#1224=ORIENTED_EDGE('',*,*,#2845,.T.);
#1225=ORIENTED_EDGE('',*,*,#2828,.F.);
#1226=ORIENTED_EDGE('',*,*,#2842,.F.);
#1227=ORIENTED_EDGE('',*,*,#2829,.T.);
#1228=ORIENTED_EDGE('',*,*,#2843,.T.);
#1229=ORIENTED_EDGE('',*,*,#2830,.F.);
#1230=ORIENTED_EDGE('',*,*,#2840,.F.);
#1231=ORIENTED_EDGE('',*,*,#2831,.T.);
#1232=ORIENTED_EDGE('',*,*,#2841,.T.);
#1233=ORIENTED_EDGE('',*,*,#2832,.F.);
#1234=ORIENTED_EDGE('',*,*,#2834,.F.);
#1235=ORIENTED_EDGE('',*,*,#2833,.T.);
#1236=ORIENTED_EDGE('',*,*,#2852,.F.);
#1237=ORIENTED_EDGE('',*,*,#2853,.T.);
#1238=ORIENTED_EDGE('',*,*,#2854,.T.);
#1239=ORIENTED_EDGE('',*,*,#2747,.F.);
#1240=ORIENTED_EDGE('',*,*,#2665,.F.);
#1241=ORIENTED_EDGE('',*,*,#2855,.T.);
#1242=ORIENTED_EDGE('',*,*,#2856,.F.);
#1243=ORIENTED_EDGE('',*,*,#2857,.T.);
#1244=ORIENTED_EDGE('',*,*,#2858,.T.);
#1245=ORIENTED_EDGE('',*,*,#2852,.T.);
#1246=ORIENTED_EDGE('',*,*,#2859,.T.);
#1247=ORIENTED_EDGE('',*,*,#2860,.T.);
#1248=ORIENTED_EDGE('',*,*,#2755,.T.);
#1249=ORIENTED_EDGE('',*,*,#2861,.F.);
#1250=ORIENTED_EDGE('',*,*,#2862,.T.);
#1251=ORIENTED_EDGE('',*,*,#2863,.T.);
#1252=ORIENTED_EDGE('',*,*,#2856,.T.);
#1253=ORIENTED_EDGE('',*,*,#2861,.T.);
#1254=ORIENTED_EDGE('',*,*,#2465,.F.);
#1255=ORIENTED_EDGE('',*,*,#2864,.F.);
#1256=ORIENTED_EDGE('',*,*,#2865,.T.);
#1257=ORIENTED_EDGE('',*,*,#2864,.T.);
#1258=ORIENTED_EDGE('',*,*,#2464,.F.);
#1259=ORIENTED_EDGE('',*,*,#2866,.F.);
#1260=ORIENTED_EDGE('',*,*,#2867,.T.);
#1261=ORIENTED_EDGE('',*,*,#2866,.T.);
#1262=ORIENTED_EDGE('',*,*,#2758,.T.);
#1263=ORIENTED_EDGE('',*,*,#2868,.T.);
#1264=ORIENTED_EDGE('',*,*,#2869,.F.);
#1265=ORIENTED_EDGE('',*,*,#2870,.T.);
#1266=ORIENTED_EDGE('',*,*,#2871,.T.);
#1267=ORIENTED_EDGE('',*,*,#2872,.F.);
#1268=ORIENTED_EDGE('',*,*,#2873,.T.);
#1269=ORIENTED_EDGE('',*,*,#2874,.T.);
#1270=ORIENTED_EDGE('',*,*,#2869,.T.);
#1271=ORIENTED_EDGE('',*,*,#2875,.T.);
#1272=ORIENTED_EDGE('',*,*,#2854,.F.);
#1273=ORIENTED_EDGE('',*,*,#2876,.T.);
#1274=ORIENTED_EDGE('',*,*,#2872,.T.);
#1275=ORIENTED_EDGE('',*,*,#2877,.T.);
#1276=ORIENTED_EDGE('',*,*,#2638,.F.);
#1277=ORIENTED_EDGE('',*,*,#2748,.T.);
#1278=ORIENTED_EDGE('',*,*,#2590,.T.);
#1279=ORIENTED_EDGE('',*,*,#2878,.F.);
#1280=ORIENTED_EDGE('',*,*,#2879,.T.);
#1281=ORIENTED_EDGE('',*,*,#2880,.T.);
#1282=ORIENTED_EDGE('',*,*,#2881,.T.);
#1283=ORIENTED_EDGE('',*,*,#2767,.T.);
#1284=ORIENTED_EDGE('',*,*,#2880,.F.);
#1285=ORIENTED_EDGE('',*,*,#2882,.F.);
#1286=ORIENTED_EDGE('',*,*,#2883,.T.);
#1287=ORIENTED_EDGE('',*,*,#2884,.T.);
#1288=ORIENTED_EDGE('',*,*,#2884,.F.);
#1289=ORIENTED_EDGE('',*,*,#2885,.T.);
#1290=ORIENTED_EDGE('',*,*,#2886,.T.);
#1291=ORIENTED_EDGE('',*,*,#2887,.T.);
#1292=ORIENTED_EDGE('',*,*,#2888,.T.);
#1293=ORIENTED_EDGE('',*,*,#2887,.F.);
#1294=ORIENTED_EDGE('',*,*,#2889,.T.);
#1295=ORIENTED_EDGE('',*,*,#2890,.T.);
#1296=ORIENTED_EDGE('',*,*,#2729,.T.);
#1297=ORIENTED_EDGE('',*,*,#2647,.F.);
#1298=ORIENTED_EDGE('',*,*,#2891,.T.);
#1299=ORIENTED_EDGE('',*,*,#2890,.F.);
#1300=ORIENTED_EDGE('',*,*,#2892,.T.);
#1301=ORIENTED_EDGE('',*,*,#2893,.T.);
#1302=ORIENTED_EDGE('',*,*,#2894,.T.);
#1303=ORIENTED_EDGE('',*,*,#2660,.F.);
#1304=ORIENTED_EDGE('',*,*,#2727,.T.);
#1305=ORIENTED_EDGE('',*,*,#2893,.F.);
#1306=ORIENTED_EDGE('',*,*,#2895,.T.);
#1307=ORIENTED_EDGE('',*,*,#2896,.T.);
#1308=ORIENTED_EDGE('',*,*,#2897,.T.);
#1309=ORIENTED_EDGE('',*,*,#2898,.T.);
#1310=ORIENTED_EDGE('',*,*,#2899,.T.);
#1311=ORIENTED_EDGE('',*,*,#2754,.T.);
#1312=ORIENTED_EDGE('',*,*,#2900,.T.);
#1313=ORIENTED_EDGE('',*,*,#2897,.F.);
#1314=ORIENTED_EDGE('',*,*,#2901,.T.);
#1315=ORIENTED_EDGE('',*,*,#2902,.F.);
#1316=ORIENTED_EDGE('',*,*,#2899,.F.);
#1317=ORIENTED_EDGE('',*,*,#2903,.F.);
#1318=ORIENTED_EDGE('',*,*,#2878,.T.);
#1319=ORIENTED_EDGE('',*,*,#2589,.F.);
#1320=ORIENTED_EDGE('',*,*,#2543,.T.);
#1321=ORIENTED_EDGE('',*,*,#2904,.F.);
#1322=ORIENTED_EDGE('',*,*,#2905,.T.);
#1323=ORIENTED_EDGE('',*,*,#2906,.T.);
#1324=ORIENTED_EDGE('',*,*,#2907,.T.);
#1325=ORIENTED_EDGE('',*,*,#2763,.T.);
#1326=ORIENTED_EDGE('',*,*,#2906,.F.);
#1327=ORIENTED_EDGE('',*,*,#2908,.F.);
#1328=ORIENTED_EDGE('',*,*,#2909,.T.);
#1329=ORIENTED_EDGE('',*,*,#2910,.T.);
#1330=ORIENTED_EDGE('',*,*,#2910,.F.);
#1331=ORIENTED_EDGE('',*,*,#2911,.T.);
#1332=ORIENTED_EDGE('',*,*,#2912,.T.);
#1333=ORIENTED_EDGE('',*,*,#2913,.T.);
#1334=ORIENTED_EDGE('',*,*,#2914,.T.);
#1335=ORIENTED_EDGE('',*,*,#2913,.F.);
#1336=ORIENTED_EDGE('',*,*,#2915,.T.);
#1337=ORIENTED_EDGE('',*,*,#2916,.T.);
#1338=ORIENTED_EDGE('',*,*,#2735,.T.);
#1339=ORIENTED_EDGE('',*,*,#2656,.F.);
#1340=ORIENTED_EDGE('',*,*,#2917,.T.);
#1341=ORIENTED_EDGE('',*,*,#2916,.F.);
#1342=ORIENTED_EDGE('',*,*,#2918,.T.);
#1343=ORIENTED_EDGE('',*,*,#2919,.T.);
#1344=ORIENTED_EDGE('',*,*,#2920,.T.);
#1345=ORIENTED_EDGE('',*,*,#2642,.F.);
#1346=ORIENTED_EDGE('',*,*,#2733,.T.);
#1347=ORIENTED_EDGE('',*,*,#2919,.F.);
#1348=ORIENTED_EDGE('',*,*,#2921,.T.);
#1349=ORIENTED_EDGE('',*,*,#2922,.T.);
#1350=ORIENTED_EDGE('',*,*,#2923,.T.);
#1351=ORIENTED_EDGE('',*,*,#2924,.T.);
#1352=ORIENTED_EDGE('',*,*,#2925,.T.);
#1353=ORIENTED_EDGE('',*,*,#2766,.T.);
#1354=ORIENTED_EDGE('',*,*,#2926,.T.);
#1355=ORIENTED_EDGE('',*,*,#2923,.F.);
#1356=ORIENTED_EDGE('',*,*,#2927,.T.);
#1357=ORIENTED_EDGE('',*,*,#2928,.F.);
#1358=ORIENTED_EDGE('',*,*,#2925,.F.);
#1359=ORIENTED_EDGE('',*,*,#2929,.F.);
#1360=ORIENTED_EDGE('',*,*,#2904,.T.);
#1361=ORIENTED_EDGE('',*,*,#2542,.F.);
#1362=ORIENTED_EDGE('',*,*,#2930,.T.);
#1363=ORIENTED_EDGE('',*,*,#2762,.T.);
#1364=ORIENTED_EDGE('',*,*,#2931,.T.);
#1365=ORIENTED_EDGE('',*,*,#2932,.F.);
#1366=ORIENTED_EDGE('',*,*,#2933,.T.);
#1367=ORIENTED_EDGE('',*,*,#2934,.F.);
#1368=ORIENTED_EDGE('',*,*,#2930,.F.);
#1369=ORIENTED_EDGE('',*,*,#2935,.F.);
#1370=ORIENTED_EDGE('',*,*,#2936,.T.);
#1371=ORIENTED_EDGE('',*,*,#2496,.F.);
#1372=ORIENTED_EDGE('',*,*,#2936,.F.);
#1373=ORIENTED_EDGE('',*,*,#2937,.T.);
#1374=ORIENTED_EDGE('',*,*,#2938,.T.);
#1375=ORIENTED_EDGE('',*,*,#2497,.T.);
#1376=ORIENTED_EDGE('',*,*,#2939,.T.);
#1377=ORIENTED_EDGE('',*,*,#2759,.T.);
#1378=ORIENTED_EDGE('',*,*,#2938,.F.);
#1379=ORIENTED_EDGE('',*,*,#2940,.F.);
#1380=ORIENTED_EDGE('',*,*,#2941,.T.);
#1381=ORIENTED_EDGE('',*,*,#2942,.T.);
#1382=ORIENTED_EDGE('',*,*,#2942,.F.);
#1383=ORIENTED_EDGE('',*,*,#2943,.T.);
#1384=ORIENTED_EDGE('',*,*,#2944,.T.);
#1385=ORIENTED_EDGE('',*,*,#2945,.T.);
#1386=ORIENTED_EDGE('',*,*,#2946,.T.);
#1387=ORIENTED_EDGE('',*,*,#2945,.F.);
#1388=ORIENTED_EDGE('',*,*,#2947,.T.);
#1389=ORIENTED_EDGE('',*,*,#2948,.T.);
#1390=ORIENTED_EDGE('',*,*,#2741,.T.);
#1391=ORIENTED_EDGE('',*,*,#2634,.F.);
#1392=ORIENTED_EDGE('',*,*,#2949,.T.);
#1393=ORIENTED_EDGE('',*,*,#2948,.F.);
#1394=ORIENTED_EDGE('',*,*,#2950,.T.);
#1395=ORIENTED_EDGE('',*,*,#2951,.T.);
#1396=ORIENTED_EDGE('',*,*,#2952,.T.);
#1397=ORIENTED_EDGE('',*,*,#2651,.F.);
#1398=ORIENTED_EDGE('',*,*,#2739,.T.);
#1399=ORIENTED_EDGE('',*,*,#2951,.F.);
#1400=ORIENTED_EDGE('',*,*,#2953,.T.);
#1401=ORIENTED_EDGE('',*,*,#2954,.T.);
#1402=ORIENTED_EDGE('',*,*,#2932,.T.);
#1403=ORIENTED_EDGE('',*,*,#2955,.T.);
#1404=ORIENTED_EDGE('',*,*,#2956,.T.);
#1405=ORIENTED_EDGE('',*,*,#2957,.T.);
#1406=ORIENTED_EDGE('',*,*,#2958,.T.);
#1407=ORIENTED_EDGE('',*,*,#2959,.T.);
#1408=ORIENTED_EDGE('',*,*,#2960,.T.);
#1409=ORIENTED_EDGE('',*,*,#2961,.T.);
#1410=ORIENTED_EDGE('',*,*,#2962,.T.);
#1411=ORIENTED_EDGE('',*,*,#2963,.T.);
#1412=ORIENTED_EDGE('',*,*,#2964,.T.);
#1413=ORIENTED_EDGE('',*,*,#2965,.T.);
#1414=ORIENTED_EDGE('',*,*,#2966,.T.);
#1415=ORIENTED_EDGE('',*,*,#2967,.T.);
#1416=ORIENTED_EDGE('',*,*,#2968,.T.);
#1417=ORIENTED_EDGE('',*,*,#2969,.T.);
#1418=ORIENTED_EDGE('',*,*,#2970,.T.);
#1419=ORIENTED_EDGE('',*,*,#2971,.T.);
#1420=ORIENTED_EDGE('',*,*,#2972,.T.);
#1421=ORIENTED_EDGE('',*,*,#2973,.T.);
#1422=ORIENTED_EDGE('',*,*,#2974,.T.);
#1423=ORIENTED_EDGE('',*,*,#2975,.T.);
#1424=ORIENTED_EDGE('',*,*,#2976,.T.);
#1425=ORIENTED_EDGE('',*,*,#2977,.T.);
#1426=ORIENTED_EDGE('',*,*,#2978,.T.);
#1427=ORIENTED_EDGE('',*,*,#2979,.T.);
#1428=ORIENTED_EDGE('',*,*,#2980,.T.);
#1429=ORIENTED_EDGE('',*,*,#2981,.T.);
#1430=ORIENTED_EDGE('',*,*,#2982,.T.);
#1431=ORIENTED_EDGE('',*,*,#2983,.T.);
#1432=ORIENTED_EDGE('',*,*,#2984,.T.);
#1433=ORIENTED_EDGE('',*,*,#2985,.T.);
#1434=ORIENTED_EDGE('',*,*,#2986,.F.);
#1435=ORIENTED_EDGE('',*,*,#2929,.T.);
#1436=ORIENTED_EDGE('',*,*,#2928,.T.);
#1437=ORIENTED_EDGE('',*,*,#2972,.F.);
#1438=ORIENTED_EDGE('',*,*,#2882,.T.);
#1439=ORIENTED_EDGE('',*,*,#2879,.F.);
#1440=ORIENTED_EDGE('',*,*,#2987,.T.);
#1441=ORIENTED_EDGE('',*,*,#2988,.T.);
#1442=ORIENTED_EDGE('',*,*,#2987,.F.);
#1443=ORIENTED_EDGE('',*,*,#2903,.T.);
#1444=ORIENTED_EDGE('',*,*,#2902,.T.);
#1445=ORIENTED_EDGE('',*,*,#2966,.F.);
#1446=ORIENTED_EDGE('',*,*,#2862,.F.);
#1447=ORIENTED_EDGE('',*,*,#2865,.F.);
#1448=ORIENTED_EDGE('',*,*,#2989,.T.);
#1449=ORIENTED_EDGE('',*,*,#2990,.T.);
#1450=ORIENTED_EDGE('',*,*,#2989,.F.);
#1451=ORIENTED_EDGE('',*,*,#2867,.F.);
#1452=ORIENTED_EDGE('',*,*,#2871,.F.);
#1453=ORIENTED_EDGE('',*,*,#2960,.F.);
#1454=ORIENTED_EDGE('',*,*,#2940,.T.);
#1455=ORIENTED_EDGE('',*,*,#2937,.F.);
#1456=ORIENTED_EDGE('',*,*,#2991,.T.);
#1457=ORIENTED_EDGE('',*,*,#2981,.F.);
#1458=ORIENTED_EDGE('',*,*,#2992,.T.);
#1459=ORIENTED_EDGE('',*,*,#2993,.T.);
#1460=ORIENTED_EDGE('',*,*,#2994,.T.);
#1461=ORIENTED_EDGE('',*,*,#2975,.F.);
#1462=ORIENTED_EDGE('',*,*,#2995,.T.);
#1463=ORIENTED_EDGE('',*,*,#2996,.T.);
#1464=ORIENTED_EDGE('',*,*,#2997,.T.);
#1465=ORIENTED_EDGE('',*,*,#2983,.F.);
#1466=ORIENTED_EDGE('',*,*,#2998,.T.);
#1467=ORIENTED_EDGE('',*,*,#2999,.T.);
#1468=ORIENTED_EDGE('',*,*,#3000,.T.);
#1469=ORIENTED_EDGE('',*,*,#2969,.F.);
#1470=ORIENTED_EDGE('',*,*,#3001,.T.);
#1471=ORIENTED_EDGE('',*,*,#2982,.F.);
#1472=ORIENTED_EDGE('',*,*,#3002,.T.);
#1473=ORIENTED_EDGE('',*,*,#3003,.T.);
#1474=ORIENTED_EDGE('',*,*,#3004,.T.);
#1475=ORIENTED_EDGE('',*,*,#2963,.F.);
#1476=ORIENTED_EDGE('',*,*,#3005,.T.);
#1477=ORIENTED_EDGE('',*,*,#2957,.F.);
#1478=ORIENTED_EDGE('',*,*,#3006,.T.);
#1479=ORIENTED_EDGE('',*,*,#2956,.F.);
#1480=ORIENTED_EDGE('',*,*,#3007,.T.);
#1481=ORIENTED_EDGE('',*,*,#3008,.T.);
#1482=ORIENTED_EDGE('',*,*,#2991,.F.);
#1483=ORIENTED_EDGE('',*,*,#2935,.T.);
#1484=ORIENTED_EDGE('',*,*,#2934,.T.);
#1485=ORIENTED_EDGE('',*,*,#2978,.F.);
#1486=ORIENTED_EDGE('',*,*,#2908,.T.);
#1487=ORIENTED_EDGE('',*,*,#2905,.F.);
#1488=ORIENTED_EDGE('',*,*,#2986,.T.);
#1489=ORIENTED_EDGE('',*,*,#2984,.F.);
#1490=ORIENTED_EDGE('',*,*,#3009,.T.);
#1491=ORIENTED_EDGE('',*,*,#2985,.F.);
#1492=ORIENTED_EDGE('',*,*,#2988,.F.);
#1493=ORIENTED_EDGE('',*,*,#2990,.F.);
#1494=ORIENTED_EDGE('',*,*,#3008,.F.);
#1495=ORIENTED_EDGE('',*,*,#3007,.F.);
#1496=ORIENTED_EDGE('',*,*,#3006,.F.);
#1497=ORIENTED_EDGE('',*,*,#3005,.F.);
#1498=ORIENTED_EDGE('',*,*,#3002,.F.);
#1499=ORIENTED_EDGE('',*,*,#3001,.F.);
#1500=ORIENTED_EDGE('',*,*,#2998,.F.);
#1501=ORIENTED_EDGE('',*,*,#2997,.F.);
#1502=ORIENTED_EDGE('',*,*,#2994,.F.);
#1503=ORIENTED_EDGE('',*,*,#3009,.F.);
#1504=ORIENTED_EDGE('',*,*,#2949,.F.);
#1505=ORIENTED_EDGE('',*,*,#2633,.F.);
#1506=ORIENTED_EDGE('',*,*,#2760,.F.);
#1507=ORIENTED_EDGE('',*,*,#2939,.F.);
#1508=ORIENTED_EDGE('',*,*,#2946,.F.);
#1509=ORIENTED_EDGE('',*,*,#2761,.F.);
#1510=ORIENTED_EDGE('',*,*,#2652,.F.);
#1511=ORIENTED_EDGE('',*,*,#2952,.F.);
#1512=ORIENTED_EDGE('',*,*,#2955,.F.);
#1513=ORIENTED_EDGE('',*,*,#2931,.F.);
#1514=ORIENTED_EDGE('',*,*,#2765,.F.);
#1515=ORIENTED_EDGE('',*,*,#2643,.F.);
#1516=ORIENTED_EDGE('',*,*,#2920,.F.);
#1517=ORIENTED_EDGE('',*,*,#2924,.F.);
#1518=ORIENTED_EDGE('',*,*,#2926,.F.);
#1519=ORIENTED_EDGE('',*,*,#2917,.F.);
#1520=ORIENTED_EDGE('',*,*,#2655,.F.);
#1521=ORIENTED_EDGE('',*,*,#2764,.F.);
#1522=ORIENTED_EDGE('',*,*,#2907,.F.);
#1523=ORIENTED_EDGE('',*,*,#2914,.F.);
#1524=ORIENTED_EDGE('',*,*,#2753,.F.);
#1525=ORIENTED_EDGE('',*,*,#2661,.F.);
#1526=ORIENTED_EDGE('',*,*,#2894,.F.);
#1527=ORIENTED_EDGE('',*,*,#2898,.F.);
#1528=ORIENTED_EDGE('',*,*,#2900,.F.);
#1529=ORIENTED_EDGE('',*,*,#2891,.F.);
#1530=ORIENTED_EDGE('',*,*,#2646,.F.);
#1531=ORIENTED_EDGE('',*,*,#2768,.F.);
#1532=ORIENTED_EDGE('',*,*,#2881,.F.);
#1533=ORIENTED_EDGE('',*,*,#2888,.F.);
#1534=ORIENTED_EDGE('',*,*,#2860,.F.);
#1535=ORIENTED_EDGE('',*,*,#2859,.F.);
#1536=ORIENTED_EDGE('',*,*,#2855,.F.);
#1537=ORIENTED_EDGE('',*,*,#2664,.F.);
#1538=ORIENTED_EDGE('',*,*,#2756,.F.);
#1539=ORIENTED_EDGE('',*,*,#2877,.F.);
#1540=ORIENTED_EDGE('',*,*,#2875,.F.);
#1541=ORIENTED_EDGE('',*,*,#2868,.F.);
#1542=ORIENTED_EDGE('',*,*,#2757,.F.);
#1543=ORIENTED_EDGE('',*,*,#2639,.F.);
#1544=ORIENTED_EDGE('',*,*,#2954,.F.);
#1545=ORIENTED_EDGE('',*,*,#3010,.F.);
#1546=ORIENTED_EDGE('',*,*,#2979,.F.);
#1547=ORIENTED_EDGE('',*,*,#2933,.F.);
#1548=ORIENTED_EDGE('',*,*,#2953,.F.);
#1549=ORIENTED_EDGE('',*,*,#2950,.F.);
#1550=ORIENTED_EDGE('',*,*,#3011,.F.);
#1551=ORIENTED_EDGE('',*,*,#2992,.F.);
#1552=ORIENTED_EDGE('',*,*,#2980,.F.);
#1553=ORIENTED_EDGE('',*,*,#3010,.T.);
#1554=ORIENTED_EDGE('',*,*,#2947,.F.);
#1555=ORIENTED_EDGE('',*,*,#2944,.F.);
#1556=ORIENTED_EDGE('',*,*,#3012,.F.);
#1557=ORIENTED_EDGE('',*,*,#2958,.F.);
#1558=ORIENTED_EDGE('',*,*,#2993,.F.);
#1559=ORIENTED_EDGE('',*,*,#3011,.T.);
#1560=ORIENTED_EDGE('',*,*,#3012,.T.);
#1561=ORIENTED_EDGE('',*,*,#2943,.F.);
#1562=ORIENTED_EDGE('',*,*,#2941,.F.);
#1563=ORIENTED_EDGE('',*,*,#2959,.F.);
#1564=ORIENTED_EDGE('',*,*,#2922,.F.);
#1565=ORIENTED_EDGE('',*,*,#3013,.F.);
#1566=ORIENTED_EDGE('',*,*,#2973,.F.);
#1567=ORIENTED_EDGE('',*,*,#2927,.F.);
#1568=ORIENTED_EDGE('',*,*,#2921,.F.);
#1569=ORIENTED_EDGE('',*,*,#2918,.F.);
#1570=ORIENTED_EDGE('',*,*,#3014,.F.);
#1571=ORIENTED_EDGE('',*,*,#2995,.F.);
#1572=ORIENTED_EDGE('',*,*,#2974,.F.);
#1573=ORIENTED_EDGE('',*,*,#3013,.T.);
#1574=ORIENTED_EDGE('',*,*,#2915,.F.);
#1575=ORIENTED_EDGE('',*,*,#2912,.F.);
#1576=ORIENTED_EDGE('',*,*,#3015,.F.);
#1577=ORIENTED_EDGE('',*,*,#2976,.F.);
#1578=ORIENTED_EDGE('',*,*,#2996,.F.);
#1579=ORIENTED_EDGE('',*,*,#3014,.T.);
#1580=ORIENTED_EDGE('',*,*,#3015,.T.);
#1581=ORIENTED_EDGE('',*,*,#2911,.F.);
#1582=ORIENTED_EDGE('',*,*,#2909,.F.);
#1583=ORIENTED_EDGE('',*,*,#2977,.F.);
#1584=ORIENTED_EDGE('',*,*,#2863,.F.);
#1585=ORIENTED_EDGE('',*,*,#2965,.F.);
#1586=ORIENTED_EDGE('',*,*,#3016,.F.);
#1587=ORIENTED_EDGE('',*,*,#2857,.F.);
#1588=ORIENTED_EDGE('',*,*,#2964,.F.);
#1589=ORIENTED_EDGE('',*,*,#3004,.F.);
#1590=ORIENTED_EDGE('',*,*,#3017,.F.);
#1591=ORIENTED_EDGE('',*,*,#2853,.F.);
#1592=ORIENTED_EDGE('',*,*,#2858,.F.);
#1593=ORIENTED_EDGE('',*,*,#3016,.T.);
#1594=ORIENTED_EDGE('',*,*,#3003,.F.);
#1595=ORIENTED_EDGE('',*,*,#2962,.F.);
#1596=ORIENTED_EDGE('',*,*,#3018,.F.);
#1597=ORIENTED_EDGE('',*,*,#2873,.F.);
#1598=ORIENTED_EDGE('',*,*,#2876,.F.);
#1599=ORIENTED_EDGE('',*,*,#3017,.T.);
#1600=ORIENTED_EDGE('',*,*,#3018,.T.);
#1601=ORIENTED_EDGE('',*,*,#2961,.F.);
#1602=ORIENTED_EDGE('',*,*,#2870,.F.);
#1603=ORIENTED_EDGE('',*,*,#2874,.F.);
#1604=ORIENTED_EDGE('',*,*,#2883,.F.);
#1605=ORIENTED_EDGE('',*,*,#2971,.F.);
#1606=ORIENTED_EDGE('',*,*,#3019,.F.);
#1607=ORIENTED_EDGE('',*,*,#2885,.F.);
#1608=ORIENTED_EDGE('',*,*,#2970,.F.);
#1609=ORIENTED_EDGE('',*,*,#3000,.F.);
#1610=ORIENTED_EDGE('',*,*,#3020,.F.);
#1611=ORIENTED_EDGE('',*,*,#2889,.F.);
#1612=ORIENTED_EDGE('',*,*,#2886,.F.);
#1613=ORIENTED_EDGE('',*,*,#3019,.T.);
#1614=ORIENTED_EDGE('',*,*,#2999,.F.);
#1615=ORIENTED_EDGE('',*,*,#2968,.F.);
#1616=ORIENTED_EDGE('',*,*,#3021,.F.);
#1617=ORIENTED_EDGE('',*,*,#2895,.F.);
#1618=ORIENTED_EDGE('',*,*,#2892,.F.);
#1619=ORIENTED_EDGE('',*,*,#3020,.T.);
#1620=ORIENTED_EDGE('',*,*,#2901,.F.);
#1621=ORIENTED_EDGE('',*,*,#2896,.F.);
#1622=ORIENTED_EDGE('',*,*,#3021,.T.);
#1623=ORIENTED_EDGE('',*,*,#2967,.F.);
#1624=ORIENTED_EDGE('',*,*,#2623,.F.);
#1625=ORIENTED_EDGE('',*,*,#3022,.F.);
#1626=ORIENTED_EDGE('',*,*,#3023,.T.);
#1627=ORIENTED_EDGE('',*,*,#3024,.T.);
#1628=ORIENTED_EDGE('',*,*,#2622,.F.);
#1629=ORIENTED_EDGE('',*,*,#3025,.F.);
#1630=ORIENTED_EDGE('',*,*,#3026,.T.);
#1631=ORIENTED_EDGE('',*,*,#3022,.T.);
#1632=ORIENTED_EDGE('',*,*,#2631,.F.);
#1633=ORIENTED_EDGE('',*,*,#3027,.F.);
#1634=ORIENTED_EDGE('',*,*,#3028,.T.);
#1635=ORIENTED_EDGE('',*,*,#3025,.T.);
#1636=ORIENTED_EDGE('',*,*,#2630,.F.);
#1637=ORIENTED_EDGE('',*,*,#3029,.F.);
#1638=ORIENTED_EDGE('',*,*,#3030,.T.);
#1639=ORIENTED_EDGE('',*,*,#3027,.T.);
#1640=ORIENTED_EDGE('',*,*,#2629,.F.);
#1641=ORIENTED_EDGE('',*,*,#3031,.F.);
#1642=ORIENTED_EDGE('',*,*,#3032,.T.);
#1643=ORIENTED_EDGE('',*,*,#3029,.T.);
#1644=ORIENTED_EDGE('',*,*,#2628,.F.);
#1645=ORIENTED_EDGE('',*,*,#3033,.F.);
#1646=ORIENTED_EDGE('',*,*,#3034,.T.);
#1647=ORIENTED_EDGE('',*,*,#3031,.T.);
#1648=ORIENTED_EDGE('',*,*,#2627,.F.);
#1649=ORIENTED_EDGE('',*,*,#3035,.F.);
#1650=ORIENTED_EDGE('',*,*,#3036,.T.);
#1651=ORIENTED_EDGE('',*,*,#3033,.T.);
#1652=ORIENTED_EDGE('',*,*,#2626,.F.);
#1653=ORIENTED_EDGE('',*,*,#3037,.F.);
#1654=ORIENTED_EDGE('',*,*,#3038,.T.);
#1655=ORIENTED_EDGE('',*,*,#3035,.T.);
#1656=ORIENTED_EDGE('',*,*,#2625,.F.);
#1657=ORIENTED_EDGE('',*,*,#3039,.F.);
#1658=ORIENTED_EDGE('',*,*,#3040,.T.);
#1659=ORIENTED_EDGE('',*,*,#3037,.T.);
#1660=ORIENTED_EDGE('',*,*,#2624,.F.);
#1661=ORIENTED_EDGE('',*,*,#3024,.F.);
#1662=ORIENTED_EDGE('',*,*,#3041,.T.);
#1663=ORIENTED_EDGE('',*,*,#3039,.T.);
#1664=ORIENTED_EDGE('',*,*,#3023,.F.);
#1665=ORIENTED_EDGE('',*,*,#3026,.F.);
#1666=ORIENTED_EDGE('',*,*,#3028,.F.);
#1667=ORIENTED_EDGE('',*,*,#3030,.F.);
#1668=ORIENTED_EDGE('',*,*,#3032,.F.);
#1669=ORIENTED_EDGE('',*,*,#3034,.F.);
#1670=ORIENTED_EDGE('',*,*,#3036,.F.);
#1671=ORIENTED_EDGE('',*,*,#3038,.F.);
#1672=ORIENTED_EDGE('',*,*,#3040,.F.);
#1673=ORIENTED_EDGE('',*,*,#3041,.F.);
#1674=ORIENTED_EDGE('',*,*,#2594,.F.);
#1675=ORIENTED_EDGE('',*,*,#3042,.F.);
#1676=ORIENTED_EDGE('',*,*,#3043,.T.);
#1677=ORIENTED_EDGE('',*,*,#3044,.T.);
#1678=ORIENTED_EDGE('',*,*,#2617,.F.);
#1679=ORIENTED_EDGE('',*,*,#3045,.F.);
#1680=ORIENTED_EDGE('',*,*,#3046,.T.);
#1681=ORIENTED_EDGE('',*,*,#3042,.T.);
#1682=ORIENTED_EDGE('',*,*,#2616,.F.);
#1683=ORIENTED_EDGE('',*,*,#3047,.F.);
#1684=ORIENTED_EDGE('',*,*,#3048,.T.);
#1685=ORIENTED_EDGE('',*,*,#3045,.T.);
#1686=ORIENTED_EDGE('',*,*,#2615,.F.);
#1687=ORIENTED_EDGE('',*,*,#3049,.F.);
#1688=ORIENTED_EDGE('',*,*,#3050,.T.);
#1689=ORIENTED_EDGE('',*,*,#3047,.T.);
#1690=ORIENTED_EDGE('',*,*,#2614,.F.);
#1691=ORIENTED_EDGE('',*,*,#3051,.F.);
#1692=ORIENTED_EDGE('',*,*,#3052,.T.);
#1693=ORIENTED_EDGE('',*,*,#3049,.T.);
#1694=ORIENTED_EDGE('',*,*,#2613,.F.);
#1695=ORIENTED_EDGE('',*,*,#3053,.F.);
#1696=ORIENTED_EDGE('',*,*,#3054,.T.);
#1697=ORIENTED_EDGE('',*,*,#3051,.T.);
#1698=ORIENTED_EDGE('',*,*,#2612,.F.);
#1699=ORIENTED_EDGE('',*,*,#3055,.F.);
#1700=ORIENTED_EDGE('',*,*,#3056,.T.);
#1701=ORIENTED_EDGE('',*,*,#3053,.T.);
#1702=ORIENTED_EDGE('',*,*,#2611,.F.);
#1703=ORIENTED_EDGE('',*,*,#3057,.F.);
#1704=ORIENTED_EDGE('',*,*,#3058,.T.);
#1705=ORIENTED_EDGE('',*,*,#3055,.T.);
#1706=ORIENTED_EDGE('',*,*,#2610,.F.);
#1707=ORIENTED_EDGE('',*,*,#3059,.F.);
#1708=ORIENTED_EDGE('',*,*,#3060,.T.);
#1709=ORIENTED_EDGE('',*,*,#3057,.T.);
#1710=ORIENTED_EDGE('',*,*,#2609,.F.);
#1711=ORIENTED_EDGE('',*,*,#3061,.F.);
#1712=ORIENTED_EDGE('',*,*,#3062,.T.);
#1713=ORIENTED_EDGE('',*,*,#3059,.T.);
#1714=ORIENTED_EDGE('',*,*,#2608,.F.);
#1715=ORIENTED_EDGE('',*,*,#3063,.F.);
#1716=ORIENTED_EDGE('',*,*,#3064,.T.);
#1717=ORIENTED_EDGE('',*,*,#3061,.T.);
#1718=ORIENTED_EDGE('',*,*,#2607,.F.);
#1719=ORIENTED_EDGE('',*,*,#3065,.F.);
#1720=ORIENTED_EDGE('',*,*,#3066,.T.);
#1721=ORIENTED_EDGE('',*,*,#3063,.T.);
#1722=ORIENTED_EDGE('',*,*,#2606,.F.);
#1723=ORIENTED_EDGE('',*,*,#3067,.F.);
#1724=ORIENTED_EDGE('',*,*,#3068,.T.);
#1725=ORIENTED_EDGE('',*,*,#3065,.T.);
#1726=ORIENTED_EDGE('',*,*,#2605,.F.);
#1727=ORIENTED_EDGE('',*,*,#3069,.F.);
#1728=ORIENTED_EDGE('',*,*,#3070,.T.);
#1729=ORIENTED_EDGE('',*,*,#3067,.T.);
#1730=ORIENTED_EDGE('',*,*,#2604,.F.);
#1731=ORIENTED_EDGE('',*,*,#3071,.F.);
#1732=ORIENTED_EDGE('',*,*,#3072,.T.);
#1733=ORIENTED_EDGE('',*,*,#3069,.T.);
#1734=ORIENTED_EDGE('',*,*,#2603,.F.);
#1735=ORIENTED_EDGE('',*,*,#3073,.F.);
#1736=ORIENTED_EDGE('',*,*,#3074,.T.);
#1737=ORIENTED_EDGE('',*,*,#3071,.T.);
#1738=ORIENTED_EDGE('',*,*,#2602,.F.);
#1739=ORIENTED_EDGE('',*,*,#3075,.F.);
#1740=ORIENTED_EDGE('',*,*,#3076,.T.);
#1741=ORIENTED_EDGE('',*,*,#3073,.T.);
#1742=ORIENTED_EDGE('',*,*,#2601,.F.);
#1743=ORIENTED_EDGE('',*,*,#3077,.F.);
#1744=ORIENTED_EDGE('',*,*,#3078,.T.);
#1745=ORIENTED_EDGE('',*,*,#3075,.T.);
#1746=ORIENTED_EDGE('',*,*,#2600,.F.);
#1747=ORIENTED_EDGE('',*,*,#3079,.F.);
#1748=ORIENTED_EDGE('',*,*,#3080,.T.);
#1749=ORIENTED_EDGE('',*,*,#3077,.T.);
#1750=ORIENTED_EDGE('',*,*,#2599,.F.);
#1751=ORIENTED_EDGE('',*,*,#3081,.F.);
#1752=ORIENTED_EDGE('',*,*,#3082,.T.);
#1753=ORIENTED_EDGE('',*,*,#3079,.T.);
#1754=ORIENTED_EDGE('',*,*,#2598,.F.);
#1755=ORIENTED_EDGE('',*,*,#3083,.F.);
#1756=ORIENTED_EDGE('',*,*,#3084,.T.);
#1757=ORIENTED_EDGE('',*,*,#3081,.T.);
#1758=ORIENTED_EDGE('',*,*,#2597,.F.);
#1759=ORIENTED_EDGE('',*,*,#3085,.F.);
#1760=ORIENTED_EDGE('',*,*,#3086,.T.);
#1761=ORIENTED_EDGE('',*,*,#3083,.T.);
#1762=ORIENTED_EDGE('',*,*,#2596,.F.);
#1763=ORIENTED_EDGE('',*,*,#3087,.F.);
#1764=ORIENTED_EDGE('',*,*,#3088,.T.);
#1765=ORIENTED_EDGE('',*,*,#3085,.T.);
#1766=ORIENTED_EDGE('',*,*,#2595,.F.);
#1767=ORIENTED_EDGE('',*,*,#3044,.F.);
#1768=ORIENTED_EDGE('',*,*,#3089,.T.);
#1769=ORIENTED_EDGE('',*,*,#3087,.T.);
#1770=ORIENTED_EDGE('',*,*,#3043,.F.);
#1771=ORIENTED_EDGE('',*,*,#3046,.F.);
#1772=ORIENTED_EDGE('',*,*,#3048,.F.);
#1773=ORIENTED_EDGE('',*,*,#3050,.F.);
#1774=ORIENTED_EDGE('',*,*,#3052,.F.);
#1775=ORIENTED_EDGE('',*,*,#3054,.F.);
#1776=ORIENTED_EDGE('',*,*,#3056,.F.);
#1777=ORIENTED_EDGE('',*,*,#3058,.F.);
#1778=ORIENTED_EDGE('',*,*,#3060,.F.);
#1779=ORIENTED_EDGE('',*,*,#3062,.F.);
#1780=ORIENTED_EDGE('',*,*,#3064,.F.);
#1781=ORIENTED_EDGE('',*,*,#3066,.F.);
#1782=ORIENTED_EDGE('',*,*,#3068,.F.);
#1783=ORIENTED_EDGE('',*,*,#3070,.F.);
#1784=ORIENTED_EDGE('',*,*,#3072,.F.);
#1785=ORIENTED_EDGE('',*,*,#3074,.F.);
#1786=ORIENTED_EDGE('',*,*,#3076,.F.);
#1787=ORIENTED_EDGE('',*,*,#3078,.F.);
#1788=ORIENTED_EDGE('',*,*,#3080,.F.);
#1789=ORIENTED_EDGE('',*,*,#3082,.F.);
#1790=ORIENTED_EDGE('',*,*,#3084,.F.);
#1791=ORIENTED_EDGE('',*,*,#3086,.F.);
#1792=ORIENTED_EDGE('',*,*,#3088,.F.);
#1793=ORIENTED_EDGE('',*,*,#3089,.F.);
#1794=ORIENTED_EDGE('',*,*,#2562,.F.);
#1795=ORIENTED_EDGE('',*,*,#3090,.F.);
#1796=ORIENTED_EDGE('',*,*,#3091,.T.);
#1797=ORIENTED_EDGE('',*,*,#3092,.T.);
#1798=ORIENTED_EDGE('',*,*,#2588,.F.);
#1799=ORIENTED_EDGE('',*,*,#3093,.F.);
#1800=ORIENTED_EDGE('',*,*,#3094,.T.);
#1801=ORIENTED_EDGE('',*,*,#3090,.T.);
#1802=ORIENTED_EDGE('',*,*,#2587,.F.);
#1803=ORIENTED_EDGE('',*,*,#3095,.F.);
#1804=ORIENTED_EDGE('',*,*,#3096,.T.);
#1805=ORIENTED_EDGE('',*,*,#3093,.T.);
#1806=ORIENTED_EDGE('',*,*,#2586,.F.);
#1807=ORIENTED_EDGE('',*,*,#3097,.F.);
#1808=ORIENTED_EDGE('',*,*,#3098,.T.);
#1809=ORIENTED_EDGE('',*,*,#3095,.T.);
#1810=ORIENTED_EDGE('',*,*,#2585,.F.);
#1811=ORIENTED_EDGE('',*,*,#3099,.F.);
#1812=ORIENTED_EDGE('',*,*,#3100,.T.);
#1813=ORIENTED_EDGE('',*,*,#3097,.T.);
#1814=ORIENTED_EDGE('',*,*,#2584,.F.);
#1815=ORIENTED_EDGE('',*,*,#3101,.F.);
#1816=ORIENTED_EDGE('',*,*,#3102,.T.);
#1817=ORIENTED_EDGE('',*,*,#3099,.T.);
#1818=ORIENTED_EDGE('',*,*,#2583,.F.);
#1819=ORIENTED_EDGE('',*,*,#3103,.F.);
#1820=ORIENTED_EDGE('',*,*,#3104,.T.);
#1821=ORIENTED_EDGE('',*,*,#3101,.T.);
#1822=ORIENTED_EDGE('',*,*,#2582,.F.);
#1823=ORIENTED_EDGE('',*,*,#3105,.F.);
#1824=ORIENTED_EDGE('',*,*,#3106,.T.);
#1825=ORIENTED_EDGE('',*,*,#3103,.T.);
#1826=ORIENTED_EDGE('',*,*,#2581,.F.);
#1827=ORIENTED_EDGE('',*,*,#3107,.F.);
#1828=ORIENTED_EDGE('',*,*,#3108,.T.);
#1829=ORIENTED_EDGE('',*,*,#3105,.T.);
#1830=ORIENTED_EDGE('',*,*,#2580,.F.);
#1831=ORIENTED_EDGE('',*,*,#3109,.F.);
#1832=ORIENTED_EDGE('',*,*,#3110,.T.);
#1833=ORIENTED_EDGE('',*,*,#3107,.T.);
#1834=ORIENTED_EDGE('',*,*,#2579,.F.);
#1835=ORIENTED_EDGE('',*,*,#3111,.F.);
#1836=ORIENTED_EDGE('',*,*,#3112,.T.);
#1837=ORIENTED_EDGE('',*,*,#3109,.T.);
#1838=ORIENTED_EDGE('',*,*,#2578,.F.);
#1839=ORIENTED_EDGE('',*,*,#3113,.F.);
#1840=ORIENTED_EDGE('',*,*,#3114,.T.);
#1841=ORIENTED_EDGE('',*,*,#3111,.T.);
#1842=ORIENTED_EDGE('',*,*,#2577,.F.);
#1843=ORIENTED_EDGE('',*,*,#3115,.F.);
#1844=ORIENTED_EDGE('',*,*,#3116,.T.);
#1845=ORIENTED_EDGE('',*,*,#3113,.T.);
#1846=ORIENTED_EDGE('',*,*,#2576,.F.);
#1847=ORIENTED_EDGE('',*,*,#3117,.F.);
#1848=ORIENTED_EDGE('',*,*,#3118,.T.);
#1849=ORIENTED_EDGE('',*,*,#3115,.T.);
#1850=ORIENTED_EDGE('',*,*,#2575,.F.);
#1851=ORIENTED_EDGE('',*,*,#3119,.F.);
#1852=ORIENTED_EDGE('',*,*,#3120,.T.);
#1853=ORIENTED_EDGE('',*,*,#3117,.T.);
#1854=ORIENTED_EDGE('',*,*,#2574,.F.);
#1855=ORIENTED_EDGE('',*,*,#3121,.F.);
#1856=ORIENTED_EDGE('',*,*,#3122,.T.);
#1857=ORIENTED_EDGE('',*,*,#3119,.T.);
#1858=ORIENTED_EDGE('',*,*,#2573,.F.);
#1859=ORIENTED_EDGE('',*,*,#3123,.F.);
#1860=ORIENTED_EDGE('',*,*,#3124,.T.);
#1861=ORIENTED_EDGE('',*,*,#3121,.T.);
#1862=ORIENTED_EDGE('',*,*,#2572,.F.);
#1863=ORIENTED_EDGE('',*,*,#3125,.F.);
#1864=ORIENTED_EDGE('',*,*,#3126,.T.);
#1865=ORIENTED_EDGE('',*,*,#3123,.T.);
#1866=ORIENTED_EDGE('',*,*,#2571,.F.);
#1867=ORIENTED_EDGE('',*,*,#3127,.F.);
#1868=ORIENTED_EDGE('',*,*,#3128,.T.);
#1869=ORIENTED_EDGE('',*,*,#3125,.T.);
#1870=ORIENTED_EDGE('',*,*,#2570,.F.);
#1871=ORIENTED_EDGE('',*,*,#3129,.F.);
#1872=ORIENTED_EDGE('',*,*,#3130,.T.);
#1873=ORIENTED_EDGE('',*,*,#3127,.T.);
#1874=ORIENTED_EDGE('',*,*,#2569,.F.);
#1875=ORIENTED_EDGE('',*,*,#3131,.F.);
#1876=ORIENTED_EDGE('',*,*,#3132,.T.);
#1877=ORIENTED_EDGE('',*,*,#3129,.T.);
#1878=ORIENTED_EDGE('',*,*,#2568,.F.);
#1879=ORIENTED_EDGE('',*,*,#3133,.F.);
#1880=ORIENTED_EDGE('',*,*,#3134,.T.);
#1881=ORIENTED_EDGE('',*,*,#3131,.T.);
#1882=ORIENTED_EDGE('',*,*,#2567,.F.);
#1883=ORIENTED_EDGE('',*,*,#3135,.F.);
#1884=ORIENTED_EDGE('',*,*,#3136,.T.);
#1885=ORIENTED_EDGE('',*,*,#3133,.T.);
#1886=ORIENTED_EDGE('',*,*,#2566,.F.);
#1887=ORIENTED_EDGE('',*,*,#3137,.F.);
#1888=ORIENTED_EDGE('',*,*,#3138,.T.);
#1889=ORIENTED_EDGE('',*,*,#3135,.T.);
#1890=ORIENTED_EDGE('',*,*,#2565,.F.);
#1891=ORIENTED_EDGE('',*,*,#3139,.F.);
#1892=ORIENTED_EDGE('',*,*,#3140,.T.);
#1893=ORIENTED_EDGE('',*,*,#3137,.T.);
#1894=ORIENTED_EDGE('',*,*,#2564,.F.);
#1895=ORIENTED_EDGE('',*,*,#3141,.F.);
#1896=ORIENTED_EDGE('',*,*,#3142,.T.);
#1897=ORIENTED_EDGE('',*,*,#3139,.T.);
#1898=ORIENTED_EDGE('',*,*,#2563,.F.);
#1899=ORIENTED_EDGE('',*,*,#3092,.F.);
#1900=ORIENTED_EDGE('',*,*,#3143,.T.);
#1901=ORIENTED_EDGE('',*,*,#3141,.T.);
#1902=ORIENTED_EDGE('',*,*,#3091,.F.);
#1903=ORIENTED_EDGE('',*,*,#3094,.F.);
#1904=ORIENTED_EDGE('',*,*,#3096,.F.);
#1905=ORIENTED_EDGE('',*,*,#3098,.F.);
#1906=ORIENTED_EDGE('',*,*,#3100,.F.);
#1907=ORIENTED_EDGE('',*,*,#3102,.F.);
#1908=ORIENTED_EDGE('',*,*,#3104,.F.);
#1909=ORIENTED_EDGE('',*,*,#3106,.F.);
#1910=ORIENTED_EDGE('',*,*,#3108,.F.);
#1911=ORIENTED_EDGE('',*,*,#3110,.F.);
#1912=ORIENTED_EDGE('',*,*,#3112,.F.);
#1913=ORIENTED_EDGE('',*,*,#3114,.F.);
#1914=ORIENTED_EDGE('',*,*,#3116,.F.);
#1915=ORIENTED_EDGE('',*,*,#3118,.F.);
#1916=ORIENTED_EDGE('',*,*,#3120,.F.);
#1917=ORIENTED_EDGE('',*,*,#3122,.F.);
#1918=ORIENTED_EDGE('',*,*,#3124,.F.);
#1919=ORIENTED_EDGE('',*,*,#3126,.F.);
#1920=ORIENTED_EDGE('',*,*,#3128,.F.);
#1921=ORIENTED_EDGE('',*,*,#3130,.F.);
#1922=ORIENTED_EDGE('',*,*,#3132,.F.);
#1923=ORIENTED_EDGE('',*,*,#3134,.F.);
#1924=ORIENTED_EDGE('',*,*,#3136,.F.);
#1925=ORIENTED_EDGE('',*,*,#3138,.F.);
#1926=ORIENTED_EDGE('',*,*,#3140,.F.);
#1927=ORIENTED_EDGE('',*,*,#3142,.F.);
#1928=ORIENTED_EDGE('',*,*,#3143,.F.);
#1929=ORIENTED_EDGE('',*,*,#3144,.F.);
#1930=ORIENTED_EDGE('',*,*,#3145,.F.);
#1931=ORIENTED_EDGE('',*,*,#3146,.T.);
#1932=ORIENTED_EDGE('',*,*,#3147,.T.);
#1933=ORIENTED_EDGE('',*,*,#3148,.F.);
#1934=ORIENTED_EDGE('',*,*,#3149,.F.);
#1935=ORIENTED_EDGE('',*,*,#3150,.T.);
#1936=ORIENTED_EDGE('',*,*,#3145,.T.);
#1937=ORIENTED_EDGE('',*,*,#3151,.F.);
#1938=ORIENTED_EDGE('',*,*,#3152,.F.);
#1939=ORIENTED_EDGE('',*,*,#3153,.T.);
#1940=ORIENTED_EDGE('',*,*,#3149,.T.);
#1941=ORIENTED_EDGE('',*,*,#3154,.F.);
#1942=ORIENTED_EDGE('',*,*,#3155,.F.);
#1943=ORIENTED_EDGE('',*,*,#3156,.T.);
#1944=ORIENTED_EDGE('',*,*,#3152,.T.);
#1945=ORIENTED_EDGE('',*,*,#3157,.F.);
#1946=ORIENTED_EDGE('',*,*,#3158,.F.);
#1947=ORIENTED_EDGE('',*,*,#3159,.T.);
#1948=ORIENTED_EDGE('',*,*,#3155,.T.);
#1949=ORIENTED_EDGE('',*,*,#3160,.F.);
#1950=ORIENTED_EDGE('',*,*,#3161,.F.);
#1951=ORIENTED_EDGE('',*,*,#3162,.T.);
#1952=ORIENTED_EDGE('',*,*,#3158,.T.);
#1953=ORIENTED_EDGE('',*,*,#2547,.F.);
#1954=ORIENTED_EDGE('',*,*,#3163,.F.);
#1955=ORIENTED_EDGE('',*,*,#3164,.T.);
#1956=ORIENTED_EDGE('',*,*,#3165,.T.);
#1957=ORIENTED_EDGE('',*,*,#2557,.F.);
#1958=ORIENTED_EDGE('',*,*,#3166,.F.);
#1959=ORIENTED_EDGE('',*,*,#3167,.T.);
#1960=ORIENTED_EDGE('',*,*,#3163,.T.);
#1961=ORIENTED_EDGE('',*,*,#2556,.F.);
#1962=ORIENTED_EDGE('',*,*,#3168,.F.);
#1963=ORIENTED_EDGE('',*,*,#3169,.T.);
#1964=ORIENTED_EDGE('',*,*,#3166,.T.);
#1965=ORIENTED_EDGE('',*,*,#2555,.F.);
#1966=ORIENTED_EDGE('',*,*,#3170,.F.);
#1967=ORIENTED_EDGE('',*,*,#3171,.T.);
#1968=ORIENTED_EDGE('',*,*,#3168,.T.);
#1969=ORIENTED_EDGE('',*,*,#2554,.F.);
#1970=ORIENTED_EDGE('',*,*,#3172,.F.);
#1971=ORIENTED_EDGE('',*,*,#3173,.T.);
#1972=ORIENTED_EDGE('',*,*,#3170,.T.);
#1973=ORIENTED_EDGE('',*,*,#2553,.F.);
#1974=ORIENTED_EDGE('',*,*,#3174,.F.);
#1975=ORIENTED_EDGE('',*,*,#3175,.T.);
#1976=ORIENTED_EDGE('',*,*,#3172,.T.);
#1977=ORIENTED_EDGE('',*,*,#2552,.F.);
#1978=ORIENTED_EDGE('',*,*,#3176,.F.);
#1979=ORIENTED_EDGE('',*,*,#3177,.T.);
#1980=ORIENTED_EDGE('',*,*,#3174,.T.);
#1981=ORIENTED_EDGE('',*,*,#2551,.F.);
#1982=ORIENTED_EDGE('',*,*,#3178,.F.);
#1983=ORIENTED_EDGE('',*,*,#3179,.T.);
#1984=ORIENTED_EDGE('',*,*,#3176,.T.);
#1985=ORIENTED_EDGE('',*,*,#2550,.F.);
#1986=ORIENTED_EDGE('',*,*,#3180,.F.);
#1987=ORIENTED_EDGE('',*,*,#3181,.T.);
#1988=ORIENTED_EDGE('',*,*,#3178,.T.);
#1989=ORIENTED_EDGE('',*,*,#2549,.F.);
#1990=ORIENTED_EDGE('',*,*,#3182,.F.);
#1991=ORIENTED_EDGE('',*,*,#3183,.T.);
#1992=ORIENTED_EDGE('',*,*,#3180,.T.);
#1993=ORIENTED_EDGE('',*,*,#2548,.F.);
#1994=ORIENTED_EDGE('',*,*,#3165,.F.);
#1995=ORIENTED_EDGE('',*,*,#3184,.T.);
#1996=ORIENTED_EDGE('',*,*,#3182,.T.);
#1997=ORIENTED_EDGE('',*,*,#3185,.F.);
#1998=ORIENTED_EDGE('',*,*,#3147,.F.);
#1999=ORIENTED_EDGE('',*,*,#3186,.T.);
#2000=ORIENTED_EDGE('',*,*,#3161,.T.);
#2001=ORIENTED_EDGE('',*,*,#3164,.F.);
#2002=ORIENTED_EDGE('',*,*,#3167,.F.);
#2003=ORIENTED_EDGE('',*,*,#3169,.F.);
#2004=ORIENTED_EDGE('',*,*,#3171,.F.);
#2005=ORIENTED_EDGE('',*,*,#3173,.F.);
#2006=ORIENTED_EDGE('',*,*,#3175,.F.);
#2007=ORIENTED_EDGE('',*,*,#3177,.F.);
#2008=ORIENTED_EDGE('',*,*,#3179,.F.);
#2009=ORIENTED_EDGE('',*,*,#3181,.F.);
#2010=ORIENTED_EDGE('',*,*,#3183,.F.);
#2011=ORIENTED_EDGE('',*,*,#3184,.F.);
#2012=ORIENTED_EDGE('',*,*,#3146,.F.);
#2013=ORIENTED_EDGE('',*,*,#3150,.F.);
#2014=ORIENTED_EDGE('',*,*,#3153,.F.);
#2015=ORIENTED_EDGE('',*,*,#3156,.F.);
#2016=ORIENTED_EDGE('',*,*,#3159,.F.);
#2017=ORIENTED_EDGE('',*,*,#3162,.F.);
#2018=ORIENTED_EDGE('',*,*,#3186,.F.);
#2019=ORIENTED_EDGE('',*,*,#3144,.T.);
#2020=ORIENTED_EDGE('',*,*,#3185,.T.);
#2021=ORIENTED_EDGE('',*,*,#3160,.T.);
#2022=ORIENTED_EDGE('',*,*,#3157,.T.);
#2023=ORIENTED_EDGE('',*,*,#3154,.T.);
#2024=ORIENTED_EDGE('',*,*,#3151,.T.);
#2025=ORIENTED_EDGE('',*,*,#3148,.T.);
#2026=ORIENTED_EDGE('',*,*,#2522,.F.);
#2027=ORIENTED_EDGE('',*,*,#3187,.F.);
#2028=ORIENTED_EDGE('',*,*,#3188,.T.);
#2029=ORIENTED_EDGE('',*,*,#3189,.T.);
#2030=ORIENTED_EDGE('',*,*,#2541,.F.);
#2031=ORIENTED_EDGE('',*,*,#3190,.F.);
#2032=ORIENTED_EDGE('',*,*,#3191,.T.);
#2033=ORIENTED_EDGE('',*,*,#3187,.T.);
#2034=ORIENTED_EDGE('',*,*,#2540,.F.);
#2035=ORIENTED_EDGE('',*,*,#3192,.F.);
#2036=ORIENTED_EDGE('',*,*,#3193,.T.);
#2037=ORIENTED_EDGE('',*,*,#3190,.T.);
#2038=ORIENTED_EDGE('',*,*,#2539,.F.);
#2039=ORIENTED_EDGE('',*,*,#3194,.F.);
#2040=ORIENTED_EDGE('',*,*,#3195,.T.);
#2041=ORIENTED_EDGE('',*,*,#3192,.T.);
#2042=ORIENTED_EDGE('',*,*,#2538,.F.);
#2043=ORIENTED_EDGE('',*,*,#3196,.F.);
#2044=ORIENTED_EDGE('',*,*,#3197,.T.);
#2045=ORIENTED_EDGE('',*,*,#3194,.T.);
#2046=ORIENTED_EDGE('',*,*,#2537,.F.);
#2047=ORIENTED_EDGE('',*,*,#3198,.F.);
#2048=ORIENTED_EDGE('',*,*,#3199,.T.);
#2049=ORIENTED_EDGE('',*,*,#3196,.T.);
#2050=ORIENTED_EDGE('',*,*,#2536,.F.);
#2051=ORIENTED_EDGE('',*,*,#3200,.F.);
#2052=ORIENTED_EDGE('',*,*,#3201,.T.);
#2053=ORIENTED_EDGE('',*,*,#3198,.T.);
#2054=ORIENTED_EDGE('',*,*,#2535,.F.);
#2055=ORIENTED_EDGE('',*,*,#3202,.F.);
#2056=ORIENTED_EDGE('',*,*,#3203,.T.);
#2057=ORIENTED_EDGE('',*,*,#3200,.T.);
#2058=ORIENTED_EDGE('',*,*,#2534,.F.);
#2059=ORIENTED_EDGE('',*,*,#3204,.F.);
#2060=ORIENTED_EDGE('',*,*,#3205,.T.);
#2061=ORIENTED_EDGE('',*,*,#3202,.T.);
#2062=ORIENTED_EDGE('',*,*,#2533,.F.);
#2063=ORIENTED_EDGE('',*,*,#3206,.F.);
#2064=ORIENTED_EDGE('',*,*,#3207,.T.);
#2065=ORIENTED_EDGE('',*,*,#3204,.T.);
#2066=ORIENTED_EDGE('',*,*,#2532,.F.);
#2067=ORIENTED_EDGE('',*,*,#3208,.F.);
#2068=ORIENTED_EDGE('',*,*,#3209,.T.);
#2069=ORIENTED_EDGE('',*,*,#3206,.T.);
#2070=ORIENTED_EDGE('',*,*,#2531,.F.);
#2071=ORIENTED_EDGE('',*,*,#3210,.F.);
#2072=ORIENTED_EDGE('',*,*,#3211,.T.);
#2073=ORIENTED_EDGE('',*,*,#3208,.T.);
#2074=ORIENTED_EDGE('',*,*,#2530,.F.);
#2075=ORIENTED_EDGE('',*,*,#3212,.F.);
#2076=ORIENTED_EDGE('',*,*,#3213,.T.);
#2077=ORIENTED_EDGE('',*,*,#3210,.T.);
#2078=ORIENTED_EDGE('',*,*,#2529,.F.);
#2079=ORIENTED_EDGE('',*,*,#3214,.F.);
#2080=ORIENTED_EDGE('',*,*,#3215,.T.);
#2081=ORIENTED_EDGE('',*,*,#3212,.T.);
#2082=ORIENTED_EDGE('',*,*,#2528,.F.);
#2083=ORIENTED_EDGE('',*,*,#3216,.F.);
#2084=ORIENTED_EDGE('',*,*,#3217,.T.);
#2085=ORIENTED_EDGE('',*,*,#3214,.T.);
#2086=ORIENTED_EDGE('',*,*,#2527,.F.);
#2087=ORIENTED_EDGE('',*,*,#3218,.F.);
#2088=ORIENTED_EDGE('',*,*,#3219,.T.);
#2089=ORIENTED_EDGE('',*,*,#3216,.T.);
#2090=ORIENTED_EDGE('',*,*,#2526,.F.);
#2091=ORIENTED_EDGE('',*,*,#3220,.F.);
#2092=ORIENTED_EDGE('',*,*,#3221,.T.);
#2093=ORIENTED_EDGE('',*,*,#3218,.T.);
#2094=ORIENTED_EDGE('',*,*,#2525,.F.);
#2095=ORIENTED_EDGE('',*,*,#3222,.F.);
#2096=ORIENTED_EDGE('',*,*,#3223,.T.);
#2097=ORIENTED_EDGE('',*,*,#3220,.T.);
#2098=ORIENTED_EDGE('',*,*,#2524,.F.);
#2099=ORIENTED_EDGE('',*,*,#3224,.F.);
#2100=ORIENTED_EDGE('',*,*,#3225,.T.);
#2101=ORIENTED_EDGE('',*,*,#3222,.T.);
#2102=ORIENTED_EDGE('',*,*,#2523,.F.);
#2103=ORIENTED_EDGE('',*,*,#3189,.F.);
#2104=ORIENTED_EDGE('',*,*,#3226,.T.);
#2105=ORIENTED_EDGE('',*,*,#3224,.T.);
#2106=ORIENTED_EDGE('',*,*,#3188,.F.);
#2107=ORIENTED_EDGE('',*,*,#3191,.F.);
#2108=ORIENTED_EDGE('',*,*,#3193,.F.);
#2109=ORIENTED_EDGE('',*,*,#3195,.F.);
#2110=ORIENTED_EDGE('',*,*,#3197,.F.);
#2111=ORIENTED_EDGE('',*,*,#3199,.F.);
#2112=ORIENTED_EDGE('',*,*,#3201,.F.);
#2113=ORIENTED_EDGE('',*,*,#3203,.F.);
#2114=ORIENTED_EDGE('',*,*,#3205,.F.);
#2115=ORIENTED_EDGE('',*,*,#3207,.F.);
#2116=ORIENTED_EDGE('',*,*,#3209,.F.);
#2117=ORIENTED_EDGE('',*,*,#3211,.F.);
#2118=ORIENTED_EDGE('',*,*,#3213,.F.);
#2119=ORIENTED_EDGE('',*,*,#3215,.F.);
#2120=ORIENTED_EDGE('',*,*,#3217,.F.);
#2121=ORIENTED_EDGE('',*,*,#3219,.F.);
#2122=ORIENTED_EDGE('',*,*,#3221,.F.);
#2123=ORIENTED_EDGE('',*,*,#3223,.F.);
#2124=ORIENTED_EDGE('',*,*,#3225,.F.);
#2125=ORIENTED_EDGE('',*,*,#3226,.F.);
#2126=ORIENTED_EDGE('',*,*,#3227,.F.);
#2127=ORIENTED_EDGE('',*,*,#3228,.F.);
#2128=ORIENTED_EDGE('',*,*,#3229,.T.);
#2129=ORIENTED_EDGE('',*,*,#3230,.T.);
#2130=ORIENTED_EDGE('',*,*,#3231,.F.);
#2131=ORIENTED_EDGE('',*,*,#3232,.F.);
#2132=ORIENTED_EDGE('',*,*,#3233,.T.);
#2133=ORIENTED_EDGE('',*,*,#3228,.T.);
#2134=ORIENTED_EDGE('',*,*,#3234,.F.);
#2135=ORIENTED_EDGE('',*,*,#3235,.F.);
#2136=ORIENTED_EDGE('',*,*,#3236,.T.);
#2137=ORIENTED_EDGE('',*,*,#3232,.T.);
#2138=ORIENTED_EDGE('',*,*,#3237,.F.);
#2139=ORIENTED_EDGE('',*,*,#3238,.F.);
#2140=ORIENTED_EDGE('',*,*,#3239,.T.);
#2141=ORIENTED_EDGE('',*,*,#3235,.T.);
#2142=ORIENTED_EDGE('',*,*,#3240,.F.);
#2143=ORIENTED_EDGE('',*,*,#3241,.F.);
#2144=ORIENTED_EDGE('',*,*,#3242,.T.);
#2145=ORIENTED_EDGE('',*,*,#3238,.T.);
#2146=ORIENTED_EDGE('',*,*,#3243,.F.);
#2147=ORIENTED_EDGE('',*,*,#3244,.F.);
#2148=ORIENTED_EDGE('',*,*,#3245,.T.);
#2149=ORIENTED_EDGE('',*,*,#3241,.T.);
#2150=ORIENTED_EDGE('',*,*,#3246,.F.);
#2151=ORIENTED_EDGE('',*,*,#3247,.F.);
#2152=ORIENTED_EDGE('',*,*,#3248,.T.);
#2153=ORIENTED_EDGE('',*,*,#3244,.T.);
#2154=ORIENTED_EDGE('',*,*,#2501,.F.);
#2155=ORIENTED_EDGE('',*,*,#3249,.F.);
#2156=ORIENTED_EDGE('',*,*,#3250,.T.);
#2157=ORIENTED_EDGE('',*,*,#3251,.T.);
#2158=ORIENTED_EDGE('',*,*,#2517,.F.);
#2159=ORIENTED_EDGE('',*,*,#3252,.F.);
#2160=ORIENTED_EDGE('',*,*,#3253,.T.);
#2161=ORIENTED_EDGE('',*,*,#3249,.T.);
#2162=ORIENTED_EDGE('',*,*,#2516,.F.);
#2163=ORIENTED_EDGE('',*,*,#3254,.F.);
#2164=ORIENTED_EDGE('',*,*,#3255,.T.);
#2165=ORIENTED_EDGE('',*,*,#3252,.T.);
#2166=ORIENTED_EDGE('',*,*,#2515,.F.);
#2167=ORIENTED_EDGE('',*,*,#3256,.F.);
#2168=ORIENTED_EDGE('',*,*,#3257,.T.);
#2169=ORIENTED_EDGE('',*,*,#3254,.T.);
#2170=ORIENTED_EDGE('',*,*,#2514,.F.);
#2171=ORIENTED_EDGE('',*,*,#3258,.F.);
#2172=ORIENTED_EDGE('',*,*,#3259,.T.);
#2173=ORIENTED_EDGE('',*,*,#3256,.T.);
#2174=ORIENTED_EDGE('',*,*,#2513,.F.);
#2175=ORIENTED_EDGE('',*,*,#3260,.F.);
#2176=ORIENTED_EDGE('',*,*,#3261,.T.);
#2177=ORIENTED_EDGE('',*,*,#3258,.T.);
#2178=ORIENTED_EDGE('',*,*,#2512,.F.);
#2179=ORIENTED_EDGE('',*,*,#3262,.F.);
#2180=ORIENTED_EDGE('',*,*,#3263,.T.);
#2181=ORIENTED_EDGE('',*,*,#3260,.T.);
#2182=ORIENTED_EDGE('',*,*,#2511,.F.);
#2183=ORIENTED_EDGE('',*,*,#3264,.F.);
#2184=ORIENTED_EDGE('',*,*,#3265,.T.);
#2185=ORIENTED_EDGE('',*,*,#3262,.T.);
#2186=ORIENTED_EDGE('',*,*,#2510,.F.);
#2187=ORIENTED_EDGE('',*,*,#3266,.F.);
#2188=ORIENTED_EDGE('',*,*,#3267,.T.);
#2189=ORIENTED_EDGE('',*,*,#3264,.T.);
#2190=ORIENTED_EDGE('',*,*,#2509,.F.);
#2191=ORIENTED_EDGE('',*,*,#3268,.F.);
#2192=ORIENTED_EDGE('',*,*,#3269,.T.);
#2193=ORIENTED_EDGE('',*,*,#3266,.T.);
#2194=ORIENTED_EDGE('',*,*,#2508,.F.);
#2195=ORIENTED_EDGE('',*,*,#3270,.F.);
#2196=ORIENTED_EDGE('',*,*,#3271,.T.);
#2197=ORIENTED_EDGE('',*,*,#3268,.T.);
#2198=ORIENTED_EDGE('',*,*,#2507,.F.);
#2199=ORIENTED_EDGE('',*,*,#3272,.F.);
#2200=ORIENTED_EDGE('',*,*,#3273,.T.);
#2201=ORIENTED_EDGE('',*,*,#3270,.T.);
#2202=ORIENTED_EDGE('',*,*,#2506,.F.);
#2203=ORIENTED_EDGE('',*,*,#3274,.F.);
#2204=ORIENTED_EDGE('',*,*,#3275,.T.);
#2205=ORIENTED_EDGE('',*,*,#3272,.T.);
#2206=ORIENTED_EDGE('',*,*,#2505,.F.);
#2207=ORIENTED_EDGE('',*,*,#3276,.F.);
#2208=ORIENTED_EDGE('',*,*,#3277,.T.);
#2209=ORIENTED_EDGE('',*,*,#3274,.T.);
#2210=ORIENTED_EDGE('',*,*,#2504,.F.);
#2211=ORIENTED_EDGE('',*,*,#3278,.F.);
#2212=ORIENTED_EDGE('',*,*,#3279,.T.);
#2213=ORIENTED_EDGE('',*,*,#3276,.T.);
#2214=ORIENTED_EDGE('',*,*,#2503,.F.);
#2215=ORIENTED_EDGE('',*,*,#3280,.F.);
#2216=ORIENTED_EDGE('',*,*,#3281,.T.);
#2217=ORIENTED_EDGE('',*,*,#3278,.T.);
#2218=ORIENTED_EDGE('',*,*,#2502,.F.);
#2219=ORIENTED_EDGE('',*,*,#3251,.F.);
#2220=ORIENTED_EDGE('',*,*,#3282,.T.);
#2221=ORIENTED_EDGE('',*,*,#3280,.T.);
#2222=ORIENTED_EDGE('',*,*,#3283,.F.);
#2223=ORIENTED_EDGE('',*,*,#3230,.F.);
#2224=ORIENTED_EDGE('',*,*,#3284,.T.);
#2225=ORIENTED_EDGE('',*,*,#3247,.T.);
#2226=ORIENTED_EDGE('',*,*,#3250,.F.);
#2227=ORIENTED_EDGE('',*,*,#3253,.F.);
#2228=ORIENTED_EDGE('',*,*,#3255,.F.);
#2229=ORIENTED_EDGE('',*,*,#3257,.F.);
#2230=ORIENTED_EDGE('',*,*,#3259,.F.);
#2231=ORIENTED_EDGE('',*,*,#3261,.F.);
#2232=ORIENTED_EDGE('',*,*,#3263,.F.);
#2233=ORIENTED_EDGE('',*,*,#3265,.F.);
#2234=ORIENTED_EDGE('',*,*,#3267,.F.);
#2235=ORIENTED_EDGE('',*,*,#3269,.F.);
#2236=ORIENTED_EDGE('',*,*,#3271,.F.);
#2237=ORIENTED_EDGE('',*,*,#3273,.F.);
#2238=ORIENTED_EDGE('',*,*,#3275,.F.);
#2239=ORIENTED_EDGE('',*,*,#3277,.F.);
#2240=ORIENTED_EDGE('',*,*,#3279,.F.);
#2241=ORIENTED_EDGE('',*,*,#3281,.F.);
#2242=ORIENTED_EDGE('',*,*,#3282,.F.);
#2243=ORIENTED_EDGE('',*,*,#3229,.F.);
#2244=ORIENTED_EDGE('',*,*,#3233,.F.);
#2245=ORIENTED_EDGE('',*,*,#3236,.F.);
#2246=ORIENTED_EDGE('',*,*,#3239,.F.);
#2247=ORIENTED_EDGE('',*,*,#3242,.F.);
#2248=ORIENTED_EDGE('',*,*,#3245,.F.);
#2249=ORIENTED_EDGE('',*,*,#3248,.F.);
#2250=ORIENTED_EDGE('',*,*,#3284,.F.);
#2251=ORIENTED_EDGE('',*,*,#3227,.T.);
#2252=ORIENTED_EDGE('',*,*,#3283,.T.);
#2253=ORIENTED_EDGE('',*,*,#3246,.T.);
#2254=ORIENTED_EDGE('',*,*,#3243,.T.);
#2255=ORIENTED_EDGE('',*,*,#3240,.T.);
#2256=ORIENTED_EDGE('',*,*,#3237,.T.);
#2257=ORIENTED_EDGE('',*,*,#3234,.T.);
#2258=ORIENTED_EDGE('',*,*,#3231,.T.);
#2259=ORIENTED_EDGE('',*,*,#2489,.F.);
#2260=ORIENTED_EDGE('',*,*,#3285,.F.);
#2261=ORIENTED_EDGE('',*,*,#3286,.T.);
#2262=ORIENTED_EDGE('',*,*,#3287,.T.);
#2263=ORIENTED_EDGE('',*,*,#2495,.F.);
#2264=ORIENTED_EDGE('',*,*,#3288,.F.);
#2265=ORIENTED_EDGE('',*,*,#3289,.T.);
#2266=ORIENTED_EDGE('',*,*,#3285,.T.);
#2267=ORIENTED_EDGE('',*,*,#2494,.F.);
#2268=ORIENTED_EDGE('',*,*,#3290,.F.);
#2269=ORIENTED_EDGE('',*,*,#3291,.T.);
#2270=ORIENTED_EDGE('',*,*,#3288,.T.);
#2271=ORIENTED_EDGE('',*,*,#2493,.F.);
#2272=ORIENTED_EDGE('',*,*,#3292,.F.);
#2273=ORIENTED_EDGE('',*,*,#3293,.T.);
#2274=ORIENTED_EDGE('',*,*,#3290,.T.);
#2275=ORIENTED_EDGE('',*,*,#2492,.F.);
#2276=ORIENTED_EDGE('',*,*,#3294,.F.);
#2277=ORIENTED_EDGE('',*,*,#3295,.T.);
#2278=ORIENTED_EDGE('',*,*,#3292,.T.);
#2279=ORIENTED_EDGE('',*,*,#2491,.F.);
#2280=ORIENTED_EDGE('',*,*,#3296,.F.);
#2281=ORIENTED_EDGE('',*,*,#3297,.T.);
#2282=ORIENTED_EDGE('',*,*,#3294,.T.);
#2283=ORIENTED_EDGE('',*,*,#2490,.F.);
#2284=ORIENTED_EDGE('',*,*,#3287,.F.);
#2285=ORIENTED_EDGE('',*,*,#3298,.T.);
#2286=ORIENTED_EDGE('',*,*,#3296,.T.);
#2287=ORIENTED_EDGE('',*,*,#3286,.F.);
#2288=ORIENTED_EDGE('',*,*,#3289,.F.);
#2289=ORIENTED_EDGE('',*,*,#3291,.F.);
#2290=ORIENTED_EDGE('',*,*,#3293,.F.);
#2291=ORIENTED_EDGE('',*,*,#3295,.F.);
#2292=ORIENTED_EDGE('',*,*,#3297,.F.);
#2293=ORIENTED_EDGE('',*,*,#3298,.F.);
#2294=ORIENTED_EDGE('',*,*,#3299,.F.);
#2295=ORIENTED_EDGE('',*,*,#3300,.F.);
#2296=ORIENTED_EDGE('',*,*,#3301,.T.);
#2297=ORIENTED_EDGE('',*,*,#3302,.T.);
#2298=ORIENTED_EDGE('',*,*,#3303,.F.);
#2299=ORIENTED_EDGE('',*,*,#3304,.F.);
#2300=ORIENTED_EDGE('',*,*,#3305,.T.);
#2301=ORIENTED_EDGE('',*,*,#3300,.T.);
#2302=ORIENTED_EDGE('',*,*,#3306,.F.);
#2303=ORIENTED_EDGE('',*,*,#3307,.F.);
#2304=ORIENTED_EDGE('',*,*,#3308,.T.);
#2305=ORIENTED_EDGE('',*,*,#3304,.T.);
#2306=ORIENTED_EDGE('',*,*,#3309,.F.);
#2307=ORIENTED_EDGE('',*,*,#3310,.F.);
#2308=ORIENTED_EDGE('',*,*,#3311,.T.);
#2309=ORIENTED_EDGE('',*,*,#3307,.T.);
#2310=ORIENTED_EDGE('',*,*,#3312,.F.);
#2311=ORIENTED_EDGE('',*,*,#3313,.F.);
#2312=ORIENTED_EDGE('',*,*,#3314,.T.);
#2313=ORIENTED_EDGE('',*,*,#3310,.T.);
#2314=ORIENTED_EDGE('',*,*,#3315,.F.);
#2315=ORIENTED_EDGE('',*,*,#3316,.F.);
#2316=ORIENTED_EDGE('',*,*,#3317,.T.);
#2317=ORIENTED_EDGE('',*,*,#3313,.T.);
#2318=ORIENTED_EDGE('',*,*,#3318,.F.);
#2319=ORIENTED_EDGE('',*,*,#3319,.F.);
#2320=ORIENTED_EDGE('',*,*,#3320,.T.);
#2321=ORIENTED_EDGE('',*,*,#3316,.T.);
#2322=ORIENTED_EDGE('',*,*,#3321,.F.);
#2323=ORIENTED_EDGE('',*,*,#3322,.F.);
#2324=ORIENTED_EDGE('',*,*,#3323,.T.);
#2325=ORIENTED_EDGE('',*,*,#3324,.T.);
#2326=ORIENTED_EDGE('',*,*,#3325,.F.);
#2327=ORIENTED_EDGE('',*,*,#3326,.F.);
#2328=ORIENTED_EDGE('',*,*,#3327,.T.);
#2329=ORIENTED_EDGE('',*,*,#3322,.T.);
#2330=ORIENTED_EDGE('',*,*,#3328,.F.);
#2331=ORIENTED_EDGE('',*,*,#3329,.F.);
#2332=ORIENTED_EDGE('',*,*,#3330,.T.);
#2333=ORIENTED_EDGE('',*,*,#3326,.T.);
#2334=ORIENTED_EDGE('',*,*,#3331,.F.);
#2335=ORIENTED_EDGE('',*,*,#3332,.F.);
#2336=ORIENTED_EDGE('',*,*,#3333,.T.);
#2337=ORIENTED_EDGE('',*,*,#3329,.T.);
#2338=ORIENTED_EDGE('',*,*,#3334,.F.);
#2339=ORIENTED_EDGE('',*,*,#3335,.F.);
#2340=ORIENTED_EDGE('',*,*,#3336,.T.);
#2341=ORIENTED_EDGE('',*,*,#3332,.T.);
#2342=ORIENTED_EDGE('',*,*,#3337,.F.);
#2343=ORIENTED_EDGE('',*,*,#3338,.F.);
#2344=ORIENTED_EDGE('',*,*,#3339,.T.);
#2345=ORIENTED_EDGE('',*,*,#3335,.T.);
#2346=ORIENTED_EDGE('',*,*,#2469,.F.);
#2347=ORIENTED_EDGE('',*,*,#3340,.F.);
#2348=ORIENTED_EDGE('',*,*,#3341,.T.);
#2349=ORIENTED_EDGE('',*,*,#3342,.T.);
#2350=ORIENTED_EDGE('',*,*,#2484,.F.);
#2351=ORIENTED_EDGE('',*,*,#3343,.F.);
#2352=ORIENTED_EDGE('',*,*,#3344,.T.);
#2353=ORIENTED_EDGE('',*,*,#3340,.T.);
#2354=ORIENTED_EDGE('',*,*,#2483,.F.);
#2355=ORIENTED_EDGE('',*,*,#3345,.F.);
#2356=ORIENTED_EDGE('',*,*,#3346,.T.);
#2357=ORIENTED_EDGE('',*,*,#3343,.T.);
#2358=ORIENTED_EDGE('',*,*,#2482,.F.);
#2359=ORIENTED_EDGE('',*,*,#3347,.F.);
#2360=ORIENTED_EDGE('',*,*,#3348,.T.);
#2361=ORIENTED_EDGE('',*,*,#3345,.T.);
#2362=ORIENTED_EDGE('',*,*,#2481,.F.);
#2363=ORIENTED_EDGE('',*,*,#3349,.F.);
#2364=ORIENTED_EDGE('',*,*,#3350,.T.);
#2365=ORIENTED_EDGE('',*,*,#3347,.T.);
#2366=ORIENTED_EDGE('',*,*,#2480,.F.);
#2367=ORIENTED_EDGE('',*,*,#3351,.F.);
#2368=ORIENTED_EDGE('',*,*,#3352,.T.);
#2369=ORIENTED_EDGE('',*,*,#3349,.T.);
#2370=ORIENTED_EDGE('',*,*,#2479,.F.);
#2371=ORIENTED_EDGE('',*,*,#3353,.F.);
#2372=ORIENTED_EDGE('',*,*,#3354,.T.);
#2373=ORIENTED_EDGE('',*,*,#3351,.T.);
#2374=ORIENTED_EDGE('',*,*,#2478,.F.);
#2375=ORIENTED_EDGE('',*,*,#3355,.F.);
#2376=ORIENTED_EDGE('',*,*,#3356,.T.);
#2377=ORIENTED_EDGE('',*,*,#3353,.T.);
#2378=ORIENTED_EDGE('',*,*,#2477,.F.);
#2379=ORIENTED_EDGE('',*,*,#3357,.F.);
#2380=ORIENTED_EDGE('',*,*,#3358,.T.);
#2381=ORIENTED_EDGE('',*,*,#3355,.T.);
#2382=ORIENTED_EDGE('',*,*,#2476,.F.);
#2383=ORIENTED_EDGE('',*,*,#3359,.F.);
#2384=ORIENTED_EDGE('',*,*,#3360,.T.);
#2385=ORIENTED_EDGE('',*,*,#3357,.T.);
#2386=ORIENTED_EDGE('',*,*,#2475,.F.);
#2387=ORIENTED_EDGE('',*,*,#3361,.F.);
#2388=ORIENTED_EDGE('',*,*,#3362,.T.);
#2389=ORIENTED_EDGE('',*,*,#3359,.T.);
#2390=ORIENTED_EDGE('',*,*,#2474,.F.);
#2391=ORIENTED_EDGE('',*,*,#3363,.F.);
#2392=ORIENTED_EDGE('',*,*,#3364,.T.);
#2393=ORIENTED_EDGE('',*,*,#3361,.T.);
#2394=ORIENTED_EDGE('',*,*,#2473,.F.);
#2395=ORIENTED_EDGE('',*,*,#3365,.F.);
#2396=ORIENTED_EDGE('',*,*,#3366,.T.);
#2397=ORIENTED_EDGE('',*,*,#3363,.T.);
#2398=ORIENTED_EDGE('',*,*,#2472,.F.);
#2399=ORIENTED_EDGE('',*,*,#3367,.F.);
#2400=ORIENTED_EDGE('',*,*,#3368,.T.);
#2401=ORIENTED_EDGE('',*,*,#3365,.T.);
#2402=ORIENTED_EDGE('',*,*,#2471,.F.);
#2403=ORIENTED_EDGE('',*,*,#3369,.F.);
#2404=ORIENTED_EDGE('',*,*,#3370,.T.);
#2405=ORIENTED_EDGE('',*,*,#3367,.T.);
#2406=ORIENTED_EDGE('',*,*,#3371,.F.);
#2407=ORIENTED_EDGE('',*,*,#3324,.F.);
#2408=ORIENTED_EDGE('',*,*,#3372,.T.);
#2409=ORIENTED_EDGE('',*,*,#3338,.T.);
#2410=ORIENTED_EDGE('',*,*,#2470,.F.);
#2411=ORIENTED_EDGE('',*,*,#3342,.F.);
#2412=ORIENTED_EDGE('',*,*,#3373,.T.);
#2413=ORIENTED_EDGE('',*,*,#3369,.T.);
#2414=ORIENTED_EDGE('',*,*,#3374,.F.);
#2415=ORIENTED_EDGE('',*,*,#3302,.F.);
#2416=ORIENTED_EDGE('',*,*,#3375,.T.);
#2417=ORIENTED_EDGE('',*,*,#3319,.T.);
#2418=ORIENTED_EDGE('',*,*,#3341,.F.);
#2419=ORIENTED_EDGE('',*,*,#3344,.F.);
#2420=ORIENTED_EDGE('',*,*,#3346,.F.);
#2421=ORIENTED_EDGE('',*,*,#3348,.F.);
#2422=ORIENTED_EDGE('',*,*,#3350,.F.);
#2423=ORIENTED_EDGE('',*,*,#3352,.F.);
#2424=ORIENTED_EDGE('',*,*,#3354,.F.);
#2425=ORIENTED_EDGE('',*,*,#3356,.F.);
#2426=ORIENTED_EDGE('',*,*,#3358,.F.);
#2427=ORIENTED_EDGE('',*,*,#3360,.F.);
#2428=ORIENTED_EDGE('',*,*,#3362,.F.);
#2429=ORIENTED_EDGE('',*,*,#3364,.F.);
#2430=ORIENTED_EDGE('',*,*,#3366,.F.);
#2431=ORIENTED_EDGE('',*,*,#3368,.F.);
#2432=ORIENTED_EDGE('',*,*,#3370,.F.);
#2433=ORIENTED_EDGE('',*,*,#3373,.F.);
#2434=ORIENTED_EDGE('',*,*,#3323,.F.);
#2435=ORIENTED_EDGE('',*,*,#3327,.F.);
#2436=ORIENTED_EDGE('',*,*,#3330,.F.);
#2437=ORIENTED_EDGE('',*,*,#3333,.F.);
#2438=ORIENTED_EDGE('',*,*,#3336,.F.);
#2439=ORIENTED_EDGE('',*,*,#3339,.F.);
#2440=ORIENTED_EDGE('',*,*,#3372,.F.);
#2441=ORIENTED_EDGE('',*,*,#3301,.F.);
#2442=ORIENTED_EDGE('',*,*,#3305,.F.);
#2443=ORIENTED_EDGE('',*,*,#3308,.F.);
#2444=ORIENTED_EDGE('',*,*,#3311,.F.);
#2445=ORIENTED_EDGE('',*,*,#3314,.F.);
#2446=ORIENTED_EDGE('',*,*,#3317,.F.);
#2447=ORIENTED_EDGE('',*,*,#3320,.F.);
#2448=ORIENTED_EDGE('',*,*,#3375,.F.);
#2449=ORIENTED_EDGE('',*,*,#3321,.T.);
#2450=ORIENTED_EDGE('',*,*,#3371,.T.);
#2451=ORIENTED_EDGE('',*,*,#3337,.T.);
#2452=ORIENTED_EDGE('',*,*,#3334,.T.);
#2453=ORIENTED_EDGE('',*,*,#3331,.T.);
#2454=ORIENTED_EDGE('',*,*,#3328,.T.);
#2455=ORIENTED_EDGE('',*,*,#3325,.T.);
#2456=ORIENTED_EDGE('',*,*,#3299,.T.);
#2457=ORIENTED_EDGE('',*,*,#3374,.T.);
#2458=ORIENTED_EDGE('',*,*,#3318,.T.);
#2459=ORIENTED_EDGE('',*,*,#3315,.T.);
#2460=ORIENTED_EDGE('',*,*,#3312,.T.);
#2461=ORIENTED_EDGE('',*,*,#3309,.T.);
#2462=ORIENTED_EDGE('',*,*,#3306,.T.);
#2463=ORIENTED_EDGE('',*,*,#3303,.T.);
#2464=EDGE_CURVE('',#3376,#3377,#3968,.T.);
#2465=EDGE_CURVE('',#3377,#3378,#3969,.F.);
#2466=EDGE_CURVE('',#3379,#3378,#3970,.T.);
#2467=EDGE_CURVE('',#3380,#3379,#3971,.T.);
#2468=EDGE_CURVE('',#3380,#3376,#3972,.T.);
#2469=EDGE_CURVE('',#3381,#3382,#370,.T.);
#2470=EDGE_CURVE('',#3382,#3383,#371,.T.);
#2471=EDGE_CURVE('',#3383,#3384,#217,.F.);
#2472=EDGE_CURVE('',#3384,#3385,#372,.T.);
#2473=EDGE_CURVE('',#3385,#3386,#373,.T.);
#2474=EDGE_CURVE('',#3386,#3387,#218,.F.);
#2475=EDGE_CURVE('',#3387,#3388,#374,.T.);
#2476=EDGE_CURVE('',#3388,#3389,#375,.T.);
#2477=EDGE_CURVE('',#3389,#3390,#376,.T.);
#2478=EDGE_CURVE('',#3390,#3391,#377,.T.);
#2479=EDGE_CURVE('',#3391,#3392,#219,.F.);
#2480=EDGE_CURVE('',#3392,#3393,#378,.T.);
#2481=EDGE_CURVE('',#3393,#3394,#379,.T.);
#2482=EDGE_CURVE('',#3394,#3395,#220,.F.);
#2483=EDGE_CURVE('',#3395,#3396,#380,.T.);
#2484=EDGE_CURVE('',#3396,#3381,#381,.T.);
#2485=EDGE_CURVE('',#3397,#3398,#3973,.T.);
#2486=EDGE_CURVE('',#3399,#3398,#3974,.T.);
#2487=EDGE_CURVE('',#3400,#3399,#3975,.T.);
#2488=EDGE_CURVE('',#3400,#3397,#3976,.T.);
#2489=EDGE_CURVE('',#3401,#3402,#3977,.T.);
#2490=EDGE_CURVE('',#3402,#3403,#3978,.T.);
#2491=EDGE_CURVE('',#3403,#3404,#3979,.T.);
#2492=EDGE_CURVE('',#3404,#3405,#3980,.T.);
#2493=EDGE_CURVE('',#3405,#3406,#3981,.T.);
#2494=EDGE_CURVE('',#3406,#3407,#3982,.T.);
#2495=EDGE_CURVE('',#3407,#3401,#3983,.T.);
#2496=EDGE_CURVE('',#3408,#3409,#3984,.T.);
#2497=EDGE_CURVE('',#3410,#3409,#3985,.T.);
#2498=EDGE_CURVE('',#3411,#3410,#3986,.T.);
#2499=EDGE_CURVE('',#3412,#3411,#3987,.T.);
#2500=EDGE_CURVE('',#3412,#3408,#3988,.T.);
#2501=EDGE_CURVE('',#3413,#3414,#382,.T.);
#2502=EDGE_CURVE('',#3414,#3415,#383,.T.);
#2503=EDGE_CURVE('',#3415,#3416,#384,.T.);
#2504=EDGE_CURVE('',#3416,#3417,#3989,.T.);
#2505=EDGE_CURVE('',#3417,#3418,#221,.T.);
#2506=EDGE_CURVE('',#3418,#3419,#385,.T.);
#2507=EDGE_CURVE('',#3419,#3420,#222,.T.);
#2508=EDGE_CURVE('',#3420,#3421,#386,.T.);
#2509=EDGE_CURVE('',#3421,#3422,#3990,.T.);
#2510=EDGE_CURVE('',#3422,#3423,#387,.T.);
#2511=EDGE_CURVE('',#3423,#3424,#388,.T.);
#2512=EDGE_CURVE('',#3424,#3425,#389,.T.);
#2513=EDGE_CURVE('',#3425,#3426,#390,.T.);
#2514=EDGE_CURVE('',#3426,#3427,#391,.T.);
#2515=EDGE_CURVE('',#3427,#3428,#392,.T.);
#2516=EDGE_CURVE('',#3428,#3429,#393,.T.);
#2517=EDGE_CURVE('',#3429,#3413,#394,.T.);
#2518=EDGE_CURVE('',#3430,#3431,#3991,.T.);
#2519=EDGE_CURVE('',#3432,#3431,#3992,.T.);
#2520=EDGE_CURVE('',#3433,#3432,#3993,.T.);
#2521=EDGE_CURVE('',#3433,#3430,#3994,.T.);
#2522=EDGE_CURVE('',#3434,#3435,#395,.T.);
#2523=EDGE_CURVE('',#3435,#3436,#396,.T.);
#2524=EDGE_CURVE('',#3436,#3437,#397,.T.);
#2525=EDGE_CURVE('',#3437,#3438,#398,.T.);
#2526=EDGE_CURVE('',#3438,#3439,#399,.T.);
#2527=EDGE_CURVE('',#3439,#3440,#3995,.T.);
#2528=EDGE_CURVE('',#3440,#3441,#223,.T.);
#2529=EDGE_CURVE('',#3441,#3442,#224,.T.);
#2530=EDGE_CURVE('',#3442,#3443,#400,.T.);
#2531=EDGE_CURVE('',#3443,#3444,#401,.T.);
#2532=EDGE_CURVE('',#3444,#3445,#225,.T.);
#2533=EDGE_CURVE('',#3445,#3446,#226,.T.);
#2534=EDGE_CURVE('',#3446,#3447,#3996,.T.);
#2535=EDGE_CURVE('',#3447,#3448,#3997,.T.);
#2536=EDGE_CURVE('',#3448,#3449,#3998,.T.);
#2537=EDGE_CURVE('',#3449,#3450,#3999,.T.);
#2538=EDGE_CURVE('',#3450,#3451,#4000,.T.);
#2539=EDGE_CURVE('',#3451,#3452,#4001,.T.);
#2540=EDGE_CURVE('',#3452,#3453,#4002,.T.);
#2541=EDGE_CURVE('',#3453,#3434,#227,.F.);
#2542=EDGE_CURVE('',#3454,#3455,#4003,.T.);
#2543=EDGE_CURVE('',#3456,#3455,#4004,.F.);
#2544=EDGE_CURVE('',#3457,#3456,#4005,.T.);
#2545=EDGE_CURVE('',#3458,#3457,#4006,.T.);
#2546=EDGE_CURVE('',#3458,#3454,#4007,.T.);
#2547=EDGE_CURVE('',#3459,#3460,#4008,.T.);
#2548=EDGE_CURVE('',#3460,#3461,#4009,.T.);
#2549=EDGE_CURVE('',#3461,#3462,#4010,.T.);
#2550=EDGE_CURVE('',#3462,#3463,#4011,.T.);
#2551=EDGE_CURVE('',#3463,#3464,#4012,.T.);
#2552=EDGE_CURVE('',#3464,#3465,#4013,.T.);
#2553=EDGE_CURVE('',#3465,#3466,#4014,.T.);
#2554=EDGE_CURVE('',#3466,#3467,#4015,.T.);
#2555=EDGE_CURVE('',#3467,#3468,#4016,.T.);
#2556=EDGE_CURVE('',#3468,#3469,#4017,.T.);
#2557=EDGE_CURVE('',#3469,#3459,#4018,.T.);
#2558=EDGE_CURVE('',#3470,#3471,#4019,.T.);
#2559=EDGE_CURVE('',#3472,#3471,#4020,.T.);
#2560=EDGE_CURVE('',#3473,#3472,#4021,.T.);
#2561=EDGE_CURVE('',#3473,#3470,#4022,.T.);
#2562=EDGE_CURVE('',#3474,#3475,#402,.T.);
#2563=EDGE_CURVE('',#3475,#3476,#403,.T.);
#2564=EDGE_CURVE('',#3476,#3477,#4023,.T.);
#2565=EDGE_CURVE('',#3477,#3478,#404,.T.);
#2566=EDGE_CURVE('',#3478,#3479,#405,.T.);
#2567=EDGE_CURVE('',#3479,#3480,#406,.T.);
#2568=EDGE_CURVE('',#3480,#3481,#407,.T.);
#2569=EDGE_CURVE('',#3481,#3482,#408,.T.);
#2570=EDGE_CURVE('',#3482,#3483,#4024,.T.);
#2571=EDGE_CURVE('',#3483,#3484,#228,.T.);
#2572=EDGE_CURVE('',#3484,#3485,#229,.T.);
#2573=EDGE_CURVE('',#3485,#3486,#409,.T.);
#2574=EDGE_CURVE('',#3486,#3487,#410,.T.);
#2575=EDGE_CURVE('',#3487,#3488,#411,.T.);
#2576=EDGE_CURVE('',#3488,#3489,#412,.T.);
#2577=EDGE_CURVE('',#3489,#3490,#4025,.T.);
#2578=EDGE_CURVE('',#3490,#3491,#4026,.T.);
#2579=EDGE_CURVE('',#3491,#3492,#4027,.T.);
#2580=EDGE_CURVE('',#3492,#3493,#413,.T.);
#2581=EDGE_CURVE('',#3493,#3494,#414,.T.);
#2582=EDGE_CURVE('',#3494,#3495,#415,.T.);
#2583=EDGE_CURVE('',#3495,#3496,#230,.T.);
#2584=EDGE_CURVE('',#3496,#3497,#231,.T.);
#2585=EDGE_CURVE('',#3497,#3498,#4028,.T.);
#2586=EDGE_CURVE('',#3498,#3499,#416,.T.);
#2587=EDGE_CURVE('',#3499,#3500,#417,.T.);
#2588=EDGE_CURVE('',#3500,#3474,#418,.T.);
#2589=EDGE_CURVE('',#3501,#3502,#4029,.T.);
#2590=EDGE_CURVE('',#3503,#3502,#4030,.T.);
#2591=EDGE_CURVE('',#3504,#3503,#4031,.T.);
#2592=EDGE_CURVE('',#3505,#3504,#4032,.T.);
#2593=EDGE_CURVE('',#3505,#3501,#4033,.T.);
#2594=EDGE_CURVE('',#3506,#3507,#4034,.T.);
#2595=EDGE_CURVE('',#3507,#3508,#4035,.T.);
#2596=EDGE_CURVE('',#3508,#3509,#4036,.T.);
#2597=EDGE_CURVE('',#3509,#3510,#419,.T.);
#2598=EDGE_CURVE('',#3510,#3511,#232,.T.);
#2599=EDGE_CURVE('',#3511,#3512,#233,.T.);
#2600=EDGE_CURVE('',#3512,#3513,#420,.T.);
#2601=EDGE_CURVE('',#3513,#3514,#421,.T.);
#2602=EDGE_CURVE('',#3514,#3515,#234,.T.);
#2603=EDGE_CURVE('',#3515,#3516,#235,.T.);
#2604=EDGE_CURVE('',#3516,#3517,#4037,.T.);
#2605=EDGE_CURVE('',#3517,#3518,#422,.T.);
#2606=EDGE_CURVE('',#3518,#3519,#236,.F.);
#2607=EDGE_CURVE('',#3519,#3520,#237,.F.);
#2608=EDGE_CURVE('',#3520,#3521,#423,.T.);
#2609=EDGE_CURVE('',#3521,#3522,#238,.F.);
#2610=EDGE_CURVE('',#3522,#3523,#239,.F.);
#2611=EDGE_CURVE('',#3523,#3524,#240,.F.);
#2612=EDGE_CURVE('',#3524,#3525,#241,.F.);
#2613=EDGE_CURVE('',#3525,#3526,#424,.T.);
#2614=EDGE_CURVE('',#3526,#3527,#4038,.T.);
#2615=EDGE_CURVE('',#3527,#3528,#4039,.T.);
#2616=EDGE_CURVE('',#3528,#3529,#4040,.T.);
#2617=EDGE_CURVE('',#3529,#3506,#4041,.T.);
#2618=EDGE_CURVE('',#3530,#3531,#4042,.T.);
#2619=EDGE_CURVE('',#3532,#3530,#4043,.T.);
#2620=EDGE_CURVE('',#3532,#3533,#4044,.T.);
#2621=EDGE_CURVE('',#3533,#3531,#4045,.T.);
#2622=EDGE_CURVE('',#3534,#3535,#4046,.T.);
#2623=EDGE_CURVE('',#3535,#3536,#4047,.T.);
#2624=EDGE_CURVE('',#3536,#3537,#4048,.T.);
#2625=EDGE_CURVE('',#3537,#3538,#4049,.T.);
#2626=EDGE_CURVE('',#3538,#3539,#4050,.T.);
#2627=EDGE_CURVE('',#3539,#3540,#242,.F.);
#2628=EDGE_CURVE('',#3540,#3541,#4051,.T.);
#2629=EDGE_CURVE('',#3541,#3542,#4052,.T.);
#2630=EDGE_CURVE('',#3542,#3543,#4053,.T.);
#2631=EDGE_CURVE('',#3543,#3534,#4054,.T.);
#2632=EDGE_CURVE('',#3544,#3397,#243,.T.);
#2633=EDGE_CURVE('',#3544,#3545,#425,.T.);
#2634=EDGE_CURVE('',#3545,#3546,#426,.T.);
#2635=EDGE_CURVE('',#3546,#3547,#244,.T.);
#2636=EDGE_CURVE('',#3547,#3548,#4055,.T.);
#2637=EDGE_CURVE('',#3548,#3549,#245,.T.);
#2638=EDGE_CURVE('',#3549,#3550,#427,.T.);
#2639=EDGE_CURVE('',#3550,#3551,#428,.T.);
#2640=EDGE_CURVE('',#3398,#3551,#246,.T.);
#2641=EDGE_CURVE('',#3552,#3553,#247,.T.);
#2642=EDGE_CURVE('',#3553,#3554,#429,.T.);
#2643=EDGE_CURVE('',#3554,#3555,#430,.T.);
#2644=EDGE_CURVE('',#3471,#3555,#248,.T.);
#2645=EDGE_CURVE('',#3556,#3470,#249,.T.);
#2646=EDGE_CURVE('',#3556,#3557,#431,.T.);
#2647=EDGE_CURVE('',#3557,#3558,#432,.T.);
#2648=EDGE_CURVE('',#3558,#3559,#250,.T.);
#2649=EDGE_CURVE('',#3559,#3552,#4056,.T.);
#2650=EDGE_CURVE('',#3560,#3561,#251,.T.);
#2651=EDGE_CURVE('',#3561,#3562,#433,.T.);
#2652=EDGE_CURVE('',#3562,#3563,#434,.T.);
#2653=EDGE_CURVE('',#3431,#3563,#252,.T.);
#2654=EDGE_CURVE('',#3564,#3430,#253,.T.);
#2655=EDGE_CURVE('',#3564,#3565,#435,.T.);
#2656=EDGE_CURVE('',#3565,#3566,#436,.T.);
#2657=EDGE_CURVE('',#3566,#3567,#254,.T.);
#2658=EDGE_CURVE('',#3567,#3560,#4057,.T.);
#2659=EDGE_CURVE('',#3568,#3569,#255,.T.);
#2660=EDGE_CURVE('',#3569,#3570,#437,.T.);
#2661=EDGE_CURVE('',#3570,#3571,#438,.T.);
#2662=EDGE_CURVE('',#3530,#3571,#256,.T.);
#2663=EDGE_CURVE('',#3572,#3531,#257,.T.);
#2664=EDGE_CURVE('',#3572,#3573,#439,.T.);
#2665=EDGE_CURVE('',#3573,#3574,#440,.T.);
#2666=EDGE_CURVE('',#3574,#3575,#258,.T.);
#2667=EDGE_CURVE('',#3568,#3575,#4058,.T.);
#2668=EDGE_CURVE('',#3532,#3505,#259,.T.);
#2669=EDGE_CURVE('',#3504,#3473,#260,.T.);
#2670=EDGE_CURVE('',#3472,#3458,#261,.T.);
#2671=EDGE_CURVE('',#3457,#3433,#262,.T.);
#2672=EDGE_CURVE('',#3432,#3412,#263,.T.);
#2673=EDGE_CURVE('',#3411,#3400,#264,.T.);
#2674=EDGE_CURVE('',#3399,#3380,#265,.T.);
#2675=EDGE_CURVE('',#3379,#3533,#266,.T.);
#2676=EDGE_CURVE('',#3576,#3577,#267,.T.);
#2677=EDGE_CURVE('',#3578,#3576,#4059,.T.);
#2678=EDGE_CURVE('',#3579,#3578,#268,.T.);
#2679=EDGE_CURVE('',#3580,#3579,#4060,.T.);
#2680=EDGE_CURVE('',#3581,#3580,#269,.T.);
#2681=EDGE_CURVE('',#3582,#3581,#4061,.T.);
#2682=EDGE_CURVE('',#3583,#3582,#270,.T.);
#2683=EDGE_CURVE('',#3584,#3583,#4062,.T.);
#2684=EDGE_CURVE('',#3585,#3584,#271,.T.);
#2685=EDGE_CURVE('',#3586,#3585,#4063,.T.);
#2686=EDGE_CURVE('',#3587,#3586,#272,.T.);
#2687=EDGE_CURVE('',#3588,#3587,#4064,.T.);
#2688=EDGE_CURVE('',#3589,#3588,#273,.T.);
#2689=EDGE_CURVE('',#3590,#3589,#4065,.T.);
#2690=EDGE_CURVE('',#3591,#3590,#274,.T.);
#2691=EDGE_CURVE('',#3592,#3591,#4066,.T.);
#2692=EDGE_CURVE('',#3592,#3593,#4067,.T.);
#2693=EDGE_CURVE('',#3593,#3594,#4068,.T.);
#2694=EDGE_CURVE('',#3594,#3595,#275,.T.);
#2695=EDGE_CURVE('',#3595,#3596,#4069,.T.);
#2696=EDGE_CURVE('',#3596,#3597,#276,.T.);
#2697=EDGE_CURVE('',#3597,#3598,#4070,.T.);
#2698=EDGE_CURVE('',#3598,#3599,#277,.T.);
#2699=EDGE_CURVE('',#3599,#3600,#4071,.T.);
#2700=EDGE_CURVE('',#3600,#3601,#278,.T.);
#2701=EDGE_CURVE('',#3601,#3602,#4072,.T.);
#2702=EDGE_CURVE('',#3602,#3603,#279,.T.);
#2703=EDGE_CURVE('',#3603,#3604,#4073,.T.);
#2704=EDGE_CURVE('',#3604,#3605,#280,.T.);
#2705=EDGE_CURVE('',#3605,#3606,#4074,.T.);
#2706=EDGE_CURVE('',#3606,#3607,#281,.T.);
#2707=EDGE_CURVE('',#3607,#3608,#4075,.T.);
#2708=EDGE_CURVE('',#3608,#3609,#282,.T.);
#2709=EDGE_CURVE('',#3610,#3609,#4076,.T.);
#2710=EDGE_CURVE('',#3611,#3610,#283,.T.);
#2711=EDGE_CURVE('',#3612,#3611,#4077,.T.);
#2712=EDGE_CURVE('',#3613,#3612,#284,.T.);
#2713=EDGE_CURVE('',#3614,#3613,#4078,.T.);
#2714=EDGE_CURVE('',#3615,#3614,#285,.T.);
#2715=EDGE_CURVE('',#3616,#3615,#4079,.T.);
#2716=EDGE_CURVE('',#3617,#3616,#286,.T.);
#2717=EDGE_CURVE('',#3618,#3617,#4080,.T.);
#2718=EDGE_CURVE('',#3619,#3618,#287,.T.);
#2719=EDGE_CURVE('',#3620,#3619,#4081,.T.);
#2720=EDGE_CURVE('',#3621,#3620,#288,.T.);
#2721=EDGE_CURVE('',#3622,#3621,#4082,.T.);
#2722=EDGE_CURVE('',#3623,#3622,#289,.T.);
#2723=EDGE_CURVE('',#3623,#3624,#4083,.T.);
#2724=EDGE_CURVE('',#3577,#3624,#290,.T.);
#2725=EDGE_CURVE('',#3623,#3568,#4084,.T.);
#2726=EDGE_CURVE('',#3622,#3569,#4085,.T.);
#2727=EDGE_CURVE('',#3569,#3625,#4086,.T.);
#2728=EDGE_CURVE('',#3621,#3558,#4087,.T.);
#2729=EDGE_CURVE('',#3625,#3558,#4088,.T.);
#2730=EDGE_CURVE('',#3620,#3559,#4089,.T.);
#2731=EDGE_CURVE('',#3619,#3552,#4090,.T.);
#2732=EDGE_CURVE('',#3618,#3553,#4091,.T.);
#2733=EDGE_CURVE('',#3553,#3626,#4092,.T.);
#2734=EDGE_CURVE('',#3617,#3566,#4093,.T.);
#2735=EDGE_CURVE('',#3626,#3566,#4094,.F.);
#2736=EDGE_CURVE('',#3616,#3567,#4095,.T.);
#2737=EDGE_CURVE('',#3615,#3560,#4096,.T.);
#2738=EDGE_CURVE('',#3614,#3561,#4097,.T.);
#2739=EDGE_CURVE('',#3561,#3627,#4098,.T.);
#2740=EDGE_CURVE('',#3613,#3546,#4099,.T.);
#2741=EDGE_CURVE('',#3627,#3546,#4100,.T.);
#2742=EDGE_CURVE('',#3612,#3547,#4101,.T.);
#2743=EDGE_CURVE('',#3611,#3548,#4102,.T.);
#2744=EDGE_CURVE('',#3610,#3549,#4103,.T.);
#2745=EDGE_CURVE('',#3628,#3629,#4104,.T.);
#2746=EDGE_CURVE('',#3628,#3574,#4105,.T.);
#2747=EDGE_CURVE('',#3574,#3630,#4106,.F.);
#2748=EDGE_CURVE('',#3549,#3630,#4107,.T.);
#2749=EDGE_CURVE('',#3629,#3609,#4108,.T.);
#2750=EDGE_CURVE('',#3631,#3628,#291,.T.);
#2751=EDGE_CURVE('',#3631,#3577,#4109,.T.);
#2752=EDGE_CURVE('',#3624,#3575,#4110,.T.);
#2753=EDGE_CURVE('',#3571,#3632,#441,.T.);
#2754=EDGE_CURVE('',#3501,#3632,#442,.T.);
#2755=EDGE_CURVE('',#3633,#3378,#443,.T.);
#2756=EDGE_CURVE('',#3633,#3572,#444,.T.);
#2757=EDGE_CURVE('',#3551,#3634,#445,.T.);
#2758=EDGE_CURVE('',#3376,#3634,#446,.T.);
#2759=EDGE_CURVE('',#3635,#3410,#447,.T.);
#2760=EDGE_CURVE('',#3635,#3544,#448,.T.);
#2761=EDGE_CURVE('',#3563,#3636,#449,.T.);
#2762=EDGE_CURVE('',#3408,#3636,#450,.T.);
#2763=EDGE_CURVE('',#3637,#3456,#451,.T.);
#2764=EDGE_CURVE('',#3637,#3564,#452,.T.);
#2765=EDGE_CURVE('',#3555,#3638,#453,.T.);
#2766=EDGE_CURVE('',#3454,#3638,#454,.T.);
#2767=EDGE_CURVE('',#3639,#3503,#455,.T.);
#2768=EDGE_CURVE('',#3639,#3556,#456,.T.);
#2769=EDGE_CURVE('',#3640,#3579,#4111,.T.);
#2770=EDGE_CURVE('',#3640,#3641,#4112,.T.);
#2771=EDGE_CURVE('',#3580,#3641,#4113,.F.);
#2772=EDGE_CURVE('',#3605,#3642,#4114,.T.);
#2773=EDGE_CURVE('',#3643,#3642,#4115,.T.);
#2774=EDGE_CURVE('',#3643,#3606,#4116,.T.);
#2775=EDGE_CURVE('',#3644,#3576,#4117,.T.);
#2776=EDGE_CURVE('',#3644,#3645,#4118,.T.);
#2777=EDGE_CURVE('',#3645,#3578,#4119,.T.);
#2778=EDGE_CURVE('',#3646,#3607,#4120,.T.);
#2779=EDGE_CURVE('',#3647,#3646,#4121,.T.);
#2780=EDGE_CURVE('',#3647,#3608,#4122,.T.);
#2781=EDGE_CURVE('',#3645,#3640,#292,.T.);
#2782=EDGE_CURVE('',#3646,#3643,#293,.T.);
#2783=EDGE_CURVE('',#3581,#3648,#4123,.F.);
#2784=EDGE_CURVE('',#3648,#3649,#4124,.T.);
#2785=EDGE_CURVE('',#3582,#3649,#4125,.F.);
#2786=EDGE_CURVE('',#3603,#3650,#4126,.T.);
#2787=EDGE_CURVE('',#3651,#3650,#4127,.T.);
#2788=EDGE_CURVE('',#3604,#3651,#4128,.T.);
#2789=EDGE_CURVE('',#3583,#3652,#4129,.F.);
#2790=EDGE_CURVE('',#3652,#3653,#4130,.T.);
#2791=EDGE_CURVE('',#3584,#3653,#4131,.F.);
#2792=EDGE_CURVE('',#3601,#3654,#4132,.T.);
#2793=EDGE_CURVE('',#3655,#3654,#4133,.T.);
#2794=EDGE_CURVE('',#3602,#3655,#4134,.T.);
#2795=EDGE_CURVE('',#3585,#3656,#4135,.F.);
#2796=EDGE_CURVE('',#3656,#3657,#4136,.T.);
#2797=EDGE_CURVE('',#3586,#3657,#4137,.F.);
#2798=EDGE_CURVE('',#3599,#3658,#4138,.T.);
#2799=EDGE_CURVE('',#3659,#3658,#4139,.T.);
#2800=EDGE_CURVE('',#3600,#3659,#4140,.T.);
#2801=EDGE_CURVE('',#3587,#3660,#4141,.F.);
#2802=EDGE_CURVE('',#3660,#3661,#4142,.T.);
#2803=EDGE_CURVE('',#3588,#3661,#4143,.F.);
#2804=EDGE_CURVE('',#3597,#3662,#4144,.T.);
#2805=EDGE_CURVE('',#3663,#3662,#4145,.T.);
#2806=EDGE_CURVE('',#3598,#3663,#4146,.T.);
#2807=EDGE_CURVE('',#3589,#3664,#4147,.F.);
#2808=EDGE_CURVE('',#3664,#3665,#4148,.T.);
#2809=EDGE_CURVE('',#3590,#3665,#4149,.F.);
#2810=EDGE_CURVE('',#3595,#3666,#4150,.T.);
#2811=EDGE_CURVE('',#3667,#3666,#4151,.T.);
#2812=EDGE_CURVE('',#3596,#3667,#4152,.T.);
#2813=EDGE_CURVE('',#3668,#3592,#4153,.T.);
#2814=EDGE_CURVE('',#3669,#3668,#4154,.T.);
#2815=EDGE_CURVE('',#3669,#3593,#4155,.T.);
#2816=EDGE_CURVE('',#3591,#3670,#4156,.F.);
#2817=EDGE_CURVE('',#3670,#3671,#4157,.T.);
#2818=EDGE_CURVE('',#3671,#3668,#294,.T.);
#2819=EDGE_CURVE('',#3672,#3669,#295,.T.);
#2820=EDGE_CURVE('',#3673,#3672,#4158,.T.);
#2821=EDGE_CURVE('',#3594,#3673,#4159,.T.);
#2822=EDGE_CURVE('',#3665,#3670,#296,.F.);
#2823=EDGE_CURVE('',#3666,#3673,#297,.T.);
#2824=EDGE_CURVE('',#3661,#3664,#298,.F.);
#2825=EDGE_CURVE('',#3662,#3667,#299,.T.);
#2826=EDGE_CURVE('',#3657,#3660,#300,.F.);
#2827=EDGE_CURVE('',#3658,#3663,#301,.T.);
#2828=EDGE_CURVE('',#3653,#3656,#302,.F.);
#2829=EDGE_CURVE('',#3654,#3659,#303,.T.);
#2830=EDGE_CURVE('',#3649,#3652,#304,.F.);
#2831=EDGE_CURVE('',#3650,#3655,#305,.T.);
#2832=EDGE_CURVE('',#3641,#3648,#306,.F.);
#2833=EDGE_CURVE('',#3642,#3651,#307,.T.);
#2834=EDGE_CURVE('',#3642,#3641,#4160,.T.);
#2835=EDGE_CURVE('',#3643,#3640,#4161,.T.);
#2836=EDGE_CURVE('',#3646,#3645,#4162,.T.);
#2837=EDGE_CURVE('',#3647,#3644,#4163,.T.);
#2838=EDGE_CURVE('',#3629,#3647,#308,.T.);
#2839=EDGE_CURVE('',#3631,#3644,#309,.T.);
#2840=EDGE_CURVE('',#3650,#3649,#4164,.T.);
#2841=EDGE_CURVE('',#3651,#3648,#4165,.T.);
#2842=EDGE_CURVE('',#3654,#3653,#4166,.T.);
#2843=EDGE_CURVE('',#3655,#3652,#4167,.T.);
#2844=EDGE_CURVE('',#3658,#3657,#4168,.T.);
#2845=EDGE_CURVE('',#3659,#3656,#4169,.T.);
#2846=EDGE_CURVE('',#3662,#3661,#4170,.T.);
#2847=EDGE_CURVE('',#3663,#3660,#4171,.T.);
#2848=EDGE_CURVE('',#3666,#3665,#4172,.T.);
#2849=EDGE_CURVE('',#3667,#3664,#4173,.T.);
#2850=EDGE_CURVE('',#3672,#3671,#4174,.T.);
#2851=EDGE_CURVE('',#3673,#3670,#4175,.T.);
#2852=EDGE_CURVE('',#3674,#3675,#4176,.T.);
#2853=EDGE_CURVE('',#3674,#3676,#457,.T.);
#2854=EDGE_CURVE('',#3676,#3630,#4177,.T.);
#2855=EDGE_CURVE('',#3573,#3675,#458,.T.);
#2856=EDGE_CURVE('',#3677,#3678,#4178,.T.);
#2857=EDGE_CURVE('',#3677,#3679,#459,.T.);
#2858=EDGE_CURVE('',#3679,#3674,#460,.T.);
#2859=EDGE_CURVE('',#3675,#3678,#461,.T.);
#2860=EDGE_CURVE('',#3678,#3633,#462,.T.);
#2861=EDGE_CURVE('',#3680,#3378,#4179,.T.);
#2862=EDGE_CURVE('',#3680,#3681,#4180,.T.);
#2863=EDGE_CURVE('',#3681,#3677,#463,.T.);
#2864=EDGE_CURVE('',#3682,#3377,#4181,.T.);
#2865=EDGE_CURVE('',#3682,#3680,#4182,.T.);
#2866=EDGE_CURVE('',#3683,#3376,#4183,.T.);
#2867=EDGE_CURVE('',#3683,#3682,#4184,.T.);
#2868=EDGE_CURVE('',#3634,#3684,#464,.T.);
#2869=EDGE_CURVE('',#3685,#3684,#4185,.T.);
#2870=EDGE_CURVE('',#3685,#3686,#465,.T.);
#2871=EDGE_CURVE('',#3686,#3683,#4186,.T.);
#2872=EDGE_CURVE('',#3687,#3688,#4187,.T.);
#2873=EDGE_CURVE('',#3687,#3689,#466,.T.);
#2874=EDGE_CURVE('',#3689,#3685,#467,.T.);
#2875=EDGE_CURVE('',#3684,#3688,#468,.T.);
#2876=EDGE_CURVE('',#3676,#3687,#469,.T.);
#2877=EDGE_CURVE('',#3688,#3550,#470,.T.);
#2878=EDGE_CURVE('',#3690,#3502,#4188,.T.);
#2879=EDGE_CURVE('',#3690,#3691,#4189,.T.);
#2880=EDGE_CURVE('',#3691,#3503,#4190,.T.);
#2881=EDGE_CURVE('',#3692,#3639,#471,.T.);
#2882=EDGE_CURVE('',#3693,#3691,#4191,.T.);
#2883=EDGE_CURVE('',#3693,#3694,#472,.T.);
#2884=EDGE_CURVE('',#3694,#3692,#4192,.T.);
#2885=EDGE_CURVE('',#3694,#3695,#473,.T.);
#2886=EDGE_CURVE('',#3695,#3696,#474,.T.);
#2887=EDGE_CURVE('',#3696,#3697,#4193,.T.);
#2888=EDGE_CURVE('',#3697,#3692,#475,.T.);
#2889=EDGE_CURVE('',#3696,#3698,#476,.T.);
#2890=EDGE_CURVE('',#3698,#3625,#4194,.T.);
#2891=EDGE_CURVE('',#3557,#3697,#477,.T.);
#2892=EDGE_CURVE('',#3698,#3699,#478,.T.);
#2893=EDGE_CURVE('',#3699,#3700,#4195,.T.);
#2894=EDGE_CURVE('',#3700,#3570,#479,.T.);
#2895=EDGE_CURVE('',#3699,#3701,#480,.T.);
#2896=EDGE_CURVE('',#3701,#3702,#481,.T.);
#2897=EDGE_CURVE('',#3702,#3703,#4196,.T.);
#2898=EDGE_CURVE('',#3703,#3700,#482,.T.);
#2899=EDGE_CURVE('',#3704,#3501,#4197,.T.);
#2900=EDGE_CURVE('',#3632,#3703,#483,.T.);
#2901=EDGE_CURVE('',#3702,#3705,#484,.T.);
#2902=EDGE_CURVE('',#3704,#3705,#4198,.T.);
#2903=EDGE_CURVE('',#3690,#3704,#4199,.T.);
#2904=EDGE_CURVE('',#3706,#3455,#4200,.T.);
#2905=EDGE_CURVE('',#3706,#3707,#4201,.T.);
#2906=EDGE_CURVE('',#3707,#3456,#4202,.T.);
#2907=EDGE_CURVE('',#3708,#3637,#485,.T.);
#2908=EDGE_CURVE('',#3709,#3707,#4203,.T.);
#2909=EDGE_CURVE('',#3709,#3710,#486,.T.);
#2910=EDGE_CURVE('',#3710,#3708,#4204,.T.);
#2911=EDGE_CURVE('',#3710,#3711,#487,.T.);
#2912=EDGE_CURVE('',#3711,#3712,#488,.T.);
#2913=EDGE_CURVE('',#3712,#3713,#4205,.T.);
#2914=EDGE_CURVE('',#3713,#3708,#489,.T.);
#2915=EDGE_CURVE('',#3712,#3714,#490,.T.);
#2916=EDGE_CURVE('',#3714,#3626,#4206,.T.);
#2917=EDGE_CURVE('',#3565,#3713,#491,.T.);
#2918=EDGE_CURVE('',#3714,#3715,#492,.T.);
#2919=EDGE_CURVE('',#3715,#3716,#4207,.T.);
#2920=EDGE_CURVE('',#3716,#3554,#493,.T.);
#2921=EDGE_CURVE('',#3715,#3717,#494,.T.);
#2922=EDGE_CURVE('',#3717,#3718,#495,.T.);
#2923=EDGE_CURVE('',#3718,#3719,#4208,.T.);
#2924=EDGE_CURVE('',#3719,#3716,#496,.T.);
#2925=EDGE_CURVE('',#3720,#3454,#4209,.T.);
#2926=EDGE_CURVE('',#3638,#3719,#497,.T.);
#2927=EDGE_CURVE('',#3718,#3721,#498,.T.);
#2928=EDGE_CURVE('',#3720,#3721,#4210,.T.);
#2929=EDGE_CURVE('',#3706,#3720,#4211,.T.);
#2930=EDGE_CURVE('',#3722,#3408,#4212,.T.);
#2931=EDGE_CURVE('',#3636,#3723,#499,.T.);
#2932=EDGE_CURVE('',#3724,#3723,#4213,.T.);
#2933=EDGE_CURVE('',#3724,#3725,#500,.T.);
#2934=EDGE_CURVE('',#3722,#3725,#4214,.T.);
#2935=EDGE_CURVE('',#3726,#3722,#4215,.T.);
#2936=EDGE_CURVE('',#3726,#3409,#4216,.T.);
#2937=EDGE_CURVE('',#3726,#3727,#4217,.T.);
#2938=EDGE_CURVE('',#3727,#3410,#4218,.T.);
#2939=EDGE_CURVE('',#3728,#3635,#501,.T.);
#2940=EDGE_CURVE('',#3729,#3727,#4219,.T.);
#2941=EDGE_CURVE('',#3729,#3730,#502,.T.);
#2942=EDGE_CURVE('',#3730,#3728,#4220,.T.);
#2943=EDGE_CURVE('',#3730,#3731,#503,.T.);
#2944=EDGE_CURVE('',#3731,#3732,#504,.T.);
#2945=EDGE_CURVE('',#3732,#3733,#4221,.T.);
#2946=EDGE_CURVE('',#3733,#3728,#505,.T.);
#2947=EDGE_CURVE('',#3732,#3734,#506,.T.);
#2948=EDGE_CURVE('',#3734,#3627,#4222,.T.);
#2949=EDGE_CURVE('',#3545,#3733,#507,.T.);
#2950=EDGE_CURVE('',#3734,#3735,#508,.T.);
#2951=EDGE_CURVE('',#3735,#3736,#4223,.T.);
#2952=EDGE_CURVE('',#3736,#3562,#509,.T.);
#2953=EDGE_CURVE('',#3735,#3737,#510,.T.);
#2954=EDGE_CURVE('',#3737,#3724,#511,.T.);
#2955=EDGE_CURVE('',#3723,#3736,#512,.T.);
#2956=EDGE_CURVE('',#3738,#3738,#310,.T.);
#2957=EDGE_CURVE('',#3739,#3739,#311,.T.);
#2958=EDGE_CURVE('',#3740,#3741,#513,.T.);
#2959=EDGE_CURVE('',#3741,#3729,#514,.T.);
#2960=EDGE_CURVE('',#3729,#3686,#4224,.T.);
#2961=EDGE_CURVE('',#3686,#3742,#515,.T.);
#2962=EDGE_CURVE('',#3742,#3743,#516,.T.);
#2963=EDGE_CURVE('',#3743,#3744,#312,.T.);
#2964=EDGE_CURVE('',#3744,#3745,#517,.T.);
#2965=EDGE_CURVE('',#3745,#3681,#518,.T.);
#2966=EDGE_CURVE('',#3681,#3705,#4225,.T.);
#2967=EDGE_CURVE('',#3705,#3746,#519,.T.);
#2968=EDGE_CURVE('',#3746,#3747,#520,.T.);
#2969=EDGE_CURVE('',#3747,#3748,#313,.T.);
#2970=EDGE_CURVE('',#3748,#3749,#521,.T.);
#2971=EDGE_CURVE('',#3749,#3693,#522,.T.);
#2972=EDGE_CURVE('',#3693,#3721,#4226,.T.);
#2973=EDGE_CURVE('',#3721,#3750,#523,.T.);
#2974=EDGE_CURVE('',#3750,#3751,#524,.T.);
#2975=EDGE_CURVE('',#3751,#3752,#314,.T.);
#2976=EDGE_CURVE('',#3752,#3753,#525,.T.);
#2977=EDGE_CURVE('',#3753,#3709,#526,.T.);
#2978=EDGE_CURVE('',#3709,#3725,#4227,.T.);
#2979=EDGE_CURVE('',#3725,#3754,#527,.T.);
#2980=EDGE_CURVE('',#3754,#3755,#528,.T.);
#2981=EDGE_CURVE('',#3755,#3740,#315,.T.);
#2982=EDGE_CURVE('',#3756,#3756,#316,.T.);
#2983=EDGE_CURVE('',#3757,#3757,#317,.T.);
#2984=EDGE_CURVE('',#3758,#3758,#318,.T.);
#2985=EDGE_CURVE('',#3759,#3760,#4228,.T.);
#2986=EDGE_CURVE('',#3706,#3760,#4229,.T.);
#2987=EDGE_CURVE('',#3690,#3759,#4230,.T.);
#2988=EDGE_CURVE('',#3761,#3759,#4231,.T.);
#2989=EDGE_CURVE('',#3682,#3761,#4232,.T.);
#2990=EDGE_CURVE('',#3762,#3761,#4233,.T.);
#2991=EDGE_CURVE('',#3726,#3762,#4234,.T.);
#2992=EDGE_CURVE('',#3755,#3763,#529,.T.);
#2993=EDGE_CURVE('',#3763,#3740,#530,.T.);
#2994=EDGE_CURVE('',#3764,#3764,#319,.T.);
#2995=EDGE_CURVE('',#3751,#3765,#531,.T.);
#2996=EDGE_CURVE('',#3765,#3752,#532,.T.);
#2997=EDGE_CURVE('',#3766,#3766,#320,.T.);
#2998=EDGE_CURVE('',#3767,#3767,#321,.T.);
#2999=EDGE_CURVE('',#3747,#3768,#533,.T.);
#3000=EDGE_CURVE('',#3768,#3748,#534,.T.);
#3001=EDGE_CURVE('',#3769,#3769,#322,.T.);
#3002=EDGE_CURVE('',#3770,#3770,#323,.T.);
#3003=EDGE_CURVE('',#3743,#3771,#535,.T.);
#3004=EDGE_CURVE('',#3771,#3744,#536,.T.);
#3005=EDGE_CURVE('',#3772,#3772,#324,.T.);
#3006=EDGE_CURVE('',#3773,#3773,#325,.T.);
#3007=EDGE_CURVE('',#3774,#3774,#326,.T.);
#3008=EDGE_CURVE('',#3760,#3762,#4235,.T.);
#3009=EDGE_CURVE('',#3775,#3775,#327,.T.);
#3010=EDGE_CURVE('',#3754,#3737,#537,.F.);
#3011=EDGE_CURVE('',#3763,#3734,#538,.F.);
#3012=EDGE_CURVE('',#3741,#3731,#539,.F.);
#3013=EDGE_CURVE('',#3750,#3717,#540,.F.);
#3014=EDGE_CURVE('',#3765,#3714,#541,.F.);
#3015=EDGE_CURVE('',#3753,#3711,#542,.F.);
#3016=EDGE_CURVE('',#3679,#3745,#543,.T.);
#3017=EDGE_CURVE('',#3676,#3771,#544,.T.);
#3018=EDGE_CURVE('',#3689,#3742,#545,.T.);
#3019=EDGE_CURVE('',#3695,#3749,#546,.T.);
#3020=EDGE_CURVE('',#3698,#3768,#547,.T.);
#3021=EDGE_CURVE('',#3701,#3746,#548,.T.);
#3022=EDGE_CURVE('',#3776,#3535,#4236,.T.);
#3023=EDGE_CURVE('',#3776,#3777,#4237,.T.);
#3024=EDGE_CURVE('',#3777,#3536,#4238,.T.);
#3025=EDGE_CURVE('',#3778,#3534,#4239,.T.);
#3026=EDGE_CURVE('',#3778,#3776,#4240,.T.);
#3027=EDGE_CURVE('',#3779,#3543,#4241,.T.);
#3028=EDGE_CURVE('',#3779,#3778,#4242,.T.);
#3029=EDGE_CURVE('',#3780,#3542,#4243,.T.);
#3030=EDGE_CURVE('',#3780,#3779,#4244,.T.);
#3031=EDGE_CURVE('',#3781,#3541,#4245,.T.);
#3032=EDGE_CURVE('',#3781,#3780,#4246,.T.);
#3033=EDGE_CURVE('',#3782,#3540,#4247,.T.);
#3034=EDGE_CURVE('',#3782,#3781,#4248,.T.);
#3035=EDGE_CURVE('',#3783,#3539,#4249,.T.);
#3036=EDGE_CURVE('',#3783,#3782,#328,.F.);
#3037=EDGE_CURVE('',#3784,#3538,#4250,.T.);
#3038=EDGE_CURVE('',#3784,#3783,#4251,.T.);
#3039=EDGE_CURVE('',#3785,#3537,#4252,.T.);
#3040=EDGE_CURVE('',#3785,#3784,#4253,.T.);
#3041=EDGE_CURVE('',#3777,#3785,#4254,.T.);
#3042=EDGE_CURVE('',#3786,#3506,#4255,.T.);
#3043=EDGE_CURVE('',#3786,#3787,#4256,.T.);
#3044=EDGE_CURVE('',#3787,#3507,#4257,.T.);
#3045=EDGE_CURVE('',#3788,#3529,#4258,.T.);
#3046=EDGE_CURVE('',#3788,#3786,#4259,.T.);
#3047=EDGE_CURVE('',#3789,#3528,#4260,.T.);
#3048=EDGE_CURVE('',#3789,#3788,#4261,.T.);
#3049=EDGE_CURVE('',#3790,#3527,#4262,.T.);
#3050=EDGE_CURVE('',#3790,#3789,#4263,.T.);
#3051=EDGE_CURVE('',#3791,#3526,#4264,.T.);
#3052=EDGE_CURVE('',#3791,#3790,#4265,.T.);
#3053=EDGE_CURVE('',#3792,#3525,#4266,.T.);
#3054=EDGE_CURVE('',#3792,#3791,#549,.T.);
#3055=EDGE_CURVE('',#3793,#3524,#4267,.T.);
#3056=EDGE_CURVE('',#3793,#3792,#329,.F.);
#3057=EDGE_CURVE('',#3794,#3523,#4268,.T.);
#3058=EDGE_CURVE('',#3794,#3793,#330,.F.);
#3059=EDGE_CURVE('',#3795,#3522,#4269,.T.);
#3060=EDGE_CURVE('',#3795,#3794,#331,.F.);
#3061=EDGE_CURVE('',#3796,#3521,#4270,.T.);
#3062=EDGE_CURVE('',#3796,#3795,#332,.F.);
#3063=EDGE_CURVE('',#3797,#3520,#4271,.T.);
#3064=EDGE_CURVE('',#3797,#3796,#550,.T.);
#3065=EDGE_CURVE('',#3798,#3519,#4272,.T.);
#3066=EDGE_CURVE('',#3798,#3797,#333,.F.);
#3067=EDGE_CURVE('',#3799,#3518,#4273,.T.);
#3068=EDGE_CURVE('',#3799,#3798,#334,.F.);
#3069=EDGE_CURVE('',#3800,#3517,#4274,.T.);
#3070=EDGE_CURVE('',#3800,#3799,#551,.T.);
#3071=EDGE_CURVE('',#3801,#3516,#4275,.T.);
#3072=EDGE_CURVE('',#3801,#3800,#4276,.T.);
#3073=EDGE_CURVE('',#3802,#3515,#4277,.T.);
#3074=EDGE_CURVE('',#3802,#3801,#335,.T.);
#3075=EDGE_CURVE('',#3803,#3514,#4278,.T.);
#3076=EDGE_CURVE('',#3803,#3802,#336,.T.);
#3077=EDGE_CURVE('',#3804,#3513,#4279,.T.);
#3078=EDGE_CURVE('',#3804,#3803,#552,.T.);
#3079=EDGE_CURVE('',#3805,#3512,#4280,.T.);
#3080=EDGE_CURVE('',#3805,#3804,#553,.T.);
#3081=EDGE_CURVE('',#3806,#3511,#4281,.T.);
#3082=EDGE_CURVE('',#3806,#3805,#337,.T.);
#3083=EDGE_CURVE('',#3807,#3510,#4282,.T.);
#3084=EDGE_CURVE('',#3807,#3806,#338,.T.);
#3085=EDGE_CURVE('',#3808,#3509,#4283,.T.);
#3086=EDGE_CURVE('',#3808,#3807,#554,.T.);
#3087=EDGE_CURVE('',#3809,#3508,#4284,.T.);
#3088=EDGE_CURVE('',#3809,#3808,#4285,.T.);
#3089=EDGE_CURVE('',#3787,#3809,#4286,.T.);
#3090=EDGE_CURVE('',#3810,#3474,#4287,.T.);
#3091=EDGE_CURVE('',#3810,#3811,#555,.T.);
#3092=EDGE_CURVE('',#3811,#3475,#4288,.T.);
#3093=EDGE_CURVE('',#3812,#3500,#4289,.T.);
#3094=EDGE_CURVE('',#3812,#3810,#556,.T.);
#3095=EDGE_CURVE('',#3813,#3499,#4290,.T.);
#3096=EDGE_CURVE('',#3813,#3812,#557,.T.);
#3097=EDGE_CURVE('',#3814,#3498,#4291,.T.);
#3098=EDGE_CURVE('',#3814,#3813,#558,.T.);
#3099=EDGE_CURVE('',#3815,#3497,#4292,.T.);
#3100=EDGE_CURVE('',#3815,#3814,#4293,.T.);
#3101=EDGE_CURVE('',#3816,#3496,#4294,.T.);
#3102=EDGE_CURVE('',#3816,#3815,#339,.T.);
#3103=EDGE_CURVE('',#3817,#3495,#4295,.T.);
#3104=EDGE_CURVE('',#3817,#3816,#340,.T.);
#3105=EDGE_CURVE('',#3818,#3494,#4296,.T.);
#3106=EDGE_CURVE('',#3818,#3817,#559,.T.);
#3107=EDGE_CURVE('',#3819,#3493,#4297,.T.);
#3108=EDGE_CURVE('',#3819,#3818,#560,.T.);
#3109=EDGE_CURVE('',#3820,#3492,#4298,.T.);
#3110=EDGE_CURVE('',#3820,#3819,#561,.T.);
#3111=EDGE_CURVE('',#3821,#3491,#4299,.T.);
#3112=EDGE_CURVE('',#3821,#3820,#4300,.T.);
#3113=EDGE_CURVE('',#3822,#3490,#4301,.T.);
#3114=EDGE_CURVE('',#3822,#3821,#4302,.T.);
#3115=EDGE_CURVE('',#3823,#3489,#4303,.T.);
#3116=EDGE_CURVE('',#3823,#3822,#4304,.T.);
#3117=EDGE_CURVE('',#3824,#3488,#4305,.T.);
#3118=EDGE_CURVE('',#3824,#3823,#562,.T.);
#3119=EDGE_CURVE('',#3825,#3487,#4306,.T.);
#3120=EDGE_CURVE('',#3825,#3824,#563,.T.);
#3121=EDGE_CURVE('',#3826,#3486,#4307,.T.);
#3122=EDGE_CURVE('',#3826,#3825,#564,.T.);
#3123=EDGE_CURVE('',#3827,#3485,#4308,.T.);
#3124=EDGE_CURVE('',#3827,#3826,#565,.T.);
#3125=EDGE_CURVE('',#3828,#3484,#4309,.T.);
#3126=EDGE_CURVE('',#3828,#3827,#341,.T.);
#3127=EDGE_CURVE('',#3829,#3483,#4310,.T.);
#3128=EDGE_CURVE('',#3829,#3828,#342,.T.);
#3129=EDGE_CURVE('',#3830,#3482,#4311,.T.);
#3130=EDGE_CURVE('',#3830,#3829,#4312,.T.);
#3131=EDGE_CURVE('',#3831,#3481,#4313,.T.);
#3132=EDGE_CURVE('',#3831,#3830,#566,.T.);
#3133=EDGE_CURVE('',#3832,#3480,#4314,.T.);
#3134=EDGE_CURVE('',#3832,#3831,#567,.T.);
#3135=EDGE_CURVE('',#3833,#3479,#4315,.T.);
#3136=EDGE_CURVE('',#3833,#3832,#568,.T.);
#3137=EDGE_CURVE('',#3834,#3478,#4316,.T.);
#3138=EDGE_CURVE('',#3834,#3833,#569,.T.);
#3139=EDGE_CURVE('',#3835,#3477,#4317,.T.);
#3140=EDGE_CURVE('',#3835,#3834,#570,.T.);
#3141=EDGE_CURVE('',#3836,#3476,#4318,.T.);
#3142=EDGE_CURVE('',#3836,#3835,#4319,.T.);
#3143=EDGE_CURVE('',#3811,#3836,#571,.T.);
#3144=EDGE_CURVE('',#3837,#3838,#4320,.T.);
#3145=EDGE_CURVE('',#3839,#3837,#4321,.T.);
#3146=EDGE_CURVE('',#3839,#3840,#4322,.T.);
#3147=EDGE_CURVE('',#3840,#3838,#4323,.T.);
#3148=EDGE_CURVE('',#3841,#3837,#4324,.T.);
#3149=EDGE_CURVE('',#3842,#3841,#4325,.T.);
#3150=EDGE_CURVE('',#3842,#3839,#4326,.T.);
#3151=EDGE_CURVE('',#3843,#3841,#4327,.T.);
#3152=EDGE_CURVE('',#3844,#3843,#4328,.T.);
#3153=EDGE_CURVE('',#3844,#3842,#4329,.T.);
#3154=EDGE_CURVE('',#3845,#3843,#343,.F.);
#3155=EDGE_CURVE('',#3846,#3845,#4330,.T.);
#3156=EDGE_CURVE('',#3846,#3844,#344,.F.);
#3157=EDGE_CURVE('',#3847,#3845,#4331,.T.);
#3158=EDGE_CURVE('',#3848,#3847,#4332,.T.);
#3159=EDGE_CURVE('',#3848,#3846,#4333,.T.);
#3160=EDGE_CURVE('',#3849,#3847,#345,.F.);
#3161=EDGE_CURVE('',#3850,#3849,#4334,.T.);
#3162=EDGE_CURVE('',#3850,#3848,#346,.F.);
#3163=EDGE_CURVE('',#3851,#3459,#4335,.T.);
#3164=EDGE_CURVE('',#3851,#3852,#4336,.T.);
#3165=EDGE_CURVE('',#3852,#3460,#4337,.T.);
#3166=EDGE_CURVE('',#3853,#3469,#4338,.T.);
#3167=EDGE_CURVE('',#3853,#3851,#4339,.T.);
#3168=EDGE_CURVE('',#3854,#3468,#4340,.T.);
#3169=EDGE_CURVE('',#3854,#3853,#4341,.T.);
#3170=EDGE_CURVE('',#3855,#3467,#4342,.T.);
#3171=EDGE_CURVE('',#3855,#3854,#4343,.T.);
#3172=EDGE_CURVE('',#3856,#3466,#4344,.T.);
#3173=EDGE_CURVE('',#3856,#3855,#4345,.T.);
#3174=EDGE_CURVE('',#3857,#3465,#4346,.T.);
#3175=EDGE_CURVE('',#3857,#3856,#4347,.T.);
#3176=EDGE_CURVE('',#3858,#3464,#4348,.T.);
#3177=EDGE_CURVE('',#3858,#3857,#4349,.T.);
#3178=EDGE_CURVE('',#3859,#3463,#4350,.T.);
#3179=EDGE_CURVE('',#3859,#3858,#4351,.T.);
#3180=EDGE_CURVE('',#3860,#3462,#4352,.T.);
#3181=EDGE_CURVE('',#3860,#3859,#4353,.T.);
#3182=EDGE_CURVE('',#3861,#3461,#4354,.T.);
#3183=EDGE_CURVE('',#3861,#3860,#4355,.T.);
#3184=EDGE_CURVE('',#3852,#3861,#4356,.T.);
#3185=EDGE_CURVE('',#3838,#3849,#347,.F.);
#3186=EDGE_CURVE('',#3840,#3850,#348,.F.);
#3187=EDGE_CURVE('',#3862,#3434,#4357,.T.);
#3188=EDGE_CURVE('',#3862,#3863,#572,.T.);
#3189=EDGE_CURVE('',#3863,#3435,#4358,.T.);
#3190=EDGE_CURVE('',#3864,#3453,#4359,.T.);
#3191=EDGE_CURVE('',#3864,#3862,#349,.F.);
#3192=EDGE_CURVE('',#3865,#3452,#4360,.T.);
#3193=EDGE_CURVE('',#3865,#3864,#4361,.T.);
#3194=EDGE_CURVE('',#3866,#3451,#4362,.T.);
#3195=EDGE_CURVE('',#3866,#3865,#4363,.T.);
#3196=EDGE_CURVE('',#3867,#3450,#4364,.T.);
#3197=EDGE_CURVE('',#3867,#3866,#4365,.T.);
#3198=EDGE_CURVE('',#3868,#3449,#4366,.T.);
#3199=EDGE_CURVE('',#3868,#3867,#4367,.T.);
#3200=EDGE_CURVE('',#3869,#3448,#4368,.T.);
#3201=EDGE_CURVE('',#3869,#3868,#4369,.T.);
#3202=EDGE_CURVE('',#3870,#3447,#4370,.T.);
#3203=EDGE_CURVE('',#3870,#3869,#4371,.T.);
#3204=EDGE_CURVE('',#3871,#3446,#4372,.T.);
#3205=EDGE_CURVE('',#3871,#3870,#4373,.T.);
#3206=EDGE_CURVE('',#3872,#3445,#4374,.T.);
#3207=EDGE_CURVE('',#3872,#3871,#350,.T.);
#3208=EDGE_CURVE('',#3873,#3444,#4375,.T.);
#3209=EDGE_CURVE('',#3873,#3872,#351,.T.);
#3210=EDGE_CURVE('',#3874,#3443,#4376,.T.);
#3211=EDGE_CURVE('',#3874,#3873,#573,.T.);
#3212=EDGE_CURVE('',#3875,#3442,#4377,.T.);
#3213=EDGE_CURVE('',#3875,#3874,#574,.T.);
#3214=EDGE_CURVE('',#3876,#3441,#4378,.T.);
#3215=EDGE_CURVE('',#3876,#3875,#352,.T.);
#3216=EDGE_CURVE('',#3877,#3440,#4379,.T.);
#3217=EDGE_CURVE('',#3877,#3876,#353,.T.);
#3218=EDGE_CURVE('',#3878,#3439,#4380,.T.);
#3219=EDGE_CURVE('',#3878,#3877,#4381,.T.);
#3220=EDGE_CURVE('',#3879,#3438,#4382,.T.);
#3221=EDGE_CURVE('',#3879,#3878,#575,.T.);
#3222=EDGE_CURVE('',#3880,#3437,#4383,.T.);
#3223=EDGE_CURVE('',#3880,#3879,#576,.T.);
#3224=EDGE_CURVE('',#3881,#3436,#4384,.T.);
#3225=EDGE_CURVE('',#3881,#3880,#577,.T.);
#3226=EDGE_CURVE('',#3863,#3881,#578,.T.);
#3227=EDGE_CURVE('',#3882,#3883,#579,.T.);
#3228=EDGE_CURVE('',#3884,#3882,#4385,.T.);
#3229=EDGE_CURVE('',#3884,#3885,#580,.T.);
#3230=EDGE_CURVE('',#3885,#3883,#4386,.T.);
#3231=EDGE_CURVE('',#3886,#3882,#581,.T.);
#3232=EDGE_CURVE('',#3887,#3886,#4387,.T.);
#3233=EDGE_CURVE('',#3887,#3884,#582,.T.);
#3234=EDGE_CURVE('',#3888,#3886,#583,.T.);
#3235=EDGE_CURVE('',#3889,#3888,#4388,.T.);
#3236=EDGE_CURVE('',#3889,#3887,#584,.T.);
#3237=EDGE_CURVE('',#3890,#3888,#585,.T.);
#3238=EDGE_CURVE('',#3891,#3890,#4389,.T.);
#3239=EDGE_CURVE('',#3891,#3889,#586,.T.);
#3240=EDGE_CURVE('',#3892,#3890,#354,.T.);
#3241=EDGE_CURVE('',#3893,#3892,#4390,.T.);
#3242=EDGE_CURVE('',#3893,#3891,#355,.T.);
#3243=EDGE_CURVE('',#3894,#3892,#587,.T.);
#3244=EDGE_CURVE('',#3895,#3894,#4391,.T.);
#3245=EDGE_CURVE('',#3895,#3893,#588,.T.);
#3246=EDGE_CURVE('',#3896,#3894,#589,.T.);
#3247=EDGE_CURVE('',#3897,#3896,#4392,.T.);
#3248=EDGE_CURVE('',#3897,#3895,#590,.T.);
#3249=EDGE_CURVE('',#3898,#3413,#4393,.T.);
#3250=EDGE_CURVE('',#3898,#3899,#591,.T.);
#3251=EDGE_CURVE('',#3899,#3414,#4394,.T.);
#3252=EDGE_CURVE('',#3900,#3429,#4395,.T.);
#3253=EDGE_CURVE('',#3900,#3898,#592,.T.);
#3254=EDGE_CURVE('',#3901,#3428,#4396,.T.);
#3255=EDGE_CURVE('',#3901,#3900,#593,.T.);
#3256=EDGE_CURVE('',#3902,#3427,#4397,.T.);
#3257=EDGE_CURVE('',#3902,#3901,#594,.T.);
#3258=EDGE_CURVE('',#3903,#3426,#4398,.T.);
#3259=EDGE_CURVE('',#3903,#3902,#595,.T.);
#3260=EDGE_CURVE('',#3904,#3425,#4399,.T.);
#3261=EDGE_CURVE('',#3904,#3903,#596,.T.);
#3262=EDGE_CURVE('',#3905,#3424,#4400,.T.);
#3263=EDGE_CURVE('',#3905,#3904,#597,.T.);
#3264=EDGE_CURVE('',#3906,#3423,#4401,.T.);
#3265=EDGE_CURVE('',#3906,#3905,#598,.T.);
#3266=EDGE_CURVE('',#3907,#3422,#4402,.T.);
#3267=EDGE_CURVE('',#3907,#3906,#599,.T.);
#3268=EDGE_CURVE('',#3908,#3421,#4403,.T.);
#3269=EDGE_CURVE('',#3908,#3907,#4404,.T.);
#3270=EDGE_CURVE('',#3909,#3420,#4405,.T.);
#3271=EDGE_CURVE('',#3909,#3908,#600,.T.);
#3272=EDGE_CURVE('',#3910,#3419,#4406,.T.);
#3273=EDGE_CURVE('',#3910,#3909,#356,.T.);
#3274=EDGE_CURVE('',#3911,#3418,#4407,.T.);
#3275=EDGE_CURVE('',#3911,#3910,#601,.T.);
#3276=EDGE_CURVE('',#3912,#3417,#4408,.T.);
#3277=EDGE_CURVE('',#3912,#3911,#357,.T.);
#3278=EDGE_CURVE('',#3913,#3416,#4409,.T.);
#3279=EDGE_CURVE('',#3913,#3912,#4410,.T.);
#3280=EDGE_CURVE('',#3914,#3415,#4411,.T.);
#3281=EDGE_CURVE('',#3914,#3913,#602,.T.);
#3282=EDGE_CURVE('',#3899,#3914,#603,.T.);
#3283=EDGE_CURVE('',#3883,#3896,#604,.T.);
#3284=EDGE_CURVE('',#3885,#3897,#605,.T.);
#3285=EDGE_CURVE('',#3915,#3401,#4412,.T.);
#3286=EDGE_CURVE('',#3915,#3916,#4413,.T.);
#3287=EDGE_CURVE('',#3916,#3402,#4414,.T.);
#3288=EDGE_CURVE('',#3917,#3407,#4415,.T.);
#3289=EDGE_CURVE('',#3917,#3915,#4416,.T.);
#3290=EDGE_CURVE('',#3918,#3406,#4417,.T.);
#3291=EDGE_CURVE('',#3918,#3917,#4418,.T.);
#3292=EDGE_CURVE('',#3919,#3405,#4419,.T.);
#3293=EDGE_CURVE('',#3919,#3918,#4420,.T.);
#3294=EDGE_CURVE('',#3920,#3404,#4421,.T.);
#3295=EDGE_CURVE('',#3920,#3919,#4422,.T.);
#3296=EDGE_CURVE('',#3921,#3403,#4423,.T.);
#3297=EDGE_CURVE('',#3921,#3920,#4424,.T.);
#3298=EDGE_CURVE('',#3916,#3921,#4425,.T.);
#3299=EDGE_CURVE('',#3922,#3923,#606,.T.);
#3300=EDGE_CURVE('',#3924,#3922,#4426,.T.);
#3301=EDGE_CURVE('',#3924,#3925,#607,.T.);
#3302=EDGE_CURVE('',#3925,#3923,#4427,.T.);
#3303=EDGE_CURVE('',#3926,#3922,#608,.T.);
#3304=EDGE_CURVE('',#3927,#3926,#4428,.T.);
#3305=EDGE_CURVE('',#3927,#3924,#609,.T.);
#3306=EDGE_CURVE('',#3928,#3926,#358,.T.);
#3307=EDGE_CURVE('',#3929,#3928,#4429,.T.);
#3308=EDGE_CURVE('',#3929,#3927,#359,.T.);
#3309=EDGE_CURVE('',#3930,#3928,#360,.T.);
#3310=EDGE_CURVE('',#3931,#3930,#4430,.T.);
#3311=EDGE_CURVE('',#3931,#3929,#361,.T.);
#3312=EDGE_CURVE('',#3932,#3930,#610,.T.);
#3313=EDGE_CURVE('',#3933,#3932,#4431,.T.);
#3314=EDGE_CURVE('',#3933,#3931,#611,.T.);
#3315=EDGE_CURVE('',#3934,#3932,#612,.T.);
#3316=EDGE_CURVE('',#3935,#3934,#4432,.T.);
#3317=EDGE_CURVE('',#3935,#3933,#613,.T.);
#3318=EDGE_CURVE('',#3936,#3934,#362,.T.);
#3319=EDGE_CURVE('',#3937,#3936,#4433,.T.);
#3320=EDGE_CURVE('',#3937,#3935,#363,.T.);
#3321=EDGE_CURVE('',#3938,#3939,#614,.T.);
#3322=EDGE_CURVE('',#3940,#3938,#4434,.T.);
#3323=EDGE_CURVE('',#3940,#3941,#615,.T.);
#3324=EDGE_CURVE('',#3941,#3939,#4435,.T.);
#3325=EDGE_CURVE('',#3942,#3938,#616,.T.);
#3326=EDGE_CURVE('',#3943,#3942,#4436,.T.);
#3327=EDGE_CURVE('',#3943,#3940,#617,.T.);
#3328=EDGE_CURVE('',#3944,#3942,#618,.T.);
#3329=EDGE_CURVE('',#3945,#3944,#4437,.T.);
#3330=EDGE_CURVE('',#3945,#3943,#619,.T.);
#3331=EDGE_CURVE('',#3946,#3944,#620,.T.);
#3332=EDGE_CURVE('',#3947,#3946,#4438,.T.);
#3333=EDGE_CURVE('',#3947,#3945,#621,.T.);
#3334=EDGE_CURVE('',#3948,#3946,#364,.T.);
#3335=EDGE_CURVE('',#3949,#3948,#4439,.T.);
#3336=EDGE_CURVE('',#3949,#3947,#365,.T.);
#3337=EDGE_CURVE('',#3950,#3948,#622,.T.);
#3338=EDGE_CURVE('',#3951,#3950,#4440,.T.);
#3339=EDGE_CURVE('',#3951,#3949,#623,.T.);
#3340=EDGE_CURVE('',#3952,#3381,#4441,.T.);
#3341=EDGE_CURVE('',#3952,#3953,#624,.T.);
#3342=EDGE_CURVE('',#3953,#3382,#4442,.T.);
#3343=EDGE_CURVE('',#3954,#3396,#4443,.T.);
#3344=EDGE_CURVE('',#3954,#3952,#625,.T.);
#3345=EDGE_CURVE('',#3955,#3395,#4444,.T.);
#3346=EDGE_CURVE('',#3955,#3954,#626,.T.);
#3347=EDGE_CURVE('',#3956,#3394,#4445,.T.);
#3348=EDGE_CURVE('',#3956,#3955,#366,.F.);
#3349=EDGE_CURVE('',#3957,#3393,#4446,.T.);
#3350=EDGE_CURVE('',#3957,#3956,#627,.T.);
#3351=EDGE_CURVE('',#3958,#3392,#4447,.T.);
#3352=EDGE_CURVE('',#3958,#3957,#628,.T.);
#3353=EDGE_CURVE('',#3959,#3391,#4448,.T.);
#3354=EDGE_CURVE('',#3959,#3958,#367,.F.);
#3355=EDGE_CURVE('',#3960,#3390,#4449,.T.);
#3356=EDGE_CURVE('',#3960,#3959,#629,.T.);
#3357=EDGE_CURVE('',#3961,#3389,#4450,.T.);
#3358=EDGE_CURVE('',#3961,#3960,#630,.T.);
#3359=EDGE_CURVE('',#3962,#3388,#4451,.T.);
#3360=EDGE_CURVE('',#3962,#3961,#631,.T.);
#3361=EDGE_CURVE('',#3963,#3387,#4452,.T.);
#3362=EDGE_CURVE('',#3963,#3962,#632,.T.);
#3363=EDGE_CURVE('',#3964,#3386,#4453,.T.);
#3364=EDGE_CURVE('',#3964,#3963,#368,.F.);
#3365=EDGE_CURVE('',#3965,#3385,#4454,.T.);
#3366=EDGE_CURVE('',#3965,#3964,#633,.T.);
#3367=EDGE_CURVE('',#3966,#3384,#4455,.T.);
#3368=EDGE_CURVE('',#3966,#3965,#634,.T.);
#3369=EDGE_CURVE('',#3967,#3383,#4456,.T.);
#3370=EDGE_CURVE('',#3967,#3966,#369,.F.);
#3371=EDGE_CURVE('',#3939,#3950,#635,.T.);
#3372=EDGE_CURVE('',#3941,#3951,#636,.T.);
#3373=EDGE_CURVE('',#3953,#3967,#637,.T.);
#3374=EDGE_CURVE('',#3923,#3936,#638,.T.);
#3375=EDGE_CURVE('',#3925,#3937,#639,.T.);
#3376=VERTEX_POINT('',#7716);
#3377=VERTEX_POINT('',#7717);
#3378=VERTEX_POINT('',#7719);
#3379=VERTEX_POINT('',#7721);
#3380=VERTEX_POINT('',#7723);
#3381=VERTEX_POINT('',#7728);
#3382=VERTEX_POINT('',#7729);
#3383=VERTEX_POINT('',#7733);
#3384=VERTEX_POINT('',#7735);
#3385=VERTEX_POINT('',#7739);
#3386=VERTEX_POINT('',#7743);
#3387=VERTEX_POINT('',#7745);
#3388=VERTEX_POINT('',#7749);
#3389=VERTEX_POINT('',#7753);
#3390=VERTEX_POINT('',#7757);
#3391=VERTEX_POINT('',#7761);
#3392=VERTEX_POINT('',#7763);
#3393=VERTEX_POINT('',#7767);
#3394=VERTEX_POINT('',#7771);
#3395=VERTEX_POINT('',#7773);
#3396=VERTEX_POINT('',#7777);
#3397=VERTEX_POINT('',#7783);
#3398=VERTEX_POINT('',#7784);
#3399=VERTEX_POINT('',#7786);
#3400=VERTEX_POINT('',#7788);
#3401=VERTEX_POINT('',#7791);
#3402=VERTEX_POINT('',#7792);
#3403=VERTEX_POINT('',#7794);
#3404=VERTEX_POINT('',#7796);
#3405=VERTEX_POINT('',#7798);
#3406=VERTEX_POINT('',#7800);
#3407=VERTEX_POINT('',#7802);
#3408=VERTEX_POINT('',#7806);
#3409=VERTEX_POINT('',#7807);
#3410=VERTEX_POINT('',#7809);
#3411=VERTEX_POINT('',#7811);
#3412=VERTEX_POINT('',#7813);
#3413=VERTEX_POINT('',#7818);
#3414=VERTEX_POINT('',#7819);
#3415=VERTEX_POINT('',#7823);
#3416=VERTEX_POINT('',#7827);
#3417=VERTEX_POINT('',#7829);
#3418=VERTEX_POINT('',#7831);
#3419=VERTEX_POINT('',#7835);
#3420=VERTEX_POINT('',#7837);
#3421=VERTEX_POINT('',#7841);
#3422=VERTEX_POINT('',#7843);
#3423=VERTEX_POINT('',#7847);
#3424=VERTEX_POINT('',#7851);
#3425=VERTEX_POINT('',#7855);
#3426=VERTEX_POINT('',#7859);
#3427=VERTEX_POINT('',#7863);
#3428=VERTEX_POINT('',#7867);
#3429=VERTEX_POINT('',#7871);
#3430=VERTEX_POINT('',#7877);
#3431=VERTEX_POINT('',#7878);
#3432=VERTEX_POINT('',#7880);
#3433=VERTEX_POINT('',#7882);
#3434=VERTEX_POINT('',#7887);
#3435=VERTEX_POINT('',#7888);
#3436=VERTEX_POINT('',#7892);
#3437=VERTEX_POINT('',#7896);
#3438=VERTEX_POINT('',#7900);
#3439=VERTEX_POINT('',#7904);
#3440=VERTEX_POINT('',#7906);
#3441=VERTEX_POINT('',#7908);
#3442=VERTEX_POINT('',#7910);
#3443=VERTEX_POINT('',#7914);
#3444=VERTEX_POINT('',#7918);
#3445=VERTEX_POINT('',#7920);
#3446=VERTEX_POINT('',#7922);
#3447=VERTEX_POINT('',#7924);
#3448=VERTEX_POINT('',#7926);
#3449=VERTEX_POINT('',#7928);
#3450=VERTEX_POINT('',#7930);
#3451=VERTEX_POINT('',#7932);
#3452=VERTEX_POINT('',#7934);
#3453=VERTEX_POINT('',#7936);
#3454=VERTEX_POINT('',#7940);
#3455=VERTEX_POINT('',#7941);
#3456=VERTEX_POINT('',#7943);
#3457=VERTEX_POINT('',#7945);
#3458=VERTEX_POINT('',#7947);
#3459=VERTEX_POINT('',#7950);
#3460=VERTEX_POINT('',#7951);
#3461=VERTEX_POINT('',#7953);
#3462=VERTEX_POINT('',#7955);
#3463=VERTEX_POINT('',#7957);
#3464=VERTEX_POINT('',#7959);
#3465=VERTEX_POINT('',#7961);
#3466=VERTEX_POINT('',#7963);
#3467=VERTEX_POINT('',#7965);
#3468=VERTEX_POINT('',#7967);
#3469=VERTEX_POINT('',#7969);
#3470=VERTEX_POINT('',#7973);
#3471=VERTEX_POINT('',#7974);
#3472=VERTEX_POINT('',#7976);
#3473=VERTEX_POINT('',#7978);
#3474=VERTEX_POINT('',#7983);
#3475=VERTEX_POINT('',#7984);
#3476=VERTEX_POINT('',#7988);
#3477=VERTEX_POINT('',#7990);
#3478=VERTEX_POINT('',#7994);
#3479=VERTEX_POINT('',#7998);
#3480=VERTEX_POINT('',#8002);
#3481=VERTEX_POINT('',#8006);
#3482=VERTEX_POINT('',#8010);
#3483=VERTEX_POINT('',#8012);
#3484=VERTEX_POINT('',#8014);
#3485=VERTEX_POINT('',#8016);
#3486=VERTEX_POINT('',#8020);
#3487=VERTEX_POINT('',#8024);
#3488=VERTEX_POINT('',#8028);
#3489=VERTEX_POINT('',#8032);
#3490=VERTEX_POINT('',#8034);
#3491=VERTEX_POINT('',#8036);
#3492=VERTEX_POINT('',#8038);
#3493=VERTEX_POINT('',#8042);
#3494=VERTEX_POINT('',#8046);
#3495=VERTEX_POINT('',#8050);
#3496=VERTEX_POINT('',#8052);
#3497=VERTEX_POINT('',#8054);
#3498=VERTEX_POINT('',#8056);
#3499=VERTEX_POINT('',#8060);
#3500=VERTEX_POINT('',#8064);
#3501=VERTEX_POINT('',#8070);
#3502=VERTEX_POINT('',#8071);
#3503=VERTEX_POINT('',#8073);
#3504=VERTEX_POINT('',#8075);
#3505=VERTEX_POINT('',#8077);
#3506=VERTEX_POINT('',#8080);
#3507=VERTEX_POINT('',#8081);
#3508=VERTEX_POINT('',#8083);
#3509=VERTEX_POINT('',#8085);
#3510=VERTEX_POINT('',#8089);
#3511=VERTEX_POINT('',#8091);
#3512=VERTEX_POINT('',#8093);
#3513=VERTEX_POINT('',#8097);
#3514=VERTEX_POINT('',#8101);
#3515=VERTEX_POINT('',#8103);
#3516=VERTEX_POINT('',#8105);
#3517=VERTEX_POINT('',#8107);
#3518=VERTEX_POINT('',#8111);
#3519=VERTEX_POINT('',#8113);
#3520=VERTEX_POINT('',#8115);
#3521=VERTEX_POINT('',#8119);
#3522=VERTEX_POINT('',#8121);
#3523=VERTEX_POINT('',#8123);
#3524=VERTEX_POINT('',#8125);
#3525=VERTEX_POINT('',#8127);
#3526=VERTEX_POINT('',#8131);
#3527=VERTEX_POINT('',#8133);
#3528=VERTEX_POINT('',#8135);
#3529=VERTEX_POINT('',#8137);
#3530=VERTEX_POINT('',#8141);
#3531=VERTEX_POINT('',#8142);
#3532=VERTEX_POINT('',#8144);
#3533=VERTEX_POINT('',#8146);
#3534=VERTEX_POINT('',#8149);
#3535=VERTEX_POINT('',#8150);
#3536=VERTEX_POINT('',#8152);
#3537=VERTEX_POINT('',#8154);
#3538=VERTEX_POINT('',#8156);
#3539=VERTEX_POINT('',#8158);
#3540=VERTEX_POINT('',#8160);
#3541=VERTEX_POINT('',#8162);
#3542=VERTEX_POINT('',#8164);
#3543=VERTEX_POINT('',#8166);
#3544=VERTEX_POINT('',#8170);
#3545=VERTEX_POINT('',#8175);
#3546=VERTEX_POINT('',#8180);
#3547=VERTEX_POINT('',#8182);
#3548=VERTEX_POINT('',#8184);
#3549=VERTEX_POINT('',#8186);
#3550=VERTEX_POINT('',#8191);
#3551=VERTEX_POINT('',#8196);
#3552=VERTEX_POINT('',#8200);
#3553=VERTEX_POINT('',#8201);
#3554=VERTEX_POINT('',#8206);
#3555=VERTEX_POINT('',#8211);
#3556=VERTEX_POINT('',#8214);
#3557=VERTEX_POINT('',#8219);
#3558=VERTEX_POINT('',#8224);
#3559=VERTEX_POINT('',#8226);
#3560=VERTEX_POINT('',#8230);
#3561=VERTEX_POINT('',#8231);
#3562=VERTEX_POINT('',#8236);
#3563=VERTEX_POINT('',#8241);
#3564=VERTEX_POINT('',#8244);
#3565=VERTEX_POINT('',#8249);
#3566=VERTEX_POINT('',#8254);
#3567=VERTEX_POINT('',#8256);
#3568=VERTEX_POINT('',#8260);
#3569=VERTEX_POINT('',#8261);
#3570=VERTEX_POINT('',#8266);
#3571=VERTEX_POINT('',#8271);
#3572=VERTEX_POINT('',#8274);
#3573=VERTEX_POINT('',#8279);
#3574=VERTEX_POINT('',#8284);
#3575=VERTEX_POINT('',#8286);
#3576=VERTEX_POINT('',#8298);
#3577=VERTEX_POINT('',#8299);
#3578=VERTEX_POINT('',#8301);
#3579=VERTEX_POINT('',#8303);
#3580=VERTEX_POINT('',#8305);
#3581=VERTEX_POINT('',#8307);
#3582=VERTEX_POINT('',#8309);
#3583=VERTEX_POINT('',#8311);
#3584=VERTEX_POINT('',#8313);
#3585=VERTEX_POINT('',#8315);
#3586=VERTEX_POINT('',#8317);
#3587=VERTEX_POINT('',#8319);
#3588=VERTEX_POINT('',#8321);
#3589=VERTEX_POINT('',#8323);
#3590=VERTEX_POINT('',#8325);
#3591=VERTEX_POINT('',#8327);
#3592=VERTEX_POINT('',#8329);
#3593=VERTEX_POINT('',#8331);
#3594=VERTEX_POINT('',#8333);
#3595=VERTEX_POINT('',#8335);
#3596=VERTEX_POINT('',#8337);
#3597=VERTEX_POINT('',#8339);
#3598=VERTEX_POINT('',#8341);
#3599=VERTEX_POINT('',#8343);
#3600=VERTEX_POINT('',#8345);
#3601=VERTEX_POINT('',#8347);
#3602=VERTEX_POINT('',#8349);
#3603=VERTEX_POINT('',#8351);
#3604=VERTEX_POINT('',#8353);
#3605=VERTEX_POINT('',#8355);
#3606=VERTEX_POINT('',#8357);
#3607=VERTEX_POINT('',#8359);
#3608=VERTEX_POINT('',#8361);
#3609=VERTEX_POINT('',#8363);
#3610=VERTEX_POINT('',#8365);
#3611=VERTEX_POINT('',#8367);
#3612=VERTEX_POINT('',#8369);
#3613=VERTEX_POINT('',#8371);
#3614=VERTEX_POINT('',#8373);
#3615=VERTEX_POINT('',#8375);
#3616=VERTEX_POINT('',#8377);
#3617=VERTEX_POINT('',#8379);
#3618=VERTEX_POINT('',#8381);
#3619=VERTEX_POINT('',#8383);
#3620=VERTEX_POINT('',#8385);
#3621=VERTEX_POINT('',#8387);
#3622=VERTEX_POINT('',#8389);
#3623=VERTEX_POINT('',#8391);
#3624=VERTEX_POINT('',#8393);
#3625=VERTEX_POINT('',#8400);
#3626=VERTEX_POINT('',#8411);
#3627=VERTEX_POINT('',#8422);
#3628=VERTEX_POINT('',#8433);
#3629=VERTEX_POINT('',#8434);
#3630=VERTEX_POINT('',#8437);
#3631=VERTEX_POINT('',#8442);
#3632=VERTEX_POINT('',#8450);
#3633=VERTEX_POINT('',#8460);
#3634=VERTEX_POINT('',#8470);
#3635=VERTEX_POINT('',#8480);
#3636=VERTEX_POINT('',#8490);
#3637=VERTEX_POINT('',#8500);
#3638=VERTEX_POINT('',#8510);
#3639=VERTEX_POINT('',#8520);
#3640=VERTEX_POINT('',#8528);
#3641=VERTEX_POINT('',#8530);
#3642=VERTEX_POINT('',#8534);
#3643=VERTEX_POINT('',#8536);
#3644=VERTEX_POINT('',#8540);
#3645=VERTEX_POINT('',#8542);
#3646=VERTEX_POINT('',#8546);
#3647=VERTEX_POINT('',#8548);
#3648=VERTEX_POINT('',#8556);
#3649=VERTEX_POINT('',#8558);
#3650=VERTEX_POINT('',#8562);
#3651=VERTEX_POINT('',#8564);
#3652=VERTEX_POINT('',#8568);
#3653=VERTEX_POINT('',#8570);
#3654=VERTEX_POINT('',#8574);
#3655=VERTEX_POINT('',#8576);
#3656=VERTEX_POINT('',#8580);
#3657=VERTEX_POINT('',#8582);
#3658=VERTEX_POINT('',#8586);
#3659=VERTEX_POINT('',#8588);
#3660=VERTEX_POINT('',#8592);
#3661=VERTEX_POINT('',#8594);
#3662=VERTEX_POINT('',#8598);
#3663=VERTEX_POINT('',#8600);
#3664=VERTEX_POINT('',#8604);
#3665=VERTEX_POINT('',#8606);
#3666=VERTEX_POINT('',#8610);
#3667=VERTEX_POINT('',#8612);
#3668=VERTEX_POINT('',#8616);
#3669=VERTEX_POINT('',#8618);
#3670=VERTEX_POINT('',#8622);
#3671=VERTEX_POINT('',#8624);
#3672=VERTEX_POINT('',#8628);
#3673=VERTEX_POINT('',#8630);
#3674=VERTEX_POINT('',#8708);
#3675=VERTEX_POINT('',#8709);
#3676=VERTEX_POINT('',#8714);
#3677=VERTEX_POINT('',#8735);
#3678=VERTEX_POINT('',#8736);
#3679=VERTEX_POINT('',#8741);
#3680=VERTEX_POINT('',#8769);
#3681=VERTEX_POINT('',#8771);
#3682=VERTEX_POINT('',#8786);
#3683=VERTEX_POINT('',#8797);
#3684=VERTEX_POINT('',#8817);
#3685=VERTEX_POINT('',#8819);
#3686=VERTEX_POINT('',#8825);
#3687=VERTEX_POINT('',#8842);
#3688=VERTEX_POINT('',#8843);
#3689=VERTEX_POINT('',#8848);
#3690=VERTEX_POINT('',#8888);
#3691=VERTEX_POINT('',#8890);
#3692=VERTEX_POINT('',#8910);
#3693=VERTEX_POINT('',#8912);
#3694=VERTEX_POINT('',#8918);
#3695=VERTEX_POINT('',#8938);
#3696=VERTEX_POINT('',#8943);
#3697=VERTEX_POINT('',#8945);
#3698=VERTEX_POINT('',#8968);
#3699=VERTEX_POINT('',#8992);
#3700=VERTEX_POINT('',#8994);
#3701=VERTEX_POINT('',#9017);
#3702=VERTEX_POINT('',#9022);
#3703=VERTEX_POINT('',#9024);
#3704=VERTEX_POINT('',#9044);
#3705=VERTEX_POINT('',#9054);
#3706=VERTEX_POINT('',#9074);
#3707=VERTEX_POINT('',#9076);
#3708=VERTEX_POINT('',#9096);
#3709=VERTEX_POINT('',#9098);
#3710=VERTEX_POINT('',#9104);
#3711=VERTEX_POINT('',#9124);
#3712=VERTEX_POINT('',#9129);
#3713=VERTEX_POINT('',#9131);
#3714=VERTEX_POINT('',#9154);
#3715=VERTEX_POINT('',#9178);
#3716=VERTEX_POINT('',#9180);
#3717=VERTEX_POINT('',#9203);
#3718=VERTEX_POINT('',#9208);
#3719=VERTEX_POINT('',#9210);
#3720=VERTEX_POINT('',#9230);
#3721=VERTEX_POINT('',#9240);
#3722=VERTEX_POINT('',#9266);
#3723=VERTEX_POINT('',#9271);
#3724=VERTEX_POINT('',#9273);
#3725=VERTEX_POINT('',#9279);
#3726=VERTEX_POINT('',#9290);
#3727=VERTEX_POINT('',#9301);
#3728=VERTEX_POINT('',#9321);
#3729=VERTEX_POINT('',#9323);
#3730=VERTEX_POINT('',#9329);
#3731=VERTEX_POINT('',#9349);
#3732=VERTEX_POINT('',#9354);
#3733=VERTEX_POINT('',#9356);
#3734=VERTEX_POINT('',#9379);
#3735=VERTEX_POINT('',#9403);
#3736=VERTEX_POINT('',#9405);
#3737=VERTEX_POINT('',#9428);
#3738=VERTEX_POINT('',#9439);
#3739=VERTEX_POINT('',#9441);
#3740=VERTEX_POINT('',#9446);
#3741=VERTEX_POINT('',#9447);
#3742=VERTEX_POINT('',#9457);
#3743=VERTEX_POINT('',#9462);
#3744=VERTEX_POINT('',#9464);
#3745=VERTEX_POINT('',#9469);
#3746=VERTEX_POINT('',#9479);
#3747=VERTEX_POINT('',#9484);
#3748=VERTEX_POINT('',#9486);
#3749=VERTEX_POINT('',#9491);
#3750=VERTEX_POINT('',#9501);
#3751=VERTEX_POINT('',#9506);
#3752=VERTEX_POINT('',#9508);
#3753=VERTEX_POINT('',#9513);
#3754=VERTEX_POINT('',#9523);
#3755=VERTEX_POINT('',#9528);
#3756=VERTEX_POINT('',#9531);
#3757=VERTEX_POINT('',#9533);
#3758=VERTEX_POINT('',#9535);
#3759=VERTEX_POINT('',#9538);
#3760=VERTEX_POINT('',#9539);
#3761=VERTEX_POINT('',#9544);
#3762=VERTEX_POINT('',#9548);
#3763=VERTEX_POINT('',#9556);
#3764=VERTEX_POINT('',#9563);
#3765=VERTEX_POINT('',#9570);
#3766=VERTEX_POINT('',#9577);
#3767=VERTEX_POINT('',#9580);
#3768=VERTEX_POINT('',#9587);
#3769=VERTEX_POINT('',#9594);
#3770=VERTEX_POINT('',#9597);
#3771=VERTEX_POINT('',#9604);
#3772=VERTEX_POINT('',#9611);
#3773=VERTEX_POINT('',#9614);
#3774=VERTEX_POINT('',#9617);
#3775=VERTEX_POINT('',#9622);
#3776=VERTEX_POINT('',#10110);
#3777=VERTEX_POINT('',#10112);
#3778=VERTEX_POINT('',#10116);
#3779=VERTEX_POINT('',#10120);
#3780=VERTEX_POINT('',#10124);
#3781=VERTEX_POINT('',#10128);
#3782=VERTEX_POINT('',#10132);
#3783=VERTEX_POINT('',#10136);
#3784=VERTEX_POINT('',#10140);
#3785=VERTEX_POINT('',#10144);
#3786=VERTEX_POINT('',#10151);
#3787=VERTEX_POINT('',#10153);
#3788=VERTEX_POINT('',#10157);
#3789=VERTEX_POINT('',#10161);
#3790=VERTEX_POINT('',#10165);
#3791=VERTEX_POINT('',#10169);
#3792=VERTEX_POINT('',#10180);
#3793=VERTEX_POINT('',#10186);
#3794=VERTEX_POINT('',#10190);
#3795=VERTEX_POINT('',#10194);
#3796=VERTEX_POINT('',#10198);
#3797=VERTEX_POINT('',#10209);
#3798=VERTEX_POINT('',#10215);
#3799=VERTEX_POINT('',#10219);
#3800=VERTEX_POINT('',#10230);
#3801=VERTEX_POINT('',#10236);
#3802=VERTEX_POINT('',#10240);
#3803=VERTEX_POINT('',#10244);
#3804=VERTEX_POINT('',#10255);
#3805=VERTEX_POINT('',#10268);
#3806=VERTEX_POINT('',#10274);
#3807=VERTEX_POINT('',#10278);
#3808=VERTEX_POINT('',#10289);
#3809=VERTEX_POINT('',#10295);
#3810=VERTEX_POINT('',#10309);
#3811=VERTEX_POINT('',#10313);
#3812=VERTEX_POINT('',#10324);
#3813=VERTEX_POINT('',#10337);
#3814=VERTEX_POINT('',#10350);
#3815=VERTEX_POINT('',#10356);
#3816=VERTEX_POINT('',#10360);
#3817=VERTEX_POINT('',#10364);
#3818=VERTEX_POINT('',#10375);
#3819=VERTEX_POINT('',#10388);
#3820=VERTEX_POINT('',#10401);
#3821=VERTEX_POINT('',#10407);
#3822=VERTEX_POINT('',#10411);
#3823=VERTEX_POINT('',#10415);
#3824=VERTEX_POINT('',#10426);
#3825=VERTEX_POINT('',#10439);
#3826=VERTEX_POINT('',#10452);
#3827=VERTEX_POINT('',#10465);
#3828=VERTEX_POINT('',#10471);
#3829=VERTEX_POINT('',#10475);
#3830=VERTEX_POINT('',#10479);
#3831=VERTEX_POINT('',#10490);
#3832=VERTEX_POINT('',#10503);
#3833=VERTEX_POINT('',#10516);
#3834=VERTEX_POINT('',#10529);
#3835=VERTEX_POINT('',#10542);
#3836=VERTEX_POINT('',#10548);
#3837=VERTEX_POINT('',#10564);
#3838=VERTEX_POINT('',#10565);
#3839=VERTEX_POINT('',#10567);
#3840=VERTEX_POINT('',#10569);
#3841=VERTEX_POINT('',#10573);
#3842=VERTEX_POINT('',#10575);
#3843=VERTEX_POINT('',#10579);
#3844=VERTEX_POINT('',#10581);
#3845=VERTEX_POINT('',#10585);
#3846=VERTEX_POINT('',#10587);
#3847=VERTEX_POINT('',#10591);
#3848=VERTEX_POINT('',#10593);
#3849=VERTEX_POINT('',#10597);
#3850=VERTEX_POINT('',#10599);
#3851=VERTEX_POINT('',#10603);
#3852=VERTEX_POINT('',#10605);
#3853=VERTEX_POINT('',#10609);
#3854=VERTEX_POINT('',#10613);
#3855=VERTEX_POINT('',#10617);
#3856=VERTEX_POINT('',#10621);
#3857=VERTEX_POINT('',#10625);
#3858=VERTEX_POINT('',#10629);
#3859=VERTEX_POINT('',#10633);
#3860=VERTEX_POINT('',#10637);
#3861=VERTEX_POINT('',#10641);
#3862=VERTEX_POINT('',#10659);
#3863=VERTEX_POINT('',#10663);
#3864=VERTEX_POINT('',#10667);
#3865=VERTEX_POINT('',#10671);
#3866=VERTEX_POINT('',#10675);
#3867=VERTEX_POINT('',#10679);
#3868=VERTEX_POINT('',#10683);
#3869=VERTEX_POINT('',#10687);
#3870=VERTEX_POINT('',#10691);
#3871=VERTEX_POINT('',#10695);
#3872=VERTEX_POINT('',#10699);
#3873=VERTEX_POINT('',#10703);
#3874=VERTEX_POINT('',#10714);
#3875=VERTEX_POINT('',#10727);
#3876=VERTEX_POINT('',#10733);
#3877=VERTEX_POINT('',#10737);
#3878=VERTEX_POINT('',#10741);
#3879=VERTEX_POINT('',#10752);
#3880=VERTEX_POINT('',#10765);
#3881=VERTEX_POINT('',#10778);
#3882=VERTEX_POINT('',#10805);
#3883=VERTEX_POINT('',#10806);
#3884=VERTEX_POINT('',#10808);
#3885=VERTEX_POINT('',#10812);
#3886=VERTEX_POINT('',#10825);
#3887=VERTEX_POINT('',#10827);
#3888=VERTEX_POINT('',#10842);
#3889=VERTEX_POINT('',#10844);
#3890=VERTEX_POINT('',#10859);
#3891=VERTEX_POINT('',#10861);
#3892=VERTEX_POINT('',#10867);
#3893=VERTEX_POINT('',#10869);
#3894=VERTEX_POINT('',#10882);
#3895=VERTEX_POINT('',#10884);
#3896=VERTEX_POINT('',#10899);
#3897=VERTEX_POINT('',#10901);
#3898=VERTEX_POINT('',#10914);
#3899=VERTEX_POINT('',#10918);
#3900=VERTEX_POINT('',#10929);
#3901=VERTEX_POINT('',#10942);
#3902=VERTEX_POINT('',#10955);
#3903=VERTEX_POINT('',#10968);
#3904=VERTEX_POINT('',#10981);
#3905=VERTEX_POINT('',#10994);
#3906=VERTEX_POINT('',#11007);
#3907=VERTEX_POINT('',#11020);
#3908=VERTEX_POINT('',#11026);
#3909=VERTEX_POINT('',#11037);
#3910=VERTEX_POINT('',#11043);
#3911=VERTEX_POINT('',#11054);
#3912=VERTEX_POINT('',#11060);
#3913=VERTEX_POINT('',#11064);
#3914=VERTEX_POINT('',#11075);
#3915=VERTEX_POINT('',#11108);
#3916=VERTEX_POINT('',#11110);
#3917=VERTEX_POINT('',#11114);
#3918=VERTEX_POINT('',#11118);
#3919=VERTEX_POINT('',#11122);
#3920=VERTEX_POINT('',#11126);
#3921=VERTEX_POINT('',#11130);
#3922=VERTEX_POINT('',#11146);
#3923=VERTEX_POINT('',#11147);
#3924=VERTEX_POINT('',#11149);
#3925=VERTEX_POINT('',#11153);
#3926=VERTEX_POINT('',#11166);
#3927=VERTEX_POINT('',#11168);
#3928=VERTEX_POINT('',#11174);
#3929=VERTEX_POINT('',#11176);
#3930=VERTEX_POINT('',#11180);
#3931=VERTEX_POINT('',#11182);
#3932=VERTEX_POINT('',#11195);
#3933=VERTEX_POINT('',#11197);
#3934=VERTEX_POINT('',#11212);
#3935=VERTEX_POINT('',#11214);
#3936=VERTEX_POINT('',#11220);
#3937=VERTEX_POINT('',#11222);
#3938=VERTEX_POINT('',#11235);
#3939=VERTEX_POINT('',#11236);
#3940=VERTEX_POINT('',#11238);
#3941=VERTEX_POINT('',#11242);
#3942=VERTEX_POINT('',#11255);
#3943=VERTEX_POINT('',#11257);
#3944=VERTEX_POINT('',#11272);
#3945=VERTEX_POINT('',#11274);
#3946=VERTEX_POINT('',#11289);
#3947=VERTEX_POINT('',#11291);
#3948=VERTEX_POINT('',#11297);
#3949=VERTEX_POINT('',#11299);
#3950=VERTEX_POINT('',#11312);
#3951=VERTEX_POINT('',#11314);
#3952=VERTEX_POINT('',#11327);
#3953=VERTEX_POINT('',#11331);
#3954=VERTEX_POINT('',#11342);
#3955=VERTEX_POINT('',#11355);
#3956=VERTEX_POINT('',#11361);
#3957=VERTEX_POINT('',#11372);
#3958=VERTEX_POINT('',#11385);
#3959=VERTEX_POINT('',#11391);
#3960=VERTEX_POINT('',#11402);
#3961=VERTEX_POINT('',#11415);
#3962=VERTEX_POINT('',#11428);
#3963=VERTEX_POINT('',#11441);
#3964=VERTEX_POINT('',#11447);
#3965=VERTEX_POINT('',#11458);
#3966=VERTEX_POINT('',#11471);
#3967=VERTEX_POINT('',#11477);
#3968=LINE('',#7715,#4457);
#3969=LINE('',#7718,#4458);
#3970=LINE('',#7720,#4459);
#3971=LINE('',#7722,#4460);
#3972=LINE('',#7724,#4461);
#3973=LINE('',#7782,#4462);
#3974=LINE('',#7785,#4463);
#3975=LINE('',#7787,#4464);
#3976=LINE('',#7789,#4465);
#3977=LINE('',#7790,#4466);
#3978=LINE('',#7793,#4467);
#3979=LINE('',#7795,#4468);
#3980=LINE('',#7797,#4469);
#3981=LINE('',#7799,#4470);
#3982=LINE('',#7801,#4471);
#3983=LINE('',#7803,#4472);
#3984=LINE('',#7805,#4473);
#3985=LINE('',#7808,#4474);
#3986=LINE('',#7810,#4475);
#3987=LINE('',#7812,#4476);
#3988=LINE('',#7814,#4477);
#3989=LINE('',#7828,#4478);
#3990=LINE('',#7842,#4479);
#3991=LINE('',#7876,#4480);
#3992=LINE('',#7879,#4481);
#3993=LINE('',#7881,#4482);
#3994=LINE('',#7883,#4483);
#3995=LINE('',#7905,#4484);
#3996=LINE('',#7923,#4485);
#3997=LINE('',#7925,#4486);
#3998=LINE('',#7927,#4487);
#3999=LINE('',#7929,#4488);
#4000=LINE('',#7931,#4489);
#4001=LINE('',#7933,#4490);
#4002=LINE('',#7935,#4491);
#4003=LINE('',#7939,#4492);
#4004=LINE('',#7942,#4493);
#4005=LINE('',#7944,#4494);
#4006=LINE('',#7946,#4495);
#4007=LINE('',#7948,#4496);
#4008=LINE('',#7949,#4497);
#4009=LINE('',#7952,#4498);
#4010=LINE('',#7954,#4499);
#4011=LINE('',#7956,#4500);
#4012=LINE('',#7958,#4501);
#4013=LINE('',#7960,#4502);
#4014=LINE('',#7962,#4503);
#4015=LINE('',#7964,#4504);
#4016=LINE('',#7966,#4505);
#4017=LINE('',#7968,#4506);
#4018=LINE('',#7970,#4507);
#4019=LINE('',#7972,#4508);
#4020=LINE('',#7975,#4509);
#4021=LINE('',#7977,#4510);
#4022=LINE('',#7979,#4511);
#4023=LINE('',#7989,#4512);
#4024=LINE('',#8011,#4513);
#4025=LINE('',#8033,#4514);
#4026=LINE('',#8035,#4515);
#4027=LINE('',#8037,#4516);
#4028=LINE('',#8055,#4517);
#4029=LINE('',#8069,#4518);
#4030=LINE('',#8072,#4519);
#4031=LINE('',#8074,#4520);
#4032=LINE('',#8076,#4521);
#4033=LINE('',#8078,#4522);
#4034=LINE('',#8079,#4523);
#4035=LINE('',#8082,#4524);
#4036=LINE('',#8084,#4525);
#4037=LINE('',#8106,#4526);
#4038=LINE('',#8132,#4527);
#4039=LINE('',#8134,#4528);
#4040=LINE('',#8136,#4529);
#4041=LINE('',#8138,#4530);
#4042=LINE('',#8140,#4531);
#4043=LINE('',#8143,#4532);
#4044=LINE('',#8145,#4533);
#4045=LINE('',#8147,#4534);
#4046=LINE('',#8148,#4535);
#4047=LINE('',#8151,#4536);
#4048=LINE('',#8153,#4537);
#4049=LINE('',#8155,#4538);
#4050=LINE('',#8157,#4539);
#4051=LINE('',#8161,#4540);
#4052=LINE('',#8163,#4541);
#4053=LINE('',#8165,#4542);
#4054=LINE('',#8167,#4543);
#4055=LINE('',#8183,#4544);
#4056=LINE('',#8227,#4545);
#4057=LINE('',#8257,#4546);
#4058=LINE('',#8287,#4547);
#4059=LINE('',#8300,#4548);
#4060=LINE('',#8304,#4549);
#4061=LINE('',#8308,#4550);
#4062=LINE('',#8312,#4551);
#4063=LINE('',#8316,#4552);
#4064=LINE('',#8320,#4553);
#4065=LINE('',#8324,#4554);
#4066=LINE('',#8328,#4555);
#4067=LINE('',#8330,#4556);
#4068=LINE('',#8332,#4557);
#4069=LINE('',#8336,#4558);
#4070=LINE('',#8340,#4559);
#4071=LINE('',#8344,#4560);
#4072=LINE('',#8348,#4561);
#4073=LINE('',#8352,#4562);
#4074=LINE('',#8356,#4563);
#4075=LINE('',#8360,#4564);
#4076=LINE('',#8364,#4565);
#4077=LINE('',#8368,#4566);
#4078=LINE('',#8372,#4567);
#4079=LINE('',#8376,#4568);
#4080=LINE('',#8380,#4569);
#4081=LINE('',#8384,#4570);
#4082=LINE('',#8388,#4571);
#4083=LINE('',#8392,#4572);
#4084=LINE('',#8396,#4573);
#4085=LINE('',#8397,#4574);
#4086=LINE('',#8399,#4575);
#4087=LINE('',#8401,#4576);
#4088=LINE('',#8402,#4577);
#4089=LINE('',#8404,#4578);
#4090=LINE('',#8406,#4579);
#4091=LINE('',#8408,#4580);
#4092=LINE('',#8410,#4581);
#4093=LINE('',#8412,#4582);
#4094=LINE('',#8413,#4583);
#4095=LINE('',#8415,#4584);
#4096=LINE('',#8417,#4585);
#4097=LINE('',#8419,#4586);
#4098=LINE('',#8421,#4587);
#4099=LINE('',#8423,#4588);
#4100=LINE('',#8424,#4589);
#4101=LINE('',#8426,#4590);
#4102=LINE('',#8428,#4591);
#4103=LINE('',#8430,#4592);
#4104=LINE('',#8432,#4593);
#4105=LINE('',#8435,#4594);
#4106=LINE('',#8436,#4595);
#4107=LINE('',#8438,#4596);
#4108=LINE('',#8439,#4597);
#4109=LINE('',#8443,#4598);
#4110=LINE('',#8444,#4599);
#4111=LINE('',#8527,#4600);
#4112=LINE('',#8529,#4601);
#4113=LINE('',#8531,#4602);
#4114=LINE('',#8533,#4603);
#4115=LINE('',#8535,#4604);
#4116=LINE('',#8537,#4605);
#4117=LINE('',#8539,#4606);
#4118=LINE('',#8541,#4607);
#4119=LINE('',#8543,#4608);
#4120=LINE('',#8545,#4609);
#4121=LINE('',#8547,#4610);
#4122=LINE('',#8549,#4611);
#4123=LINE('',#8555,#4612);
#4124=LINE('',#8557,#4613);
#4125=LINE('',#8559,#4614);
#4126=LINE('',#8561,#4615);
#4127=LINE('',#8563,#4616);
#4128=LINE('',#8565,#4617);
#4129=LINE('',#8567,#4618);
#4130=LINE('',#8569,#4619);
#4131=LINE('',#8571,#4620);
#4132=LINE('',#8573,#4621);
#4133=LINE('',#8575,#4622);
#4134=LINE('',#8577,#4623);
#4135=LINE('',#8579,#4624);
#4136=LINE('',#8581,#4625);
#4137=LINE('',#8583,#4626);
#4138=LINE('',#8585,#4627);
#4139=LINE('',#8587,#4628);
#4140=LINE('',#8589,#4629);
#4141=LINE('',#8591,#4630);
#4142=LINE('',#8593,#4631);
#4143=LINE('',#8595,#4632);
#4144=LINE('',#8597,#4633);
#4145=LINE('',#8599,#4634);
#4146=LINE('',#8601,#4635);
#4147=LINE('',#8603,#4636);
#4148=LINE('',#8605,#4637);
#4149=LINE('',#8607,#4638);
#4150=LINE('',#8609,#4639);
#4151=LINE('',#8611,#4640);
#4152=LINE('',#8613,#4641);
#4153=LINE('',#8615,#4642);
#4154=LINE('',#8617,#4643);
#4155=LINE('',#8619,#4644);
#4156=LINE('',#8621,#4645);
#4157=LINE('',#8623,#4646);
#4158=LINE('',#8629,#4647);
#4159=LINE('',#8631,#4648);
#4160=LINE('',#8657,#4649);
#4161=LINE('',#8658,#4650);
#4162=LINE('',#8660,#4651);
#4163=LINE('',#8661,#4652);
#4164=LINE('',#8669,#4653);
#4165=LINE('',#8670,#4654);
#4166=LINE('',#8672,#4655);
#4167=LINE('',#8673,#4656);
#4168=LINE('',#8675,#4657);
#4169=LINE('',#8676,#4658);
#4170=LINE('',#8678,#4659);
#4171=LINE('',#8679,#4660);
#4172=LINE('',#8681,#4661);
#4173=LINE('',#8682,#4662);
#4174=LINE('',#8684,#4663);
#4175=LINE('',#8686,#4664);
#4176=LINE('',#8707,#4665);
#4177=LINE('',#8715,#4666);
#4178=LINE('',#8734,#4667);
#4179=LINE('',#8768,#4668);
#4180=LINE('',#8770,#4669);
#4181=LINE('',#8785,#4670);
#4182=LINE('',#8787,#4671);
#4183=LINE('',#8796,#4672);
#4184=LINE('',#8798,#4673);
#4185=LINE('',#8818,#4674);
#4186=LINE('',#8826,#4675);
#4187=LINE('',#8841,#4676);
#4188=LINE('',#8887,#4677);
#4189=LINE('',#8889,#4678);
#4190=LINE('',#8891,#4679);
#4191=LINE('',#8911,#4680);
#4192=LINE('',#8919,#4681);
#4193=LINE('',#8944,#4682);
#4194=LINE('',#8969,#4683);
#4195=LINE('',#8993,#4684);
#4196=LINE('',#9023,#4685);
#4197=LINE('',#9043,#4686);
#4198=LINE('',#9055,#4687);
#4199=LINE('',#9064,#4688);
#4200=LINE('',#9073,#4689);
#4201=LINE('',#9075,#4690);
#4202=LINE('',#9077,#4691);
#4203=LINE('',#9097,#4692);
#4204=LINE('',#9105,#4693);
#4205=LINE('',#9130,#4694);
#4206=LINE('',#9155,#4695);
#4207=LINE('',#9179,#4696);
#4208=LINE('',#9209,#4697);
#4209=LINE('',#9229,#4698);
#4210=LINE('',#9241,#4699);
#4211=LINE('',#9250,#4700);
#4212=LINE('',#9265,#4701);
#4213=LINE('',#9272,#4702);
#4214=LINE('',#9280,#4703);
#4215=LINE('',#9289,#4704);
#4216=LINE('',#9291,#4705);
#4217=LINE('',#9300,#4706);
#4218=LINE('',#9302,#4707);
#4219=LINE('',#9322,#4708);
#4220=LINE('',#9330,#4709);
#4221=LINE('',#9355,#4710);
#4222=LINE('',#9380,#4711);
#4223=LINE('',#9404,#4712);
#4224=LINE('',#9452,#4713);
#4225=LINE('',#9474,#4714);
#4226=LINE('',#9496,#4715);
#4227=LINE('',#9518,#4716);
#4228=LINE('',#9537,#4717);
#4229=LINE('',#9540,#4718);
#4230=LINE('',#9541,#4719);
#4231=LINE('',#9543,#4720);
#4232=LINE('',#9545,#4721);
#4233=LINE('',#9547,#4722);
#4234=LINE('',#9549,#4723);
#4235=LINE('',#9619,#4724);
#4236=LINE('',#10109,#4725);
#4237=LINE('',#10111,#4726);
#4238=LINE('',#10113,#4727);
#4239=LINE('',#10115,#4728);
#4240=LINE('',#10117,#4729);
#4241=LINE('',#10119,#4730);
#4242=LINE('',#10121,#4731);
#4243=LINE('',#10123,#4732);
#4244=LINE('',#10125,#4733);
#4245=LINE('',#10127,#4734);
#4246=LINE('',#10129,#4735);
#4247=LINE('',#10131,#4736);
#4248=LINE('',#10133,#4737);
#4249=LINE('',#10135,#4738);
#4250=LINE('',#10139,#4739);
#4251=LINE('',#10141,#4740);
#4252=LINE('',#10143,#4741);
#4253=LINE('',#10145,#4742);
#4254=LINE('',#10147,#4743);
#4255=LINE('',#10150,#4744);
#4256=LINE('',#10152,#4745);
#4257=LINE('',#10154,#4746);
#4258=LINE('',#10156,#4747);
#4259=LINE('',#10158,#4748);
#4260=LINE('',#10160,#4749);
#4261=LINE('',#10162,#4750);
#4262=LINE('',#10164,#4751);
#4263=LINE('',#10166,#4752);
#4264=LINE('',#10168,#4753);
#4265=LINE('',#10170,#4754);
#4266=LINE('',#10179,#4755);
#4267=LINE('',#10185,#4756);
#4268=LINE('',#10189,#4757);
#4269=LINE('',#10193,#4758);
#4270=LINE('',#10197,#4759);
#4271=LINE('',#10208,#4760);
#4272=LINE('',#10214,#4761);
#4273=LINE('',#10218,#4762);
#4274=LINE('',#10229,#4763);
#4275=LINE('',#10235,#4764);
#4276=LINE('',#10237,#4765);
#4277=LINE('',#10239,#4766);
#4278=LINE('',#10243,#4767);
#4279=LINE('',#10254,#4768);
#4280=LINE('',#10267,#4769);
#4281=LINE('',#10273,#4770);
#4282=LINE('',#10277,#4771);
#4283=LINE('',#10288,#4772);
#4284=LINE('',#10294,#4773);
#4285=LINE('',#10296,#4774);
#4286=LINE('',#10298,#4775);
#4287=LINE('',#10308,#4776);
#4288=LINE('',#10314,#4777);
#4289=LINE('',#10323,#4778);
#4290=LINE('',#10336,#4779);
#4291=LINE('',#10349,#4780);
#4292=LINE('',#10355,#4781);
#4293=LINE('',#10357,#4782);
#4294=LINE('',#10359,#4783);
#4295=LINE('',#10363,#4784);
#4296=LINE('',#10374,#4785);
#4297=LINE('',#10387,#4786);
#4298=LINE('',#10400,#4787);
#4299=LINE('',#10406,#4788);
#4300=LINE('',#10408,#4789);
#4301=LINE('',#10410,#4790);
#4302=LINE('',#10412,#4791);
#4303=LINE('',#10414,#4792);
#4304=LINE('',#10416,#4793);
#4305=LINE('',#10425,#4794);
#4306=LINE('',#10438,#4795);
#4307=LINE('',#10451,#4796);
#4308=LINE('',#10464,#4797);
#4309=LINE('',#10470,#4798);
#4310=LINE('',#10474,#4799);
#4311=LINE('',#10478,#4800);
#4312=LINE('',#10480,#4801);
#4313=LINE('',#10489,#4802);
#4314=LINE('',#10502,#4803);
#4315=LINE('',#10515,#4804);
#4316=LINE('',#10528,#4805);
#4317=LINE('',#10541,#4806);
#4318=LINE('',#10547,#4807);
#4319=LINE('',#10549,#4808);
#4320=LINE('',#10563,#4809);
#4321=LINE('',#10566,#4810);
#4322=LINE('',#10568,#4811);
#4323=LINE('',#10570,#4812);
#4324=LINE('',#10572,#4813);
#4325=LINE('',#10574,#4814);
#4326=LINE('',#10576,#4815);
#4327=LINE('',#10578,#4816);
#4328=LINE('',#10580,#4817);
#4329=LINE('',#10582,#4818);
#4330=LINE('',#10586,#4819);
#4331=LINE('',#10590,#4820);
#4332=LINE('',#10592,#4821);
#4333=LINE('',#10594,#4822);
#4334=LINE('',#10598,#4823);
#4335=LINE('',#10602,#4824);
#4336=LINE('',#10604,#4825);
#4337=LINE('',#10606,#4826);
#4338=LINE('',#10608,#4827);
#4339=LINE('',#10610,#4828);
#4340=LINE('',#10612,#4829);
#4341=LINE('',#10614,#4830);
#4342=LINE('',#10616,#4831);
#4343=LINE('',#10618,#4832);
#4344=LINE('',#10620,#4833);
#4345=LINE('',#10622,#4834);
#4346=LINE('',#10624,#4835);
#4347=LINE('',#10626,#4836);
#4348=LINE('',#10628,#4837);
#4349=LINE('',#10630,#4838);
#4350=LINE('',#10632,#4839);
#4351=LINE('',#10634,#4840);
#4352=LINE('',#10636,#4841);
#4353=LINE('',#10638,#4842);
#4354=LINE('',#10640,#4843);
#4355=LINE('',#10642,#4844);
#4356=LINE('',#10644,#4845);
#4357=LINE('',#10658,#4846);
#4358=LINE('',#10664,#4847);
#4359=LINE('',#10666,#4848);
#4360=LINE('',#10670,#4849);
#4361=LINE('',#10672,#4850);
#4362=LINE('',#10674,#4851);
#4363=LINE('',#10676,#4852);
#4364=LINE('',#10678,#4853);
#4365=LINE('',#10680,#4854);
#4366=LINE('',#10682,#4855);
#4367=LINE('',#10684,#4856);
#4368=LINE('',#10686,#4857);
#4369=LINE('',#10688,#4858);
#4370=LINE('',#10690,#4859);
#4371=LINE('',#10692,#4860);
#4372=LINE('',#10694,#4861);
#4373=LINE('',#10696,#4862);
#4374=LINE('',#10698,#4863);
#4375=LINE('',#10702,#4864);
#4376=LINE('',#10713,#4865);
#4377=LINE('',#10726,#4866);
#4378=LINE('',#10732,#4867);
#4379=LINE('',#10736,#4868);
#4380=LINE('',#10740,#4869);
#4381=LINE('',#10742,#4870);
#4382=LINE('',#10751,#4871);
#4383=LINE('',#10764,#4872);
#4384=LINE('',#10777,#4873);
#4385=LINE('',#10807,#4874);
#4386=LINE('',#10813,#4875);
#4387=LINE('',#10826,#4876);
#4388=LINE('',#10843,#4877);
#4389=LINE('',#10860,#4878);
#4390=LINE('',#10868,#4879);
#4391=LINE('',#10883,#4880);
#4392=LINE('',#10900,#4881);
#4393=LINE('',#10913,#4882);
#4394=LINE('',#10919,#4883);
#4395=LINE('',#10928,#4884);
#4396=LINE('',#10941,#4885);
#4397=LINE('',#10954,#4886);
#4398=LINE('',#10967,#4887);
#4399=LINE('',#10980,#4888);
#4400=LINE('',#10993,#4889);
#4401=LINE('',#11006,#4890);
#4402=LINE('',#11019,#4891);
#4403=LINE('',#11025,#4892);
#4404=LINE('',#11027,#4893);
#4405=LINE('',#11036,#4894);
#4406=LINE('',#11042,#4895);
#4407=LINE('',#11053,#4896);
#4408=LINE('',#11059,#4897);
#4409=LINE('',#11063,#4898);
#4410=LINE('',#11065,#4899);
#4411=LINE('',#11074,#4900);
#4412=LINE('',#11107,#4901);
#4413=LINE('',#11109,#4902);
#4414=LINE('',#11111,#4903);
#4415=LINE('',#11113,#4904);
#4416=LINE('',#11115,#4905);
#4417=LINE('',#11117,#4906);
#4418=LINE('',#11119,#4907);
#4419=LINE('',#11121,#4908);
#4420=LINE('',#11123,#4909);
#4421=LINE('',#11125,#4910);
#4422=LINE('',#11127,#4911);
#4423=LINE('',#11129,#4912);
#4424=LINE('',#11131,#4913);
#4425=LINE('',#11133,#4914);
#4426=LINE('',#11148,#4915);
#4427=LINE('',#11154,#4916);
#4428=LINE('',#11167,#4917);
#4429=LINE('',#11175,#4918);
#4430=LINE('',#11181,#4919);
#4431=LINE('',#11196,#4920);
#4432=LINE('',#11213,#4921);
#4433=LINE('',#11221,#4922);
#4434=LINE('',#11237,#4923);
#4435=LINE('',#11243,#4924);
#4436=LINE('',#11256,#4925);
#4437=LINE('',#11273,#4926);
#4438=LINE('',#11290,#4927);
#4439=LINE('',#11298,#4928);
#4440=LINE('',#11313,#4929);
#4441=LINE('',#11326,#4930);
#4442=LINE('',#11332,#4931);
#4443=LINE('',#11341,#4932);
#4444=LINE('',#11354,#4933);
#4445=LINE('',#11360,#4934);
#4446=LINE('',#11371,#4935);
#4447=LINE('',#11384,#4936);
#4448=LINE('',#11390,#4937);
#4449=LINE('',#11401,#4938);
#4450=LINE('',#11414,#4939);
#4451=LINE('',#11427,#4940);
#4452=LINE('',#11440,#4941);
#4453=LINE('',#11446,#4942);
#4454=LINE('',#11457,#4943);
#4455=LINE('',#11470,#4944);
#4456=LINE('',#11476,#4945);
#4457=VECTOR('',#6514,1.);
#4458=VECTOR('',#6515,1.);
#4459=VECTOR('',#6516,1.);
#4460=VECTOR('',#6517,1.);
#4461=VECTOR('',#6518,1.);
#4462=VECTOR('',#6529,1.);
#4463=VECTOR('',#6530,1.);
#4464=VECTOR('',#6531,1.);
#4465=VECTOR('',#6532,1.);
#4466=VECTOR('',#6533,1.);
#4467=VECTOR('',#6534,1.);
#4468=VECTOR('',#6535,1.);
#4469=VECTOR('',#6536,1.);
#4470=VECTOR('',#6537,1.);
#4471=VECTOR('',#6538,1.);
#4472=VECTOR('',#6539,1.);
#4473=VECTOR('',#6542,1.);
#4474=VECTOR('',#6543,1.);
#4475=VECTOR('',#6544,1.);
#4476=VECTOR('',#6545,1.);
#4477=VECTOR('',#6546,1.);
#4478=VECTOR('',#6547,1.);
#4479=VECTOR('',#6552,1.);
#4480=VECTOR('',#6555,1.);
#4481=VECTOR('',#6556,1.);
#4482=VECTOR('',#6557,1.);
#4483=VECTOR('',#6558,1.);
#4484=VECTOR('',#6559,1.);
#4485=VECTOR('',#6568,1.);
#4486=VECTOR('',#6569,1.);
#4487=VECTOR('',#6570,1.);
#4488=VECTOR('',#6571,1.);
#4489=VECTOR('',#6572,1.);
#4490=VECTOR('',#6573,1.);
#4491=VECTOR('',#6574,1.);
#4492=VECTOR('',#6579,1.);
#4493=VECTOR('',#6580,1.);
#4494=VECTOR('',#6581,1.);
#4495=VECTOR('',#6582,1.);
#4496=VECTOR('',#6583,1.);
#4497=VECTOR('',#6584,1.);
#4498=VECTOR('',#6585,1.);
#4499=VECTOR('',#6586,1.);
#4500=VECTOR('',#6587,1.);
#4501=VECTOR('',#6588,1.);
#4502=VECTOR('',#6589,1.);
#4503=VECTOR('',#6590,1.);
#4504=VECTOR('',#6591,1.);
#4505=VECTOR('',#6592,1.);
#4506=VECTOR('',#6593,1.);
#4507=VECTOR('',#6594,1.);
#4508=VECTOR('',#6597,1.);
#4509=VECTOR('',#6598,1.);
#4510=VECTOR('',#6599,1.);
#4511=VECTOR('',#6600,1.);
#4512=VECTOR('',#6601,1.);
#4513=VECTOR('',#6602,1.);
#4514=VECTOR('',#6607,1.);
#4515=VECTOR('',#6608,1.);
#4516=VECTOR('',#6609,1.);
#4517=VECTOR('',#6614,1.);
#4518=VECTOR('',#6617,1.);
#4519=VECTOR('',#6618,1.);
#4520=VECTOR('',#6619,1.);
#4521=VECTOR('',#6620,1.);
#4522=VECTOR('',#6621,1.);
#4523=VECTOR('',#6622,1.);
#4524=VECTOR('',#6623,1.);
#4525=VECTOR('',#6624,1.);
#4526=VECTOR('',#6633,1.);
#4527=VECTOR('',#6646,1.);
#4528=VECTOR('',#6647,1.);
#4529=VECTOR('',#6648,1.);
#4530=VECTOR('',#6649,1.);
#4531=VECTOR('',#6652,1.);
#4532=VECTOR('',#6653,1.);
#4533=VECTOR('',#6654,1.);
#4534=VECTOR('',#6655,1.);
#4535=VECTOR('',#6656,1.);
#4536=VECTOR('',#6657,1.);
#4537=VECTOR('',#6658,1.);
#4538=VECTOR('',#6659,1.);
#4539=VECTOR('',#6660,1.);
#4540=VECTOR('',#6663,1.);
#4541=VECTOR('',#6664,1.);
#4542=VECTOR('',#6665,1.);
#4543=VECTOR('',#6666,1.);
#4544=VECTOR('',#6673,1.);
#4545=VECTOR('',#6688,1.);
#4546=VECTOR('',#6699,1.);
#4547=VECTOR('',#6710,1.);
#4548=VECTOR('',#6731,1.);
#4549=VECTOR('',#6734,1.);
#4550=VECTOR('',#6737,1.);
#4551=VECTOR('',#6740,1.);
#4552=VECTOR('',#6743,1.);
#4553=VECTOR('',#6746,1.);
#4554=VECTOR('',#6749,1.);
#4555=VECTOR('',#6752,1.);
#4556=VECTOR('',#6753,1.);
#4557=VECTOR('',#6754,1.);
#4558=VECTOR('',#6757,1.);
#4559=VECTOR('',#6760,1.);
#4560=VECTOR('',#6763,1.);
#4561=VECTOR('',#6766,1.);
#4562=VECTOR('',#6769,1.);
#4563=VECTOR('',#6772,1.);
#4564=VECTOR('',#6775,1.);
#4565=VECTOR('',#6778,1.);
#4566=VECTOR('',#6781,1.);
#4567=VECTOR('',#6784,1.);
#4568=VECTOR('',#6787,1.);
#4569=VECTOR('',#6790,1.);
#4570=VECTOR('',#6793,1.);
#4571=VECTOR('',#6796,1.);
#4572=VECTOR('',#6799,1.);
#4573=VECTOR('',#6804,1.);
#4574=VECTOR('',#6805,1.);
#4575=VECTOR('',#6808,1.);
#4576=VECTOR('',#6809,1.);
#4577=VECTOR('',#6810,1.);
#4578=VECTOR('',#6813,1.);
#4579=VECTOR('',#6816,1.);
#4580=VECTOR('',#6819,1.);
#4581=VECTOR('',#6822,1.);
#4582=VECTOR('',#6823,1.);
#4583=VECTOR('',#6824,1.);
#4584=VECTOR('',#6827,1.);
#4585=VECTOR('',#6830,1.);
#4586=VECTOR('',#6833,1.);
#4587=VECTOR('',#6836,1.);
#4588=VECTOR('',#6837,1.);
#4589=VECTOR('',#6838,1.);
#4590=VECTOR('',#6841,1.);
#4591=VECTOR('',#6844,1.);
#4592=VECTOR('',#6847,1.);
#4593=VECTOR('',#6850,1.);
#4594=VECTOR('',#6851,1.);
#4595=VECTOR('',#6852,1.);
#4596=VECTOR('',#6853,1.);
#4597=VECTOR('',#6854,1.);
#4598=VECTOR('',#6859,1.);
#4599=VECTOR('',#6860,1.);
#4600=VECTOR('',#6881,1.);
#4601=VECTOR('',#6882,1.);
#4602=VECTOR('',#6883,1.);
#4603=VECTOR('',#6886,1.);
#4604=VECTOR('',#6887,1.);
#4605=VECTOR('',#6888,1.);
#4606=VECTOR('',#6891,1.);
#4607=VECTOR('',#6892,1.);
#4608=VECTOR('',#6893,1.);
#4609=VECTOR('',#6896,1.);
#4610=VECTOR('',#6897,1.);
#4611=VECTOR('',#6898,1.);
#4612=VECTOR('',#6909,1.);
#4613=VECTOR('',#6910,1.);
#4614=VECTOR('',#6911,1.);
#4615=VECTOR('',#6914,1.);
#4616=VECTOR('',#6915,1.);
#4617=VECTOR('',#6916,1.);
#4618=VECTOR('',#6919,1.);
#4619=VECTOR('',#6920,1.);
#4620=VECTOR('',#6921,1.);
#4621=VECTOR('',#6924,1.);
#4622=VECTOR('',#6925,1.);
#4623=VECTOR('',#6926,1.);
#4624=VECTOR('',#6929,1.);
#4625=VECTOR('',#6930,1.);
#4626=VECTOR('',#6931,1.);
#4627=VECTOR('',#6934,1.);
#4628=VECTOR('',#6935,1.);
#4629=VECTOR('',#6936,1.);
#4630=VECTOR('',#6939,1.);
#4631=VECTOR('',#6940,1.);
#4632=VECTOR('',#6941,1.);
#4633=VECTOR('',#6944,1.);
#4634=VECTOR('',#6945,1.);
#4635=VECTOR('',#6946,1.);
#4636=VECTOR('',#6949,1.);
#4637=VECTOR('',#6950,1.);
#4638=VECTOR('',#6951,1.);
#4639=VECTOR('',#6954,1.);
#4640=VECTOR('',#6955,1.);
#4641=VECTOR('',#6956,1.);
#4642=VECTOR('',#6959,1.);
#4643=VECTOR('',#6960,1.);
#4644=VECTOR('',#6961,1.);
#4645=VECTOR('',#6964,1.);
#4646=VECTOR('',#6965,1.);
#4647=VECTOR('',#6972,1.);
#4648=VECTOR('',#6973,1.);
#4649=VECTOR('',#7024,1.);
#4650=VECTOR('',#7025,1.);
#4651=VECTOR('',#7028,1.);
#4652=VECTOR('',#7029,1.);
#4653=VECTOR('',#7044,1.);
#4654=VECTOR('',#7045,1.);
#4655=VECTOR('',#7048,1.);
#4656=VECTOR('',#7049,1.);
#4657=VECTOR('',#7052,1.);
#4658=VECTOR('',#7053,1.);
#4659=VECTOR('',#7056,1.);
#4660=VECTOR('',#7057,1.);
#4661=VECTOR('',#7060,1.);
#4662=VECTOR('',#7061,1.);
#4663=VECTOR('',#7064,1.);
#4664=VECTOR('',#7067,1.);
#4665=VECTOR('',#7080,1.);
#4666=VECTOR('',#7081,1.);
#4667=VECTOR('',#7082,1.);
#4668=VECTOR('',#7083,1.);
#4669=VECTOR('',#7084,1.);
#4670=VECTOR('',#7085,1.);
#4671=VECTOR('',#7086,1.);
#4672=VECTOR('',#7087,1.);
#4673=VECTOR('',#7088,1.);
#4674=VECTOR('',#7089,1.);
#4675=VECTOR('',#7090,1.);
#4676=VECTOR('',#7091,1.);
#4677=VECTOR('',#7092,1.);
#4678=VECTOR('',#7093,1.);
#4679=VECTOR('',#7094,1.);
#4680=VECTOR('',#7095,1.);
#4681=VECTOR('',#7096,1.);
#4682=VECTOR('',#7097,1.);
#4683=VECTOR('',#7098,1.);
#4684=VECTOR('',#7099,1.);
#4685=VECTOR('',#7100,1.);
#4686=VECTOR('',#7101,1.);
#4687=VECTOR('',#7102,1.);
#4688=VECTOR('',#7103,1.);
#4689=VECTOR('',#7104,1.);
#4690=VECTOR('',#7105,1.);
#4691=VECTOR('',#7106,1.);
#4692=VECTOR('',#7107,1.);
#4693=VECTOR('',#7108,1.);
#4694=VECTOR('',#7109,1.);
#4695=VECTOR('',#7110,1.);
#4696=VECTOR('',#7111,1.);
#4697=VECTOR('',#7112,1.);
#4698=VECTOR('',#7113,1.);
#4699=VECTOR('',#7114,1.);
#4700=VECTOR('',#7115,1.);
#4701=VECTOR('',#7116,1.);
#4702=VECTOR('',#7117,1.);
#4703=VECTOR('',#7118,1.);
#4704=VECTOR('',#7119,1.);
#4705=VECTOR('',#7120,1.);
#4706=VECTOR('',#7121,1.);
#4707=VECTOR('',#7122,1.);
#4708=VECTOR('',#7123,1.);
#4709=VECTOR('',#7124,1.);
#4710=VECTOR('',#7125,1.);
#4711=VECTOR('',#7126,1.);
#4712=VECTOR('',#7127,1.);
#4713=VECTOR('',#7134,1.);
#4714=VECTOR('',#7137,1.);
#4715=VECTOR('',#7140,1.);
#4716=VECTOR('',#7143,1.);
#4717=VECTOR('',#7154,1.);
#4718=VECTOR('',#7155,1.);
#4719=VECTOR('',#7156,1.);
#4720=VECTOR('',#7159,1.);
#4721=VECTOR('',#7160,1.);
#4722=VECTOR('',#7163,1.);
#4723=VECTOR('',#7164,1.);
#4724=VECTOR('',#7199,1.);
#4725=VECTOR('',#7208,1.);
#4726=VECTOR('',#7209,1.);
#4727=VECTOR('',#7210,1.);
#4728=VECTOR('',#7213,1.);
#4729=VECTOR('',#7214,1.);
#4730=VECTOR('',#7217,1.);
#4731=VECTOR('',#7218,1.);
#4732=VECTOR('',#7221,1.);
#4733=VECTOR('',#7222,1.);
#4734=VECTOR('',#7225,1.);
#4735=VECTOR('',#7226,1.);
#4736=VECTOR('',#7229,1.);
#4737=VECTOR('',#7230,1.);
#4738=VECTOR('',#7233,1.);
#4739=VECTOR('',#7238,1.);
#4740=VECTOR('',#7239,1.);
#4741=VECTOR('',#7242,1.);
#4742=VECTOR('',#7243,1.);
#4743=VECTOR('',#7246,1.);
#4744=VECTOR('',#7251,1.);
#4745=VECTOR('',#7252,1.);
#4746=VECTOR('',#7253,1.);
#4747=VECTOR('',#7256,1.);
#4748=VECTOR('',#7257,1.);
#4749=VECTOR('',#7260,1.);
#4750=VECTOR('',#7261,1.);
#4751=VECTOR('',#7264,1.);
#4752=VECTOR('',#7265,1.);
#4753=VECTOR('',#7268,1.);
#4754=VECTOR('',#7269,1.);
#4755=VECTOR('',#7270,1.);
#4756=VECTOR('',#7273,1.);
#4757=VECTOR('',#7278,1.);
#4758=VECTOR('',#7283,1.);
#4759=VECTOR('',#7288,1.);
#4760=VECTOR('',#7291,1.);
#4761=VECTOR('',#7294,1.);
#4762=VECTOR('',#7299,1.);
#4763=VECTOR('',#7302,1.);
#4764=VECTOR('',#7305,1.);
#4765=VECTOR('',#7306,1.);
#4766=VECTOR('',#7309,1.);
#4767=VECTOR('',#7314,1.);
#4768=VECTOR('',#7317,1.);
#4769=VECTOR('',#7318,1.);
#4770=VECTOR('',#7321,1.);
#4771=VECTOR('',#7326,1.);
#4772=VECTOR('',#7329,1.);
#4773=VECTOR('',#7332,1.);
#4774=VECTOR('',#7333,1.);
#4775=VECTOR('',#7336,1.);
#4776=VECTOR('',#7339,1.);
#4777=VECTOR('',#7340,1.);
#4778=VECTOR('',#7341,1.);
#4779=VECTOR('',#7342,1.);
#4780=VECTOR('',#7343,1.);
#4781=VECTOR('',#7346,1.);
#4782=VECTOR('',#7347,1.);
#4783=VECTOR('',#7350,1.);
#4784=VECTOR('',#7355,1.);
#4785=VECTOR('',#7358,1.);
#4786=VECTOR('',#7359,1.);
#4787=VECTOR('',#7360,1.);
#4788=VECTOR('',#7363,1.);
#4789=VECTOR('',#7364,1.);
#4790=VECTOR('',#7367,1.);
#4791=VECTOR('',#7368,1.);
#4792=VECTOR('',#7371,1.);
#4793=VECTOR('',#7372,1.);
#4794=VECTOR('',#7373,1.);
#4795=VECTOR('',#7374,1.);
#4796=VECTOR('',#7375,1.);
#4797=VECTOR('',#7376,1.);
#4798=VECTOR('',#7379,1.);
#4799=VECTOR('',#7384,1.);
#4800=VECTOR('',#7389,1.);
#4801=VECTOR('',#7390,1.);
#4802=VECTOR('',#7391,1.);
#4803=VECTOR('',#7392,1.);
#4804=VECTOR('',#7393,1.);
#4805=VECTOR('',#7394,1.);
#4806=VECTOR('',#7395,1.);
#4807=VECTOR('',#7398,1.);
#4808=VECTOR('',#7399,1.);
#4809=VECTOR('',#7404,1.);
#4810=VECTOR('',#7405,1.);
#4811=VECTOR('',#7406,1.);
#4812=VECTOR('',#7407,1.);
#4813=VECTOR('',#7410,1.);
#4814=VECTOR('',#7411,1.);
#4815=VECTOR('',#7412,1.);
#4816=VECTOR('',#7415,1.);
#4817=VECTOR('',#7416,1.);
#4818=VECTOR('',#7417,1.);
#4819=VECTOR('',#7422,1.);
#4820=VECTOR('',#7427,1.);
#4821=VECTOR('',#7428,1.);
#4822=VECTOR('',#7429,1.);
#4823=VECTOR('',#7434,1.);
#4824=VECTOR('',#7439,1.);
#4825=VECTOR('',#7440,1.);
#4826=VECTOR('',#7441,1.);
#4827=VECTOR('',#7444,1.);
#4828=VECTOR('',#7445,1.);
#4829=VECTOR('',#7448,1.);
#4830=VECTOR('',#7449,1.);
#4831=VECTOR('',#7452,1.);
#4832=VECTOR('',#7453,1.);
#4833=VECTOR('',#7456,1.);
#4834=VECTOR('',#7457,1.);
#4835=VECTOR('',#7460,1.);
#4836=VECTOR('',#7461,1.);
#4837=VECTOR('',#7464,1.);
#4838=VECTOR('',#7465,1.);
#4839=VECTOR('',#7468,1.);
#4840=VECTOR('',#7469,1.);
#4841=VECTOR('',#7472,1.);
#4842=VECTOR('',#7473,1.);
#4843=VECTOR('',#7476,1.);
#4844=VECTOR('',#7477,1.);
#4845=VECTOR('',#7480,1.);
#4846=VECTOR('',#7491,1.);
#4847=VECTOR('',#7492,1.);
#4848=VECTOR('',#7495,1.);
#4849=VECTOR('',#7500,1.);
#4850=VECTOR('',#7501,1.);
#4851=VECTOR('',#7504,1.);
#4852=VECTOR('',#7505,1.);
#4853=VECTOR('',#7508,1.);
#4854=VECTOR('',#7509,1.);
#4855=VECTOR('',#7512,1.);
#4856=VECTOR('',#7513,1.);
#4857=VECTOR('',#7516,1.);
#4858=VECTOR('',#7517,1.);
#4859=VECTOR('',#7520,1.);
#4860=VECTOR('',#7521,1.);
#4861=VECTOR('',#7524,1.);
#4862=VECTOR('',#7525,1.);
#4863=VECTOR('',#7528,1.);
#4864=VECTOR('',#7533,1.);
#4865=VECTOR('',#7536,1.);
#4866=VECTOR('',#7537,1.);
#4867=VECTOR('',#7540,1.);
#4868=VECTOR('',#7545,1.);
#4869=VECTOR('',#7550,1.);
#4870=VECTOR('',#7551,1.);
#4871=VECTOR('',#7552,1.);
#4872=VECTOR('',#7553,1.);
#4873=VECTOR('',#7554,1.);
#4874=VECTOR('',#7557,1.);
#4875=VECTOR('',#7558,1.);
#4876=VECTOR('',#7559,1.);
#4877=VECTOR('',#7560,1.);
#4878=VECTOR('',#7561,1.);
#4879=VECTOR('',#7566,1.);
#4880=VECTOR('',#7569,1.);
#4881=VECTOR('',#7570,1.);
#4882=VECTOR('',#7571,1.);
#4883=VECTOR('',#7572,1.);
#4884=VECTOR('',#7573,1.);
#4885=VECTOR('',#7574,1.);
#4886=VECTOR('',#7575,1.);
#4887=VECTOR('',#7576,1.);
#4888=VECTOR('',#7577,1.);
#4889=VECTOR('',#7578,1.);
#4890=VECTOR('',#7579,1.);
#4891=VECTOR('',#7580,1.);
#4892=VECTOR('',#7583,1.);
#4893=VECTOR('',#7584,1.);
#4894=VECTOR('',#7585,1.);
#4895=VECTOR('',#7588,1.);
#4896=VECTOR('',#7591,1.);
#4897=VECTOR('',#7594,1.);
#4898=VECTOR('',#7599,1.);
#4899=VECTOR('',#7600,1.);
#4900=VECTOR('',#7601,1.);
#4901=VECTOR('',#7608,1.);
#4902=VECTOR('',#7609,1.);
#4903=VECTOR('',#7610,1.);
#4904=VECTOR('',#7613,1.);
#4905=VECTOR('',#7614,1.);
#4906=VECTOR('',#7617,1.);
#4907=VECTOR('',#7618,1.);
#4908=VECTOR('',#7621,1.);
#4909=VECTOR('',#7622,1.);
#4910=VECTOR('',#7625,1.);
#4911=VECTOR('',#7626,1.);
#4912=VECTOR('',#7629,1.);
#4913=VECTOR('',#7630,1.);
#4914=VECTOR('',#7633,1.);
#4915=VECTOR('',#7636,1.);
#4916=VECTOR('',#7637,1.);
#4917=VECTOR('',#7638,1.);
#4918=VECTOR('',#7643,1.);
#4919=VECTOR('',#7650,1.);
#4920=VECTOR('',#7653,1.);
#4921=VECTOR('',#7654,1.);
#4922=VECTOR('',#7659,1.);
#4923=VECTOR('',#7662,1.);
#4924=VECTOR('',#7663,1.);
#4925=VECTOR('',#7664,1.);
#4926=VECTOR('',#7665,1.);
#4927=VECTOR('',#7666,1.);
#4928=VECTOR('',#7671,1.);
#4929=VECTOR('',#7674,1.);
#4930=VECTOR('',#7675,1.);
#4931=VECTOR('',#7676,1.);
#4932=VECTOR('',#7677,1.);
#4933=VECTOR('',#7678,1.);
#4934=VECTOR('',#7681,1.);
#4935=VECTOR('',#7684,1.);
#4936=VECTOR('',#7685,1.);
#4937=VECTOR('',#7688,1.);
#4938=VECTOR('',#7691,1.);
#4939=VECTOR('',#7692,1.);
#4940=VECTOR('',#7693,1.);
#4941=VECTOR('',#7694,1.);
#4942=VECTOR('',#7697,1.);
#4943=VECTOR('',#7700,1.);
#4944=VECTOR('',#7701,1.);
#4945=VECTOR('',#7704,1.);
#4946=EDGE_LOOP('',(#640,#641,#642,#643,#644));
#4947=EDGE_LOOP('',(#645,#646,#647,#648,#649,#650,#651,#652,#653,#654,#655,
#656,#657,#658,#659,#660));
#4948=EDGE_LOOP('',(#661,#662,#663,#664));
#4949=EDGE_LOOP('',(#665,#666,#667,#668,#669,#670,#671));
#4950=EDGE_LOOP('',(#672,#673,#674,#675,#676));
#4951=EDGE_LOOP('',(#677,#678,#679,#680,#681,#682,#683,#684,#685,#686,#687,
#688,#689,#690,#691,#692,#693));
#4952=EDGE_LOOP('',(#694,#695,#696,#697));
#4953=EDGE_LOOP('',(#698,#699,#700,#701,#702,#703,#704,#705,#706,#707,#708,
#709,#710,#711,#712,#713,#714,#715,#716,#717));
#4954=EDGE_LOOP('',(#718,#719,#720,#721,#722));
#4955=EDGE_LOOP('',(#723,#724,#725,#726,#727,#728,#729,#730,#731,#732,#733));
#4956=EDGE_LOOP('',(#734,#735,#736,#737));
#4957=EDGE_LOOP('',(#738,#739,#740,#741,#742,#743,#744,#745,#746,#747,#748,
#749,#750,#751,#752,#753,#754,#755,#756,#757,#758,#759,#760,#761,#762,#763,
#764));
#4958=EDGE_LOOP('',(#765,#766,#767,#768,#769));
#4959=EDGE_LOOP('',(#770,#771,#772,#773,#774,#775,#776,#777,#778,#779,#780,
#781,#782,#783,#784,#785,#786,#787,#788,#789,#790,#791,#792,#793));
#4960=EDGE_LOOP('',(#794,#795,#796,#797));
#4961=EDGE_LOOP('',(#798,#799,#800,#801,#802,#803,#804,#805,#806,#807));
#4962=EDGE_LOOP('',(#808,#809,#810,#811,#812,#813,#814,#815,#816,#817));
#4963=EDGE_LOOP('',(#818,#819,#820,#821,#822,#823,#824,#825,#826,#827));
#4964=EDGE_LOOP('',(#828,#829,#830,#831,#832,#833,#834,#835,#836,#837));
#4965=EDGE_LOOP('',(#838,#839,#840,#841,#842,#843,#844,#845,#846,#847));
#4966=EDGE_LOOP('',(#848,#849,#850,#851,#852,#853,#854,#855,#856,#857,#858,
#859,#860,#861,#862,#863));
#4967=EDGE_LOOP('',(#864,#865,#866,#867,#868,#869,#870,#871,#872,#873,#874,
#875,#876,#877,#878,#879,#880,#881,#882,#883,#884,#885,#886,#887,#888,#889,
#890,#891,#892,#893,#894,#895,#896,#897,#898,#899,#900,#901,#902,#903,#904,
#905,#906,#907,#908,#909,#910,#911,#912));
#4968=EDGE_LOOP('',(#913,#914,#915,#916));
#4969=EDGE_LOOP('',(#917,#918,#919,#920,#921));
#4970=EDGE_LOOP('',(#922,#923,#924,#925));
#4971=EDGE_LOOP('',(#926,#927,#928,#929));
#4972=EDGE_LOOP('',(#930,#931,#932,#933));
#4973=EDGE_LOOP('',(#934,#935,#936,#937,#938));
#4974=EDGE_LOOP('',(#939,#940,#941,#942));
#4975=EDGE_LOOP('',(#943,#944,#945,#946));
#4976=EDGE_LOOP('',(#947,#948,#949,#950));
#4977=EDGE_LOOP('',(#951,#952,#953,#954,#955));
#4978=EDGE_LOOP('',(#956,#957,#958,#959));
#4979=EDGE_LOOP('',(#960,#961,#962,#963));
#4980=EDGE_LOOP('',(#964,#965,#966,#967));
#4981=EDGE_LOOP('',(#968,#969,#970,#971,#972,#973,#974));
#4982=EDGE_LOOP('',(#975,#976,#977,#978,#979,#980));
#4983=EDGE_LOOP('',(#981,#982,#983,#984,#985,#986));
#4984=EDGE_LOOP('',(#987,#988,#989,#990,#991,#992));
#4985=EDGE_LOOP('',(#993,#994,#995,#996,#997,#998));
#4986=EDGE_LOOP('',(#999,#1000,#1001,#1002,#1003,#1004));
#4987=EDGE_LOOP('',(#1005,#1006,#1007,#1008,#1009,#1010));
#4988=EDGE_LOOP('',(#1011,#1012,#1013,#1014,#1015,#1016));
#4989=EDGE_LOOP('',(#1017,#1018,#1019,#1020,#1021,#1022));
#4990=EDGE_LOOP('',(#1023,#1024,#1025,#1026,#1027,#1028));
#4991=EDGE_LOOP('',(#1029,#1030,#1031,#1032));
#4992=EDGE_LOOP('',(#1033,#1034,#1035,#1036));
#4993=EDGE_LOOP('',(#1037,#1038,#1039,#1040));
#4994=EDGE_LOOP('',(#1041,#1042,#1043,#1044));
#4995=EDGE_LOOP('',(#1045,#1046,#1047,#1048));
#4996=EDGE_LOOP('',(#1049,#1050,#1051,#1052));
#4997=EDGE_LOOP('',(#1053,#1054,#1055,#1056));
#4998=EDGE_LOOP('',(#1057,#1058,#1059,#1060));
#4999=EDGE_LOOP('',(#1061,#1062,#1063,#1064));
#5000=EDGE_LOOP('',(#1065,#1066,#1067,#1068));
#5001=EDGE_LOOP('',(#1069,#1070,#1071,#1072));
#5002=EDGE_LOOP('',(#1073,#1074,#1075,#1076));
#5003=EDGE_LOOP('',(#1077,#1078,#1079,#1080));
#5004=EDGE_LOOP('',(#1081,#1082,#1083,#1084));
#5005=EDGE_LOOP('',(#1085,#1086,#1087,#1088));
#5006=EDGE_LOOP('',(#1089,#1090,#1091,#1092));
#5007=EDGE_LOOP('',(#1093,#1094,#1095,#1096));
#5008=EDGE_LOOP('',(#1097,#1098,#1099,#1100));
#5009=EDGE_LOOP('',(#1101,#1102,#1103,#1104,#1105));
#5010=EDGE_LOOP('',(#1106,#1107,#1108,#1109,#1110));
#5011=EDGE_LOOP('',(#1111,#1112,#1113,#1114));
#5012=EDGE_LOOP('',(#1115,#1116,#1117,#1118));
#5013=EDGE_LOOP('',(#1119,#1120,#1121,#1122));
#5014=EDGE_LOOP('',(#1123,#1124,#1125,#1126));
#5015=EDGE_LOOP('',(#1127,#1128,#1129,#1130));
#5016=EDGE_LOOP('',(#1131,#1132,#1133,#1134));
#5017=EDGE_LOOP('',(#1135,#1136,#1137,#1138));
#5018=EDGE_LOOP('',(#1139,#1140,#1141,#1142));
#5019=EDGE_LOOP('',(#1143,#1144,#1145,#1146));
#5020=EDGE_LOOP('',(#1147,#1148,#1149,#1150));
#5021=EDGE_LOOP('',(#1151,#1152,#1153,#1154));
#5022=EDGE_LOOP('',(#1155,#1156,#1157,#1158));
#5023=EDGE_LOOP('',(#1159,#1160,#1161,#1162));
#5024=EDGE_LOOP('',(#1163,#1164,#1165,#1166));
#5025=EDGE_LOOP('',(#1167,#1168,#1169,#1170));
#5026=EDGE_LOOP('',(#1171,#1172,#1173,#1174,#1175));
#5027=EDGE_LOOP('',(#1176,#1177,#1178,#1179));
#5028=EDGE_LOOP('',(#1180,#1181,#1182,#1183));
#5029=EDGE_LOOP('',(#1184,#1185,#1186,#1187));
#5030=EDGE_LOOP('',(#1188,#1189,#1190,#1191));
#5031=EDGE_LOOP('',(#1192,#1193,#1194,#1195));
#5032=EDGE_LOOP('',(#1196,#1197,#1198,#1199));
#5033=EDGE_LOOP('',(#1200,#1201,#1202,#1203));
#5034=EDGE_LOOP('',(#1204,#1205,#1206,#1207));
#5035=EDGE_LOOP('',(#1208,#1209,#1210,#1211));
#5036=EDGE_LOOP('',(#1212,#1213,#1214,#1215));
#5037=EDGE_LOOP('',(#1216,#1217,#1218,#1219));
#5038=EDGE_LOOP('',(#1220,#1221,#1222,#1223));
#5039=EDGE_LOOP('',(#1224,#1225,#1226,#1227));
#5040=EDGE_LOOP('',(#1228,#1229,#1230,#1231));
#5041=EDGE_LOOP('',(#1232,#1233,#1234,#1235));
#5042=EDGE_LOOP('',(#1236,#1237,#1238,#1239,#1240,#1241));
#5043=EDGE_LOOP('',(#1242,#1243,#1244,#1245,#1246));
#5044=EDGE_LOOP('',(#1247,#1248,#1249,#1250,#1251,#1252));
#5045=EDGE_LOOP('',(#1253,#1254,#1255,#1256));
#5046=EDGE_LOOP('',(#1257,#1258,#1259,#1260));
#5047=EDGE_LOOP('',(#1261,#1262,#1263,#1264,#1265,#1266));
#5048=EDGE_LOOP('',(#1267,#1268,#1269,#1270,#1271));
#5049=EDGE_LOOP('',(#1272,#1273,#1274,#1275,#1276,#1277));
#5050=EDGE_LOOP('',(#1278,#1279,#1280,#1281));
#5051=EDGE_LOOP('',(#1282,#1283,#1284,#1285,#1286,#1287));
#5052=EDGE_LOOP('',(#1288,#1289,#1290,#1291,#1292));
#5053=EDGE_LOOP('',(#1293,#1294,#1295,#1296,#1297,#1298));
#5054=EDGE_LOOP('',(#1299,#1300,#1301,#1302,#1303,#1304));
#5055=EDGE_LOOP('',(#1305,#1306,#1307,#1308,#1309));
#5056=EDGE_LOOP('',(#1310,#1311,#1312,#1313,#1314,#1315));
#5057=EDGE_LOOP('',(#1316,#1317,#1318,#1319));
#5058=EDGE_LOOP('',(#1320,#1321,#1322,#1323));
#5059=EDGE_LOOP('',(#1324,#1325,#1326,#1327,#1328,#1329));
#5060=EDGE_LOOP('',(#1330,#1331,#1332,#1333,#1334));
#5061=EDGE_LOOP('',(#1335,#1336,#1337,#1338,#1339,#1340));
#5062=EDGE_LOOP('',(#1341,#1342,#1343,#1344,#1345,#1346));
#5063=EDGE_LOOP('',(#1347,#1348,#1349,#1350,#1351));
#5064=EDGE_LOOP('',(#1352,#1353,#1354,#1355,#1356,#1357));
#5065=EDGE_LOOP('',(#1358,#1359,#1360,#1361));
#5066=EDGE_LOOP('',(#1362,#1363,#1364,#1365,#1366,#1367));
#5067=EDGE_LOOP('',(#1368,#1369,#1370,#1371));
#5068=EDGE_LOOP('',(#1372,#1373,#1374,#1375));
#5069=EDGE_LOOP('',(#1376,#1377,#1378,#1379,#1380,#1381));
#5070=EDGE_LOOP('',(#1382,#1383,#1384,#1385,#1386));
#5071=EDGE_LOOP('',(#1387,#1388,#1389,#1390,#1391,#1392));
#5072=EDGE_LOOP('',(#1393,#1394,#1395,#1396,#1397,#1398));
#5073=EDGE_LOOP('',(#1399,#1400,#1401,#1402,#1403));
#5074=EDGE_LOOP('',(#1404));
#5075=EDGE_LOOP('',(#1405));
#5076=EDGE_LOOP('',(#1406,#1407,#1408,#1409,#1410,#1411,#1412,#1413,#1414,
#1415,#1416,#1417,#1418,#1419,#1420,#1421,#1422,#1423,#1424,#1425,#1426,
#1427,#1428,#1429));
#5077=EDGE_LOOP('',(#1430));
#5078=EDGE_LOOP('',(#1431));
#5079=EDGE_LOOP('',(#1432));
#5080=EDGE_LOOP('',(#1433,#1434,#1435,#1436,#1437,#1438,#1439,#1440));
#5081=EDGE_LOOP('',(#1441,#1442,#1443,#1444,#1445,#1446,#1447,#1448));
#5082=EDGE_LOOP('',(#1449,#1450,#1451,#1452,#1453,#1454,#1455,#1456));
#5083=EDGE_LOOP('',(#1457,#1458,#1459));
#5084=EDGE_LOOP('',(#1460));
#5085=EDGE_LOOP('',(#1461,#1462,#1463));
#5086=EDGE_LOOP('',(#1464));
#5087=EDGE_LOOP('',(#1465));
#5088=EDGE_LOOP('',(#1466));
#5089=EDGE_LOOP('',(#1467,#1468,#1469));
#5090=EDGE_LOOP('',(#1470));
#5091=EDGE_LOOP('',(#1471));
#5092=EDGE_LOOP('',(#1472));
#5093=EDGE_LOOP('',(#1473,#1474,#1475));
#5094=EDGE_LOOP('',(#1476));
#5095=EDGE_LOOP('',(#1477));
#5096=EDGE_LOOP('',(#1478));
#5097=EDGE_LOOP('',(#1479));
#5098=EDGE_LOOP('',(#1480));
#5099=EDGE_LOOP('',(#1481,#1482,#1483,#1484,#1485,#1486,#1487,#1488));
#5100=EDGE_LOOP('',(#1489));
#5101=EDGE_LOOP('',(#1490));
#5102=EDGE_LOOP('',(#1491,#1492,#1493,#1494));
#5103=EDGE_LOOP('',(#1495));
#5104=EDGE_LOOP('',(#1496));
#5105=EDGE_LOOP('',(#1497));
#5106=EDGE_LOOP('',(#1498));
#5107=EDGE_LOOP('',(#1499));
#5108=EDGE_LOOP('',(#1500));
#5109=EDGE_LOOP('',(#1501));
#5110=EDGE_LOOP('',(#1502));
#5111=EDGE_LOOP('',(#1503));
#5112=EDGE_LOOP('',(#1504,#1505,#1506,#1507,#1508));
#5113=EDGE_LOOP('',(#1509,#1510,#1511,#1512,#1513));
#5114=EDGE_LOOP('',(#1514,#1515,#1516,#1517,#1518));
#5115=EDGE_LOOP('',(#1519,#1520,#1521,#1522,#1523));
#5116=EDGE_LOOP('',(#1524,#1525,#1526,#1527,#1528));
#5117=EDGE_LOOP('',(#1529,#1530,#1531,#1532,#1533));
#5118=EDGE_LOOP('',(#1534,#1535,#1536,#1537,#1538));
#5119=EDGE_LOOP('',(#1539,#1540,#1541,#1542,#1543));
#5120=EDGE_LOOP('',(#1544,#1545,#1546,#1547));
#5121=EDGE_LOOP('',(#1548,#1549,#1550,#1551,#1552,#1553));
#5122=EDGE_LOOP('',(#1554,#1555,#1556,#1557,#1558,#1559));
#5123=EDGE_LOOP('',(#1560,#1561,#1562,#1563));
#5124=EDGE_LOOP('',(#1564,#1565,#1566,#1567));
#5125=EDGE_LOOP('',(#1568,#1569,#1570,#1571,#1572,#1573));
#5126=EDGE_LOOP('',(#1574,#1575,#1576,#1577,#1578,#1579));
#5127=EDGE_LOOP('',(#1580,#1581,#1582,#1583));
#5128=EDGE_LOOP('',(#1584,#1585,#1586,#1587));
#5129=EDGE_LOOP('',(#1588,#1589,#1590,#1591,#1592,#1593));
#5130=EDGE_LOOP('',(#1594,#1595,#1596,#1597,#1598,#1599));
#5131=EDGE_LOOP('',(#1600,#1601,#1602,#1603));
#5132=EDGE_LOOP('',(#1604,#1605,#1606,#1607));
#5133=EDGE_LOOP('',(#1608,#1609,#1610,#1611,#1612,#1613));
#5134=EDGE_LOOP('',(#1614,#1615,#1616,#1617,#1618,#1619));
#5135=EDGE_LOOP('',(#1620,#1621,#1622,#1623));
#5136=EDGE_LOOP('',(#1624,#1625,#1626,#1627));
#5137=EDGE_LOOP('',(#1628,#1629,#1630,#1631));
#5138=EDGE_LOOP('',(#1632,#1633,#1634,#1635));
#5139=EDGE_LOOP('',(#1636,#1637,#1638,#1639));
#5140=EDGE_LOOP('',(#1640,#1641,#1642,#1643));
#5141=EDGE_LOOP('',(#1644,#1645,#1646,#1647));
#5142=EDGE_LOOP('',(#1648,#1649,#1650,#1651));
#5143=EDGE_LOOP('',(#1652,#1653,#1654,#1655));
#5144=EDGE_LOOP('',(#1656,#1657,#1658,#1659));
#5145=EDGE_LOOP('',(#1660,#1661,#1662,#1663));
#5146=EDGE_LOOP('',(#1664,#1665,#1666,#1667,#1668,#1669,#1670,#1671,#1672,
#1673));
#5147=EDGE_LOOP('',(#1674,#1675,#1676,#1677));
#5148=EDGE_LOOP('',(#1678,#1679,#1680,#1681));
#5149=EDGE_LOOP('',(#1682,#1683,#1684,#1685));
#5150=EDGE_LOOP('',(#1686,#1687,#1688,#1689));
#5151=EDGE_LOOP('',(#1690,#1691,#1692,#1693));
#5152=EDGE_LOOP('',(#1694,#1695,#1696,#1697));
#5153=EDGE_LOOP('',(#1698,#1699,#1700,#1701));
#5154=EDGE_LOOP('',(#1702,#1703,#1704,#1705));
#5155=EDGE_LOOP('',(#1706,#1707,#1708,#1709));
#5156=EDGE_LOOP('',(#1710,#1711,#1712,#1713));
#5157=EDGE_LOOP('',(#1714,#1715,#1716,#1717));
#5158=EDGE_LOOP('',(#1718,#1719,#1720,#1721));
#5159=EDGE_LOOP('',(#1722,#1723,#1724,#1725));
#5160=EDGE_LOOP('',(#1726,#1727,#1728,#1729));
#5161=EDGE_LOOP('',(#1730,#1731,#1732,#1733));
#5162=EDGE_LOOP('',(#1734,#1735,#1736,#1737));
#5163=EDGE_LOOP('',(#1738,#1739,#1740,#1741));
#5164=EDGE_LOOP('',(#1742,#1743,#1744,#1745));
#5165=EDGE_LOOP('',(#1746,#1747,#1748,#1749));
#5166=EDGE_LOOP('',(#1750,#1751,#1752,#1753));
#5167=EDGE_LOOP('',(#1754,#1755,#1756,#1757));
#5168=EDGE_LOOP('',(#1758,#1759,#1760,#1761));
#5169=EDGE_LOOP('',(#1762,#1763,#1764,#1765));
#5170=EDGE_LOOP('',(#1766,#1767,#1768,#1769));
#5171=EDGE_LOOP('',(#1770,#1771,#1772,#1773,#1774,#1775,#1776,#1777,#1778,
#1779,#1780,#1781,#1782,#1783,#1784,#1785,#1786,#1787,#1788,#1789,#1790,
#1791,#1792,#1793));
#5172=EDGE_LOOP('',(#1794,#1795,#1796,#1797));
#5173=EDGE_LOOP('',(#1798,#1799,#1800,#1801));
#5174=EDGE_LOOP('',(#1802,#1803,#1804,#1805));
#5175=EDGE_LOOP('',(#1806,#1807,#1808,#1809));
#5176=EDGE_LOOP('',(#1810,#1811,#1812,#1813));
#5177=EDGE_LOOP('',(#1814,#1815,#1816,#1817));
#5178=EDGE_LOOP('',(#1818,#1819,#1820,#1821));
#5179=EDGE_LOOP('',(#1822,#1823,#1824,#1825));
#5180=EDGE_LOOP('',(#1826,#1827,#1828,#1829));
#5181=EDGE_LOOP('',(#1830,#1831,#1832,#1833));
#5182=EDGE_LOOP('',(#1834,#1835,#1836,#1837));
#5183=EDGE_LOOP('',(#1838,#1839,#1840,#1841));
#5184=EDGE_LOOP('',(#1842,#1843,#1844,#1845));
#5185=EDGE_LOOP('',(#1846,#1847,#1848,#1849));
#5186=EDGE_LOOP('',(#1850,#1851,#1852,#1853));
#5187=EDGE_LOOP('',(#1854,#1855,#1856,#1857));
#5188=EDGE_LOOP('',(#1858,#1859,#1860,#1861));
#5189=EDGE_LOOP('',(#1862,#1863,#1864,#1865));
#5190=EDGE_LOOP('',(#1866,#1867,#1868,#1869));
#5191=EDGE_LOOP('',(#1870,#1871,#1872,#1873));
#5192=EDGE_LOOP('',(#1874,#1875,#1876,#1877));
#5193=EDGE_LOOP('',(#1878,#1879,#1880,#1881));
#5194=EDGE_LOOP('',(#1882,#1883,#1884,#1885));
#5195=EDGE_LOOP('',(#1886,#1887,#1888,#1889));
#5196=EDGE_LOOP('',(#1890,#1891,#1892,#1893));
#5197=EDGE_LOOP('',(#1894,#1895,#1896,#1897));
#5198=EDGE_LOOP('',(#1898,#1899,#1900,#1901));
#5199=EDGE_LOOP('',(#1902,#1903,#1904,#1905,#1906,#1907,#1908,#1909,#1910,
#1911,#1912,#1913,#1914,#1915,#1916,#1917,#1918,#1919,#1920,#1921,#1922,
#1923,#1924,#1925,#1926,#1927,#1928));
#5200=EDGE_LOOP('',(#1929,#1930,#1931,#1932));
#5201=EDGE_LOOP('',(#1933,#1934,#1935,#1936));
#5202=EDGE_LOOP('',(#1937,#1938,#1939,#1940));
#5203=EDGE_LOOP('',(#1941,#1942,#1943,#1944));
#5204=EDGE_LOOP('',(#1945,#1946,#1947,#1948));
#5205=EDGE_LOOP('',(#1949,#1950,#1951,#1952));
#5206=EDGE_LOOP('',(#1953,#1954,#1955,#1956));
#5207=EDGE_LOOP('',(#1957,#1958,#1959,#1960));
#5208=EDGE_LOOP('',(#1961,#1962,#1963,#1964));
#5209=EDGE_LOOP('',(#1965,#1966,#1967,#1968));
#5210=EDGE_LOOP('',(#1969,#1970,#1971,#1972));
#5211=EDGE_LOOP('',(#1973,#1974,#1975,#1976));
#5212=EDGE_LOOP('',(#1977,#1978,#1979,#1980));
#5213=EDGE_LOOP('',(#1981,#1982,#1983,#1984));
#5214=EDGE_LOOP('',(#1985,#1986,#1987,#1988));
#5215=EDGE_LOOP('',(#1989,#1990,#1991,#1992));
#5216=EDGE_LOOP('',(#1993,#1994,#1995,#1996));
#5217=EDGE_LOOP('',(#1997,#1998,#1999,#2000));
#5218=EDGE_LOOP('',(#2001,#2002,#2003,#2004,#2005,#2006,#2007,#2008,#2009,
#2010,#2011));
#5219=EDGE_LOOP('',(#2012,#2013,#2014,#2015,#2016,#2017,#2018));
#5220=EDGE_LOOP('',(#2019,#2020,#2021,#2022,#2023,#2024,#2025));
#5221=EDGE_LOOP('',(#2026,#2027,#2028,#2029));
#5222=EDGE_LOOP('',(#2030,#2031,#2032,#2033));
#5223=EDGE_LOOP('',(#2034,#2035,#2036,#2037));
#5224=EDGE_LOOP('',(#2038,#2039,#2040,#2041));
#5225=EDGE_LOOP('',(#2042,#2043,#2044,#2045));
#5226=EDGE_LOOP('',(#2046,#2047,#2048,#2049));
#5227=EDGE_LOOP('',(#2050,#2051,#2052,#2053));
#5228=EDGE_LOOP('',(#2054,#2055,#2056,#2057));
#5229=EDGE_LOOP('',(#2058,#2059,#2060,#2061));
#5230=EDGE_LOOP('',(#2062,#2063,#2064,#2065));
#5231=EDGE_LOOP('',(#2066,#2067,#2068,#2069));
#5232=EDGE_LOOP('',(#2070,#2071,#2072,#2073));
#5233=EDGE_LOOP('',(#2074,#2075,#2076,#2077));
#5234=EDGE_LOOP('',(#2078,#2079,#2080,#2081));
#5235=EDGE_LOOP('',(#2082,#2083,#2084,#2085));
#5236=EDGE_LOOP('',(#2086,#2087,#2088,#2089));
#5237=EDGE_LOOP('',(#2090,#2091,#2092,#2093));
#5238=EDGE_LOOP('',(#2094,#2095,#2096,#2097));
#5239=EDGE_LOOP('',(#2098,#2099,#2100,#2101));
#5240=EDGE_LOOP('',(#2102,#2103,#2104,#2105));
#5241=EDGE_LOOP('',(#2106,#2107,#2108,#2109,#2110,#2111,#2112,#2113,#2114,
#2115,#2116,#2117,#2118,#2119,#2120,#2121,#2122,#2123,#2124,#2125));
#5242=EDGE_LOOP('',(#2126,#2127,#2128,#2129));
#5243=EDGE_LOOP('',(#2130,#2131,#2132,#2133));
#5244=EDGE_LOOP('',(#2134,#2135,#2136,#2137));
#5245=EDGE_LOOP('',(#2138,#2139,#2140,#2141));
#5246=EDGE_LOOP('',(#2142,#2143,#2144,#2145));
#5247=EDGE_LOOP('',(#2146,#2147,#2148,#2149));
#5248=EDGE_LOOP('',(#2150,#2151,#2152,#2153));
#5249=EDGE_LOOP('',(#2154,#2155,#2156,#2157));
#5250=EDGE_LOOP('',(#2158,#2159,#2160,#2161));
#5251=EDGE_LOOP('',(#2162,#2163,#2164,#2165));
#5252=EDGE_LOOP('',(#2166,#2167,#2168,#2169));
#5253=EDGE_LOOP('',(#2170,#2171,#2172,#2173));
#5254=EDGE_LOOP('',(#2174,#2175,#2176,#2177));
#5255=EDGE_LOOP('',(#2178,#2179,#2180,#2181));
#5256=EDGE_LOOP('',(#2182,#2183,#2184,#2185));
#5257=EDGE_LOOP('',(#2186,#2187,#2188,#2189));
#5258=EDGE_LOOP('',(#2190,#2191,#2192,#2193));
#5259=EDGE_LOOP('',(#2194,#2195,#2196,#2197));
#5260=EDGE_LOOP('',(#2198,#2199,#2200,#2201));
#5261=EDGE_LOOP('',(#2202,#2203,#2204,#2205));
#5262=EDGE_LOOP('',(#2206,#2207,#2208,#2209));
#5263=EDGE_LOOP('',(#2210,#2211,#2212,#2213));
#5264=EDGE_LOOP('',(#2214,#2215,#2216,#2217));
#5265=EDGE_LOOP('',(#2218,#2219,#2220,#2221));
#5266=EDGE_LOOP('',(#2222,#2223,#2224,#2225));
#5267=EDGE_LOOP('',(#2226,#2227,#2228,#2229,#2230,#2231,#2232,#2233,#2234,
#2235,#2236,#2237,#2238,#2239,#2240,#2241,#2242));
#5268=EDGE_LOOP('',(#2243,#2244,#2245,#2246,#2247,#2248,#2249,#2250));
#5269=EDGE_LOOP('',(#2251,#2252,#2253,#2254,#2255,#2256,#2257,#2258));
#5270=EDGE_LOOP('',(#2259,#2260,#2261,#2262));
#5271=EDGE_LOOP('',(#2263,#2264,#2265,#2266));
#5272=EDGE_LOOP('',(#2267,#2268,#2269,#2270));
#5273=EDGE_LOOP('',(#2271,#2272,#2273,#2274));
#5274=EDGE_LOOP('',(#2275,#2276,#2277,#2278));
#5275=EDGE_LOOP('',(#2279,#2280,#2281,#2282));
#5276=EDGE_LOOP('',(#2283,#2284,#2285,#2286));
#5277=EDGE_LOOP('',(#2287,#2288,#2289,#2290,#2291,#2292,#2293));
#5278=EDGE_LOOP('',(#2294,#2295,#2296,#2297));
#5279=EDGE_LOOP('',(#2298,#2299,#2300,#2301));
#5280=EDGE_LOOP('',(#2302,#2303,#2304,#2305));
#5281=EDGE_LOOP('',(#2306,#2307,#2308,#2309));
#5282=EDGE_LOOP('',(#2310,#2311,#2312,#2313));
#5283=EDGE_LOOP('',(#2314,#2315,#2316,#2317));
#5284=EDGE_LOOP('',(#2318,#2319,#2320,#2321));
#5285=EDGE_LOOP('',(#2322,#2323,#2324,#2325));
#5286=EDGE_LOOP('',(#2326,#2327,#2328,#2329));
#5287=EDGE_LOOP('',(#2330,#2331,#2332,#2333));
#5288=EDGE_LOOP('',(#2334,#2335,#2336,#2337));
#5289=EDGE_LOOP('',(#2338,#2339,#2340,#2341));
#5290=EDGE_LOOP('',(#2342,#2343,#2344,#2345));
#5291=EDGE_LOOP('',(#2346,#2347,#2348,#2349));
#5292=EDGE_LOOP('',(#2350,#2351,#2352,#2353));
#5293=EDGE_LOOP('',(#2354,#2355,#2356,#2357));
#5294=EDGE_LOOP('',(#2358,#2359,#2360,#2361));
#5295=EDGE_LOOP('',(#2362,#2363,#2364,#2365));
#5296=EDGE_LOOP('',(#2366,#2367,#2368,#2369));
#5297=EDGE_LOOP('',(#2370,#2371,#2372,#2373));
#5298=EDGE_LOOP('',(#2374,#2375,#2376,#2377));
#5299=EDGE_LOOP('',(#2378,#2379,#2380,#2381));
#5300=EDGE_LOOP('',(#2382,#2383,#2384,#2385));
#5301=EDGE_LOOP('',(#2386,#2387,#2388,#2389));
#5302=EDGE_LOOP('',(#2390,#2391,#2392,#2393));
#5303=EDGE_LOOP('',(#2394,#2395,#2396,#2397));
#5304=EDGE_LOOP('',(#2398,#2399,#2400,#2401));
#5305=EDGE_LOOP('',(#2402,#2403,#2404,#2405));
#5306=EDGE_LOOP('',(#2406,#2407,#2408,#2409));
#5307=EDGE_LOOP('',(#2410,#2411,#2412,#2413));
#5308=EDGE_LOOP('',(#2414,#2415,#2416,#2417));
#5309=EDGE_LOOP('',(#2418,#2419,#2420,#2421,#2422,#2423,#2424,#2425,#2426,
#2427,#2428,#2429,#2430,#2431,#2432,#2433));
#5310=EDGE_LOOP('',(#2434,#2435,#2436,#2437,#2438,#2439,#2440));
#5311=EDGE_LOOP('',(#2441,#2442,#2443,#2444,#2445,#2446,#2447,#2448));
#5312=EDGE_LOOP('',(#2449,#2450,#2451,#2452,#2453,#2454,#2455));
#5313=EDGE_LOOP('',(#2456,#2457,#2458,#2459,#2460,#2461,#2462,#2463));
#5314=FACE_BOUND('',#4946,.T.);
#5315=FACE_BOUND('',#4947,.T.);
#5316=FACE_BOUND('',#4948,.T.);
#5317=FACE_BOUND('',#4949,.T.);
#5318=FACE_BOUND('',#4950,.T.);
#5319=FACE_BOUND('',#4951,.T.);
#5320=FACE_BOUND('',#4952,.T.);
#5321=FACE_BOUND('',#4953,.T.);
#5322=FACE_BOUND('',#4954,.T.);
#5323=FACE_BOUND('',#4955,.T.);
#5324=FACE_BOUND('',#4956,.T.);
#5325=FACE_BOUND('',#4957,.T.);
#5326=FACE_BOUND('',#4958,.T.);
#5327=FACE_BOUND('',#4959,.T.);
#5328=FACE_BOUND('',#4960,.T.);
#5329=FACE_BOUND('',#4961,.T.);
#5330=FACE_BOUND('',#4962,.T.);
#5331=FACE_BOUND('',#4963,.T.);
#5332=FACE_BOUND('',#4964,.T.);
#5333=FACE_BOUND('',#4965,.T.);
#5334=FACE_BOUND('',#4966,.T.);
#5335=FACE_BOUND('',#4967,.T.);
#5336=FACE_BOUND('',#4968,.T.);
#5337=FACE_BOUND('',#4969,.T.);
#5338=FACE_BOUND('',#4970,.T.);
#5339=FACE_BOUND('',#4971,.T.);
#5340=FACE_BOUND('',#4972,.T.);
#5341=FACE_BOUND('',#4973,.T.);
#5342=FACE_BOUND('',#4974,.T.);
#5343=FACE_BOUND('',#4975,.T.);
#5344=FACE_BOUND('',#4976,.T.);
#5345=FACE_BOUND('',#4977,.T.);
#5346=FACE_BOUND('',#4978,.T.);
#5347=FACE_BOUND('',#4979,.T.);
#5348=FACE_BOUND('',#4980,.T.);
#5349=FACE_BOUND('',#4981,.T.);
#5350=FACE_BOUND('',#4982,.T.);
#5351=FACE_BOUND('',#4983,.T.);
#5352=FACE_BOUND('',#4984,.T.);
#5353=FACE_BOUND('',#4985,.T.);
#5354=FACE_BOUND('',#4986,.T.);
#5355=FACE_BOUND('',#4987,.T.);
#5356=FACE_BOUND('',#4988,.T.);
#5357=FACE_BOUND('',#4989,.T.);
#5358=FACE_BOUND('',#4990,.T.);
#5359=FACE_BOUND('',#4991,.T.);
#5360=FACE_BOUND('',#4992,.T.);
#5361=FACE_BOUND('',#4993,.T.);
#5362=FACE_BOUND('',#4994,.T.);
#5363=FACE_BOUND('',#4995,.T.);
#5364=FACE_BOUND('',#4996,.T.);
#5365=FACE_BOUND('',#4997,.T.);
#5366=FACE_BOUND('',#4998,.T.);
#5367=FACE_BOUND('',#4999,.T.);
#5368=FACE_BOUND('',#5000,.T.);
#5369=FACE_BOUND('',#5001,.T.);
#5370=FACE_BOUND('',#5002,.T.);
#5371=FACE_BOUND('',#5003,.T.);
#5372=FACE_BOUND('',#5004,.T.);
#5373=FACE_BOUND('',#5005,.T.);
#5374=FACE_BOUND('',#5006,.T.);
#5375=FACE_BOUND('',#5007,.T.);
#5376=FACE_BOUND('',#5008,.T.);
#5377=FACE_BOUND('',#5009,.T.);
#5378=FACE_BOUND('',#5010,.T.);
#5379=FACE_BOUND('',#5011,.T.);
#5380=FACE_BOUND('',#5012,.T.);
#5381=FACE_BOUND('',#5013,.T.);
#5382=FACE_BOUND('',#5014,.T.);
#5383=FACE_BOUND('',#5015,.T.);
#5384=FACE_BOUND('',#5016,.T.);
#5385=FACE_BOUND('',#5017,.T.);
#5386=FACE_BOUND('',#5018,.T.);
#5387=FACE_BOUND('',#5019,.T.);
#5388=FACE_BOUND('',#5020,.T.);
#5389=FACE_BOUND('',#5021,.T.);
#5390=FACE_BOUND('',#5022,.T.);
#5391=FACE_BOUND('',#5023,.T.);
#5392=FACE_BOUND('',#5024,.T.);
#5393=FACE_BOUND('',#5025,.T.);
#5394=FACE_BOUND('',#5026,.T.);
#5395=FACE_BOUND('',#5027,.T.);
#5396=FACE_BOUND('',#5028,.T.);
#5397=FACE_BOUND('',#5029,.T.);
#5398=FACE_BOUND('',#5030,.T.);
#5399=FACE_BOUND('',#5031,.T.);
#5400=FACE_BOUND('',#5032,.T.);
#5401=FACE_BOUND('',#5033,.T.);
#5402=FACE_BOUND('',#5034,.T.);
#5403=FACE_BOUND('',#5035,.T.);
#5404=FACE_BOUND('',#5036,.T.);
#5405=FACE_BOUND('',#5037,.T.);
#5406=FACE_BOUND('',#5038,.T.);
#5407=FACE_BOUND('',#5039,.T.);
#5408=FACE_BOUND('',#5040,.T.);
#5409=FACE_BOUND('',#5041,.T.);
#5410=FACE_BOUND('',#5042,.T.);
#5411=FACE_BOUND('',#5043,.T.);
#5412=FACE_BOUND('',#5044,.T.);
#5413=FACE_BOUND('',#5045,.T.);
#5414=FACE_BOUND('',#5046,.T.);
#5415=FACE_BOUND('',#5047,.T.);
#5416=FACE_BOUND('',#5048,.T.);
#5417=FACE_BOUND('',#5049,.T.);
#5418=FACE_BOUND('',#5050,.T.);
#5419=FACE_BOUND('',#5051,.T.);
#5420=FACE_BOUND('',#5052,.T.);
#5421=FACE_BOUND('',#5053,.T.);
#5422=FACE_BOUND('',#5054,.T.);
#5423=FACE_BOUND('',#5055,.T.);
#5424=FACE_BOUND('',#5056,.T.);
#5425=FACE_BOUND('',#5057,.T.);
#5426=FACE_BOUND('',#5058,.T.);
#5427=FACE_BOUND('',#5059,.T.);
#5428=FACE_BOUND('',#5060,.T.);
#5429=FACE_BOUND('',#5061,.T.);
#5430=FACE_BOUND('',#5062,.T.);
#5431=FACE_BOUND('',#5063,.T.);
#5432=FACE_BOUND('',#5064,.T.);
#5433=FACE_BOUND('',#5065,.T.);
#5434=FACE_BOUND('',#5066,.T.);
#5435=FACE_BOUND('',#5067,.T.);
#5436=FACE_BOUND('',#5068,.T.);
#5437=FACE_BOUND('',#5069,.T.);
#5438=FACE_BOUND('',#5070,.T.);
#5439=FACE_BOUND('',#5071,.T.);
#5440=FACE_BOUND('',#5072,.T.);
#5441=FACE_BOUND('',#5073,.T.);
#5442=FACE_BOUND('',#5074,.T.);
#5443=FACE_BOUND('',#5075,.T.);
#5444=FACE_BOUND('',#5076,.T.);
#5445=FACE_BOUND('',#5077,.T.);
#5446=FACE_BOUND('',#5078,.T.);
#5447=FACE_BOUND('',#5079,.T.);
#5448=FACE_BOUND('',#5080,.T.);
#5449=FACE_BOUND('',#5081,.T.);
#5450=FACE_BOUND('',#5082,.T.);
#5451=FACE_BOUND('',#5083,.T.);
#5452=FACE_BOUND('',#5084,.T.);
#5453=FACE_BOUND('',#5085,.T.);
#5454=FACE_BOUND('',#5086,.T.);
#5455=FACE_BOUND('',#5087,.T.);
#5456=FACE_BOUND('',#5088,.T.);
#5457=FACE_BOUND('',#5089,.T.);
#5458=FACE_BOUND('',#5090,.T.);
#5459=FACE_BOUND('',#5091,.T.);
#5460=FACE_BOUND('',#5092,.T.);
#5461=FACE_BOUND('',#5093,.T.);
#5462=FACE_BOUND('',#5094,.T.);
#5463=FACE_BOUND('',#5095,.T.);
#5464=FACE_BOUND('',#5096,.T.);
#5465=FACE_BOUND('',#5097,.T.);
#5466=FACE_BOUND('',#5098,.T.);
#5467=FACE_BOUND('',#5099,.T.);
#5468=FACE_BOUND('',#5100,.T.);
#5469=FACE_BOUND('',#5101,.T.);
#5470=FACE_BOUND('',#5102,.T.);
#5471=FACE_BOUND('',#5103,.T.);
#5472=FACE_BOUND('',#5104,.T.);
#5473=FACE_BOUND('',#5105,.T.);
#5474=FACE_BOUND('',#5106,.T.);
#5475=FACE_BOUND('',#5107,.T.);
#5476=FACE_BOUND('',#5108,.T.);
#5477=FACE_BOUND('',#5109,.T.);
#5478=FACE_BOUND('',#5110,.T.);
#5479=FACE_BOUND('',#5111,.T.);
#5480=FACE_BOUND('',#5112,.T.);
#5481=FACE_BOUND('',#5113,.T.);
#5482=FACE_BOUND('',#5114,.T.);
#5483=FACE_BOUND('',#5115,.T.);
#5484=FACE_BOUND('',#5116,.T.);
#5485=FACE_BOUND('',#5117,.T.);
#5486=FACE_BOUND('',#5118,.T.);
#5487=FACE_BOUND('',#5119,.T.);
#5488=FACE_BOUND('',#5120,.T.);
#5489=FACE_BOUND('',#5121,.T.);
#5490=FACE_BOUND('',#5122,.T.);
#5491=FACE_BOUND('',#5123,.T.);
#5492=FACE_BOUND('',#5124,.T.);
#5493=FACE_BOUND('',#5125,.T.);
#5494=FACE_BOUND('',#5126,.T.);
#5495=FACE_BOUND('',#5127,.T.);
#5496=FACE_BOUND('',#5128,.T.);
#5497=FACE_BOUND('',#5129,.T.);
#5498=FACE_BOUND('',#5130,.T.);
#5499=FACE_BOUND('',#5131,.T.);
#5500=FACE_BOUND('',#5132,.T.);
#5501=FACE_BOUND('',#5133,.T.);
#5502=FACE_BOUND('',#5134,.T.);
#5503=FACE_BOUND('',#5135,.T.);
#5504=FACE_BOUND('',#5136,.T.);
#5505=FACE_BOUND('',#5137,.T.);
#5506=FACE_BOUND('',#5138,.T.);
#5507=FACE_BOUND('',#5139,.T.);
#5508=FACE_BOUND('',#5140,.T.);
#5509=FACE_BOUND('',#5141,.T.);
#5510=FACE_BOUND('',#5142,.T.);
#5511=FACE_BOUND('',#5143,.T.);
#5512=FACE_BOUND('',#5144,.T.);
#5513=FACE_BOUND('',#5145,.T.);
#5514=FACE_BOUND('',#5146,.T.);
#5515=FACE_BOUND('',#5147,.T.);
#5516=FACE_BOUND('',#5148,.T.);
#5517=FACE_BOUND('',#5149,.T.);
#5518=FACE_BOUND('',#5150,.T.);
#5519=FACE_BOUND('',#5151,.T.);
#5520=FACE_BOUND('',#5152,.T.);
#5521=FACE_BOUND('',#5153,.T.);
#5522=FACE_BOUND('',#5154,.T.);
#5523=FACE_BOUND('',#5155,.T.);
#5524=FACE_BOUND('',#5156,.T.);
#5525=FACE_BOUND('',#5157,.T.);
#5526=FACE_BOUND('',#5158,.T.);
#5527=FACE_BOUND('',#5159,.T.);
#5528=FACE_BOUND('',#5160,.T.);
#5529=FACE_BOUND('',#5161,.T.);
#5530=FACE_BOUND('',#5162,.T.);
#5531=FACE_BOUND('',#5163,.T.);
#5532=FACE_BOUND('',#5164,.T.);
#5533=FACE_BOUND('',#5165,.T.);
#5534=FACE_BOUND('',#5166,.T.);
#5535=FACE_BOUND('',#5167,.T.);
#5536=FACE_BOUND('',#5168,.T.);
#5537=FACE_BOUND('',#5169,.T.);
#5538=FACE_BOUND('',#5170,.T.);
#5539=FACE_BOUND('',#5171,.T.);
#5540=FACE_BOUND('',#5172,.T.);
#5541=FACE_BOUND('',#5173,.T.);
#5542=FACE_BOUND('',#5174,.T.);
#5543=FACE_BOUND('',#5175,.T.);
#5544=FACE_BOUND('',#5176,.T.);
#5545=FACE_BOUND('',#5177,.T.);
#5546=FACE_BOUND('',#5178,.T.);
#5547=FACE_BOUND('',#5179,.T.);
#5548=FACE_BOUND('',#5180,.T.);
#5549=FACE_BOUND('',#5181,.T.);
#5550=FACE_BOUND('',#5182,.T.);
#5551=FACE_BOUND('',#5183,.T.);
#5552=FACE_BOUND('',#5184,.T.);
#5553=FACE_BOUND('',#5185,.T.);
#5554=FACE_BOUND('',#5186,.T.);
#5555=FACE_BOUND('',#5187,.T.);
#5556=FACE_BOUND('',#5188,.T.);
#5557=FACE_BOUND('',#5189,.T.);
#5558=FACE_BOUND('',#5190,.T.);
#5559=FACE_BOUND('',#5191,.T.);
#5560=FACE_BOUND('',#5192,.T.);
#5561=FACE_BOUND('',#5193,.T.);
#5562=FACE_BOUND('',#5194,.T.);
#5563=FACE_BOUND('',#5195,.T.);
#5564=FACE_BOUND('',#5196,.T.);
#5565=FACE_BOUND('',#5197,.T.);
#5566=FACE_BOUND('',#5198,.T.);
#5567=FACE_BOUND('',#5199,.T.);
#5568=FACE_BOUND('',#5200,.T.);
#5569=FACE_BOUND('',#5201,.T.);
#5570=FACE_BOUND('',#5202,.T.);
#5571=FACE_BOUND('',#5203,.T.);
#5572=FACE_BOUND('',#5204,.T.);
#5573=FACE_BOUND('',#5205,.T.);
#5574=FACE_BOUND('',#5206,.T.);
#5575=FACE_BOUND('',#5207,.T.);
#5576=FACE_BOUND('',#5208,.T.);
#5577=FACE_BOUND('',#5209,.T.);
#5578=FACE_BOUND('',#5210,.T.);
#5579=FACE_BOUND('',#5211,.T.);
#5580=FACE_BOUND('',#5212,.T.);
#5581=FACE_BOUND('',#5213,.T.);
#5582=FACE_BOUND('',#5214,.T.);
#5583=FACE_BOUND('',#5215,.T.);
#5584=FACE_BOUND('',#5216,.T.);
#5585=FACE_BOUND('',#5217,.T.);
#5586=FACE_BOUND('',#5218,.T.);
#5587=FACE_BOUND('',#5219,.T.);
#5588=FACE_BOUND('',#5220,.T.);
#5589=FACE_BOUND('',#5221,.T.);
#5590=FACE_BOUND('',#5222,.T.);
#5591=FACE_BOUND('',#5223,.T.);
#5592=FACE_BOUND('',#5224,.T.);
#5593=FACE_BOUND('',#5225,.T.);
#5594=FACE_BOUND('',#5226,.T.);
#5595=FACE_BOUND('',#5227,.T.);
#5596=FACE_BOUND('',#5228,.T.);
#5597=FACE_BOUND('',#5229,.T.);
#5598=FACE_BOUND('',#5230,.T.);
#5599=FACE_BOUND('',#5231,.T.);
#5600=FACE_BOUND('',#5232,.T.);
#5601=FACE_BOUND('',#5233,.T.);
#5602=FACE_BOUND('',#5234,.T.);
#5603=FACE_BOUND('',#5235,.T.);
#5604=FACE_BOUND('',#5236,.T.);
#5605=FACE_BOUND('',#5237,.T.);
#5606=FACE_BOUND('',#5238,.T.);
#5607=FACE_BOUND('',#5239,.T.);
#5608=FACE_BOUND('',#5240,.T.);
#5609=FACE_BOUND('',#5241,.T.);
#5610=FACE_BOUND('',#5242,.T.);
#5611=FACE_BOUND('',#5243,.T.);
#5612=FACE_BOUND('',#5244,.T.);
#5613=FACE_BOUND('',#5245,.T.);
#5614=FACE_BOUND('',#5246,.T.);
#5615=FACE_BOUND('',#5247,.T.);
#5616=FACE_BOUND('',#5248,.T.);
#5617=FACE_BOUND('',#5249,.T.);
#5618=FACE_BOUND('',#5250,.T.);
#5619=FACE_BOUND('',#5251,.T.);
#5620=FACE_BOUND('',#5252,.T.);
#5621=FACE_BOUND('',#5253,.T.);
#5622=FACE_BOUND('',#5254,.T.);
#5623=FACE_BOUND('',#5255,.T.);
#5624=FACE_BOUND('',#5256,.T.);
#5625=FACE_BOUND('',#5257,.T.);
#5626=FACE_BOUND('',#5258,.T.);
#5627=FACE_BOUND('',#5259,.T.);
#5628=FACE_BOUND('',#5260,.T.);
#5629=FACE_BOUND('',#5261,.T.);
#5630=FACE_BOUND('',#5262,.T.);
#5631=FACE_BOUND('',#5263,.T.);
#5632=FACE_BOUND('',#5264,.T.);
#5633=FACE_BOUND('',#5265,.T.);
#5634=FACE_BOUND('',#5266,.T.);
#5635=FACE_BOUND('',#5267,.T.);
#5636=FACE_BOUND('',#5268,.T.);
#5637=FACE_BOUND('',#5269,.T.);
#5638=FACE_BOUND('',#5270,.T.);
#5639=FACE_BOUND('',#5271,.T.);
#5640=FACE_BOUND('',#5272,.T.);
#5641=FACE_BOUND('',#5273,.T.);
#5642=FACE_BOUND('',#5274,.T.);
#5643=FACE_BOUND('',#5275,.T.);
#5644=FACE_BOUND('',#5276,.T.);
#5645=FACE_BOUND('',#5277,.T.);
#5646=FACE_BOUND('',#5278,.T.);
#5647=FACE_BOUND('',#5279,.T.);
#5648=FACE_BOUND('',#5280,.T.);
#5649=FACE_BOUND('',#5281,.T.);
#5650=FACE_BOUND('',#5282,.T.);
#5651=FACE_BOUND('',#5283,.T.);
#5652=FACE_BOUND('',#5284,.T.);
#5653=FACE_BOUND('',#5285,.T.);
#5654=FACE_BOUND('',#5286,.T.);
#5655=FACE_BOUND('',#5287,.T.);
#5656=FACE_BOUND('',#5288,.T.);
#5657=FACE_BOUND('',#5289,.T.);
#5658=FACE_BOUND('',#5290,.T.);
#5659=FACE_BOUND('',#5291,.T.);
#5660=FACE_BOUND('',#5292,.T.);
#5661=FACE_BOUND('',#5293,.T.);
#5662=FACE_BOUND('',#5294,.T.);
#5663=FACE_BOUND('',#5295,.T.);
#5664=FACE_BOUND('',#5296,.T.);
#5665=FACE_BOUND('',#5297,.T.);
#5666=FACE_BOUND('',#5298,.T.);
#5667=FACE_BOUND('',#5299,.T.);
#5668=FACE_BOUND('',#5300,.T.);
#5669=FACE_BOUND('',#5301,.T.);
#5670=FACE_BOUND('',#5302,.T.);
#5671=FACE_BOUND('',#5303,.T.);
#5672=FACE_BOUND('',#5304,.T.);
#5673=FACE_BOUND('',#5305,.T.);
#5674=FACE_BOUND('',#5306,.T.);
#5675=FACE_BOUND('',#5307,.T.);
#5676=FACE_BOUND('',#5308,.T.);
#5677=FACE_BOUND('',#5309,.T.);
#5678=FACE_BOUND('',#5310,.T.);
#5679=FACE_BOUND('',#5311,.T.);
#5680=FACE_BOUND('',#5312,.T.);
#5681=FACE_BOUND('',#5313,.T.);
#5682=PLANE('',#6154);
#5683=PLANE('',#6159);
#5684=PLANE('',#6160);
#5685=PLANE('',#6163);
#5686=PLANE('',#6169);
#5687=PLANE('',#6170);
#5688=PLANE('',#6175);
#5689=PLANE('',#6186);
#5690=PLANE('',#6188);
#5691=PLANE('',#6193);
#5692=PLANE('',#6198);
#5693=PLANE('',#6203);
#5694=PLANE('',#6208);
#5695=PLANE('',#6242);
#5696=PLANE('',#6244);
#5697=PLANE('',#6246);
#5698=PLANE('',#6248);
#5699=PLANE('',#6250);
#5700=PLANE('',#6252);
#5701=PLANE('',#6254);
#5702=PLANE('',#6265);
#5703=PLANE('',#6266);
#5704=PLANE('',#6267);
#5705=PLANE('',#6268);
#5706=PLANE('',#6269);
#5707=PLANE('',#6274);
#5708=PLANE('',#6275);
#5709=PLANE('',#6276);
#5710=PLANE('',#6277);
#5711=PLANE('',#6278);
#5712=PLANE('',#6279);
#5713=PLANE('',#6280);
#5714=PLANE('',#6281);
#5715=PLANE('',#6282);
#5716=PLANE('',#6283);
#5717=PLANE('',#6284);
#5718=PLANE('',#6285);
#5719=PLANE('',#6287);
#5720=PLANE('',#6313);
#5721=PLANE('',#6314);
#5722=PLANE('',#6315);
#5723=PLANE('',#6316);
#5724=PLANE('',#6321);
#5725=PLANE('',#6322);
#5726=PLANE('',#6323);
#5727=PLANE('',#6324);
#5728=PLANE('',#6325);
#5729=PLANE('',#6327);
#5730=PLANE('',#6328);
#5731=PLANE('',#6329);
#5732=PLANE('',#6330);
#5733=PLANE('',#6331);
#5734=PLANE('',#6332);
#5735=PLANE('',#6333);
#5736=PLANE('',#6334);
#5737=PLANE('',#6344);
#5738=PLANE('',#6345);
#5739=PLANE('',#6346);
#5740=PLANE('',#6363);
#5741=PLANE('',#6366);
#5742=PLANE('',#6367);
#5743=PLANE('',#6368);
#5744=PLANE('',#6369);
#5745=PLANE('',#6370);
#5746=PLANE('',#6371);
#5747=PLANE('',#6372);
#5748=PLANE('',#6375);
#5749=PLANE('',#6376);
#5750=PLANE('',#6377);
#5751=PLANE('',#6378);
#5752=PLANE('',#6379);
#5753=PLANE('',#6380);
#5754=PLANE('',#6381);
#5755=PLANE('',#6382);
#5756=PLANE('',#6383);
#5757=PLANE('',#6396);
#5758=PLANE('',#6405);
#5759=PLANE('',#6406);
#5760=PLANE('',#6407);
#5761=PLANE('',#6408);
#5762=PLANE('',#6413);
#5763=PLANE('',#6414);
#5764=PLANE('',#6415);
#5765=PLANE('',#6420);
#5766=PLANE('',#6421);
#5767=PLANE('',#6422);
#5768=PLANE('',#6423);
#5769=PLANE('',#6424);
#5770=PLANE('',#6425);
#5771=PLANE('',#6429);
#5772=PLANE('',#6433);
#5773=PLANE('',#6434);
#5774=PLANE('',#6435);
#5775=PLANE('',#6436);
#5776=PLANE('',#6437);
#5777=PLANE('',#6438);
#5778=PLANE('',#6439);
#5779=PLANE('',#6440);
#5780=PLANE('',#6441);
#5781=PLANE('',#6442);
#5782=PLANE('',#6443);
#5783=PLANE('',#6447);
#5784=PLANE('',#6448);
#5785=PLANE('',#6451);
#5786=PLANE('',#6452);
#5787=PLANE('',#6453);
#5788=PLANE('',#6454);
#5789=PLANE('',#6455);
#5790=PLANE('',#6456);
#5791=PLANE('',#6457);
#5792=PLANE('',#6466);
#5793=PLANE('',#6467);
#5794=PLANE('',#6471);
#5795=PLANE('',#6476);
#5796=PLANE('',#6477);
#5797=PLANE('',#6478);
#5798=PLANE('',#6479);
#5799=PLANE('',#6480);
#5800=PLANE('',#6481);
#5801=PLANE('',#6482);
#5802=PLANE('',#6483);
#5803=PLANE('',#6484);
#5804=PLANE('',#6485);
#5805=PLANE('',#6486);
#5806=PLANE('',#6507);
#5807=PLANE('',#6508);
#5808=PLANE('',#6509);
#5809=ADVANCED_FACE('',(#5314,#5315),#5682,.F.);
#5810=ADVANCED_FACE('',(#5316,#5317),#5683,.F.);
#5811=ADVANCED_FACE('',(#5318,#5319),#5684,.F.);
#5812=ADVANCED_FACE('',(#5320,#5321),#5685,.F.);
#5813=ADVANCED_FACE('',(#5322,#5323),#5686,.F.);
#5814=ADVANCED_FACE('',(#5324,#5325),#5687,.F.);
#5815=ADVANCED_FACE('',(#5326,#5327),#5688,.F.);
#5816=ADVANCED_FACE('',(#5328,#5329),#5689,.T.);
#5817=ADVANCED_FACE('',(#5330),#5690,.T.);
#5818=ADVANCED_FACE('',(#5331),#5691,.T.);
#5819=ADVANCED_FACE('',(#5332),#5692,.T.);
#5820=ADVANCED_FACE('',(#5333),#5693,.T.);
#5821=ADVANCED_FACE('',(#5334,#5335),#5694,.F.);
#5822=ADVANCED_FACE('',(#5336),#141,.F.);
#5823=ADVANCED_FACE('',(#5337),#5695,.T.);
#5824=ADVANCED_FACE('',(#5338),#142,.F.);
#5825=ADVANCED_FACE('',(#5339),#5696,.T.);
#5826=ADVANCED_FACE('',(#5340),#143,.F.);
#5827=ADVANCED_FACE('',(#5341),#5697,.T.);
#5828=ADVANCED_FACE('',(#5342),#144,.F.);
#5829=ADVANCED_FACE('',(#5343),#5698,.T.);
#5830=ADVANCED_FACE('',(#5344),#145,.F.);
#5831=ADVANCED_FACE('',(#5345),#5699,.T.);
#5832=ADVANCED_FACE('',(#5346),#146,.F.);
#5833=ADVANCED_FACE('',(#5347),#5700,.T.);
#5834=ADVANCED_FACE('',(#5348),#147,.F.);
#5835=ADVANCED_FACE('',(#5349),#5701,.T.);
#5836=ADVANCED_FACE('',(#5350),#148,.F.);
#5837=ADVANCED_FACE('',(#5351),#149,.T.);
#5838=ADVANCED_FACE('',(#5352),#150,.T.);
#5839=ADVANCED_FACE('',(#5353),#151,.T.);
#5840=ADVANCED_FACE('',(#5354),#152,.T.);
#5841=ADVANCED_FACE('',(#5355),#153,.T.);
#5842=ADVANCED_FACE('',(#5356),#154,.T.);
#5843=ADVANCED_FACE('',(#5357),#155,.T.);
#5844=ADVANCED_FACE('',(#5358),#156,.T.);
#5845=ADVANCED_FACE('',(#5359),#5702,.F.);
#5846=ADVANCED_FACE('',(#5360),#5703,.T.);
#5847=ADVANCED_FACE('',(#5361),#5704,.F.);
#5848=ADVANCED_FACE('',(#5362),#5705,.T.);
#5849=ADVANCED_FACE('',(#5363),#5706,.F.);
#5850=ADVANCED_FACE('',(#5364),#157,.T.);
#5851=ADVANCED_FACE('',(#5365),#158,.F.);
#5852=ADVANCED_FACE('',(#5366),#5707,.T.);
#5853=ADVANCED_FACE('',(#5367),#5708,.F.);
#5854=ADVANCED_FACE('',(#5368),#5709,.T.);
#5855=ADVANCED_FACE('',(#5369),#5710,.F.);
#5856=ADVANCED_FACE('',(#5370),#5711,.T.);
#5857=ADVANCED_FACE('',(#5371),#5712,.F.);
#5858=ADVANCED_FACE('',(#5372),#5713,.T.);
#5859=ADVANCED_FACE('',(#5373),#5714,.F.);
#5860=ADVANCED_FACE('',(#5374),#5715,.T.);
#5861=ADVANCED_FACE('',(#5375),#5716,.F.);
#5862=ADVANCED_FACE('',(#5376),#5717,.F.);
#5863=ADVANCED_FACE('',(#5377),#5718,.T.);
#5864=ADVANCED_FACE('',(#5378),#5719,.F.);
#5865=ADVANCED_FACE('',(#5379),#159,.T.);
#5866=ADVANCED_FACE('',(#5380),#160,.F.);
#5867=ADVANCED_FACE('',(#5381),#161,.T.);
#5868=ADVANCED_FACE('',(#5382),#162,.F.);
#5869=ADVANCED_FACE('',(#5383),#163,.T.);
#5870=ADVANCED_FACE('',(#5384),#164,.F.);
#5871=ADVANCED_FACE('',(#5385),#165,.T.);
#5872=ADVANCED_FACE('',(#5386),#166,.F.);
#5873=ADVANCED_FACE('',(#5387),#167,.T.);
#5874=ADVANCED_FACE('',(#5388),#168,.F.);
#5875=ADVANCED_FACE('',(#5389),#169,.T.);
#5876=ADVANCED_FACE('',(#5390),#170,.F.);
#5877=ADVANCED_FACE('',(#5391),#5720,.F.);
#5878=ADVANCED_FACE('',(#5392),#5721,.F.);
#5879=ADVANCED_FACE('',(#5393),#5722,.F.);
#5880=ADVANCED_FACE('',(#5394),#5723,.F.);
#5881=ADVANCED_FACE('',(#5395),#171,.T.);
#5882=ADVANCED_FACE('',(#5396),#172,.F.);
#5883=ADVANCED_FACE('',(#5397),#5724,.F.);
#5884=ADVANCED_FACE('',(#5398),#5725,.F.);
#5885=ADVANCED_FACE('',(#5399),#5726,.F.);
#5886=ADVANCED_FACE('',(#5400),#5727,.F.);
#5887=ADVANCED_FACE('',(#5401),#5728,.F.);
#5888=ADVANCED_FACE('',(#5402),#173,.F.);
#5889=ADVANCED_FACE('',(#5403),#5729,.F.);
#5890=ADVANCED_FACE('',(#5404),#5730,.F.);
#5891=ADVANCED_FACE('',(#5405),#5731,.F.);
#5892=ADVANCED_FACE('',(#5406),#5732,.F.);
#5893=ADVANCED_FACE('',(#5407),#5733,.F.);
#5894=ADVANCED_FACE('',(#5408),#5734,.F.);
#5895=ADVANCED_FACE('',(#5409),#5735,.F.);
#5896=ADVANCED_FACE('',(#5410),#28,.T.);
#5897=ADVANCED_FACE('',(#5411),#29,.T.);
#5898=ADVANCED_FACE('',(#5412),#30,.T.);
#5899=ADVANCED_FACE('',(#5413),#31,.T.);
#5900=ADVANCED_FACE('',(#5414),#32,.T.);
#5901=ADVANCED_FACE('',(#5415),#33,.T.);
#5902=ADVANCED_FACE('',(#5416),#34,.T.);
#5903=ADVANCED_FACE('',(#5417),#35,.T.);
#5904=ADVANCED_FACE('',(#5418),#36,.F.);
#5905=ADVANCED_FACE('',(#5419),#37,.F.);
#5906=ADVANCED_FACE('',(#5420),#38,.F.);
#5907=ADVANCED_FACE('',(#5421),#39,.F.);
#5908=ADVANCED_FACE('',(#5422),#40,.F.);
#5909=ADVANCED_FACE('',(#5423),#41,.F.);
#5910=ADVANCED_FACE('',(#5424),#42,.F.);
#5911=ADVANCED_FACE('',(#5425),#43,.F.);
#5912=ADVANCED_FACE('',(#5426),#44,.F.);
#5913=ADVANCED_FACE('',(#5427),#45,.F.);
#5914=ADVANCED_FACE('',(#5428),#46,.F.);
#5915=ADVANCED_FACE('',(#5429),#47,.F.);
#5916=ADVANCED_FACE('',(#5430),#48,.F.);
#5917=ADVANCED_FACE('',(#5431),#49,.F.);
#5918=ADVANCED_FACE('',(#5432),#50,.F.);
#5919=ADVANCED_FACE('',(#5433),#51,.F.);
#5920=ADVANCED_FACE('',(#5434),#52,.F.);
#5921=ADVANCED_FACE('',(#5435),#53,.F.);
#5922=ADVANCED_FACE('',(#5436),#54,.F.);
#5923=ADVANCED_FACE('',(#5437),#55,.F.);
#5924=ADVANCED_FACE('',(#5438),#56,.F.);
#5925=ADVANCED_FACE('',(#5439),#57,.F.);
#5926=ADVANCED_FACE('',(#5440),#58,.F.);
#5927=ADVANCED_FACE('',(#5441),#59,.F.);
#5928=ADVANCED_FACE('',(#5442,#5443,#5444,#5445,#5446,#5447),#5736,.F.);
#5929=ADVANCED_FACE('',(#5448),#5737,.F.);
#5930=ADVANCED_FACE('',(#5449),#5738,.F.);
#5931=ADVANCED_FACE('',(#5450),#5739,.F.);
#5932=ADVANCED_FACE('',(#5451,#5452),#174,.F.);
#5933=ADVANCED_FACE('',(#5453,#5454),#175,.F.);
#5934=ADVANCED_FACE('',(#5455,#5456),#176,.F.);
#5935=ADVANCED_FACE('',(#5457,#5458),#177,.F.);
#5936=ADVANCED_FACE('',(#5459,#5460),#178,.F.);
#5937=ADVANCED_FACE('',(#5461,#5462),#179,.F.);
#5938=ADVANCED_FACE('',(#5463,#5464),#180,.F.);
#5939=ADVANCED_FACE('',(#5465,#5466),#181,.F.);
#5940=ADVANCED_FACE('',(#5467),#5740,.F.);
#5941=ADVANCED_FACE('',(#5468,#5469),#182,.F.);
#5942=ADVANCED_FACE('',(#5470,#5471,#5472,#5473,#5474,#5475,#5476,#5477,
#5478,#5479),#5741,.T.);
#5943=ADVANCED_FACE('',(#5480),#60,.T.);
#5944=ADVANCED_FACE('',(#5481),#61,.T.);
#5945=ADVANCED_FACE('',(#5482),#62,.T.);
#5946=ADVANCED_FACE('',(#5483),#63,.T.);
#5947=ADVANCED_FACE('',(#5484),#64,.T.);
#5948=ADVANCED_FACE('',(#5485),#65,.T.);
#5949=ADVANCED_FACE('',(#5486),#66,.T.);
#5950=ADVANCED_FACE('',(#5487),#67,.T.);
#5951=ADVANCED_FACE('',(#5488),#12,.F.);
#5952=ADVANCED_FACE('',(#5489),#13,.F.);
#5953=ADVANCED_FACE('',(#5490),#14,.F.);
#5954=ADVANCED_FACE('',(#5491),#15,.F.);
#5955=ADVANCED_FACE('',(#5492),#16,.F.);
#5956=ADVANCED_FACE('',(#5493),#17,.F.);
#5957=ADVANCED_FACE('',(#5494),#18,.F.);
#5958=ADVANCED_FACE('',(#5495),#19,.F.);
#5959=ADVANCED_FACE('',(#5496),#20,.F.);
#5960=ADVANCED_FACE('',(#5497),#21,.F.);
#5961=ADVANCED_FACE('',(#5498),#22,.F.);
#5962=ADVANCED_FACE('',(#5499),#23,.F.);
#5963=ADVANCED_FACE('',(#5500),#24,.F.);
#5964=ADVANCED_FACE('',(#5501),#25,.F.);
#5965=ADVANCED_FACE('',(#5502),#26,.F.);
#5966=ADVANCED_FACE('',(#5503),#27,.F.);
#5967=ADVANCED_FACE('',(#5504),#5742,.T.);
#5968=ADVANCED_FACE('',(#5505),#5743,.T.);
#5969=ADVANCED_FACE('',(#5506),#5744,.T.);
#5970=ADVANCED_FACE('',(#5507),#5745,.T.);
#5971=ADVANCED_FACE('',(#5508),#5746,.T.);
#5972=ADVANCED_FACE('',(#5509),#5747,.T.);
#5973=ADVANCED_FACE('',(#5510),#183,.F.);
#5974=ADVANCED_FACE('',(#5511),#5748,.T.);
#5975=ADVANCED_FACE('',(#5512),#5749,.T.);
#5976=ADVANCED_FACE('',(#5513),#5750,.T.);
#5977=ADVANCED_FACE('',(#5514),#5751,.T.);
#5978=ADVANCED_FACE('',(#5515),#5752,.T.);
#5979=ADVANCED_FACE('',(#5516),#5753,.T.);
#5980=ADVANCED_FACE('',(#5517),#5754,.T.);
#5981=ADVANCED_FACE('',(#5518),#5755,.T.);
#5982=ADVANCED_FACE('',(#5519),#5756,.T.);
#5983=ADVANCED_FACE('',(#5520),#68,.T.);
#5984=ADVANCED_FACE('',(#5521),#184,.F.);
#5985=ADVANCED_FACE('',(#5522),#185,.F.);
#5986=ADVANCED_FACE('',(#5523),#186,.F.);
#5987=ADVANCED_FACE('',(#5524),#187,.F.);
#5988=ADVANCED_FACE('',(#5525),#69,.T.);
#5989=ADVANCED_FACE('',(#5526),#188,.F.);
#5990=ADVANCED_FACE('',(#5527),#189,.F.);
#5991=ADVANCED_FACE('',(#5528),#70,.T.);
#5992=ADVANCED_FACE('',(#5529),#5757,.T.);
#5993=ADVANCED_FACE('',(#5530),#190,.T.);
#5994=ADVANCED_FACE('',(#5531),#191,.T.);
#5995=ADVANCED_FACE('',(#5532),#71,.T.);
#5996=ADVANCED_FACE('',(#5533),#72,.T.);
#5997=ADVANCED_FACE('',(#5534),#192,.T.);
#5998=ADVANCED_FACE('',(#5535),#193,.T.);
#5999=ADVANCED_FACE('',(#5536),#73,.T.);
#6000=ADVANCED_FACE('',(#5537),#5758,.T.);
#6001=ADVANCED_FACE('',(#5538),#5759,.T.);
#6002=ADVANCED_FACE('',(#5539),#5760,.T.);
#6003=ADVANCED_FACE('',(#5540),#74,.T.);
#6004=ADVANCED_FACE('',(#5541),#75,.T.);
#6005=ADVANCED_FACE('',(#5542),#76,.T.);
#6006=ADVANCED_FACE('',(#5543),#77,.T.);
#6007=ADVANCED_FACE('',(#5544),#5761,.T.);
#6008=ADVANCED_FACE('',(#5545),#194,.T.);
#6009=ADVANCED_FACE('',(#5546),#195,.T.);
#6010=ADVANCED_FACE('',(#5547),#78,.T.);
#6011=ADVANCED_FACE('',(#5548),#79,.T.);
#6012=ADVANCED_FACE('',(#5549),#80,.T.);
#6013=ADVANCED_FACE('',(#5550),#5762,.T.);
#6014=ADVANCED_FACE('',(#5551),#5763,.T.);
#6015=ADVANCED_FACE('',(#5552),#5764,.T.);
#6016=ADVANCED_FACE('',(#5553),#81,.T.);
#6017=ADVANCED_FACE('',(#5554),#82,.T.);
#6018=ADVANCED_FACE('',(#5555),#83,.T.);
#6019=ADVANCED_FACE('',(#5556),#84,.T.);
#6020=ADVANCED_FACE('',(#5557),#196,.T.);
#6021=ADVANCED_FACE('',(#5558),#197,.T.);
#6022=ADVANCED_FACE('',(#5559),#5765,.T.);
#6023=ADVANCED_FACE('',(#5560),#85,.T.);
#6024=ADVANCED_FACE('',(#5561),#86,.T.);
#6025=ADVANCED_FACE('',(#5562),#87,.T.);
#6026=ADVANCED_FACE('',(#5563),#88,.T.);
#6027=ADVANCED_FACE('',(#5564),#89,.T.);
#6028=ADVANCED_FACE('',(#5565),#5766,.T.);
#6029=ADVANCED_FACE('',(#5566),#90,.T.);
#6030=ADVANCED_FACE('',(#5567),#5767,.T.);
#6031=ADVANCED_FACE('',(#5568),#5768,.T.);
#6032=ADVANCED_FACE('',(#5569),#5769,.T.);
#6033=ADVANCED_FACE('',(#5570),#5770,.T.);
#6034=ADVANCED_FACE('',(#5571),#198,.F.);
#6035=ADVANCED_FACE('',(#5572),#5771,.T.);
#6036=ADVANCED_FACE('',(#5573),#199,.F.);
#6037=ADVANCED_FACE('',(#5574),#5772,.T.);
#6038=ADVANCED_FACE('',(#5575),#5773,.T.);
#6039=ADVANCED_FACE('',(#5576),#5774,.T.);
#6040=ADVANCED_FACE('',(#5577),#5775,.T.);
#6041=ADVANCED_FACE('',(#5578),#5776,.T.);
#6042=ADVANCED_FACE('',(#5579),#5777,.T.);
#6043=ADVANCED_FACE('',(#5580),#5778,.T.);
#6044=ADVANCED_FACE('',(#5581),#5779,.T.);
#6045=ADVANCED_FACE('',(#5582),#5780,.T.);
#6046=ADVANCED_FACE('',(#5583),#5781,.T.);
#6047=ADVANCED_FACE('',(#5584),#5782,.T.);
#6048=ADVANCED_FACE('',(#5585),#200,.F.);
#6049=ADVANCED_FACE('',(#5586,#5587),#5783,.T.);
#6050=ADVANCED_FACE('',(#5588),#5784,.F.);
#6051=ADVANCED_FACE('',(#5589),#91,.T.);
#6052=ADVANCED_FACE('',(#5590),#201,.F.);
#6053=ADVANCED_FACE('',(#5591),#5785,.T.);
#6054=ADVANCED_FACE('',(#5592),#5786,.T.);
#6055=ADVANCED_FACE('',(#5593),#5787,.T.);
#6056=ADVANCED_FACE('',(#5594),#5788,.T.);
#6057=ADVANCED_FACE('',(#5595),#5789,.T.);
#6058=ADVANCED_FACE('',(#5596),#5790,.T.);
#6059=ADVANCED_FACE('',(#5597),#5791,.T.);
#6060=ADVANCED_FACE('',(#5598),#202,.T.);
#6061=ADVANCED_FACE('',(#5599),#203,.T.);
#6062=ADVANCED_FACE('',(#5600),#92,.T.);
#6063=ADVANCED_FACE('',(#5601),#93,.T.);
#6064=ADVANCED_FACE('',(#5602),#204,.T.);
#6065=ADVANCED_FACE('',(#5603),#205,.T.);
#6066=ADVANCED_FACE('',(#5604),#5792,.T.);
#6067=ADVANCED_FACE('',(#5605),#94,.T.);
#6068=ADVANCED_FACE('',(#5606),#95,.T.);
#6069=ADVANCED_FACE('',(#5607),#96,.T.);
#6070=ADVANCED_FACE('',(#5608),#97,.T.);
#6071=ADVANCED_FACE('',(#5609),#5793,.T.);
#6072=ADVANCED_FACE('',(#5610),#98,.T.);
#6073=ADVANCED_FACE('',(#5611),#99,.T.);
#6074=ADVANCED_FACE('',(#5612),#100,.T.);
#6075=ADVANCED_FACE('',(#5613),#101,.T.);
#6076=ADVANCED_FACE('',(#5614),#206,.T.);
#6077=ADVANCED_FACE('',(#5615),#102,.T.);
#6078=ADVANCED_FACE('',(#5616),#103,.T.);
#6079=ADVANCED_FACE('',(#5617),#104,.T.);
#6080=ADVANCED_FACE('',(#5618),#105,.T.);
#6081=ADVANCED_FACE('',(#5619),#106,.T.);
#6082=ADVANCED_FACE('',(#5620),#107,.T.);
#6083=ADVANCED_FACE('',(#5621),#108,.T.);
#6084=ADVANCED_FACE('',(#5622),#109,.T.);
#6085=ADVANCED_FACE('',(#5623),#110,.T.);
#6086=ADVANCED_FACE('',(#5624),#111,.T.);
#6087=ADVANCED_FACE('',(#5625),#112,.T.);
#6088=ADVANCED_FACE('',(#5626),#5794,.T.);
#6089=ADVANCED_FACE('',(#5627),#113,.T.);
#6090=ADVANCED_FACE('',(#5628),#207,.T.);
#6091=ADVANCED_FACE('',(#5629),#114,.T.);
#6092=ADVANCED_FACE('',(#5630),#208,.T.);
#6093=ADVANCED_FACE('',(#5631),#5795,.T.);
#6094=ADVANCED_FACE('',(#5632),#115,.T.);
#6095=ADVANCED_FACE('',(#5633),#116,.T.);
#6096=ADVANCED_FACE('',(#5634),#117,.T.);
#6097=ADVANCED_FACE('',(#5635,#5636),#5796,.T.);
#6098=ADVANCED_FACE('',(#5637),#5797,.F.);
#6099=ADVANCED_FACE('',(#5638),#5798,.T.);
#6100=ADVANCED_FACE('',(#5639),#5799,.T.);
#6101=ADVANCED_FACE('',(#5640),#5800,.T.);
#6102=ADVANCED_FACE('',(#5641),#5801,.T.);
#6103=ADVANCED_FACE('',(#5642),#5802,.T.);
#6104=ADVANCED_FACE('',(#5643),#5803,.T.);
#6105=ADVANCED_FACE('',(#5644),#5804,.T.);
#6106=ADVANCED_FACE('',(#5645),#5805,.T.);
#6107=ADVANCED_FACE('',(#5646),#118,.T.);
#6108=ADVANCED_FACE('',(#5647),#119,.T.);
#6109=ADVANCED_FACE('',(#5648),#209,.T.);
#6110=ADVANCED_FACE('',(#5649),#210,.T.);
#6111=ADVANCED_FACE('',(#5650),#120,.T.);
#6112=ADVANCED_FACE('',(#5651),#121,.T.);
#6113=ADVANCED_FACE('',(#5652),#211,.T.);
#6114=ADVANCED_FACE('',(#5653),#122,.T.);
#6115=ADVANCED_FACE('',(#5654),#123,.T.);
#6116=ADVANCED_FACE('',(#5655),#124,.T.);
#6117=ADVANCED_FACE('',(#5656),#125,.T.);
#6118=ADVANCED_FACE('',(#5657),#212,.T.);
#6119=ADVANCED_FACE('',(#5658),#126,.T.);
#6120=ADVANCED_FACE('',(#5659),#127,.T.);
#6121=ADVANCED_FACE('',(#5660),#128,.T.);
#6122=ADVANCED_FACE('',(#5661),#129,.T.);
#6123=ADVANCED_FACE('',(#5662),#213,.F.);
#6124=ADVANCED_FACE('',(#5663),#130,.T.);
#6125=ADVANCED_FACE('',(#5664),#131,.T.);
#6126=ADVANCED_FACE('',(#5665),#214,.F.);
#6127=ADVANCED_FACE('',(#5666),#132,.T.);
#6128=ADVANCED_FACE('',(#5667),#133,.T.);
#6129=ADVANCED_FACE('',(#5668),#134,.T.);
#6130=ADVANCED_FACE('',(#5669),#135,.T.);
#6131=ADVANCED_FACE('',(#5670),#215,.F.);
#6132=ADVANCED_FACE('',(#5671),#136,.T.);
#6133=ADVANCED_FACE('',(#5672),#137,.T.);
#6134=ADVANCED_FACE('',(#5673),#216,.F.);
#6135=ADVANCED_FACE('',(#5674),#138,.T.);
#6136=ADVANCED_FACE('',(#5675),#139,.T.);
#6137=ADVANCED_FACE('',(#5676),#140,.T.);
#6138=ADVANCED_FACE('',(#5677,#5678,#5679),#5806,.T.);
#6139=ADVANCED_FACE('',(#5680),#5807,.F.);
#6140=ADVANCED_FACE('',(#5681),#5808,.F.);
#6141=CLOSED_SHELL('',(#5809,#5810,#5811,#5812,#5813,#5814,#5815,#5816,
#5817,#5818,#5819,#5820,#5821,#5822,#5823,#5824,#5825,#5826,#5827,#5828,
#5829,#5830,#5831,#5832,#5833,#5834,#5835,#5836,#5837,#5838,#5839,#5840,
#5841,#5842,#5843,#5844,#5845,#5846,#5847,#5848,#5849,#5850,#5851,#5852,
#5853,#5854,#5855,#5856,#5857,#5858,#5859,#5860,#5861,#5862,#5863,#5864,
#5865,#5866,#5867,#5868,#5869,#5870,#5871,#5872,#5873,#5874,#5875,#5876,
#5877,#5878,#5879,#5880,#5881,#5882,#5883,#5884,#5885,#5886,#5887,#5888,
#5889,#5890,#5891,#5892,#5893,#5894,#5895,#5896,#5897,#5898,#5899,#5900,
#5901,#5902,#5903,#5904,#5905,#5906,#5907,#5908,#5909,#5910,#5911,#5912,
#5913,#5914,#5915,#5916,#5917,#5918,#5919,#5920,#5921,#5922,#5923,#5924,
#5925,#5926,#5927,#5928,#5929,#5930,#5931,#5932,#5933,#5934,#5935,#5936,
#5937,#5938,#5939,#5940,#5941,#5942,#5943,#5944,#5945,#5946,#5947,#5948,
#5949,#5950,#5951,#5952,#5953,#5954,#5955,#5956,#5957,#5958,#5959,#5960,
#5961,#5962,#5963,#5964,#5965,#5966,#5967,#5968,#5969,#5970,#5971,#5972,
#5973,#5974,#5975,#5976,#5977,#5978,#5979,#5980,#5981,#5982,#5983,#5984,
#5985,#5986,#5987,#5988,#5989,#5990,#5991,#5992,#5993,#5994,#5995,#5996,
#5997,#5998,#5999,#6000,#6001,#6002,#6003,#6004,#6005,#6006,#6007,#6008,
#6009,#6010,#6011,#6012,#6013,#6014,#6015,#6016,#6017,#6018,#6019,#6020,
#6021,#6022,#6023,#6024,#6025,#6026,#6027,#6028,#6029,#6030,#6031,#6032,
#6033,#6034,#6035,#6036,#6037,#6038,#6039,#6040,#6041,#6042,#6043,#6044,
#6045,#6046,#6047,#6048,#6049,#6050,#6051,#6052,#6053,#6054,#6055,#6056,
#6057,#6058,#6059,#6060,#6061,#6062,#6063,#6064,#6065,#6066,#6067,#6068,
#6069,#6070,#6071,#6072,#6073,#6074,#6075,#6076,#6077,#6078,#6079,#6080,
#6081,#6082,#6083,#6084,#6085,#6086,#6087,#6088,#6089,#6090,#6091,#6092,
#6093,#6094,#6095,#6096,#6097,#6098,#6099,#6100,#6101,#6102,#6103,#6104,
#6105,#6106,#6107,#6108,#6109,#6110,#6111,#6112,#6113,#6114,#6115,#6116,
#6117,#6118,#6119,#6120,#6121,#6122,#6123,#6124,#6125,#6126,#6127,#6128,
#6129,#6130,#6131,#6132,#6133,#6134,#6135,#6136,#6137,#6138,#6139,#6140));
#6142=STYLED_ITEM('',(#6143),#6150);
#6143=PRESENTATION_STYLE_ASSIGNMENT((#6144));
#6144=SURFACE_STYLE_USAGE(.BOTH.,#6145);
#6145=SURFACE_SIDE_STYLE('',(#6146));
#6146=SURFACE_STYLE_FILL_AREA(#6147);
#6147=FILL_AREA_STYLE('',(#6148));
#6148=FILL_AREA_STYLE_COLOUR('',#6149);
#6149=COLOUR_RGB('',0.231372549019608,0.380392156862745,0.705882352941177);
#6150=MANIFOLD_SOLID_BREP('Mast',#6141);
#6151=SHAPE_DEFINITION_REPRESENTATION(#11527,#6152);
#6152=SHAPE_REPRESENTATION('Mast',(#6153),#11522);
#6153=AXIS2_PLACEMENT_3D('',#7713,#6510,#6511);
#6154=AXIS2_PLACEMENT_3D('',#7714,#6512,#6513);
#6155=AXIS2_PLACEMENT_3D('',#7734,#6519,#6520);
#6156=AXIS2_PLACEMENT_3D('',#7744,#6521,#6522);
#6157=AXIS2_PLACEMENT_3D('',#7762,#6523,#6524);
#6158=AXIS2_PLACEMENT_3D('',#7772,#6525,#6526);
#6159=AXIS2_PLACEMENT_3D('',#7781,#6527,#6528);
#6160=AXIS2_PLACEMENT_3D('',#7804,#6540,#6541);
#6161=AXIS2_PLACEMENT_3D('',#7830,#6548,#6549);
#6162=AXIS2_PLACEMENT_3D('',#7836,#6550,#6551);
#6163=AXIS2_PLACEMENT_3D('',#7875,#6553,#6554);
#6164=AXIS2_PLACEMENT_3D('',#7907,#6560,#6561);
#6165=AXIS2_PLACEMENT_3D('',#7909,#6562,#6563);
#6166=AXIS2_PLACEMENT_3D('',#7919,#6564,#6565);
#6167=AXIS2_PLACEMENT_3D('',#7921,#6566,#6567);
#6168=AXIS2_PLACEMENT_3D('',#7937,#6575,#6576);
#6169=AXIS2_PLACEMENT_3D('',#7938,#6577,#6578);
#6170=AXIS2_PLACEMENT_3D('',#7971,#6595,#6596);
#6171=AXIS2_PLACEMENT_3D('',#8013,#6603,#6604);
#6172=AXIS2_PLACEMENT_3D('',#8015,#6605,#6606);
#6173=AXIS2_PLACEMENT_3D('',#8051,#6610,#6611);
#6174=AXIS2_PLACEMENT_3D('',#8053,#6612,#6613);
#6175=AXIS2_PLACEMENT_3D('',#8068,#6615,#6616);
#6176=AXIS2_PLACEMENT_3D('',#8090,#6625,#6626);
#6177=AXIS2_PLACEMENT_3D('',#8092,#6627,#6628);
#6178=AXIS2_PLACEMENT_3D('',#8102,#6629,#6630);
#6179=AXIS2_PLACEMENT_3D('',#8104,#6631,#6632);
#6180=AXIS2_PLACEMENT_3D('',#8112,#6634,#6635);
#6181=AXIS2_PLACEMENT_3D('',#8114,#6636,#6637);
#6182=AXIS2_PLACEMENT_3D('',#8120,#6638,#6639);
#6183=AXIS2_PLACEMENT_3D('',#8122,#6640,#6641);
#6184=AXIS2_PLACEMENT_3D('',#8124,#6642,#6643);
#6185=AXIS2_PLACEMENT_3D('',#8126,#6644,#6645);
#6186=AXIS2_PLACEMENT_3D('',#8139,#6650,#6651);
#6187=AXIS2_PLACEMENT_3D('',#8159,#6661,#6662);
#6188=AXIS2_PLACEMENT_3D('',#8168,#6667,#6668);
#6189=AXIS2_PLACEMENT_3D('',#8169,#6669,#6670);
#6190=AXIS2_PLACEMENT_3D('',#8181,#6671,#6672);
#6191=AXIS2_PLACEMENT_3D('',#8185,#6674,#6675);
#6192=AXIS2_PLACEMENT_3D('',#8197,#6676,#6677);
#6193=AXIS2_PLACEMENT_3D('',#8198,#6678,#6679);
#6194=AXIS2_PLACEMENT_3D('',#8199,#6680,#6681);
#6195=AXIS2_PLACEMENT_3D('',#8212,#6682,#6683);
#6196=AXIS2_PLACEMENT_3D('',#8213,#6684,#6685);
#6197=AXIS2_PLACEMENT_3D('',#8225,#6686,#6687);
#6198=AXIS2_PLACEMENT_3D('',#8228,#6689,#6690);
#6199=AXIS2_PLACEMENT_3D('',#8229,#6691,#6692);
#6200=AXIS2_PLACEMENT_3D('',#8242,#6693,#6694);
#6201=AXIS2_PLACEMENT_3D('',#8243,#6695,#6696);
#6202=AXIS2_PLACEMENT_3D('',#8255,#6697,#6698);
#6203=AXIS2_PLACEMENT_3D('',#8258,#6700,#6701);
#6204=AXIS2_PLACEMENT_3D('',#8259,#6702,#6703);
#6205=AXIS2_PLACEMENT_3D('',#8272,#6704,#6705);
#6206=AXIS2_PLACEMENT_3D('',#8273,#6706,#6707);
#6207=AXIS2_PLACEMENT_3D('',#8285,#6708,#6709);
#6208=AXIS2_PLACEMENT_3D('',#8288,#6711,#6712);
#6209=AXIS2_PLACEMENT_3D('',#8289,#6713,#6714);
#6210=AXIS2_PLACEMENT_3D('',#8290,#6715,#6716);
#6211=AXIS2_PLACEMENT_3D('',#8291,#6717,#6718);
#6212=AXIS2_PLACEMENT_3D('',#8292,#6719,#6720);
#6213=AXIS2_PLACEMENT_3D('',#8293,#6721,#6722);
#6214=AXIS2_PLACEMENT_3D('',#8294,#6723,#6724);
#6215=AXIS2_PLACEMENT_3D('',#8295,#6725,#6726);
#6216=AXIS2_PLACEMENT_3D('',#8296,#6727,#6728);
#6217=AXIS2_PLACEMENT_3D('',#8297,#6729,#6730);
#6218=AXIS2_PLACEMENT_3D('',#8302,#6732,#6733);
#6219=AXIS2_PLACEMENT_3D('',#8306,#6735,#6736);
#6220=AXIS2_PLACEMENT_3D('',#8310,#6738,#6739);
#6221=AXIS2_PLACEMENT_3D('',#8314,#6741,#6742);
#6222=AXIS2_PLACEMENT_3D('',#8318,#6744,#6745);
#6223=AXIS2_PLACEMENT_3D('',#8322,#6747,#6748);
#6224=AXIS2_PLACEMENT_3D('',#8326,#6750,#6751);
#6225=AXIS2_PLACEMENT_3D('',#8334,#6755,#6756);
#6226=AXIS2_PLACEMENT_3D('',#8338,#6758,#6759);
#6227=AXIS2_PLACEMENT_3D('',#8342,#6761,#6762);
#6228=AXIS2_PLACEMENT_3D('',#8346,#6764,#6765);
#6229=AXIS2_PLACEMENT_3D('',#8350,#6767,#6768);
#6230=AXIS2_PLACEMENT_3D('',#8354,#6770,#6771);
#6231=AXIS2_PLACEMENT_3D('',#8358,#6773,#6774);
#6232=AXIS2_PLACEMENT_3D('',#8362,#6776,#6777);
#6233=AXIS2_PLACEMENT_3D('',#8366,#6779,#6780);
#6234=AXIS2_PLACEMENT_3D('',#8370,#6782,#6783);
#6235=AXIS2_PLACEMENT_3D('',#8374,#6785,#6786);
#6236=AXIS2_PLACEMENT_3D('',#8378,#6788,#6789);
#6237=AXIS2_PLACEMENT_3D('',#8382,#6791,#6792);
#6238=AXIS2_PLACEMENT_3D('',#8386,#6794,#6795);
#6239=AXIS2_PLACEMENT_3D('',#8390,#6797,#6798);
#6240=AXIS2_PLACEMENT_3D('',#8394,#6800,#6801);
#6241=AXIS2_PLACEMENT_3D('',#8395,#6802,#6803);
#6242=AXIS2_PLACEMENT_3D('',#8398,#6806,#6807);
#6243=AXIS2_PLACEMENT_3D('',#8403,#6811,#6812);
#6244=AXIS2_PLACEMENT_3D('',#8405,#6814,#6815);
#6245=AXIS2_PLACEMENT_3D('',#8407,#6817,#6818);
#6246=AXIS2_PLACEMENT_3D('',#8409,#6820,#6821);
#6247=AXIS2_PLACEMENT_3D('',#8414,#6825,#6826);
#6248=AXIS2_PLACEMENT_3D('',#8416,#6828,#6829);
#6249=AXIS2_PLACEMENT_3D('',#8418,#6831,#6832);
#6250=AXIS2_PLACEMENT_3D('',#8420,#6834,#6835);
#6251=AXIS2_PLACEMENT_3D('',#8425,#6839,#6840);
#6252=AXIS2_PLACEMENT_3D('',#8427,#6842,#6843);
#6253=AXIS2_PLACEMENT_3D('',#8429,#6845,#6846);
#6254=AXIS2_PLACEMENT_3D('',#8431,#6848,#6849);
#6255=AXIS2_PLACEMENT_3D('',#8440,#6855,#6856);
#6256=AXIS2_PLACEMENT_3D('',#8441,#6857,#6858);
#6257=AXIS2_PLACEMENT_3D('',#8445,#6861,#6862);
#6258=AXIS2_PLACEMENT_3D('',#8455,#6863,#6864);
#6259=AXIS2_PLACEMENT_3D('',#8465,#6865,#6866);
#6260=AXIS2_PLACEMENT_3D('',#8475,#6867,#6868);
#6261=AXIS2_PLACEMENT_3D('',#8485,#6869,#6870);
#6262=AXIS2_PLACEMENT_3D('',#8495,#6871,#6872);
#6263=AXIS2_PLACEMENT_3D('',#8505,#6873,#6874);
#6264=AXIS2_PLACEMENT_3D('',#8515,#6875,#6876);
#6265=AXIS2_PLACEMENT_3D('',#8525,#6877,#6878);
#6266=AXIS2_PLACEMENT_3D('',#8526,#6879,#6880);
#6267=AXIS2_PLACEMENT_3D('',#8532,#6884,#6885);
#6268=AXIS2_PLACEMENT_3D('',#8538,#6889,#6890);
#6269=AXIS2_PLACEMENT_3D('',#8544,#6894,#6895);
#6270=AXIS2_PLACEMENT_3D('',#8550,#6899,#6900);
#6271=AXIS2_PLACEMENT_3D('',#8551,#6901,#6902);
#6272=AXIS2_PLACEMENT_3D('',#8552,#6903,#6904);
#6273=AXIS2_PLACEMENT_3D('',#8553,#6905,#6906);
#6274=AXIS2_PLACEMENT_3D('',#8554,#6907,#6908);
#6275=AXIS2_PLACEMENT_3D('',#8560,#6912,#6913);
#6276=AXIS2_PLACEMENT_3D('',#8566,#6917,#6918);
#6277=AXIS2_PLACEMENT_3D('',#8572,#6922,#6923);
#6278=AXIS2_PLACEMENT_3D('',#8578,#6927,#6928);
#6279=AXIS2_PLACEMENT_3D('',#8584,#6932,#6933);
#6280=AXIS2_PLACEMENT_3D('',#8590,#6937,#6938);
#6281=AXIS2_PLACEMENT_3D('',#8596,#6942,#6943);
#6282=AXIS2_PLACEMENT_3D('',#8602,#6947,#6948);
#6283=AXIS2_PLACEMENT_3D('',#8608,#6952,#6953);
#6284=AXIS2_PLACEMENT_3D('',#8614,#6957,#6958);
#6285=AXIS2_PLACEMENT_3D('',#8620,#6962,#6963);
#6286=AXIS2_PLACEMENT_3D('',#8625,#6966,#6967);
#6287=AXIS2_PLACEMENT_3D('',#8626,#6968,#6969);
#6288=AXIS2_PLACEMENT_3D('',#8627,#6970,#6971);
#6289=AXIS2_PLACEMENT_3D('',#8632,#6974,#6975);
#6290=AXIS2_PLACEMENT_3D('',#8633,#6976,#6977);
#6291=AXIS2_PLACEMENT_3D('',#8634,#6978,#6979);
#6292=AXIS2_PLACEMENT_3D('',#8635,#6980,#6981);
#6293=AXIS2_PLACEMENT_3D('',#8636,#6982,#6983);
#6294=AXIS2_PLACEMENT_3D('',#8637,#6984,#6985);
#6295=AXIS2_PLACEMENT_3D('',#8638,#6986,#6987);
#6296=AXIS2_PLACEMENT_3D('',#8639,#6988,#6989);
#6297=AXIS2_PLACEMENT_3D('',#8640,#6990,#6991);
#6298=AXIS2_PLACEMENT_3D('',#8641,#6992,#6993);
#6299=AXIS2_PLACEMENT_3D('',#8642,#6994,#6995);
#6300=AXIS2_PLACEMENT_3D('',#8643,#6996,#6997);
#6301=AXIS2_PLACEMENT_3D('',#8644,#6998,#6999);
#6302=AXIS2_PLACEMENT_3D('',#8645,#7000,#7001);
#6303=AXIS2_PLACEMENT_3D('',#8646,#7002,#7003);
#6304=AXIS2_PLACEMENT_3D('',#8647,#7004,#7005);
#6305=AXIS2_PLACEMENT_3D('',#8648,#7006,#7007);
#6306=AXIS2_PLACEMENT_3D('',#8649,#7008,#7009);
#6307=AXIS2_PLACEMENT_3D('',#8650,#7010,#7011);
#6308=AXIS2_PLACEMENT_3D('',#8651,#7012,#7013);
#6309=AXIS2_PLACEMENT_3D('',#8652,#7014,#7015);
#6310=AXIS2_PLACEMENT_3D('',#8653,#7016,#7017);
#6311=AXIS2_PLACEMENT_3D('',#8654,#7018,#7019);
#6312=AXIS2_PLACEMENT_3D('',#8655,#7020,#7021);
#6313=AXIS2_PLACEMENT_3D('',#8656,#7022,#7023);
#6314=AXIS2_PLACEMENT_3D('',#8659,#7026,#7027);
#6315=AXIS2_PLACEMENT_3D('',#8662,#7030,#7031);
#6316=AXIS2_PLACEMENT_3D('',#8663,#7032,#7033);
#6317=AXIS2_PLACEMENT_3D('',#8664,#7034,#7035);
#6318=AXIS2_PLACEMENT_3D('',#8665,#7036,#7037);
#6319=AXIS2_PLACEMENT_3D('',#8666,#7038,#7039);
#6320=AXIS2_PLACEMENT_3D('',#8667,#7040,#7041);
#6321=AXIS2_PLACEMENT_3D('',#8668,#7042,#7043);
#6322=AXIS2_PLACEMENT_3D('',#8671,#7046,#7047);
#6323=AXIS2_PLACEMENT_3D('',#8674,#7050,#7051);
#6324=AXIS2_PLACEMENT_3D('',#8677,#7054,#7055);
#6325=AXIS2_PLACEMENT_3D('',#8680,#7058,#7059);
#6326=AXIS2_PLACEMENT_3D('',#8683,#7062,#7063);
#6327=AXIS2_PLACEMENT_3D('',#8685,#7065,#7066);
#6328=AXIS2_PLACEMENT_3D('',#8687,#7068,#7069);
#6329=AXIS2_PLACEMENT_3D('',#8688,#7070,#7071);
#6330=AXIS2_PLACEMENT_3D('',#8689,#7072,#7073);
#6331=AXIS2_PLACEMENT_3D('',#8690,#7074,#7075);
#6332=AXIS2_PLACEMENT_3D('',#8691,#7076,#7077);
#6333=AXIS2_PLACEMENT_3D('',#8692,#7078,#7079);
#6334=AXIS2_PLACEMENT_3D('',#9437,#7128,#7129);
#6335=AXIS2_PLACEMENT_3D('',#9438,#7130,#7131);
#6336=AXIS2_PLACEMENT_3D('',#9440,#7132,#7133);
#6337=AXIS2_PLACEMENT_3D('',#9463,#7135,#7136);
#6338=AXIS2_PLACEMENT_3D('',#9485,#7138,#7139);
#6339=AXIS2_PLACEMENT_3D('',#9507,#7141,#7142);
#6340=AXIS2_PLACEMENT_3D('',#9529,#7144,#7145);
#6341=AXIS2_PLACEMENT_3D('',#9530,#7146,#7147);
#6342=AXIS2_PLACEMENT_3D('',#9532,#7148,#7149);
#6343=AXIS2_PLACEMENT_3D('',#9534,#7150,#7151);
#6344=AXIS2_PLACEMENT_3D('',#9536,#7152,#7153);
#6345=AXIS2_PLACEMENT_3D('',#9542,#7157,#7158);
#6346=AXIS2_PLACEMENT_3D('',#9546,#7161,#7162);
#6347=AXIS2_PLACEMENT_3D('',#9550,#7165,#7166);
#6348=AXIS2_PLACEMENT_3D('',#9562,#7167,#7168);
#6349=AXIS2_PLACEMENT_3D('',#9564,#7169,#7170);
#6350=AXIS2_PLACEMENT_3D('',#9576,#7171,#7172);
#6351=AXIS2_PLACEMENT_3D('',#9578,#7173,#7174);
#6352=AXIS2_PLACEMENT_3D('',#9579,#7175,#7176);
#6353=AXIS2_PLACEMENT_3D('',#9581,#7177,#7178);
#6354=AXIS2_PLACEMENT_3D('',#9593,#7179,#7180);
#6355=AXIS2_PLACEMENT_3D('',#9595,#7181,#7182);
#6356=AXIS2_PLACEMENT_3D('',#9596,#7183,#7184);
#6357=AXIS2_PLACEMENT_3D('',#9598,#7185,#7186);
#6358=AXIS2_PLACEMENT_3D('',#9610,#7187,#7188);
#6359=AXIS2_PLACEMENT_3D('',#9612,#7189,#7190);
#6360=AXIS2_PLACEMENT_3D('',#9613,#7191,#7192);
#6361=AXIS2_PLACEMENT_3D('',#9615,#7193,#7194);
#6362=AXIS2_PLACEMENT_3D('',#9616,#7195,#7196);
#6363=AXIS2_PLACEMENT_3D('',#9618,#7197,#7198);
#6364=AXIS2_PLACEMENT_3D('',#9620,#7200,#7201);
#6365=AXIS2_PLACEMENT_3D('',#9621,#7202,#7203);
#6366=AXIS2_PLACEMENT_3D('',#9623,#7204,#7205);
#6367=AXIS2_PLACEMENT_3D('',#10108,#7206,#7207);
#6368=AXIS2_PLACEMENT_3D('',#10114,#7211,#7212);
#6369=AXIS2_PLACEMENT_3D('',#10118,#7215,#7216);
#6370=AXIS2_PLACEMENT_3D('',#10122,#7219,#7220);
#6371=AXIS2_PLACEMENT_3D('',#10126,#7223,#7224);
#6372=AXIS2_PLACEMENT_3D('',#10130,#7227,#7228);
#6373=AXIS2_PLACEMENT_3D('',#10134,#7231,#7232);
#6374=AXIS2_PLACEMENT_3D('',#10137,#7234,#7235);
#6375=AXIS2_PLACEMENT_3D('',#10138,#7236,#7237);
#6376=AXIS2_PLACEMENT_3D('',#10142,#7240,#7241);
#6377=AXIS2_PLACEMENT_3D('',#10146,#7244,#7245);
#6378=AXIS2_PLACEMENT_3D('',#10148,#7247,#7248);
#6379=AXIS2_PLACEMENT_3D('',#10149,#7249,#7250);
#6380=AXIS2_PLACEMENT_3D('',#10155,#7254,#7255);
#6381=AXIS2_PLACEMENT_3D('',#10159,#7258,#7259);
#6382=AXIS2_PLACEMENT_3D('',#10163,#7262,#7263);
#6383=AXIS2_PLACEMENT_3D('',#10167,#7266,#7267);
#6384=AXIS2_PLACEMENT_3D('',#10184,#7271,#7272);
#6385=AXIS2_PLACEMENT_3D('',#10187,#7274,#7275);
#6386=AXIS2_PLACEMENT_3D('',#10188,#7276,#7277);
#6387=AXIS2_PLACEMENT_3D('',#10191,#7279,#7280);
#6388=AXIS2_PLACEMENT_3D('',#10192,#7281,#7282);
#6389=AXIS2_PLACEMENT_3D('',#10195,#7284,#7285);
#6390=AXIS2_PLACEMENT_3D('',#10196,#7286,#7287);
#6391=AXIS2_PLACEMENT_3D('',#10199,#7289,#7290);
#6392=AXIS2_PLACEMENT_3D('',#10213,#7292,#7293);
#6393=AXIS2_PLACEMENT_3D('',#10216,#7295,#7296);
#6394=AXIS2_PLACEMENT_3D('',#10217,#7297,#7298);
#6395=AXIS2_PLACEMENT_3D('',#10220,#7300,#7301);
#6396=AXIS2_PLACEMENT_3D('',#10234,#7303,#7304);
#6397=AXIS2_PLACEMENT_3D('',#10238,#7307,#7308);
#6398=AXIS2_PLACEMENT_3D('',#10241,#7310,#7311);
#6399=AXIS2_PLACEMENT_3D('',#10242,#7312,#7313);
#6400=AXIS2_PLACEMENT_3D('',#10245,#7315,#7316);
#6401=AXIS2_PLACEMENT_3D('',#10272,#7319,#7320);
#6402=AXIS2_PLACEMENT_3D('',#10275,#7322,#7323);
#6403=AXIS2_PLACEMENT_3D('',#10276,#7324,#7325);
#6404=AXIS2_PLACEMENT_3D('',#10279,#7327,#7328);
#6405=AXIS2_PLACEMENT_3D('',#10293,#7330,#7331);
#6406=AXIS2_PLACEMENT_3D('',#10297,#7334,#7335);
#6407=AXIS2_PLACEMENT_3D('',#10299,#7337,#7338);
#6408=AXIS2_PLACEMENT_3D('',#10354,#7344,#7345);
#6409=AXIS2_PLACEMENT_3D('',#10358,#7348,#7349);
#6410=AXIS2_PLACEMENT_3D('',#10361,#7351,#7352);
#6411=AXIS2_PLACEMENT_3D('',#10362,#7353,#7354);
#6412=AXIS2_PLACEMENT_3D('',#10365,#7356,#7357);
#6413=AXIS2_PLACEMENT_3D('',#10405,#7361,#7362);
#6414=AXIS2_PLACEMENT_3D('',#10409,#7365,#7366);
#6415=AXIS2_PLACEMENT_3D('',#10413,#7369,#7370);
#6416=AXIS2_PLACEMENT_3D('',#10469,#7377,#7378);
#6417=AXIS2_PLACEMENT_3D('',#10472,#7380,#7381);
#6418=AXIS2_PLACEMENT_3D('',#10473,#7382,#7383);
#6419=AXIS2_PLACEMENT_3D('',#10476,#7385,#7386);
#6420=AXIS2_PLACEMENT_3D('',#10477,#7387,#7388);
#6421=AXIS2_PLACEMENT_3D('',#10546,#7396,#7397);
#6422=AXIS2_PLACEMENT_3D('',#10561,#7400,#7401);
#6423=AXIS2_PLACEMENT_3D('',#10562,#7402,#7403);
#6424=AXIS2_PLACEMENT_3D('',#10571,#7408,#7409);
#6425=AXIS2_PLACEMENT_3D('',#10577,#7413,#7414);
#6426=AXIS2_PLACEMENT_3D('',#10583,#7418,#7419);
#6427=AXIS2_PLACEMENT_3D('',#10584,#7420,#7421);
#6428=AXIS2_PLACEMENT_3D('',#10588,#7423,#7424);
#6429=AXIS2_PLACEMENT_3D('',#10589,#7425,#7426);
#6430=AXIS2_PLACEMENT_3D('',#10595,#7430,#7431);
#6431=AXIS2_PLACEMENT_3D('',#10596,#7432,#7433);
#6432=AXIS2_PLACEMENT_3D('',#10600,#7435,#7436);
#6433=AXIS2_PLACEMENT_3D('',#10601,#7437,#7438);
#6434=AXIS2_PLACEMENT_3D('',#10607,#7442,#7443);
#6435=AXIS2_PLACEMENT_3D('',#10611,#7446,#7447);
#6436=AXIS2_PLACEMENT_3D('',#10615,#7450,#7451);
#6437=AXIS2_PLACEMENT_3D('',#10619,#7454,#7455);
#6438=AXIS2_PLACEMENT_3D('',#10623,#7458,#7459);
#6439=AXIS2_PLACEMENT_3D('',#10627,#7462,#7463);
#6440=AXIS2_PLACEMENT_3D('',#10631,#7466,#7467);
#6441=AXIS2_PLACEMENT_3D('',#10635,#7470,#7471);
#6442=AXIS2_PLACEMENT_3D('',#10639,#7474,#7475);
#6443=AXIS2_PLACEMENT_3D('',#10643,#7478,#7479);
#6444=AXIS2_PLACEMENT_3D('',#10645,#7481,#7482);
#6445=AXIS2_PLACEMENT_3D('',#10646,#7483,#7484);
#6446=AXIS2_PLACEMENT_3D('',#10647,#7485,#7486);
#6447=AXIS2_PLACEMENT_3D('',#10648,#7487,#7488);
#6448=AXIS2_PLACEMENT_3D('',#10649,#7489,#7490);
#6449=AXIS2_PLACEMENT_3D('',#10665,#7493,#7494);
#6450=AXIS2_PLACEMENT_3D('',#10668,#7496,#7497);
#6451=AXIS2_PLACEMENT_3D('',#10669,#7498,#7499);
#6452=AXIS2_PLACEMENT_3D('',#10673,#7502,#7503);
#6453=AXIS2_PLACEMENT_3D('',#10677,#7506,#7507);
#6454=AXIS2_PLACEMENT_3D('',#10681,#7510,#7511);
#6455=AXIS2_PLACEMENT_3D('',#10685,#7514,#7515);
#6456=AXIS2_PLACEMENT_3D('',#10689,#7518,#7519);
#6457=AXIS2_PLACEMENT_3D('',#10693,#7522,#7523);
#6458=AXIS2_PLACEMENT_3D('',#10697,#7526,#7527);
#6459=AXIS2_PLACEMENT_3D('',#10700,#7529,#7530);
#6460=AXIS2_PLACEMENT_3D('',#10701,#7531,#7532);
#6461=AXIS2_PLACEMENT_3D('',#10704,#7534,#7535);
#6462=AXIS2_PLACEMENT_3D('',#10731,#7538,#7539);
#6463=AXIS2_PLACEMENT_3D('',#10734,#7541,#7542);
#6464=AXIS2_PLACEMENT_3D('',#10735,#7543,#7544);
#6465=AXIS2_PLACEMENT_3D('',#10738,#7546,#7547);
#6466=AXIS2_PLACEMENT_3D('',#10739,#7548,#7549);
#6467=AXIS2_PLACEMENT_3D('',#10793,#7555,#7556);
#6468=AXIS2_PLACEMENT_3D('',#10865,#7562,#7563);
#6469=AXIS2_PLACEMENT_3D('',#10866,#7564,#7565);
#6470=AXIS2_PLACEMENT_3D('',#10870,#7567,#7568);
#6471=AXIS2_PLACEMENT_3D('',#11024,#7581,#7582);
#6472=AXIS2_PLACEMENT_3D('',#11041,#7586,#7587);
#6473=AXIS2_PLACEMENT_3D('',#11044,#7589,#7590);
#6474=AXIS2_PLACEMENT_3D('',#11058,#7592,#7593);
#6475=AXIS2_PLACEMENT_3D('',#11061,#7595,#7596);
#6476=AXIS2_PLACEMENT_3D('',#11062,#7597,#7598);
#6477=AXIS2_PLACEMENT_3D('',#11104,#7602,#7603);
#6478=AXIS2_PLACEMENT_3D('',#11105,#7604,#7605);
#6479=AXIS2_PLACEMENT_3D('',#11106,#7606,#7607);
#6480=AXIS2_PLACEMENT_3D('',#11112,#7611,#7612);
#6481=AXIS2_PLACEMENT_3D('',#11116,#7615,#7616);
#6482=AXIS2_PLACEMENT_3D('',#11120,#7619,#7620);
#6483=AXIS2_PLACEMENT_3D('',#11124,#7623,#7624);
#6484=AXIS2_PLACEMENT_3D('',#11128,#7627,#7628);
#6485=AXIS2_PLACEMENT_3D('',#11132,#7631,#7632);
#6486=AXIS2_PLACEMENT_3D('',#11134,#7634,#7635);
#6487=AXIS2_PLACEMENT_3D('',#11172,#7639,#7640);
#6488=AXIS2_PLACEMENT_3D('',#11173,#7641,#7642);
#6489=AXIS2_PLACEMENT_3D('',#11177,#7644,#7645);
#6490=AXIS2_PLACEMENT_3D('',#11178,#7646,#7647);
#6491=AXIS2_PLACEMENT_3D('',#11179,#7648,#7649);
#6492=AXIS2_PLACEMENT_3D('',#11183,#7651,#7652);
#6493=AXIS2_PLACEMENT_3D('',#11218,#7655,#7656);
#6494=AXIS2_PLACEMENT_3D('',#11219,#7657,#7658);
#6495=AXIS2_PLACEMENT_3D('',#11223,#7660,#7661);
#6496=AXIS2_PLACEMENT_3D('',#11295,#7667,#7668);
#6497=AXIS2_PLACEMENT_3D('',#11296,#7669,#7670);
#6498=AXIS2_PLACEMENT_3D('',#11300,#7672,#7673);
#6499=AXIS2_PLACEMENT_3D('',#11359,#7679,#7680);
#6500=AXIS2_PLACEMENT_3D('',#11362,#7682,#7683);
#6501=AXIS2_PLACEMENT_3D('',#11389,#7686,#7687);
#6502=AXIS2_PLACEMENT_3D('',#11392,#7689,#7690);
#6503=AXIS2_PLACEMENT_3D('',#11445,#7695,#7696);
#6504=AXIS2_PLACEMENT_3D('',#11448,#7698,#7699);
#6505=AXIS2_PLACEMENT_3D('',#11475,#7702,#7703);
#6506=AXIS2_PLACEMENT_3D('',#11478,#7705,#7706);
#6507=AXIS2_PLACEMENT_3D('',#11518,#7707,#7708);
#6508=AXIS2_PLACEMENT_3D('',#11519,#7709,#7710);
#6509=AXIS2_PLACEMENT_3D('',#11520,#7711,#7712);
#6510=DIRECTION('',(0.,0.,1.));
#6511=DIRECTION('',(1.,0.,0.));
#6512=DIRECTION('',(1.,0.,0.));
#6513=DIRECTION('',(0.,0.,-1.));
#6514=DIRECTION('',(0.,0.,1.));
#6515=DIRECTION('',(2.00665696991363E-14,0.,-1.));
#6516=DIRECTION('',(0.,-1.,0.));
#6517=DIRECTION('',(0.,0.,1.));
#6518=DIRECTION('',(0.,-1.,0.));
#6519=DIRECTION('',(-1.,0.,0.));
#6520=DIRECTION('',(0.,0.,1.));
#6521=DIRECTION('',(-1.,0.,0.));
#6522=DIRECTION('',(0.,0.,1.));
#6523=DIRECTION('',(-1.,0.,0.));
#6524=DIRECTION('',(0.,0.,1.));
#6525=DIRECTION('',(-1.,0.,0.));
#6526=DIRECTION('',(0.,0.,1.));
#6527=DIRECTION('',(0.707106781186547,0.,0.707106781186548));
#6528=DIRECTION('',(0.707106781186548,0.,-0.707106781186547));
#6529=DIRECTION('',(-0.707106781186548,0.,0.707106781186547));
#6530=DIRECTION('',(0.,-1.,0.));
#6531=DIRECTION('',(-0.707106781186548,0.,0.707106781186547));
#6532=DIRECTION('',(0.,-1.,0.));
#6533=DIRECTION('',(-0.294229651932129,0.909317229490235,0.294229651932128));
#6534=DIRECTION('',(0.707106781186548,0.,-0.707106781186547));
#6535=DIRECTION('',(0.,1.,0.));
#6536=DIRECTION('',(-0.707106781186548,0.,0.707106781186547));
#6537=DIRECTION('',(0.,-1.,0.));
#6538=DIRECTION('',(0.283043588427424,-0.916391103241544,-0.283043588427424));
#6539=DIRECTION('',(0.707106781186548,0.,-0.707106781186547));
#6540=DIRECTION('',(-7.1666320354058E-16,0.,1.));
#6541=DIRECTION('',(1.,0.,7.1666320354058E-16));
#6542=DIRECTION('',(-1.,0.,-7.1666320354058E-16));
#6543=DIRECTION('',(1.,0.,0.));
#6544=DIRECTION('',(0.,-1.,0.));
#6545=DIRECTION('',(-1.,0.,-7.1666320354058E-16));
#6546=DIRECTION('',(0.,-1.,0.));
#6547=DIRECTION('',(0.,-1.,0.));
#6548=DIRECTION('',(7.1666320354058E-16,0.,-1.));
#6549=DIRECTION('',(-1.,0.,-7.1666320354058E-16));
#6550=DIRECTION('',(7.1666320354058E-16,0.,-1.));
#6551=DIRECTION('',(-1.,0.,-7.1666320354058E-16));
#6552=DIRECTION('',(-1.,0.,-7.1666320354058E-16));
#6553=DIRECTION('',(-0.707106781186548,0.,0.707106781186547));
#6554=DIRECTION('',(0.707106781186547,0.,0.707106781186548));
#6555=DIRECTION('',(-0.707106781186547,0.,-0.707106781186548));
#6556=DIRECTION('',(0.,-1.,0.));
#6557=DIRECTION('',(-0.707106781186547,0.,-0.707106781186548));
#6558=DIRECTION('',(0.,-1.,0.));
#6559=DIRECTION('',(0.,1.,0.));
#6560=DIRECTION('',(0.707106781186548,0.,-0.707106781186547));
#6561=DIRECTION('',(-0.707106781186547,0.,-0.707106781186548));
#6562=DIRECTION('',(0.707106781186548,0.,-0.707106781186547));
#6563=DIRECTION('',(-0.707106781186547,0.,-0.707106781186548));
#6564=DIRECTION('',(0.707106781186548,0.,-0.707106781186547));
#6565=DIRECTION('',(-0.707106781186547,0.,-0.707106781186548));
#6566=DIRECTION('',(0.707106781186548,0.,-0.707106781186547));
#6567=DIRECTION('',(-0.707106781186547,0.,-0.707106781186548));
#6568=DIRECTION('',(0.622794737209605,0.473554041908668,0.622794737209606));
#6569=DIRECTION('',(-0.0521012748785647,0.997281762749152,-0.0521012748785648));
#6570=DIRECTION('',(-0.707106781186547,0.,-0.707106781186548));
#6571=DIRECTION('',(0.,-1.,0.));
#6572=DIRECTION('',(0.707106781186547,0.,0.707106781186548));
#6573=DIRECTION('',(0.0659289074302782,-0.99564389132365,0.0659289074302783));
#6574=DIRECTION('',(-0.693129590477357,0.197845246618113,-0.693129590477358));
#6575=DIRECTION('',(0.707106781186548,0.,-0.707106781186547));
#6576=DIRECTION('',(-0.707106781186547,0.,-0.707106781186548));
#6577=DIRECTION('',(-1.,0.,-2.23957251106432E-16));
#6578=DIRECTION('',(-2.23957251106432E-16,0.,1.));
#6579=DIRECTION('',(2.23957251106432E-16,0.,-1.));
#6580=DIRECTION('',(-3.04581861504747E-15,0.,-1.));
#6581=DIRECTION('',(0.,-1.,0.));
#6582=DIRECTION('',(2.23957251106432E-16,0.,-1.));
#6583=DIRECTION('',(0.,-1.,0.));
#6584=DIRECTION('',(-2.23957251106432E-16,0.,1.));
#6585=DIRECTION('',(0.,-1.,0.));
#6586=DIRECTION('',(-2.23957251106432E-16,0.,1.));
#6587=DIRECTION('',(0.,1.,0.));
#6588=DIRECTION('',(-2.23957251106432E-16,0.,1.));
#6589=DIRECTION('',(0.,1.,0.));
#6590=DIRECTION('',(1.25847509426586E-16,0.827187181278788,-0.561926478400914));
#6591=DIRECTION('',(2.23957251106432E-16,0.,-1.));
#6592=DIRECTION('',(-3.11668867742489E-31,-1.,1.39164445983655E-15));
#6593=DIRECTION('',(2.23957251106432E-16,0.,-1.));
#6594=DIRECTION('',(0.,-1.,0.));
#6595=DIRECTION('',(-0.707106781186548,0.,-0.707106781186548));
#6596=DIRECTION('',(-0.707106781186548,0.,0.707106781186548));
#6597=DIRECTION('',(0.707106781186548,0.,-0.707106781186548));
#6598=DIRECTION('',(0.,-1.,0.));
#6599=DIRECTION('',(0.707106781186548,0.,-0.707106781186548));
#6600=DIRECTION('',(0.,-1.,0.));
#6601=DIRECTION('',(0.,-1.,0.));
#6602=DIRECTION('',(0.,1.,0.));
#6603=DIRECTION('',(0.707106781186548,0.,0.707106781186548));
#6604=DIRECTION('',(0.707106781186548,0.,-0.707106781186548));
#6605=DIRECTION('',(0.707106781186548,0.,0.707106781186548));
#6606=DIRECTION('',(0.707106781186548,0.,-0.707106781186548));
#6607=DIRECTION('',(-0.707106781186548,0.,0.707106781186548));
#6608=DIRECTION('',(0.,1.,0.));
#6609=DIRECTION('',(0.707106781186548,0.,-0.707106781186548));
#6610=DIRECTION('',(0.707106781186548,0.,0.707106781186548));
#6611=DIRECTION('',(0.707106781186548,0.,-0.707106781186548));
#6612=DIRECTION('',(0.707106781186548,0.,0.707106781186548));
#6613=DIRECTION('',(0.707106781186548,0.,-0.707106781186548));
#6614=DIRECTION('',(-0.394469574431446,0.829932231989906,0.394469574431446));
#6615=DIRECTION('',(0.,0.,-1.));
#6616=DIRECTION('',(-1.,0.,0.));
#6617=DIRECTION('',(1.,0.,0.));
#6618=DIRECTION('',(-1.,0.,0.));
#6619=DIRECTION('',(0.,-1.,0.));
#6620=DIRECTION('',(1.,0.,0.));
#6621=DIRECTION('',(0.,-1.,0.));
#6622=DIRECTION('',(-1.,0.,0.));
#6623=DIRECTION('',(0.,1.,0.));
#6624=DIRECTION('',(0.703417603406502,0.710776811114328,0.));
#6625=DIRECTION('',(0.,0.,1.));
#6626=DIRECTION('',(1.,0.,0.));
#6627=DIRECTION('',(0.,0.,1.));
#6628=DIRECTION('',(1.,0.,0.));
#6629=DIRECTION('',(0.,0.,1.));
#6630=DIRECTION('',(1.,0.,0.));
#6631=DIRECTION('',(0.,0.,1.));
#6632=DIRECTION('',(1.,0.,0.));
#6633=DIRECTION('',(-0.645005491521154,0.764177934716486,0.));
#6634=DIRECTION('',(0.,0.,1.));
#6635=DIRECTION('',(1.,0.,0.));
#6636=DIRECTION('',(0.,0.,1.));
#6637=DIRECTION('',(1.,0.,0.));
#6638=DIRECTION('',(0.,0.,1.));
#6639=DIRECTION('',(1.,0.,0.));
#6640=DIRECTION('',(0.,0.,1.));
#6641=DIRECTION('',(1.,0.,0.));
#6642=DIRECTION('',(0.,0.,1.));
#6643=DIRECTION('',(1.,0.,0.));
#6644=DIRECTION('',(0.,0.,1.));
#6645=DIRECTION('',(1.,0.,0.));
#6646=DIRECTION('',(-0.728454535560236,-0.685094146538796,0.));
#6647=DIRECTION('',(0.,-1.,0.));
#6648=DIRECTION('',(1.,0.,0.));
#6649=DIRECTION('',(0.,-1.,0.));
#6650=DIRECTION('',(-0.707106781186548,0.,0.707106781186547));
#6651=DIRECTION('',(0.707106781186547,0.,0.707106781186548));
#6652=DIRECTION('',(-0.707106781186547,0.,-0.707106781186548));
#6653=DIRECTION('',(0.,-1.,0.));
#6654=DIRECTION('',(-0.707106781186547,0.,-0.707106781186548));
#6655=DIRECTION('',(0.,-1.,0.));
#6656=DIRECTION('',(0.,-1.,0.));
#6657=DIRECTION('',(-0.707106781186547,0.,-0.707106781186548));
#6658=DIRECTION('',(0.,1.,0.));
#6659=DIRECTION('',(0.0162884597009496,0.999734650875492,0.0162884597009496));
#6660=DIRECTION('',(0.0223185622309708,0.999501757657226,0.0223185622309708));
#6661=DIRECTION('',(-0.707106781186548,0.,0.707106781186547));
#6662=DIRECTION('',(0.707106781186547,0.,0.707106781186548));
#6663=DIRECTION('',(-0.551131975324483,-0.626503863954459,-0.551131975324483));
#6664=DIRECTION('',(-0.442420437686206,0.780082247352862,-0.442420437686206));
#6665=DIRECTION('',(0.553182724356934,0.622878597277255,0.553182724356935));
#6666=DIRECTION('',(0.707106781186547,0.,0.707106781186548));
#6667=DIRECTION('',(0.,-1.,0.));
#6668=DIRECTION('',(1.,0.,0.));
#6669=DIRECTION('',(0.,1.,0.));
#6670=DIRECTION('',(0.,0.,-1.));
#6671=DIRECTION('',(0.,1.,0.));
#6672=DIRECTION('',(0.,0.,-1.));
#6673=DIRECTION('',(-0.707106781186548,0.,0.707106781186547));
#6674=DIRECTION('',(0.,1.,0.));
#6675=DIRECTION('',(0.,0.,-1.));
#6676=DIRECTION('',(0.,1.,0.));
#6677=DIRECTION('',(0.,0.,-1.));
#6678=DIRECTION('',(0.,-1.,0.));
#6679=DIRECTION('',(1.,0.,0.));
#6680=DIRECTION('',(0.,1.,0.));
#6681=DIRECTION('',(0.,0.,-1.));
#6682=DIRECTION('',(0.,1.,0.));
#6683=DIRECTION('',(0.,0.,-1.));
#6684=DIRECTION('',(0.,1.,0.));
#6685=DIRECTION('',(0.,0.,-1.));
#6686=DIRECTION('',(0.,1.,0.));
#6687=DIRECTION('',(0.,0.,-1.));
#6688=DIRECTION('',(0.707106781186548,0.,-0.707106781186548));
#6689=DIRECTION('',(0.,-1.,0.));
#6690=DIRECTION('',(1.,0.,0.));
#6691=DIRECTION('',(0.,1.,0.));
#6692=DIRECTION('',(0.,0.,-1.));
#6693=DIRECTION('',(0.,1.,0.));
#6694=DIRECTION('',(0.,0.,-1.));
#6695=DIRECTION('',(0.,1.,0.));
#6696=DIRECTION('',(0.,0.,-1.));
#6697=DIRECTION('',(0.,1.,0.));
#6698=DIRECTION('',(0.,0.,-1.));
#6699=DIRECTION('',(-0.707106781186547,0.,-0.707106781186548));
#6700=DIRECTION('',(0.,-1.,0.));
#6701=DIRECTION('',(1.,0.,0.));
#6702=DIRECTION('',(0.,1.,0.));
#6703=DIRECTION('',(0.,0.,-1.));
#6704=DIRECTION('',(0.,1.,0.));
#6705=DIRECTION('',(0.,0.,-1.));
#6706=DIRECTION('',(0.,1.,0.));
#6707=DIRECTION('',(0.,0.,-1.));
#6708=DIRECTION('',(0.,1.,0.));
#6709=DIRECTION('',(0.,0.,-1.));
#6710=DIRECTION('',(-0.707106781186547,0.,-0.707106781186548));
#6711=DIRECTION('',(0.,-1.,0.));
#6712=DIRECTION('',(1.,0.,0.));
#6713=DIRECTION('',(0.,1.,0.));
#6714=DIRECTION('',(0.,0.,-1.));
#6715=DIRECTION('',(0.,1.,0.));
#6716=DIRECTION('',(0.,0.,-1.));
#6717=DIRECTION('',(0.,1.,0.));
#6718=DIRECTION('',(0.,0.,-1.));
#6719=DIRECTION('',(0.,1.,0.));
#6720=DIRECTION('',(0.,0.,-1.));
#6721=DIRECTION('',(0.,1.,0.));
#6722=DIRECTION('',(0.,0.,-1.));
#6723=DIRECTION('',(0.,1.,0.));
#6724=DIRECTION('',(0.,0.,-1.));
#6725=DIRECTION('',(0.,1.,0.));
#6726=DIRECTION('',(0.,0.,-1.));
#6727=DIRECTION('',(0.,1.,0.));
#6728=DIRECTION('',(0.,0.,-1.));
#6729=DIRECTION('',(0.,-1.,0.));
#6730=DIRECTION('',(0.,0.,-1.));
#6731=DIRECTION('',(-0.707106781186548,0.,-0.707106781186548));
#6732=DIRECTION('',(0.,-1.,0.));
#6733=DIRECTION('',(0.,0.,-1.));
#6734=DIRECTION('',(-1.,0.,0.));
#6735=DIRECTION('',(0.,-1.,0.));
#6736=DIRECTION('',(0.,0.,-1.));
#6737=DIRECTION('',(-0.707106781186548,0.,0.707106781186548));
#6738=DIRECTION('',(0.,-1.,0.));
#6739=DIRECTION('',(0.,0.,-1.));
#6740=DIRECTION('',(-2.22044604925032E-16,0.,1.));
#6741=DIRECTION('',(0.,-1.,0.));
#6742=DIRECTION('',(0.,0.,-1.));
#6743=DIRECTION('',(0.707106781186547,0.,0.707106781186548));
#6744=DIRECTION('',(0.,-1.,0.));
#6745=DIRECTION('',(0.,0.,-1.));
#6746=DIRECTION('',(1.,0.,2.77555756156289E-16));
#6747=DIRECTION('',(0.,-1.,0.));
#6748=DIRECTION('',(0.,0.,-1.));
#6749=DIRECTION('',(0.707106781186548,0.,-0.707106781186547));
#6750=DIRECTION('',(0.,-1.,0.));
#6751=DIRECTION('',(0.,0.,-1.));
#6752=DIRECTION('',(4.44089209850063E-16,0.,-1.));
#6753=DIRECTION('',(-1.,0.,-4.44089209850063E-16));
#6754=DIRECTION('',(4.44089209850063E-16,0.,-1.));
#6755=DIRECTION('',(0.,-1.,0.));
#6756=DIRECTION('',(0.,0.,-1.));
#6757=DIRECTION('',(0.707106781186548,0.,-0.707106781186547));
#6758=DIRECTION('',(0.,-1.,0.));
#6759=DIRECTION('',(0.,0.,-1.));
#6760=DIRECTION('',(1.,0.,2.77555756156289E-16));
#6761=DIRECTION('',(0.,-1.,0.));
#6762=DIRECTION('',(0.,0.,-1.));
#6763=DIRECTION('',(0.707106781186547,0.,0.707106781186548));
#6764=DIRECTION('',(0.,-1.,0.));
#6765=DIRECTION('',(0.,0.,-1.));
#6766=DIRECTION('',(-2.22044604925032E-16,0.,1.));
#6767=DIRECTION('',(0.,-1.,0.));
#6768=DIRECTION('',(0.,0.,-1.));
#6769=DIRECTION('',(-0.707106781186548,0.,0.707106781186548));
#6770=DIRECTION('',(0.,-1.,0.));
#6771=DIRECTION('',(0.,0.,-1.));
#6772=DIRECTION('',(-1.,0.,0.));
#6773=DIRECTION('',(0.,-1.,0.));
#6774=DIRECTION('',(0.,0.,-1.));
#6775=DIRECTION('',(-0.707106781186548,0.,-0.707106781186548));
#6776=DIRECTION('',(0.,-1.,0.));
#6777=DIRECTION('',(0.,0.,-1.));
#6778=DIRECTION('',(0.,0.,1.));
#6779=DIRECTION('',(0.,1.,0.));
#6780=DIRECTION('',(0.,0.,-1.));
#6781=DIRECTION('',(-0.707106781186548,0.,0.707106781186547));
#6782=DIRECTION('',(0.,1.,0.));
#6783=DIRECTION('',(0.,0.,-1.));
#6784=DIRECTION('',(-1.,0.,-7.16663203540579E-16));
#6785=DIRECTION('',(0.,1.,0.));
#6786=DIRECTION('',(0.,0.,-1.));
#6787=DIRECTION('',(-0.707106781186547,0.,-0.707106781186548));
#6788=DIRECTION('',(0.,1.,0.));
#6789=DIRECTION('',(0.,0.,-1.));
#6790=DIRECTION('',(1.79165800885145E-16,0.,-1.));
#6791=DIRECTION('',(0.,1.,0.));
#6792=DIRECTION('',(0.,0.,-1.));
#6793=DIRECTION('',(0.707106781186548,0.,-0.707106781186548));
#6794=DIRECTION('',(0.,1.,0.));
#6795=DIRECTION('',(0.,0.,-1.));
#6796=DIRECTION('',(1.,0.,1.79165800885145E-16));
#6797=DIRECTION('',(0.,1.,0.));
#6798=DIRECTION('',(0.,0.,-1.));
#6799=DIRECTION('',(-0.707106781186547,0.,-0.707106781186548));
#6800=DIRECTION('',(0.,1.,0.));
#6801=DIRECTION('',(0.,0.,-1.));
#6802=DIRECTION('',(0.,-1.,0.));
#6803=DIRECTION('',(0.,0.,-1.));
#6804=DIRECTION('',(0.,-1.,0.));
#6805=DIRECTION('',(0.,-1.,0.));
#6806=DIRECTION('',(1.79165800885145E-16,0.,-1.));
#6807=DIRECTION('',(-1.,0.,-1.79165800885145E-16));
#6808=DIRECTION('',(1.,0.,1.79165800885145E-16));
#6809=DIRECTION('',(0.,-1.,0.));
#6810=DIRECTION('',(1.,0.,0.));
#6811=DIRECTION('',(0.,-1.,0.));
#6812=DIRECTION('',(0.,0.,-1.));
#6813=DIRECTION('',(0.,-1.,0.));
#6814=DIRECTION('',(-0.707106781186548,0.,-0.707106781186548));
#6815=DIRECTION('',(-0.707106781186548,0.,0.707106781186548));
#6816=DIRECTION('',(0.,-1.,0.));
#6817=DIRECTION('',(0.,-1.,0.));
#6818=DIRECTION('',(0.,0.,-1.));
#6819=DIRECTION('',(0.,-1.,0.));
#6820=DIRECTION('',(-1.,0.,-1.79165800885145E-16));
#6821=DIRECTION('',(-1.79165800885145E-16,0.,1.));
#6822=DIRECTION('',(1.79165800885145E-16,0.,-1.));
#6823=DIRECTION('',(0.,-1.,0.));
#6824=DIRECTION('',(2.86665281416233E-15,0.,1.));
#6825=DIRECTION('',(0.,-1.,0.));
#6826=DIRECTION('',(0.,0.,-1.));
#6827=DIRECTION('',(0.,-1.,0.));
#6828=DIRECTION('',(-0.707106781186548,0.,0.707106781186547));
#6829=DIRECTION('',(0.707106781186547,0.,0.707106781186548));
#6830=DIRECTION('',(0.,-1.,0.));
#6831=DIRECTION('',(0.,-1.,0.));
#6832=DIRECTION('',(0.,0.,-1.));
#6833=DIRECTION('',(0.,-1.,0.));
#6834=DIRECTION('',(-7.16663203540579E-16,0.,1.));
#6835=DIRECTION('',(1.,0.,7.16663203540579E-16));
#6836=DIRECTION('',(-1.,0.,-7.16663203540579E-16));
#6837=DIRECTION('',(0.,-1.,0.));
#6838=DIRECTION('',(-1.,0.,0.));
#6839=DIRECTION('',(0.,-1.,0.));
#6840=DIRECTION('',(0.,0.,-1.));
#6841=DIRECTION('',(0.,-1.,0.));
#6842=DIRECTION('',(0.707106781186547,0.,0.707106781186548));
#6843=DIRECTION('',(0.707106781186548,0.,-0.707106781186547));
#6844=DIRECTION('',(0.,-1.,0.));
#6845=DIRECTION('',(0.,-1.,0.));
#6846=DIRECTION('',(0.,0.,-1.));
#6847=DIRECTION('',(0.,-1.,0.));
#6848=DIRECTION('',(1.,0.,0.));
#6849=DIRECTION('',(0.,0.,-1.));
#6850=DIRECTION('',(0.,0.,-1.));
#6851=DIRECTION('',(0.,-1.,0.));
#6852=DIRECTION('',(-2.00665696991363E-14,0.,1.));
#6853=DIRECTION('',(0.,0.,1.));
#6854=DIRECTION('',(0.,1.,0.));
#6855=DIRECTION('',(0.,-1.,0.));
#6856=DIRECTION('',(0.,0.,-1.));
#6857=DIRECTION('',(0.,-1.,0.));
#6858=DIRECTION('',(0.,0.,-1.));
#6859=DIRECTION('',(0.,1.,0.));
#6860=DIRECTION('',(0.,-1.,0.));
#6861=DIRECTION('',(0.,-1.,0.));
#6862=DIRECTION('',(0.,0.,-1.));
#6863=DIRECTION('',(0.,-1.,0.));
#6864=DIRECTION('',(0.,0.,-1.));
#6865=DIRECTION('',(0.,-1.,0.));
#6866=DIRECTION('',(0.,0.,-1.));
#6867=DIRECTION('',(0.,-1.,0.));
#6868=DIRECTION('',(0.,0.,-1.));
#6869=DIRECTION('',(0.,-1.,0.));
#6870=DIRECTION('',(0.,0.,-1.));
#6871=DIRECTION('',(0.,-1.,0.));
#6872=DIRECTION('',(0.,0.,-1.));
#6873=DIRECTION('',(0.,-1.,0.));
#6874=DIRECTION('',(0.,0.,-1.));
#6875=DIRECTION('',(0.,-1.,0.));
#6876=DIRECTION('',(0.,0.,-1.));
#6877=DIRECTION('',(-0.707106781186548,0.,0.707106781186547));
#6878=DIRECTION('',(0.707106781186547,0.,0.707106781186548));
#6879=DIRECTION('',(0.,0.,1.));
#6880=DIRECTION('',(1.,0.,0.));
#6881=DIRECTION('',(0.,1.,0.));
#6882=DIRECTION('',(1.,0.,0.));
#6883=DIRECTION('',(0.,1.,0.));
#6884=DIRECTION('',(0.,0.,1.));
#6885=DIRECTION('',(1.,0.,0.));
#6886=DIRECTION('',(6.12323399573677E-17,-1.,0.));
#6887=DIRECTION('',(1.,0.,0.));
#6888=DIRECTION('',(-6.12323399573677E-17,1.,0.));
#6889=DIRECTION('',(-0.707106781186548,0.,0.707106781186548));
#6890=DIRECTION('',(0.707106781186548,0.,0.707106781186548));
#6891=DIRECTION('',(0.,1.,0.));
#6892=DIRECTION('',(0.707106781186548,0.,0.707106781186548));
#6893=DIRECTION('',(0.,1.,0.));
#6894=DIRECTION('',(-0.707106781186548,0.,0.707106781186548));
#6895=DIRECTION('',(0.707106781186548,0.,0.707106781186548));
#6896=DIRECTION('',(-4.32978028117747E-17,1.,-4.32978028117746E-17));
#6897=DIRECTION('',(0.707106781186548,0.,0.707106781186548));
#6898=DIRECTION('',(-4.32978028117747E-17,1.,-4.32978028117746E-17));
#6899=DIRECTION('',(0.,1.,0.));
#6900=DIRECTION('',(0.,0.,1.));
#6901=DIRECTION('',(0.,1.,0.));
#6902=DIRECTION('',(0.,0.,1.));
#6903=DIRECTION('',(0.,1.,0.));
#6904=DIRECTION('',(0.,0.,1.));
#6905=DIRECTION('',(0.,1.,0.));
#6906=DIRECTION('',(-0.707106781186547,0.,0.707106781186548));
#6907=DIRECTION('',(0.707106781186548,1.49087072367989E-16,0.707106781186548));
#6908=DIRECTION('',(0.707106781186548,3.59928032085299E-16,-0.707106781186548));
#6909=DIRECTION('',(-3.59928032085299E-16,1.,1.49087072367989E-16));
#6910=DIRECTION('',(0.707106781186548,3.59928032085299E-16,-0.707106781186548));
#6911=DIRECTION('',(-3.59928032085299E-16,1.,1.49087072367989E-16));
#6912=DIRECTION('',(0.707106781186548,1.49087072367989E-16,0.707106781186548));
#6913=DIRECTION('',(0.707106781186548,3.59928032085299E-16,-0.707106781186548));
#6914=DIRECTION('',(4.03225834897074E-16,-1.,-1.92384875179764E-16));
#6915=DIRECTION('',(0.707106781186548,3.59928032085299E-16,-0.707106781186548));
#6916=DIRECTION('',(4.03225834897074E-16,-1.,-1.92384875179764E-16));
#6917=DIRECTION('',(1.,5.09015104453288E-16,2.22044604925032E-16));
#6918=DIRECTION('',(2.22044604925032E-16,5.09015104453289E-16,-1.));
#6919=DIRECTION('',(-5.09015104453289E-16,1.,5.09015104453288E-16));
#6920=DIRECTION('',(2.22044604925032E-16,5.09015104453289E-16,-1.));
#6921=DIRECTION('',(-5.09015104453289E-16,1.,5.09015104453288E-16));
#6922=DIRECTION('',(1.,5.09015104453288E-16,2.22044604925032E-16));
#6923=DIRECTION('',(2.22044604925032E-16,5.09015104453289E-16,-1.));
#6924=DIRECTION('',(5.09015104453289E-16,-1.,-5.70247444410656E-16));
#6925=DIRECTION('',(2.22044604925032E-16,5.09015104453289E-16,-1.));
#6926=DIRECTION('',(5.09015104453289E-16,-1.,-5.70247444410656E-16));
#6927=DIRECTION('',(0.707106781186548,3.59928032085299E-16,-0.707106781186547));
#6928=DIRECTION('',(-0.707106781186547,1.4908707236799E-16,-0.707106781186548));
#6929=DIRECTION('',(-1.49087072367989E-16,1.,3.59928032085299E-16));
#6930=DIRECTION('',(-0.707106781186547,1.4908707236799E-16,-0.707106781186548));
#6931=DIRECTION('',(-1.49087072367989E-16,1.,3.59928032085299E-16));
#6932=DIRECTION('',(0.707106781186548,3.59928032085299E-16,-0.707106781186547));
#6933=DIRECTION('',(-0.707106781186547,1.4908707236799E-16,-0.707106781186548));
#6934=DIRECTION('',(1.05789269556215E-16,-1.,-4.03225834897074E-16));
#6935=DIRECTION('',(-0.707106781186547,1.4908707236799E-16,-0.707106781186548));
#6936=DIRECTION('',(1.05789269556215E-16,-1.,-4.03225834897074E-16));
#6937=DIRECTION('',(2.77555756156289E-16,3.6977854932235E-32,-1.));
#6938=DIRECTION('',(-1.,1.60237371373018E-31,-2.77555756156289E-16));
#6939=DIRECTION('',(1.60237371373018E-31,1.,3.6977854932235E-32));
#6940=DIRECTION('',(-1.,1.60237371373018E-31,-2.77555756156289E-16));
#6941=DIRECTION('',(1.60237371373018E-31,1.,3.6977854932235E-32));
#6942=DIRECTION('',(2.77555756156289E-16,3.6977854932235E-32,-1.));
#6943=DIRECTION('',(-1.,1.60237371373018E-31,-2.77555756156289E-16));
#6944=DIRECTION('',(-6.12323399573678E-17,-1.,-1.23259516440783E-31));
#6945=DIRECTION('',(-1.,1.60237371373018E-31,-2.77555756156289E-16));
#6946=DIRECTION('',(-6.12323399573678E-17,-1.,-1.23259516440783E-31));
#6947=DIRECTION('',(-0.707106781186547,-3.59928032085299E-16,-0.707106781186548));
#6948=DIRECTION('',(-0.707106781186548,1.49087072367989E-16,0.707106781186547));
#6949=DIRECTION('',(-1.49087072367989E-16,1.,-3.59928032085299E-16));
#6950=DIRECTION('',(-0.707106781186548,1.49087072367989E-16,0.707106781186547));
#6951=DIRECTION('',(-1.49087072367989E-16,1.,-3.59928032085299E-16));
#6952=DIRECTION('',(-0.707106781186547,-3.59928032085299E-16,-0.707106781186548));
#6953=DIRECTION('',(-0.707106781186548,1.49087072367989E-16,0.707106781186547));
#6954=DIRECTION('',(1.05789269556214E-16,-1.,4.03225834897073E-16));
#6955=DIRECTION('',(-0.707106781186548,1.49087072367989E-16,0.707106781186547));
#6956=DIRECTION('',(1.05789269556214E-16,-1.,4.03225834897073E-16));
#6957=DIRECTION('',(-4.44089209850063E-16,5.09015104453288E-16,1.));
#6958=DIRECTION('',(-5.09015104453288E-16,1.,-5.09015104453289E-16));
#6959=DIRECTION('',(-5.09015104453288E-16,1.,-5.09015104453289E-16));
#6960=DIRECTION('',(1.,5.09015104453288E-16,4.44089209850063E-16));
#6961=DIRECTION('',(-5.09015104453288E-16,1.,-5.09015104453289E-16));
#6962=DIRECTION('',(-1.,-5.09015104453288E-16,-4.44089209850063E-16));
#6963=DIRECTION('',(-4.44089209850063E-16,5.09015104453288E-16,1.));
#6964=DIRECTION('',(-5.09015104453288E-16,1.,-5.09015104453289E-16));
#6965=DIRECTION('',(-4.44089209850063E-16,5.09015104453288E-16,1.));
#6966=DIRECTION('',(-1.,-5.09015104453288E-16,-4.44089209850063E-16));
#6967=DIRECTION('',(5.09015104453288E-16,-1.,0.));
#6968=DIRECTION('',(-1.,-5.09015104453288E-16,-4.44089209850063E-16));
#6969=DIRECTION('',(-4.44089209850063E-16,5.09015104453288E-16,1.));
#6970=DIRECTION('',(-1.,-5.09015104453288E-16,-4.44089209850063E-16));
#6971=DIRECTION('',(-4.44089209850063E-16,5.09015104453288E-16,1.));
#6972=DIRECTION('',(-4.44089209850063E-16,5.09015104453288E-16,1.));
#6973=DIRECTION('',(5.09015104453288E-16,-1.,5.70247444410656E-16));
#6974=DIRECTION('',(5.09015104453288E-16,-1.,0.));
#6975=DIRECTION('',(-0.707106781186548,-3.59928032085299E-16,0.707106781186547));
#6976=DIRECTION('',(5.09015104453288E-16,-1.,0.));
#6977=DIRECTION('',(1.,5.09015104453288E-16,0.));
#6978=DIRECTION('',(5.09015104453288E-16,-1.,0.));
#6979=DIRECTION('',(-0.707106781186548,-3.59928032085299E-16,0.707106781186547));
#6980=DIRECTION('',(-1.49087072367989E-16,1.,-3.59928032085299E-16));
#6981=DIRECTION('',(-0.707106781186547,-3.59928032085299E-16,-0.707106781186548));
#6982=DIRECTION('',(5.09015104453288E-16,-1.,0.));
#6983=DIRECTION('',(-1.,-5.09015104453288E-16,-2.77555756156289E-16));
#6984=DIRECTION('',(5.09015104453288E-16,-1.,0.));
#6985=DIRECTION('',(1.,5.09015104453288E-16,0.));
#6986=DIRECTION('',(5.09015104453288E-16,-1.,0.));
#6987=DIRECTION('',(-1.,-5.09015104453288E-16,-2.77555756156289E-16));
#6988=DIRECTION('',(9.86076131526265E-32,1.,1.23259516440783E-31));
#6989=DIRECTION('',(7.21644966006352E-16,1.23259516440783E-32,-1.));
#6990=DIRECTION('',(5.09015104453288E-16,-1.,0.));
#6991=DIRECTION('',(-0.707106781186547,-3.59928032085299E-16,-0.707106781186548));
#6992=DIRECTION('',(5.09015104453288E-16,-1.,0.));
#6993=DIRECTION('',(1.,5.09015104453288E-16,0.));
#6994=DIRECTION('',(5.09015104453288E-16,-1.,0.));
#6995=DIRECTION('',(-0.707106781186547,-3.59928032085299E-16,-0.707106781186548));
#6996=DIRECTION('',(-2.04301852503323E-15,1.,4.93228303131469E-15));
#6997=DIRECTION('',(0.707106781186548,4.94106397216489E-15,-0.707106781186547));
#6998=DIRECTION('',(5.09015104453288E-16,-1.,0.));
#6999=DIRECTION('',(2.22044604925032E-16,0.,-1.));
#7000=DIRECTION('',(5.09015104453288E-16,-1.,0.));
#7001=DIRECTION('',(1.,5.09015104453288E-16,0.));
#7002=DIRECTION('',(5.09015104453288E-16,-1.,0.));
#7003=DIRECTION('',(2.22044604925032E-16,0.,-1.));
#7004=DIRECTION('',(-5.09015104453289E-16,1.,5.09015104453288E-16));
#7005=DIRECTION('',(1.,5.09015104453288E-16,0.));
#7006=DIRECTION('',(0.,-1.,-5.09015104453289E-16));
#7007=DIRECTION('',(-0.707106781186548,3.59928032085299E-16,-0.707106781186548));
#7008=DIRECTION('',(0.,-1.,-5.09015104453289E-16));
#7009=DIRECTION('',(0.,5.09015104453289E-16,-1.));
#7010=DIRECTION('',(0.,-1.,-5.09015104453289E-16));
#7011=DIRECTION('',(-0.707106781186548,3.59928032085299E-16,-0.707106781186548));
#7012=DIRECTION('',(-3.59928032085299E-16,1.,1.49087072367989E-16));
#7013=DIRECTION('',(0.707106781186547,1.49087072367989E-16,0.707106781186548));
#7014=DIRECTION('',(-3.2387047070199E-32,-1.,-5.09015104453289E-16));
#7015=DIRECTION('',(0.,5.09015104453289E-16,-1.));
#7016=DIRECTION('',(-3.2387047070199E-32,-1.,-5.09015104453289E-16));
#7017=DIRECTION('',(0.,5.09015104453289E-16,-1.));
#7018=DIRECTION('',(-3.2387047070199E-32,-1.,-5.09015104453289E-16));
#7019=DIRECTION('',(0.,5.09015104453289E-16,-1.));
#7020=DIRECTION('',(0.,1.,0.));
#7021=DIRECTION('',(-2.54507552226645E-16,0.,1.));
#7022=DIRECTION('',(0.,-1.,0.));
#7023=DIRECTION('',(1.,0.,0.));
#7024=DIRECTION('',(0.,0.,-1.));
#7025=DIRECTION('',(0.,0.,-1.));
#7026=DIRECTION('',(0.,-1.,0.));
#7027=DIRECTION('',(0.707106781186548,0.,0.707106781186548));
#7028=DIRECTION('',(0.707106781186548,0.,-0.707106781186548));
#7029=DIRECTION('',(0.707106781186548,0.,-0.707106781186548));
#7030=DIRECTION('',(0.,-1.,0.));
#7031=DIRECTION('',(0.,0.,-1.));
#7032=DIRECTION('',(0.,-1.,0.));
#7033=DIRECTION('',(0.,0.,-1.));
#7034=DIRECTION('',(0.,1.,0.));
#7035=DIRECTION('',(-0.897501496249184,0.,-0.44101141054453));
#7036=DIRECTION('',(0.,1.,0.));
#7037=DIRECTION('',(0.,0.,1.));
#7038=DIRECTION('',(0.,1.,0.));
#7039=DIRECTION('',(-0.707106781186548,0.,0.707106781186548));
#7040=DIRECTION('',(0.,1.,0.));
#7041=DIRECTION('',(-0.707106781186548,0.,0.707106781186548));
#7042=DIRECTION('',(3.59928032085299E-16,-1.,-1.49087072367989E-16));
#7043=DIRECTION('',(0.707106781186548,3.59928032085299E-16,-0.707106781186548));
#7044=DIRECTION('',(-0.707106781186548,-1.49087072367989E-16,-0.707106781186548));
#7045=DIRECTION('',(-0.707106781186548,-1.49087072367989E-16,-0.707106781186548));
#7046=DIRECTION('',(5.09015104453289E-16,-1.,-5.09015104453288E-16));
#7047=DIRECTION('',(2.22044604925032E-16,5.09015104453289E-16,-1.));
#7048=DIRECTION('',(-1.,-5.09015104453288E-16,-2.22044604925032E-16));
#7049=DIRECTION('',(-1.,-5.09015104453288E-16,-2.22044604925032E-16));
#7050=DIRECTION('',(1.49087072367989E-16,-1.,-3.59928032085299E-16));
#7051=DIRECTION('',(-0.707106781186547,1.4908707236799E-16,-0.707106781186548));
#7052=DIRECTION('',(-0.707106781186548,-3.59928032085299E-16,0.707106781186547));
#7053=DIRECTION('',(-0.707106781186548,-3.59928032085299E-16,0.707106781186547));
#7054=DIRECTION('',(-1.60237371373018E-31,-1.,-3.6977854932235E-32));
#7055=DIRECTION('',(-1.,1.60237371373018E-31,-2.77555756156289E-16));
#7056=DIRECTION('',(-2.77555756156289E-16,-3.6977854932235E-32,1.));
#7057=DIRECTION('',(-2.77555756156289E-16,-3.6977854932235E-32,1.));
#7058=DIRECTION('',(1.49087072367989E-16,-1.,3.59928032085299E-16));
#7059=DIRECTION('',(-0.707106781186548,1.49087072367989E-16,0.707106781186547));
#7060=DIRECTION('',(0.707106781186547,3.59928032085299E-16,0.707106781186548));
#7061=DIRECTION('',(0.707106781186547,3.59928032085299E-16,0.707106781186548));
#7062=DIRECTION('',(-1.,-5.09015104453288E-16,-4.44089209850063E-16));
#7063=DIRECTION('',(5.09015104453288E-16,-1.,0.));
#7064=DIRECTION('',(1.,5.09015104453288E-16,4.44089209850063E-16));
#7065=DIRECTION('',(5.09015104453288E-16,-1.,5.09015104453289E-16));
#7066=DIRECTION('',(-4.44089209850063E-16,5.09015104453288E-16,1.));
#7067=DIRECTION('',(1.,5.09015104453288E-16,4.44089209850063E-16));
#7068=DIRECTION('',(1.49087072367989E-16,-1.,3.59928032085299E-16));
#7069=DIRECTION('',(0.,-3.59928032085299E-16,-1.));
#7070=DIRECTION('',(-9.86076131526265E-32,-1.,-1.23259516440783E-31));
#7071=DIRECTION('',(0.,1.23259516440783E-31,-1.));
#7072=DIRECTION('',(2.04301852503323E-15,-1.,-4.93228303131469E-15));
#7073=DIRECTION('',(0.,4.93228303131469E-15,-1.));
#7074=DIRECTION('',(5.09015104453289E-16,-1.,-5.09015104453288E-16));
#7075=DIRECTION('',(1.,5.09015104453289E-16,0.));
#7076=DIRECTION('',(3.59928032085299E-16,-1.,-1.49087072367989E-16));
#7077=DIRECTION('',(1.,3.59928032085299E-16,0.));
#7078=DIRECTION('',(0.,-1.,0.));
#7079=DIRECTION('',(0.,0.,-1.));
#7080=DIRECTION('',(0.152811774027517,0.988062012981334,0.0195453375984469));
#7081=DIRECTION('',(0.100576790551886,0.994929298594771,-3.55645607158318E-15));
#7082=DIRECTION('',(0.160568584943019,0.986461785746535,-0.0333297883454802));
#7083=DIRECTION('',(0.16841259304548,0.985523788905072,0.0194951277474237));
#7084=DIRECTION('',(0.707106781186551,0.,0.707106781186544));
#7085=DIRECTION('',(0.219006090404772,0.975723491756561,-6.5652768861563E-15));
#7086=DIRECTION('',(0.707106781186551,0.,0.707106781186544));
#7087=DIRECTION('',(0.168412593045483,0.985523788905071,-0.0194951277474364));
#7088=DIRECTION('',(-0.707106781186544,0.,0.707106781186551));
#7089=DIRECTION('',(0.160568584943022,0.986461785746535,0.0333297883454701));
#7090=DIRECTION('',(-0.707106781186544,0.,0.707106781186551));
#7091=DIRECTION('',(0.152811774027521,0.988062012981333,-0.0195453375984546));
#7092=DIRECTION('',(-7.18077159423344E-15,0.975723491756561,-0.219006090404776));
#7093=DIRECTION('',(0.707106781186544,0.,-0.707106781186551));
#7094=DIRECTION('',(0.019495127747423,0.985523788905071,-0.168412593045485));
#7095=DIRECTION('',(-0.707106781186544,0.,0.707106781186551));
#7096=DIRECTION('',(-0.033329788345482,0.986461785746534,-0.160568584943024));
#7097=DIRECTION('',(0.0195453375984441,0.988062012981333,-0.152811774027523));
#7098=DIRECTION('',(-6.43300142359899E-15,0.99492929859477,-0.10057679055189));
#7099=DIRECTION('',(-0.0195453375984573,0.988062012981333,-0.152811774027524));
#7100=DIRECTION('',(0.0333297883454685,0.986461785746534,-0.160568584943025));
#7101=DIRECTION('',(-0.019495127747437,0.985523788905071,-0.168412593045485));
#7102=DIRECTION('',(-0.707106781186551,0.,-0.707106781186544));
#7103=DIRECTION('',(-0.707106781186551,0.,-0.707106781186544));
#7104=DIRECTION('',(-0.219006090404778,0.97572349175656,1.53873677019288E-15));
#7105=DIRECTION('',(-0.707106781186551,0.,-0.707106781186544));
#7106=DIRECTION('',(-0.168412593045487,0.985523788905071,-0.0194951277474286));
#7107=DIRECTION('',(0.707106781186551,0.,0.707106781186544));
#7108=DIRECTION('',(-0.160568584943026,0.986461785746534,0.0333297883454764));
#7109=DIRECTION('',(-0.152811774027526,0.988062012981333,-0.0195453375984496));
#7110=DIRECTION('',(-0.100576790551893,0.99492929859477,8.3681319331369E-16));
#7111=DIRECTION('',(-0.152811774027526,0.988062012981333,0.0195453375984518));
#7112=DIRECTION('',(-0.160568584943027,0.986461785746534,-0.0333297883454738));
#7113=DIRECTION('',(-0.168412593045487,0.985523788905071,0.0194951277474314));
#7114=DIRECTION('',(-0.707106781186544,0.,0.707106781186551));
#7115=DIRECTION('',(-0.707106781186544,0.,0.707106781186551));
#7116=DIRECTION('',(0.0194951277474295,0.985523788905072,0.168412593045483));
#7117=DIRECTION('',(-0.0333297883454757,0.986461785746534,0.160568584943022));
#7118=DIRECTION('',(0.707106781186551,0.,0.707106781186544));
#7119=DIRECTION('',(0.707106781186551,0.,0.707106781186544));
#7120=DIRECTION('',(-6.66785933750249E-16,0.975723491756561,0.219006090404773));
#7121=DIRECTION('',(-0.707106781186544,0.,0.707106781186551));
#7122=DIRECTION('',(-0.0194951277474311,0.985523788905072,0.168412593045482));
#7123=DIRECTION('',(0.707106781186544,0.,-0.707106781186551));
#7124=DIRECTION('',(0.0333297883454738,0.986461785746535,0.160568584943021));
#7125=DIRECTION('',(-0.0195453375984521,0.988062012981333,0.15281177402752));
#7126=DIRECTION('',(-1.25521978997054E-15,0.99492929859477,0.100576790551888));
#7127=DIRECTION('',(0.0195453375984499,0.988062012981333,0.152811774027521));
#7128=DIRECTION('',(0.,-1.,0.));
#7129=DIRECTION('',(1.,0.,0.));
#7130=DIRECTION('',(0.,-1.,0.));
#7131=DIRECTION('',(0.,0.,-1.));
#7132=DIRECTION('',(0.,-1.,0.));
#7133=DIRECTION('',(0.,0.,-1.));
#7134=DIRECTION('',(-0.707106781186544,0.,0.707106781186551));
#7135=DIRECTION('',(0.,-1.,0.));
#7136=DIRECTION('',(0.,0.,-1.));
#7137=DIRECTION('',(0.707106781186551,0.,0.707106781186544));
#7138=DIRECTION('',(0.,-1.,0.));
#7139=DIRECTION('',(0.,0.,-1.));
#7140=DIRECTION('',(0.707106781186544,0.,-0.707106781186551));
#7141=DIRECTION('',(0.,-1.,0.));
#7142=DIRECTION('',(0.,0.,-1.));
#7143=DIRECTION('',(-0.707106781186551,0.,-0.707106781186544));
#7144=DIRECTION('',(0.,-1.,0.));
#7145=DIRECTION('',(0.,0.,-1.));
#7146=DIRECTION('',(0.,-1.,0.));
#7147=DIRECTION('',(0.,0.,-1.));
#7148=DIRECTION('',(0.,-1.,0.));
#7149=DIRECTION('',(0.,0.,-1.));
#7150=DIRECTION('',(0.,-1.,0.));
#7151=DIRECTION('',(0.,0.,-1.));
#7152=DIRECTION('',(-0.707106781186551,0.,-0.707106781186544));
#7153=DIRECTION('',(-0.707106781186544,0.,0.707106781186551));
#7154=DIRECTION('',(0.707106781186544,0.,-0.707106781186551));
#7155=DIRECTION('',(0.,-1.,0.));
#7156=DIRECTION('',(0.,-1.,0.));
#7157=DIRECTION('',(0.707106781186544,0.,-0.707106781186551));
#7158=DIRECTION('',(-0.707106781186551,0.,-0.707106781186544));
#7159=DIRECTION('',(0.707106781186551,0.,0.707106781186544));
#7160=DIRECTION('',(0.,-1.,0.));
#7161=DIRECTION('',(0.707106781186551,0.,0.707106781186544));
#7162=DIRECTION('',(0.707106781186544,0.,-0.707106781186551));
#7163=DIRECTION('',(-0.707106781186544,0.,0.707106781186551));
#7164=DIRECTION('',(0.,-1.,0.));
#7165=DIRECTION('',(0.,-1.,0.));
#7166=DIRECTION('',(0.,0.,-1.));
#7167=DIRECTION('',(0.,-1.,0.));
#7168=DIRECTION('',(0.,0.,-1.));
#7169=DIRECTION('',(0.,-1.,0.));
#7170=DIRECTION('',(0.,0.,-1.));
#7171=DIRECTION('',(0.,-1.,0.));
#7172=DIRECTION('',(0.,0.,-1.));
#7173=DIRECTION('',(0.,-1.,0.));
#7174=DIRECTION('',(0.,0.,-1.));
#7175=DIRECTION('',(0.,-1.,0.));
#7176=DIRECTION('',(0.,0.,-1.));
#7177=DIRECTION('',(0.,-1.,0.));
#7178=DIRECTION('',(0.,0.,-1.));
#7179=DIRECTION('',(0.,-1.,0.));
#7180=DIRECTION('',(0.,0.,-1.));
#7181=DIRECTION('',(0.,-1.,0.));
#7182=DIRECTION('',(0.,0.,-1.));
#7183=DIRECTION('',(0.,-1.,0.));
#7184=DIRECTION('',(0.,0.,-1.));
#7185=DIRECTION('',(0.,-1.,0.));
#7186=DIRECTION('',(0.,0.,-1.));
#7187=DIRECTION('',(0.,-1.,0.));
#7188=DIRECTION('',(0.,0.,-1.));
#7189=DIRECTION('',(0.,-1.,0.));
#7190=DIRECTION('',(0.,0.,-1.));
#7191=DIRECTION('',(0.,-1.,0.));
#7192=DIRECTION('',(0.,0.,-1.));
#7193=DIRECTION('',(0.,-1.,0.));
#7194=DIRECTION('',(0.,0.,-1.));
#7195=DIRECTION('',(0.,-1.,0.));
#7196=DIRECTION('',(0.,0.,-1.));
#7197=DIRECTION('',(-0.707106781186544,0.,0.707106781186551));
#7198=DIRECTION('',(0.707106781186551,0.,0.707106781186544));
#7199=DIRECTION('',(-0.707106781186551,0.,-0.707106781186544));
#7200=DIRECTION('',(0.,-1.,0.));
#7201=DIRECTION('',(0.,0.,-1.));
#7202=DIRECTION('',(0.,-1.,0.));
#7203=DIRECTION('',(0.,0.,-1.));
#7204=DIRECTION('',(0.,-1.,0.));
#7205=DIRECTION('',(1.,0.,0.));
#7206=DIRECTION('',(0.,1.,0.));
#7207=DIRECTION('',(0.,0.,1.));
#7208=DIRECTION('',(-0.707106781186548,0.,0.707106781186547));
#7209=DIRECTION('',(-0.707106781186547,0.,-0.707106781186548));
#7210=DIRECTION('',(-0.707106781186548,0.,0.707106781186547));
#7211=DIRECTION('',(-0.707106781186547,0.,-0.707106781186548));
#7212=DIRECTION('',(-0.707106781186548,0.,0.707106781186547));
#7213=DIRECTION('',(-0.707106781186548,0.,0.707106781186547));
#7214=DIRECTION('',(0.,-1.,0.));
#7215=DIRECTION('',(0.,-1.,0.));
#7216=DIRECTION('',(0.,0.,-1.));
#7217=DIRECTION('',(-0.707106781186548,0.,0.707106781186547));
#7218=DIRECTION('',(0.707106781186547,0.,0.707106781186548));
#7219=DIRECTION('',(0.440441679990711,-0.782318511256074,0.440441679990711));
#7220=DIRECTION('',(0.,-0.490589096896,-0.871391036221264));
#7221=DIRECTION('',(-0.707106781186548,0.,0.707106781186547));
#7222=DIRECTION('',(0.553182724356934,0.622878597277255,0.553182724356935));
#7223=DIRECTION('',(0.55160144698645,0.625676983246874,0.551601446986451));
#7224=DIRECTION('',(0.,-0.661307133681573,0.750115241107566));
#7225=DIRECTION('',(-0.707106781186548,0.,0.707106781186547));
#7226=DIRECTION('',(-0.442420437686206,0.780082247352862,-0.442420437686206));
#7227=DIRECTION('',(-0.443005130641772,0.779418314161358,-0.443005130641772));
#7228=DIRECTION('',(0.,0.494139101261356,0.869382855021089));
#7229=DIRECTION('',(-0.707106781186548,0.,0.707106781186547));
#7230=DIRECTION('',(-0.551131975324483,-0.626503863954459,-0.551131975324483));
#7231=DIRECTION('',(-0.707106781186548,0.,0.707106781186547));
#7232=DIRECTION('',(0.481828411360785,-0.731903520971912,0.481828411360786));
#7233=DIRECTION('',(-0.707106781186548,0.,0.707106781186547));
#7234=DIRECTION('',(-0.707106781186548,0.,0.707106781186547));
#7235=DIRECTION('',(0.707106781186547,0.,0.707106781186548));
#7236=DIRECTION('',(0.706754470647298,-0.0315632133997068,0.706754470647298));
#7237=DIRECTION('',(0.707106781186548,0.,-0.707106781186547));
#7238=DIRECTION('',(-0.707106781186548,0.,0.707106781186547));
#7239=DIRECTION('',(0.0223185622309708,0.999501757657226,0.0223185622309708));
#7240=DIRECTION('',(0.706919151021226,-0.0230353606192504,0.706919151021226));
#7241=DIRECTION('',(0.707106781186548,0.,-0.707106781186548));
#7242=DIRECTION('',(-0.707106781186548,0.,0.707106781186547));
#7243=DIRECTION('',(0.0162884597009496,0.999734650875492,0.0162884597009496));
#7244=DIRECTION('',(0.707106781186547,0.,0.707106781186548));
#7245=DIRECTION('',(0.707106781186548,0.,-0.707106781186547));
#7246=DIRECTION('',(0.,1.,0.));
#7247=DIRECTION('',(-0.707106781186548,0.,0.707106781186547));
#7248=DIRECTION('',(0.,-1.,0.));
#7249=DIRECTION('',(0.,1.,0.));
#7250=DIRECTION('',(0.,0.,1.));
#7251=DIRECTION('',(0.,0.,1.));
#7252=DIRECTION('',(-1.,0.,0.));
#7253=DIRECTION('',(0.,0.,1.));
#7254=DIRECTION('',(-1.,0.,0.));
#7255=DIRECTION('',(0.,0.,1.));
#7256=DIRECTION('',(0.,0.,1.));
#7257=DIRECTION('',(0.,-1.,0.));
#7258=DIRECTION('',(0.,-1.,0.));
#7259=DIRECTION('',(0.,0.,-1.));
#7260=DIRECTION('',(0.,0.,1.));
#7261=DIRECTION('',(1.,0.,0.));
#7262=DIRECTION('',(-1.,0.,0.));
#7263=DIRECTION('',(0.,0.,1.));
#7264=DIRECTION('',(0.,0.,1.));
#7265=DIRECTION('',(0.,-1.,0.));
#7266=DIRECTION('',(-0.685094146538796,0.728454535560236,0.));
#7267=DIRECTION('',(-0.728454535560236,-0.685094146538796,0.));
#7268=DIRECTION('',(0.,0.,1.));
#7269=DIRECTION('',(-0.728454535560236,-0.685094146538796,0.));
#7270=DIRECTION('',(0.,0.,1.));
#7271=DIRECTION('',(0.,0.,1.));
#7272=DIRECTION('',(0.857765088088891,-0.514041879282084,0.));
#7273=DIRECTION('',(0.,0.,1.));
#7274=DIRECTION('',(0.,0.,1.));
#7275=DIRECTION('',(1.,0.,0.));
#7276=DIRECTION('',(0.,0.,1.));
#7277=DIRECTION('',(0.982543411894082,-0.18603344791606,0.));
#7278=DIRECTION('',(0.,0.,1.));
#7279=DIRECTION('',(0.,0.,1.));
#7280=DIRECTION('',(1.,0.,0.));
#7281=DIRECTION('',(0.,0.,1.));
#7282=DIRECTION('',(0.961352124336414,0.27532179905315,0.));
#7283=DIRECTION('',(0.,0.,1.));
#7284=DIRECTION('',(0.,0.,1.));
#7285=DIRECTION('',(1.,0.,0.));
#7286=DIRECTION('',(0.,0.,1.));
#7287=DIRECTION('',(0.654515504631386,0.756048579257393,0.));
#7288=DIRECTION('',(0.,0.,1.));
#7289=DIRECTION('',(0.,0.,1.));
#7290=DIRECTION('',(1.,0.,0.));
#7291=DIRECTION('',(0.,0.,1.));
#7292=DIRECTION('',(0.,0.,1.));
#7293=DIRECTION('',(-0.111930092907761,0.993716083346576,0.));
#7294=DIRECTION('',(0.,0.,1.));
#7295=DIRECTION('',(0.,0.,1.));
#7296=DIRECTION('',(1.,0.,0.));
#7297=DIRECTION('',(0.,0.,1.));
#7298=DIRECTION('',(-0.353900415013506,0.935283110214906,0.));
#7299=DIRECTION('',(0.,0.,1.));
#7300=DIRECTION('',(0.,0.,1.));
#7301=DIRECTION('',(1.,0.,0.));
#7302=DIRECTION('',(0.,0.,1.));
#7303=DIRECTION('',(0.764177934716486,0.645005491521154,0.));
#7304=DIRECTION('',(-0.645005491521154,0.764177934716486,0.));
#7305=DIRECTION('',(0.,0.,1.));
#7306=DIRECTION('',(-0.645005491521154,0.764177934716486,0.));
#7307=DIRECTION('',(0.,0.,1.));
#7308=DIRECTION('',(-0.549731241645328,0.835341583999675,0.));
#7309=DIRECTION('',(0.,0.,1.));
#7310=DIRECTION('',(0.,0.,1.));
#7311=DIRECTION('',(1.,0.,0.));
#7312=DIRECTION('',(0.,0.,1.));
#7313=DIRECTION('',(-0.228639677966344,0.973511118405664,0.));
#7314=DIRECTION('',(0.,0.,1.));
#7315=DIRECTION('',(0.,0.,1.));
#7316=DIRECTION('',(1.,0.,0.));
#7317=DIRECTION('',(0.,0.,1.));
#7318=DIRECTION('',(0.,0.,1.));
#7319=DIRECTION('',(0.,0.,1.));
#7320=DIRECTION('',(0.981774763306693,-0.19004818897871,0.));
#7321=DIRECTION('',(0.,0.,1.));
#7322=DIRECTION('',(0.,0.,1.));
#7323=DIRECTION('',(1.,0.,0.));
#7324=DIRECTION('',(0.,0.,1.));
#7325=DIRECTION('',(0.860251396364234,-0.509870115866174,0.));
#7326=DIRECTION('',(0.,0.,1.));
#7327=DIRECTION('',(0.,0.,1.));
#7328=DIRECTION('',(1.,0.,0.));
#7329=DIRECTION('',(0.,0.,1.));
#7330=DIRECTION('',(0.710776811114328,-0.703417603406502,0.));
#7331=DIRECTION('',(0.703417603406502,0.710776811114328,0.));
#7332=DIRECTION('',(0.,0.,1.));
#7333=DIRECTION('',(0.703417603406502,0.710776811114328,0.));
#7334=DIRECTION('',(1.,0.,0.));
#7335=DIRECTION('',(0.,0.,-1.));
#7336=DIRECTION('',(0.,1.,0.));
#7337=DIRECTION('',(0.,0.,1.));
#7338=DIRECTION('',(1.,0.,0.));
#7339=DIRECTION('',(0.707106781186548,0.,0.707106781186548));
#7340=DIRECTION('',(0.707106781186548,0.,0.707106781186548));
#7341=DIRECTION('',(0.707106781186548,0.,0.707106781186548));
#7342=DIRECTION('',(0.707106781186548,0.,0.707106781186548));
#7343=DIRECTION('',(0.707106781186548,0.,0.707106781186548));
#7344=DIRECTION('',(0.58685070916535,0.557864222104494,-0.58685070916535));
#7345=DIRECTION('',(-0.707106781186548,0.,-0.707106781186548));
#7346=DIRECTION('',(0.707106781186548,0.,0.707106781186548));
#7347=DIRECTION('',(-0.394469574431446,0.829932231989906,0.394469574431446));
#7348=DIRECTION('',(0.707106781186548,0.,0.707106781186548));
#7349=DIRECTION('',(-0.31235281888647,0.897146271834951,0.31235281888647));
#7350=DIRECTION('',(0.707106781186548,0.,0.707106781186548));
#7351=DIRECTION('',(0.707106781186548,0.,0.707106781186548));
#7352=DIRECTION('',(0.707106781186548,0.,-0.707106781186548));
#7353=DIRECTION('',(0.707106781186548,0.,0.707106781186548));
#7354=DIRECTION('',(-0.112721600525804,0.987212075265392,0.112721600525804));
#7355=DIRECTION('',(0.707106781186548,0.,0.707106781186548));
#7356=DIRECTION('',(0.707106781186548,0.,0.707106781186548));
#7357=DIRECTION('',(0.707106781186548,0.,-0.707106781186548));
#7358=DIRECTION('',(0.707106781186548,0.,0.707106781186548));
#7359=DIRECTION('',(0.707106781186548,0.,0.707106781186548));
#7360=DIRECTION('',(0.707106781186548,0.,0.707106781186548));
#7361=DIRECTION('',(0.,-1.,0.));
#7362=DIRECTION('',(0.,0.,-1.));
#7363=DIRECTION('',(0.707106781186548,0.,0.707106781186548));
#7364=DIRECTION('',(0.707106781186548,0.,-0.707106781186548));
#7365=DIRECTION('',(0.707106781186548,0.,-0.707106781186548));
#7366=DIRECTION('',(-0.707106781186548,0.,-0.707106781186548));
#7367=DIRECTION('',(0.707106781186548,0.,0.707106781186548));
#7368=DIRECTION('',(0.,1.,0.));
#7369=DIRECTION('',(0.,1.,0.));
#7370=DIRECTION('',(0.,0.,1.));
#7371=DIRECTION('',(0.707106781186548,0.,0.707106781186548));
#7372=DIRECTION('',(-0.707106781186548,0.,0.707106781186548));
#7373=DIRECTION('',(0.707106781186548,0.,0.707106781186548));
#7374=DIRECTION('',(0.707106781186548,0.,0.707106781186548));
#7375=DIRECTION('',(0.707106781186548,0.,0.707106781186548));
#7376=DIRECTION('',(0.707106781186548,0.,0.707106781186548));
#7377=DIRECTION('',(0.707106781186548,0.,0.707106781186548));
#7378=DIRECTION('',(-0.092998285506672,-0.991313592051294,0.0929982855066722));
#7379=DIRECTION('',(0.707106781186548,0.,0.707106781186548));
#7380=DIRECTION('',(0.707106781186548,0.,0.707106781186548));
#7381=DIRECTION('',(0.707106781186548,0.,-0.707106781186548));
#7382=DIRECTION('',(0.707106781186548,0.,0.707106781186548));
#7383=DIRECTION('',(-0.249001387268841,-0.935946909966792,0.249001387268841));
#7384=DIRECTION('',(0.707106781186548,0.,0.707106781186548));
#7385=DIRECTION('',(0.707106781186548,0.,0.707106781186548));
#7386=DIRECTION('',(0.707106781186548,0.,-0.707106781186548));
#7387=DIRECTION('',(0.707106781186548,0.,-0.707106781186548));
#7388=DIRECTION('',(-0.707106781186548,0.,-0.707106781186548));
#7389=DIRECTION('',(0.707106781186548,0.,0.707106781186548));
#7390=DIRECTION('',(0.,1.,0.));
#7391=DIRECTION('',(0.707106781186548,0.,0.707106781186548));
#7392=DIRECTION('',(0.707106781186548,0.,0.707106781186548));
#7393=DIRECTION('',(0.707106781186548,0.,0.707106781186548));
#7394=DIRECTION('',(0.707106781186548,0.,0.707106781186548));
#7395=DIRECTION('',(0.707106781186548,0.,0.707106781186548));
#7396=DIRECTION('',(-0.707106781186548,0.,0.707106781186548));
#7397=DIRECTION('',(0.707106781186548,0.,0.707106781186548));
#7398=DIRECTION('',(0.707106781186548,0.,0.707106781186548));
#7399=DIRECTION('',(0.,-1.,0.));
#7400=DIRECTION('',(0.707106781186548,0.,0.707106781186548));
#7401=DIRECTION('',(0.,1.,0.));
#7402=DIRECTION('',(2.23957251106432E-16,0.,-1.));
#7403=DIRECTION('',(-1.,0.,-2.23957251106432E-16));
#7404=DIRECTION('',(0.,1.,0.));
#7405=DIRECTION('',(1.,0.,2.23957251106432E-16));
#7406=DIRECTION('',(0.,1.,0.));
#7407=DIRECTION('',(1.,0.,2.23957251106432E-16));
#7408=DIRECTION('',(0.,-1.,0.));
#7409=DIRECTION('',(0.,0.,-1.));
#7410=DIRECTION('',(2.23957251106432E-16,0.,-1.));
#7411=DIRECTION('',(1.,0.,2.23957251106432E-16));
#7412=DIRECTION('',(2.23957251106432E-16,0.,-1.));
#7413=DIRECTION('',(-1.86751186212135E-16,0.551961204584703,0.8338697911745));
#7414=DIRECTION('',(0.,-0.8338697911745,0.551961204584703));
#7415=DIRECTION('',(-1.23615714096185E-16,-0.833869791174499,0.551961204584703));
#7416=DIRECTION('',(1.,0.,2.23957251106432E-16));
#7417=DIRECTION('',(-1.23615714096185E-16,-0.833869791174499,0.551961204584703));
#7418=DIRECTION('',(1.,0.,2.23957251106432E-16));
#7419=DIRECTION('',(1.43276763614122E-16,-0.48552066775722,-0.874225189056334));
#7420=DIRECTION('',(1.,0.,2.23957251106432E-16));
#7421=DIRECTION('',(2.23957251106432E-16,0.,-1.));
#7422=DIRECTION('',(1.,0.,2.23957251106432E-16));
#7423=DIRECTION('',(1.,0.,2.23957251106432E-16));
#7424=DIRECTION('',(2.23957251106432E-16,0.,-1.));
#7425=DIRECTION('',(0.,1.,0.));
#7426=DIRECTION('',(0.,0.,1.));
#7427=DIRECTION('',(-2.23957251106432E-16,0.,1.));
#7428=DIRECTION('',(1.,0.,2.23957251106432E-16));
#7429=DIRECTION('',(-2.23957251106432E-16,0.,1.));
#7430=DIRECTION('',(1.,0.,2.23957251106432E-16));
#7431=DIRECTION('',(-2.14775840247241E-16,0.0635259063629521,0.997980189793748));
#7432=DIRECTION('',(1.,0.,2.23957251106432E-16));
#7433=DIRECTION('',(2.23957251106432E-16,0.,-1.));
#7434=DIRECTION('',(1.,0.,2.23957251106432E-16));
#7435=DIRECTION('',(1.,0.,2.23957251106432E-16));
#7436=DIRECTION('',(2.23957251106432E-16,0.,-1.));
#7437=DIRECTION('',(0.,1.,0.));
#7438=DIRECTION('',(0.,0.,1.));
#7439=DIRECTION('',(1.,0.,2.23957251106432E-16));
#7440=DIRECTION('',(-2.23957251106432E-16,0.,1.));
#7441=DIRECTION('',(1.,0.,2.23957251106432E-16));
#7442=DIRECTION('',(-2.23957251106432E-16,0.,1.));
#7443=DIRECTION('',(1.,0.,2.23957251106432E-16));
#7444=DIRECTION('',(1.,0.,2.23957251106432E-16));
#7445=DIRECTION('',(0.,-1.,0.));
#7446=DIRECTION('',(0.,-1.,0.));
#7447=DIRECTION('',(0.,0.,-1.));
#7448=DIRECTION('',(1.,0.,2.23957251106432E-16));
#7449=DIRECTION('',(2.23957251106432E-16,0.,-1.));
#7450=DIRECTION('',(-2.23957251106432E-16,1.39164445983655E-15,1.));
#7451=DIRECTION('',(0.,-1.,1.39164445983655E-15));
#7452=DIRECTION('',(1.,0.,2.23957251106432E-16));
#7453=DIRECTION('',(-3.11668867742489E-31,-1.,1.39164445983655E-15));
#7454=DIRECTION('',(0.,-1.,0.));
#7455=DIRECTION('',(0.,0.,-1.));
#7456=DIRECTION('',(1.,0.,2.23957251106432E-16));
#7457=DIRECTION('',(2.23957251106432E-16,0.,-1.));
#7458=DIRECTION('',(1.85254567269675E-16,-0.561926478400914,-0.827187181278788));
#7459=DIRECTION('',(0.,0.827187181278788,-0.561926478400914));
#7460=DIRECTION('',(1.,0.,2.23957251106432E-16));
#7461=DIRECTION('',(1.25847509426586E-16,0.827187181278788,-0.561926478400914));
#7462=DIRECTION('',(2.23957251106432E-16,0.,-1.));
#7463=DIRECTION('',(-1.,0.,-2.23957251106432E-16));
#7464=DIRECTION('',(1.,0.,2.23957251106432E-16));
#7465=DIRECTION('',(0.,1.,0.));
#7466=DIRECTION('',(0.,1.,0.));
#7467=DIRECTION('',(0.,0.,1.));
#7468=DIRECTION('',(1.,0.,2.23957251106432E-16));
#7469=DIRECTION('',(-2.23957251106432E-16,0.,1.));
#7470=DIRECTION('',(2.23957251106432E-16,0.,-1.));
#7471=DIRECTION('',(-1.,0.,-2.23957251106432E-16));
#7472=DIRECTION('',(1.,0.,2.23957251106432E-16));
#7473=DIRECTION('',(0.,1.,0.));
#7474=DIRECTION('',(0.,1.,0.));
#7475=DIRECTION('',(0.,0.,1.));
#7476=DIRECTION('',(1.,0.,2.23957251106432E-16));
#7477=DIRECTION('',(-2.23957251106432E-16,0.,1.));
#7478=DIRECTION('',(-2.23957251106432E-16,0.,1.));
#7479=DIRECTION('',(1.,0.,2.23957251106432E-16));
#7480=DIRECTION('',(0.,-1.,0.));
#7481=DIRECTION('',(1.,0.,2.23957251106432E-16));
#7482=DIRECTION('',(-2.39308486549786E-16,0.0264681921991596,0.999649656030406));
#7483=DIRECTION('',(1.,0.,2.23957251106432E-16));
#7484=DIRECTION('',(2.23957251106432E-16,0.,-1.));
#7485=DIRECTION('',(1.,0.,2.23957251106432E-16));
#7486=DIRECTION('',(2.23957251106432E-16,0.,-1.));
#7487=DIRECTION('',(1.,0.,2.23957251106432E-16));
#7488=DIRECTION('',(0.,1.,0.));
#7489=DIRECTION('',(-1.,0.,-2.23957251106432E-16));
#7490=DIRECTION('',(-2.23957251106432E-16,0.,1.));
#7491=DIRECTION('',(0.707106781186548,0.,-0.707106781186547));
#7492=DIRECTION('',(0.707106781186548,0.,-0.707106781186547));
#7493=DIRECTION('',(0.707106781186548,0.,-0.707106781186547));
#7494=DIRECTION('',(0.0702005713840862,0.995059676378606,0.0702005713840858));
#7495=DIRECTION('',(0.707106781186548,0.,-0.707106781186547));
#7496=DIRECTION('',(0.707106781186548,0.,-0.707106781186547));
#7497=DIRECTION('',(-0.707106781186547,0.,-0.707106781186548));
#7498=DIRECTION('',(-0.139897715509192,-0.980233267335188,-0.139897715509192));
#7499=DIRECTION('',(0.,0.141287138823036,-0.989968658293383));
#7500=DIRECTION('',(0.707106781186548,0.,-0.707106781186547));
#7501=DIRECTION('',(-0.693129590477357,0.197845246618113,-0.693129590477358));
#7502=DIRECTION('',(0.704026547201914,0.0932375550403398,0.704026547201916));
#7503=DIRECTION('',(0.707106781186548,0.,-0.707106781186547));
#7504=DIRECTION('',(0.707106781186548,0.,-0.707106781186547));
#7505=DIRECTION('',(0.0659289074302782,-0.99564389132365,0.0659289074302783));
#7506=DIRECTION('',(0.,1.,0.));
#7507=DIRECTION('',(0.,0.,1.));
#7508=DIRECTION('',(0.707106781186548,0.,-0.707106781186547));
#7509=DIRECTION('',(0.707106781186547,0.,0.707106781186548));
#7510=DIRECTION('',(0.707106781186547,0.,0.707106781186548));
#7511=DIRECTION('',(0.707106781186548,0.,-0.707106781186547));
#7512=DIRECTION('',(0.707106781186548,0.,-0.707106781186547));
#7513=DIRECTION('',(0.,-1.,0.));
#7514=DIRECTION('',(0.,-1.,0.));
#7515=DIRECTION('',(0.,0.,-1.));
#7516=DIRECTION('',(0.707106781186548,0.,-0.707106781186547));
#7517=DIRECTION('',(-0.707106781186547,0.,-0.707106781186548));
#7518=DIRECTION('',(-0.705184697193599,-0.0736823295501949,-0.7051846971936));
#7519=DIRECTION('',(-0.707106781186548,0.,0.707106781186547));
#7520=DIRECTION('',(0.707106781186548,0.,-0.707106781186547));
#7521=DIRECTION('',(-0.0521012748785647,0.997281762749152,-0.0521012748785648));
#7522=DIRECTION('',(-0.334853274291917,0.880764763936412,-0.334853274291918));
#7523=DIRECTION('',(0.,0.355368603490413,0.934726246370173));
#7524=DIRECTION('',(0.707106781186548,0.,-0.707106781186547));
#7525=DIRECTION('',(0.622794737209605,0.473554041908668,0.622794737209606));
#7526=DIRECTION('',(0.707106781186548,0.,-0.707106781186547));
#7527=DIRECTION('',(0.153988054582423,0.975999671153552,0.153988054582424));
#7528=DIRECTION('',(0.707106781186548,0.,-0.707106781186547));
#7529=DIRECTION('',(0.707106781186548,0.,-0.707106781186547));
#7530=DIRECTION('',(-0.707106781186547,0.,-0.707106781186548));
#7531=DIRECTION('',(0.707106781186548,0.,-0.707106781186547));
#7532=DIRECTION('',(0.0617306003177247,0.996182044592667,0.0617306003177252));
#7533=DIRECTION('',(0.707106781186548,0.,-0.707106781186547));
#7534=DIRECTION('',(0.707106781186548,0.,-0.707106781186547));
#7535=DIRECTION('',(-0.707106781186547,0.,-0.707106781186548));
#7536=DIRECTION('',(0.707106781186548,0.,-0.707106781186547));
#7537=DIRECTION('',(0.707106781186548,0.,-0.707106781186547));
#7538=DIRECTION('',(0.707106781186548,0.,-0.707106781186547));
#7539=DIRECTION('',(0.091501324911787,-0.991592161666668,0.0915013249117878));
#7540=DIRECTION('',(0.707106781186548,0.,-0.707106781186547));
#7541=DIRECTION('',(0.707106781186548,0.,-0.707106781186547));
#7542=DIRECTION('',(-0.707106781186547,0.,-0.707106781186548));
#7543=DIRECTION('',(0.707106781186548,0.,-0.707106781186547));
#7544=DIRECTION('',(0.249413748168008,-0.935727291709273,0.249413748168007));
#7545=DIRECTION('',(0.707106781186548,0.,-0.707106781186547));
#7546=DIRECTION('',(0.707106781186548,0.,-0.707106781186547));
#7547=DIRECTION('',(-0.707106781186547,0.,-0.707106781186548));
#7548=DIRECTION('',(-0.707106781186547,0.,-0.707106781186548));
#7549=DIRECTION('',(-0.707106781186548,0.,0.707106781186547));
#7550=DIRECTION('',(0.707106781186548,0.,-0.707106781186547));
#7551=DIRECTION('',(0.,1.,0.));
#7552=DIRECTION('',(0.707106781186548,0.,-0.707106781186547));
#7553=DIRECTION('',(0.707106781186548,0.,-0.707106781186547));
#7554=DIRECTION('',(0.707106781186548,0.,-0.707106781186547));
#7555=DIRECTION('',(0.707106781186548,0.,-0.707106781186547));
#7556=DIRECTION('',(0.,1.,0.));
#7557=DIRECTION('',(7.1666320354058E-16,0.,-1.));
#7558=DIRECTION('',(7.1666320354058E-16,0.,-1.));
#7559=DIRECTION('',(7.1666320354058E-16,0.,-1.));
#7560=DIRECTION('',(7.1666320354058E-16,0.,-1.));
#7561=DIRECTION('',(7.1666320354058E-16,0.,-1.));
#7562=DIRECTION('',(7.1666320354058E-16,0.,-1.));
#7563=DIRECTION('',(0.357559138292357,0.933890498197528,0.));
#7564=DIRECTION('',(7.1666320354058E-16,0.,-1.));
#7565=DIRECTION('',(-1.,0.,-7.1666320354058E-16));
#7566=DIRECTION('',(7.1666320354058E-16,0.,-1.));
#7567=DIRECTION('',(7.1666320354058E-16,0.,-1.));
#7568=DIRECTION('',(-1.,0.,-7.1666320354058E-16));
#7569=DIRECTION('',(7.1666320354058E-16,0.,-1.));
#7570=DIRECTION('',(7.1666320354058E-16,0.,-1.));
#7571=DIRECTION('',(7.1666320354058E-16,0.,-1.));
#7572=DIRECTION('',(7.1666320354058E-16,0.,-1.));
#7573=DIRECTION('',(7.1666320354058E-16,0.,-1.));
#7574=DIRECTION('',(7.1666320354058E-16,0.,-1.));
#7575=DIRECTION('',(7.1666320354058E-16,0.,-1.));
#7576=DIRECTION('',(7.1666320354058E-16,0.,-1.));
#7577=DIRECTION('',(7.1666320354058E-16,0.,-1.));
#7578=DIRECTION('',(7.1666320354058E-16,0.,-1.));
#7579=DIRECTION('',(7.1666320354058E-16,0.,-1.));
#7580=DIRECTION('',(7.1666320354058E-16,0.,-1.));
#7581=DIRECTION('',(0.,-1.,0.));
#7582=DIRECTION('',(0.,0.,-1.));
#7583=DIRECTION('',(7.1666320354058E-16,0.,-1.));
#7584=DIRECTION('',(-1.,0.,-7.1666320354058E-16));
#7585=DIRECTION('',(7.1666320354058E-16,0.,-1.));
#7586=DIRECTION('',(7.1666320354058E-16,0.,-1.));
#7587=DIRECTION('',(0.688618767859466,0.725123570539333,0.));
#7588=DIRECTION('',(7.1666320354058E-16,0.,-1.));
#7589=DIRECTION('',(7.1666320354058E-16,0.,-1.));
#7590=DIRECTION('',(-1.,0.,-7.1666320354058E-16));
#7591=DIRECTION('',(7.1666320354058E-16,0.,-1.));
#7592=DIRECTION('',(7.1666320354058E-16,0.,-1.));
#7593=DIRECTION('',(-0.112933090148241,0.993602595180573,0.));
#7594=DIRECTION('',(7.1666320354058E-16,0.,-1.));
#7595=DIRECTION('',(7.1666320354058E-16,0.,-1.));
#7596=DIRECTION('',(-1.,0.,-7.1666320354058E-16));
#7597=DIRECTION('',(1.,0.,7.1666320354058E-16));
#7598=DIRECTION('',(7.1666320354058E-16,0.,-1.));
#7599=DIRECTION('',(7.1666320354058E-16,0.,-1.));
#7600=DIRECTION('',(0.,-1.,0.));
#7601=DIRECTION('',(7.1666320354058E-16,0.,-1.));
#7602=DIRECTION('',(7.1666320354058E-16,0.,-1.));
#7603=DIRECTION('',(1.,0.,7.1666320354058E-16));
#7604=DIRECTION('',(-7.1666320354058E-16,0.,1.));
#7605=DIRECTION('',(1.,0.,7.1666320354058E-16));
#7606=DIRECTION('',(-0.64298437922231,-0.416103564214731,0.642984379222309));
#7607=DIRECTION('',(0.707106781186547,0.,0.707106781186548));
#7608=DIRECTION('',(-0.707106781186547,0.,-0.707106781186548));
#7609=DIRECTION('',(-0.294229651932129,0.909317229490235,0.294229651932128));
#7610=DIRECTION('',(-0.707106781186547,0.,-0.707106781186548));
#7611=DIRECTION('',(0.,1.,0.));
#7612=DIRECTION('',(0.,0.,1.));
#7613=DIRECTION('',(-0.707106781186547,0.,-0.707106781186548));
#7614=DIRECTION('',(0.707106781186548,0.,-0.707106781186547));
#7615=DIRECTION('',(0.647986363321118,0.400284081496811,-0.647986363321117));
#7616=DIRECTION('',(-0.707106781186547,0.,-0.707106781186548));
#7617=DIRECTION('',(-0.707106781186547,0.,-0.707106781186548));
#7618=DIRECTION('',(0.283043588427424,-0.916391103241544,-0.283043588427424));
#7619=DIRECTION('',(0.707106781186548,0.,-0.707106781186547));
#7620=DIRECTION('',(-0.707106781186547,0.,-0.707106781186548));
#7621=DIRECTION('',(-0.707106781186547,0.,-0.707106781186548));
#7622=DIRECTION('',(0.,-1.,0.));
#7623=DIRECTION('',(0.,-1.,0.));
#7624=DIRECTION('',(0.,0.,-1.));
#7625=DIRECTION('',(-0.707106781186547,0.,-0.707106781186548));
#7626=DIRECTION('',(-0.707106781186548,0.,0.707106781186547));
#7627=DIRECTION('',(-0.707106781186548,0.,0.707106781186547));
#7628=DIRECTION('',(0.707106781186547,0.,0.707106781186548));
#7629=DIRECTION('',(-0.707106781186547,0.,-0.707106781186548));
#7630=DIRECTION('',(0.,1.,0.));
#7631=DIRECTION('',(0.,1.,0.));
#7632=DIRECTION('',(0.,0.,1.));
#7633=DIRECTION('',(0.707106781186548,0.,-0.707106781186547));
#7634=DIRECTION('',(-0.707106781186547,0.,-0.707106781186548));
#7635=DIRECTION('',(0.,-1.,0.));
#7636=DIRECTION('',(-1.,0.,0.));
#7637=DIRECTION('',(-1.,0.,0.));
#7638=DIRECTION('',(-1.,0.,0.));
#7639=DIRECTION('',(-1.,0.,0.));
#7640=DIRECTION('',(0.,0.422499033342542,0.906363374604589));
#7641=DIRECTION('',(-1.,0.,0.));
#7642=DIRECTION('',(0.,0.,1.));
#7643=DIRECTION('',(-1.,0.,0.));
#7644=DIRECTION('',(-1.,0.,0.));
#7645=DIRECTION('',(0.,0.,1.));
#7646=DIRECTION('',(-1.,0.,0.));
#7647=DIRECTION('',(0.,-0.331698759377204,0.943385357649579));
#7648=DIRECTION('',(-1.,0.,0.));
#7649=DIRECTION('',(0.,0.,1.));
#7650=DIRECTION('',(-1.,0.,0.));
#7651=DIRECTION('',(-1.,0.,0.));
#7652=DIRECTION('',(0.,0.,1.));
#7653=DIRECTION('',(-1.,0.,0.));
#7654=DIRECTION('',(-1.,0.,0.));
#7655=DIRECTION('',(-1.,0.,0.));
#7656=DIRECTION('',(0.,-0.336672297488616,-0.941621879579981));
#7657=DIRECTION('',(-1.,0.,0.));
#7658=DIRECTION('',(0.,0.,1.));
#7659=DIRECTION('',(-1.,0.,0.));
#7660=DIRECTION('',(-1.,0.,0.));
#7661=DIRECTION('',(0.,0.,1.));
#7662=DIRECTION('',(-1.,0.,0.));
#7663=DIRECTION('',(-1.,0.,0.));
#7664=DIRECTION('',(-1.,0.,0.));
#7665=DIRECTION('',(-1.,0.,0.));
#7666=DIRECTION('',(-1.,0.,0.));
#7667=DIRECTION('',(-1.,0.,0.));
#7668=DIRECTION('',(0.,-0.405898171563838,0.913918308341141));
#7669=DIRECTION('',(-1.,0.,0.));
#7670=DIRECTION('',(0.,0.,1.));
#7671=DIRECTION('',(-1.,0.,0.));
#7672=DIRECTION('',(-1.,0.,0.));
#7673=DIRECTION('',(0.,0.,1.));
#7674=DIRECTION('',(-1.,0.,0.));
#7675=DIRECTION('',(-1.,0.,0.));
#7676=DIRECTION('',(-1.,0.,0.));
#7677=DIRECTION('',(-1.,0.,0.));
#7678=DIRECTION('',(-1.,0.,0.));
#7679=DIRECTION('',(-1.,0.,0.));
#7680=DIRECTION('',(0.,-0.269033857877659,-0.963130719744451));
#7681=DIRECTION('',(-1.,0.,0.));
#7682=DIRECTION('',(-1.,0.,0.));
#7683=DIRECTION('',(0.,0.,1.));
#7684=DIRECTION('',(-1.,0.,0.));
#7685=DIRECTION('',(-1.,0.,0.));
#7686=DIRECTION('',(-1.,0.,0.));
#7687=DIRECTION('',(0.,0.290346220656019,-0.956921664584289));
#7688=DIRECTION('',(-1.,0.,0.));
#7689=DIRECTION('',(-1.,0.,0.));
#7690=DIRECTION('',(0.,0.,1.));
#7691=DIRECTION('',(-1.,0.,0.));
#7692=DIRECTION('',(-1.,0.,0.));
#7693=DIRECTION('',(-1.,0.,0.));
#7694=DIRECTION('',(-1.,0.,0.));
#7695=DIRECTION('',(-1.,0.,0.));
#7696=DIRECTION('',(0.,0.320263479358248,0.947328508907733));
#7697=DIRECTION('',(-1.,0.,0.));
#7698=DIRECTION('',(-1.,0.,0.));
#7699=DIRECTION('',(0.,0.,1.));
#7700=DIRECTION('',(-1.,0.,0.));
#7701=DIRECTION('',(-1.,0.,0.));
#7702=DIRECTION('',(-1.,0.,0.));
#7703=DIRECTION('',(0.,-0.299412361617919,0.954123806280076));
#7704=DIRECTION('',(-1.,0.,0.));
#7705=DIRECTION('',(-1.,0.,0.));
#7706=DIRECTION('',(0.,0.,1.));
#7707=DIRECTION('',(-1.,0.,0.));
#7708=DIRECTION('',(0.,-1.,0.));
#7709=DIRECTION('',(1.,0.,0.));
#7710=DIRECTION('',(0.,0.,-1.));
#7711=DIRECTION('',(1.,0.,0.));
#7712=DIRECTION('',(0.,0.,-1.));
#7713=CARTESIAN_POINT('',(0.,0.,0.));
#7714=CARTESIAN_POINT('',(-0.0292847393213157,0.02321875,-0.0122097399723091));
#7715=CARTESIAN_POINT('',(-0.0292847393213157,0.01821875,-0.0122097399723091));
#7716=CARTESIAN_POINT('',(-0.0292847393213157,0.01821875,-0.0146302954031777));
#7717=CARTESIAN_POINT('',(-0.0292847393213157,0.01821875,-0.0122097393213158));
#7718=CARTESIAN_POINT('',(-0.0292847393213157,0.01821875,-0.0122097393213158));
#7719=CARTESIAN_POINT('',(-0.0292847393213158,0.01821875,-0.0097891832394539));
#7720=CARTESIAN_POINT('',(-0.0292847393213158,0.02321875,-0.00978918323945383));
#7721=CARTESIAN_POINT('',(-0.0292847393213158,0.02321875,-0.00978918323945383));
#7722=CARTESIAN_POINT('',(-0.0292847393213157,0.02321875,-0.0122097399723091));
#7723=CARTESIAN_POINT('',(-0.0292847393213157,0.02321875,-0.0146302967051644));
#7724=CARTESIAN_POINT('',(-0.0292847393213157,0.02321875,-0.0146302967051644));
#7725=CARTESIAN_POINT('',(-0.0292847393213157,0.0227361111111111,-0.0122896007579236));
#7726=CARTESIAN_POINT('',(-0.0292847393213157,0.0227361111111111,-0.0117192882579236));
#7727=CARTESIAN_POINT('',(-0.0292847393213157,0.0224769965277777,-0.011370763952368));
#7728=CARTESIAN_POINT('',(-0.0292847393213157,0.0227361111111111,-0.0122896007579236));
#7729=CARTESIAN_POINT('',(-0.0292847393213157,0.0224769965277777,-0.011370763952368));
#7730=CARTESIAN_POINT('',(-0.0292847393213157,0.0224769965277777,-0.011370763952368));
#7731=CARTESIAN_POINT('',(-0.0292847393213157,0.0222178819444445,-0.0110222396468125));
#7732=CARTESIAN_POINT('',(-0.0292847393213157,0.0217786458333333,-0.0110222396468125));
#7733=CARTESIAN_POINT('',(-0.0292847393213157,0.0217786458333333,-0.0110222396468125));
#7734=CARTESIAN_POINT('',(-0.0292847393213157,0.0217642509632403,-0.0119337330714095));
#7735=CARTESIAN_POINT('',(-0.0292847393213157,0.0212374131944444,-0.0111906424245902));
#7736=CARTESIAN_POINT('',(-0.0292847393213157,0.0212374131944444,-0.0111906424245902));
#7737=CARTESIAN_POINT('',(-0.0292847393213157,0.021,-0.011359045202368));
#7738=CARTESIAN_POINT('',(-0.0292847393213157,0.0208133680555555,-0.0117331771468125));
#7739=CARTESIAN_POINT('',(-0.0292847393213157,0.0208133680555555,-0.0117331771468125));
#7740=CARTESIAN_POINT('',(-0.0292847393213157,0.0208133680555555,-0.0117331771468125));
#7741=CARTESIAN_POINT('',(-0.0292847393213157,0.0205746527777778,-0.011288732702368));
#7742=CARTESIAN_POINT('',(-0.0292847393213157,0.0203155381944444,-0.0110947222857013));
#7743=CARTESIAN_POINT('',(-0.0292847393213157,0.0203155381944444,-0.0110947222857013));
#7744=CARTESIAN_POINT('',(-0.0292847393213157,0.0197468182694864,-0.011827464268445));
#7745=CARTESIAN_POINT('',(-0.0292847393213157,0.0197465277777778,-0.0109007118690347));
#7746=CARTESIAN_POINT('',(-0.0292847393213157,0.0197465277777778,-0.0109007118690347));
#7747=CARTESIAN_POINT('',(-0.0292847393213157,0.0192586805555555,-0.0109007118690347));
#7748=CARTESIAN_POINT('',(-0.0292847393213157,0.0189613715277777,-0.0112830903412569));
#7749=CARTESIAN_POINT('',(-0.0292847393213157,0.0189613715277777,-0.0112830903412569));
#7750=CARTESIAN_POINT('',(-0.0292847393213157,0.0189613715277777,-0.0112830903412569));
#7751=CARTESIAN_POINT('',(-0.0292847393213157,0.0186640625,-0.0116654688134791));
#7752=CARTESIAN_POINT('',(-0.0292847393213157,0.0186640625,-0.0122896007579236));
#7753=CARTESIAN_POINT('',(-0.0292847393213157,0.0186640625,-0.0122896007579236));
#7754=CARTESIAN_POINT('',(-0.0292847393213157,0.0186640625,-0.0122896007579236));
#7755=CARTESIAN_POINT('',(-0.0292847393213157,0.0186640625,-0.0129406424245902));
#7756=CARTESIAN_POINT('',(-0.0292847393213157,0.0189409722222222,-0.013312170202368));
#7757=CARTESIAN_POINT('',(-0.0292847393213157,0.0189409722222222,-0.013312170202368));
#7758=CARTESIAN_POINT('',(-0.0292847393213157,0.0189409722222222,-0.013312170202368));
#7759=CARTESIAN_POINT('',(-0.0292847393213157,0.0192178819444444,-0.0136836979801458));
#7760=CARTESIAN_POINT('',(-0.0292847393213157,0.0197248263888889,-0.0136836979801458));
#7761=CARTESIAN_POINT('',(-0.0292847393213157,0.0197248263888889,-0.0136836979801458));
#7762=CARTESIAN_POINT('',(-0.0292847393213157,0.0197437916865501,-0.0126453804446455));
#7763=CARTESIAN_POINT('',(-0.0292847393213157,0.0203272569444444,-0.0135031424245902));
#7764=CARTESIAN_POINT('',(-0.0292847393213157,0.0203272569444444,-0.0135031424245902));
#7765=CARTESIAN_POINT('',(-0.0292847393213157,0.0205902777777777,-0.0133225868690347));
#7766=CARTESIAN_POINT('',(-0.0292847393213157,0.0207916666666666,-0.0129241493690347));
#7767=CARTESIAN_POINT('',(-0.0292847393213157,0.0207916666666666,-0.0129241493690347));
#7768=CARTESIAN_POINT('',(-0.0292847393213157,0.0207916666666666,-0.0129241493690347));
#7769=CARTESIAN_POINT('',(-0.0292847393213157,0.0210052083333334,-0.0132635590912569));
#7770=CARTESIAN_POINT('',(-0.0292847393213157,0.0212495659722222,-0.0134124306190347));
#7771=CARTESIAN_POINT('',(-0.0292847393213157,0.0212495659722222,-0.0134124306190347));
#7772=CARTESIAN_POINT('',(-0.0292847393213157,0.0217761186066469,-0.0125546245016667));
#7773=CARTESIAN_POINT('',(-0.0292847393213157,0.0217838541666667,-0.0135613021468125));
#7774=CARTESIAN_POINT('',(-0.0292847393213157,0.0217838541666667,-0.0135613021468125));
#7775=CARTESIAN_POINT('',(-0.0292847393213157,0.0222100694444445,-0.0135613021468125));
#7776=CARTESIAN_POINT('',(-0.0292847393213157,0.0224730902777778,-0.0132088715912569));
#7777=CARTESIAN_POINT('',(-0.0292847393213157,0.0224730902777778,-0.0132088715912569));
#7778=CARTESIAN_POINT('',(-0.0292847393213157,0.0224730902777778,-0.0132088715912569));
#7779=CARTESIAN_POINT('',(-0.0292847393213157,0.0227361111111111,-0.0128564410357013));
#7780=CARTESIAN_POINT('',(-0.0292847393213157,0.0227361111111111,-0.0122896007579236));
#7781=CARTESIAN_POINT('',(-0.025137447694587,0.02321875,-0.0222221870146011));
#7782=CARTESIAN_POINT('',(-0.025137447694587,0.01821875,-0.0222221870146011));
#7783=CARTESIAN_POINT('',(-0.0234258556145382,0.01821875,-0.0239337790946498));
#7784=CARTESIAN_POINT('',(-0.0268490397746356,0.01821875,-0.0205105949345524));
#7785=CARTESIAN_POINT('',(-0.0268490397746356,0.02321875,-0.0205105949345524));
#7786=CARTESIAN_POINT('',(-0.0268490397746356,0.02321875,-0.0205105949345524));
#7787=CARTESIAN_POINT('',(-0.025137447694587,0.02321875,-0.0222221870146011));
#7788=CARTESIAN_POINT('',(-0.0234258556145382,0.02321875,-0.0239337790946498));
#7789=CARTESIAN_POINT('',(-0.0234258556145382,0.02321875,-0.0239337790946498));
#7790=CARTESIAN_POINT('',(-0.0249131008816324,0.0203463541666666,-0.0224465338275557));
#7791=CARTESIAN_POINT('',(-0.0243864536435612,0.01871875,-0.0229731810656269));
#7792=CARTESIAN_POINT('',(-0.0254397481197036,0.0219739583333333,-0.0219198865894845));
#7793=CARTESIAN_POINT('',(-0.0247482934417464,0.0219739583333333,-0.0226113412674416));
#7794=CARTESIAN_POINT('',(-0.0240568387637893,0.0219739583333333,-0.0233027959453988));
#7795=CARTESIAN_POINT('',(-0.0240568387637893,0.0223268229166667,-0.0233027959453988));
#7796=CARTESIAN_POINT('',(-0.0240568387637893,0.0226796875,-0.0233027959453988));
#7797=CARTESIAN_POINT('',(-0.0250628700262587,0.0226796875,-0.0222967646829294));
#7798=CARTESIAN_POINT('',(-0.0260689012887281,0.0226796875,-0.02129073342046));
#7799=CARTESIAN_POINT('',(-0.0260689012887281,0.0224162326388889,-0.02129073342046));
#7800=CARTESIAN_POINT('',(-0.0260689012887281,0.0221527777777778,-0.02129073342046));
#7801=CARTESIAN_POINT('',(-0.0255385712028382,0.0204357638888889,-0.0218210635063499));
#7802=CARTESIAN_POINT('',(-0.0250082411169482,0.01871875,-0.0223513935922398));
#7803=CARTESIAN_POINT('',(-0.0246973473802547,0.01871875,-0.0226622873289334));
#7804=CARTESIAN_POINT('',(-0.015125,0.02321875,-0.0263694786426315));
#7805=CARTESIAN_POINT('',(-0.015125,0.01821875,-0.0263694786426315));
#7806=CARTESIAN_POINT('',(-0.0127044439181381,0.01821875,-0.0263694786426315));
#7807=CARTESIAN_POINT('',(-0.015125,0.01821875,-0.0263694786426315));
#7808=CARTESIAN_POINT('',(-0.015125,0.01821875,-0.0263694786426315));
#7809=CARTESIAN_POINT('',(-0.017545556081862,0.01821875,-0.0263694786426315));
#7810=CARTESIAN_POINT('',(-0.017545556081862,0.02321875,-0.0263694786426315));
#7811=CARTESIAN_POINT('',(-0.017545556081862,0.02321875,-0.0263694786426315));
#7812=CARTESIAN_POINT('',(-0.015125,0.02321875,-0.0263694786426315));
#7813=CARTESIAN_POINT('',(-0.0127044439181381,0.02321875,-0.0263694786426315));
#7814=CARTESIAN_POINT('',(-0.0127044439181381,0.02321875,-0.0263694786426315));
#7815=CARTESIAN_POINT('',(-0.0136427951388889,0.0204036458333334,-0.0263694786426315));
#7816=CARTESIAN_POINT('',(-0.0136427951388889,0.0215807291666667,-0.0263694786426315));
#7817=CARTESIAN_POINT('',(-0.014140625,0.0221558159722222,-0.0263694786426315));
#7818=CARTESIAN_POINT('',(-0.0136427951388889,0.0204036458333334,-0.0263694786426315));
#7819=CARTESIAN_POINT('',(-0.014140625,0.0221558159722222,-0.0263694786426315));
#7820=CARTESIAN_POINT('',(-0.014140625,0.0221558159722222,-0.0263694786426315));
#7821=CARTESIAN_POINT('',(-0.0146384548611111,0.0227309027777778,-0.0263694786426315));
#7822=CARTESIAN_POINT('',(-0.0156315104166667,0.0227309027777778,-0.0263694786426315));
#7823=CARTESIAN_POINT('',(-0.0156315104166667,0.0227309027777778,-0.0263694786426315));
#7824=CARTESIAN_POINT('',(-0.0156315104166667,0.0227309027777778,-0.0263694786426315));
#7825=CARTESIAN_POINT('',(-0.0159700520833334,0.0227309027777778,-0.0263694786426315));
#7826=CARTESIAN_POINT('',(-0.0161627604166667,0.0226901041666667,-0.0263694786426315));
#7827=CARTESIAN_POINT('',(-0.0161627604166667,0.0226901041666667,-0.0263694786426315));
#7828=CARTESIAN_POINT('',(-0.0161627604166667,0.0223550347222223,-0.0263694786426315));
#7829=CARTESIAN_POINT('',(-0.0161627604166667,0.0220199652777778,-0.0263694786426315));
#7830=CARTESIAN_POINT('',(-0.0156793560300201,0.019919624636976,-0.0263694786426315));
#7831=CARTESIAN_POINT('',(-0.0156853298611111,0.0220746527777778,-0.0263694786426315));
#7832=CARTESIAN_POINT('',(-0.0156853298611111,0.0220746527777778,-0.0263694786426315));
#7833=CARTESIAN_POINT('',(-0.01525390625,0.0220746527777778,-0.0263694786426315));
#7834=CARTESIAN_POINT('',(-0.0149813368055555,0.0219444444444445,-0.0263694786426315));
#7835=CARTESIAN_POINT('',(-0.0149813368055555,0.0219444444444445,-0.0263694786426315));
#7836=CARTESIAN_POINT('',(-0.015344206060546,0.0211499676385458,-0.0263694786426315));
#7837=CARTESIAN_POINT('',(-0.0145733506944444,0.0215590277777778,-0.0263694786426315));
#7838=CARTESIAN_POINT('',(-0.0145733506944444,0.0215590277777778,-0.0263694786426315));
#7839=CARTESIAN_POINT('',(-0.0144379340277778,0.0213038194444444,-0.0263694786426315));
#7840=CARTESIAN_POINT('',(-0.0144136284722222,0.0208350694444444,-0.0263694786426315));
#7841=CARTESIAN_POINT('',(-0.0144136284722222,0.0208350694444444,-0.0263694786426315));
#7842=CARTESIAN_POINT('',(-0.0144309895833333,0.0208350694444444,-0.0263694786426315));
#7843=CARTESIAN_POINT('',(-0.0144483506944444,0.0208350694444444,-0.0263694786426315));
#7844=CARTESIAN_POINT('',(-0.0144483506944444,0.0208350694444444,-0.0263694786426315));
#7845=CARTESIAN_POINT('',(-0.0147174479166667,0.0212960069444444,-0.0263694786426315));
#7846=CARTESIAN_POINT('',(-0.01530859375,0.0212960069444444,-0.0263694786426315));
#7847=CARTESIAN_POINT('',(-0.01530859375,0.0212960069444444,-0.0263694786426315));
#7848=CARTESIAN_POINT('',(-0.01530859375,0.0212960069444444,-0.0263694786426315));
#7849=CARTESIAN_POINT('',(-0.01583984375,0.0212960069444444,-0.0263694786426315));
#7850=CARTESIAN_POINT('',(-0.0161410590277778,0.0209622395833334,-0.0263694786426315));
#7851=CARTESIAN_POINT('',(-0.0161410590277778,0.0209622395833334,-0.0263694786426315));
#7852=CARTESIAN_POINT('',(-0.0161410590277778,0.0209622395833334,-0.0263694786426315));
#7853=CARTESIAN_POINT('',(-0.0164422743055555,0.0206284722222222,-0.0263694786426315));
#7854=CARTESIAN_POINT('',(-0.0164422743055555,0.0200399305555556,-0.0263694786426315));
#7855=CARTESIAN_POINT('',(-0.0164422743055555,0.0200399305555556,-0.0263694786426315));
#7856=CARTESIAN_POINT('',(-0.0164422743055555,0.0200399305555556,-0.0263694786426315));
#7857=CARTESIAN_POINT('',(-0.0164422743055555,0.0194053819444444,-0.0263694786426315));
#7858=CARTESIAN_POINT('',(-0.0160842013888889,0.0190347222222222,-0.0263694786426315));
#7859=CARTESIAN_POINT('',(-0.0160842013888889,0.0190347222222222,-0.0263694786426315));
#7860=CARTESIAN_POINT('',(-0.0160842013888889,0.0190347222222222,-0.0263694786426315));
#7861=CARTESIAN_POINT('',(-0.0157261284722222,0.0186640625,-0.0263694786426315));
#7862=CARTESIAN_POINT('',(-0.0150915798611111,0.0186640625,-0.0263694786426315));
#7863=CARTESIAN_POINT('',(-0.0150915798611111,0.0186640625,-0.0263694786426315));
#7864=CARTESIAN_POINT('',(-0.0150915798611111,0.0186640625,-0.0263694786426315));
#7865=CARTESIAN_POINT('',(-0.01465234375,0.0186640625,-0.0263694786426315));
#7866=CARTESIAN_POINT('',(-0.0143250868055555,0.0188676215277778,-0.0263694786426315));
#7867=CARTESIAN_POINT('',(-0.0143250868055555,0.0188676215277778,-0.0263694786426315));
#7868=CARTESIAN_POINT('',(-0.0143250868055555,0.0188676215277778,-0.0263694786426315));
#7869=CARTESIAN_POINT('',(-0.0139978298611111,0.0190711805555555,-0.0263694786426315));
#7870=CARTESIAN_POINT('',(-0.0138203125,0.0194618055555555,-0.0263694786426315));
#7871=CARTESIAN_POINT('',(-0.0138203125,0.0194618055555555,-0.0263694786426315));
#7872=CARTESIAN_POINT('',(-0.0138203125,0.0194618055555555,-0.0263694786426315));
#7873=CARTESIAN_POINT('',(-0.0136427951388889,0.0198524305555556,-0.0263694786426315));
#7874=CARTESIAN_POINT('',(-0.0136427951388889,0.0204036458333334,-0.0263694786426315));
#7875=CARTESIAN_POINT('',(-0.00511255230606382,0.02321875,-0.0222221870152519));
#7876=CARTESIAN_POINT('',(-0.00511255230606382,0.01821875,-0.0222221870152519));
#7877=CARTESIAN_POINT('',(-0.00340096068633691,0.01821875,-0.020510595395525));
#7878=CARTESIAN_POINT('',(-0.00682414392579074,0.01821875,-0.0239337786349789));
#7879=CARTESIAN_POINT('',(-0.00682414392579074,0.02321875,-0.0239337786349789));
#7880=CARTESIAN_POINT('',(-0.00682414392579074,0.02321875,-0.0239337786349789));
#7881=CARTESIAN_POINT('',(-0.00511255230606382,0.02321875,-0.0222221870152519));
#7882=CARTESIAN_POINT('',(-0.00340096068633691,0.02321875,-0.020510595395525));
#7883=CARTESIAN_POINT('',(-0.00340096068633691,0.02321875,-0.020510595395525));
#7884=CARTESIAN_POINT('',(-0.00513004583320255,0.0212526041666667,-0.0222396805423907));
#7885=CARTESIAN_POINT('',(-0.00553638670919691,0.0212526041666667,-0.022646021418385));
#7886=CARTESIAN_POINT('',(-0.00577730633733555,0.0209296875,-0.0228869410465237));
#7887=CARTESIAN_POINT('',(-0.00513004583320255,0.0212526041666667,-0.0222396805423907));
#7888=CARTESIAN_POINT('',(-0.00577730633733555,0.0209296875,-0.0228869410465237));
#7889=CARTESIAN_POINT('',(-0.00577730633733555,0.0209296875,-0.0228869410465237));
#7890=CARTESIAN_POINT('',(-0.0060182259654742,0.0206067708333334,-0.0231278606746623));
#7891=CARTESIAN_POINT('',(-0.0060182259654742,0.0200451388888889,-0.0231278606746623));
#7892=CARTESIAN_POINT('',(-0.0060182259654742,0.0200451388888889,-0.0231278606746623));
#7893=CARTESIAN_POINT('',(-0.0060182259654742,0.0200451388888889,-0.0231278606746623));
#7894=CARTESIAN_POINT('',(-0.0060182259654742,0.0193810763888889,-0.0231278606746623));
#7895=CARTESIAN_POINT('',(-0.00572850860373804,0.0190225694444444,-0.0228381433129261));
#7896=CARTESIAN_POINT('',(-0.00572850860373804,0.0190225694444444,-0.0228381433129261));
#7897=CARTESIAN_POINT('',(-0.00572850860373804,0.0190225694444444,-0.0228381433129261));
#7898=CARTESIAN_POINT('',(-0.00543879124200189,0.0186640625,-0.02254842595119));
#7899=CARTESIAN_POINT('',(-0.00489986784453506,0.0186640625,-0.0220095025537232));
#7900=CARTESIAN_POINT('',(-0.00489986784453506,0.0186640625,-0.0220095025537232));
#7901=CARTESIAN_POINT('',(-0.00489986784453506,0.0186640625,-0.0220095025537232));
#7902=CARTESIAN_POINT('',(-0.00443153236359292,0.0186640625,-0.021541167072781));
#7903=CARTESIAN_POINT('',(-0.00414427023373589,0.0188784722222222,-0.021253904942924));
#7904=CARTESIAN_POINT('',(-0.00414427023373589,0.0188784722222222,-0.021253904942924));
#7905=CARTESIAN_POINT('',(-0.00414427023373589,0.0192408854166666,-0.021253904942924));
#7906=CARTESIAN_POINT('',(-0.00414427023373589,0.0196026852912669,-0.021253904942924));
#7907=CARTESIAN_POINT('',(-0.00486224676992391,0.0215796461433247,-0.021971881479112));
#7908=CARTESIAN_POINT('',(-0.0044969486734873,0.0194177881708671,-0.0216065833826754));
#7909=CARTESIAN_POINT('',(-0.00489529723294788,0.0215547871168424,-0.022004931942136));
#7910=CARTESIAN_POINT('',(-0.00487838456559276,0.0193454861111111,-0.0219880192747809));
#7911=CARTESIAN_POINT('',(-0.00487838456559276,0.0193454861111111,-0.0219880192747809));
#7912=CARTESIAN_POINT('',(-0.00542160461884805,0.0193454861111111,-0.0225312393280361));
#7913=CARTESIAN_POINT('',(-0.00542160461884805,0.0199748263888889,-0.0225312393280361));
#7914=CARTESIAN_POINT('',(-0.00542160461884805,0.0199748263888889,-0.0225312393280361));
#7915=CARTESIAN_POINT('',(-0.00542160461884805,0.0199748263888889,-0.0225312393280361));
#7916=CARTESIAN_POINT('',(-0.00542160461884805,0.0205746527777778,-0.0225312393280361));
#7917=CARTESIAN_POINT('',(-0.00485935651852958,0.0205746527777778,-0.0219689912277177));
#7918=CARTESIAN_POINT('',(-0.00485935651852958,0.0205746527777778,-0.0219689912277177));
#7919=CARTESIAN_POINT('',(-0.00487423813258208,0.0186062800368859,-0.0219838728417702));
#7920=CARTESIAN_POINT('',(-0.00463533305406749,0.0205458564248424,-0.0217449677632556));
#7921=CARTESIAN_POINT('',(-0.00488150804488649,0.0182507408731456,-0.0219911427540746));
#7922=CARTESIAN_POINT('',(-0.00443550611023992,0.0204846205302204,-0.021545140819428));
#7923=CARTESIAN_POINT('',(-0.00431767098519873,0.02057421875,-0.0214273056943868));
#7924=CARTESIAN_POINT('',(-0.00419951295101609,0.0206640625,-0.0213091476602042));
#7925=CARTESIAN_POINT('',(-0.00425230043641717,0.0216744791666667,-0.0213619351456052));
#7926=CARTESIAN_POINT('',(-0.00430508792181825,0.0226848958333334,-0.0214147226310064));
#7927=CARTESIAN_POINT('',(-0.00506559599637566,0.0226848958333334,-0.0221752307055638));
#7928=CARTESIAN_POINT('',(-0.00582610407093306,0.0226848958333334,-0.0229357387801211));
#7929=CARTESIAN_POINT('',(-0.00582610407093306,0.0223294270833333,-0.0229357387801211));
#7930=CARTESIAN_POINT('',(-0.00582610407093306,0.0219739583333333,-0.0229357387801211));
#7931=CARTESIAN_POINT('',(-0.00532554367157748,0.0219739583333333,-0.0224351783807656));
#7932=CARTESIAN_POINT('',(-0.0048249832722219,0.0219739583333333,-0.02193461798141));
#7933=CARTESIAN_POINT('',(-0.00479920333749114,0.0215846354166667,-0.0219088380466793));
#7934=CARTESIAN_POINT('',(-0.00477342340276038,0.0211953125,-0.0218830581119485));
#7935=CARTESIAN_POINT('',(-0.00480687593711339,0.0212048611111111,-0.0219165106463015));
#7936=CARTESIAN_POINT('',(-0.00484027726787331,0.0212147689341618,-0.0219499119770614));
#7937=CARTESIAN_POINT('',(-0.00510379365238887,0.0193661050826827,-0.022213428361577));
#7938=CARTESIAN_POINT('',(-0.000965260678684232,0.02321875,-0.0122097393213157));
#7939=CARTESIAN_POINT('',(-0.000965260678684232,0.01821875,-0.0122097393213157));
#7940=CARTESIAN_POINT('',(-0.000965260678684233,0.01821875,-0.00978918323945382));
#7941=CARTESIAN_POINT('',(-0.000965260678684232,0.01821875,-0.0122097393213158));
#7942=CARTESIAN_POINT('',(-0.00096526067868424,0.01821875,-0.0122097393213158));
#7943=CARTESIAN_POINT('',(-0.000965260678684248,0.01821875,-0.0146302954031777));
#7944=CARTESIAN_POINT('',(-0.000965260678684248,0.02321875,-0.0146302954031777));
#7945=CARTESIAN_POINT('',(-0.000965260678684248,0.02321875,-0.0146302954031777));
#7946=CARTESIAN_POINT('',(-0.000965260678684232,0.02321875,-0.0122097393213157));
#7947=CARTESIAN_POINT('',(-0.000965260678684233,0.02321875,-0.00978918323945382));
#7948=CARTESIAN_POINT('',(-0.000965260678684233,0.02321875,-0.00978918323945382));
#7949=CARTESIAN_POINT('',(-0.000965260678684232,0.0195407986111111,-0.0133330032102046));
#7950=CARTESIAN_POINT('',(-0.000965260678684232,0.0195407986111111,-0.0135717184879824));
#7951=CARTESIAN_POINT('',(-0.000965260678684232,0.0195407986111111,-0.0130942879324269));
#7952=CARTESIAN_POINT('',(-0.000965260678684232,0.0191297743055555,-0.0130942879324269));
#7953=CARTESIAN_POINT('',(-0.000965260678684232,0.01871875,-0.0130942879324269));
#7954=CARTESIAN_POINT('',(-0.000965260678684232,0.01871875,-0.0126845657102046));
#7955=CARTESIAN_POINT('',(-0.000965260678684232,0.01871875,-0.0122748434879824));
#7956=CARTESIAN_POINT('',(-0.000965260678684232,0.0191297743055555,-0.0122748434879824));
#7957=CARTESIAN_POINT('',(-0.000965260678684232,0.0195407986111111,-0.0122748434879824));
#7958=CARTESIAN_POINT('',(-0.000965260678684233,0.0195407986111111,-0.0114284893213157));
#7959=CARTESIAN_POINT('',(-0.000965260678684233,0.0195407986111111,-0.0105821351546491));
#7960=CARTESIAN_POINT('',(-0.000965260678684233,0.0198324652777777,-0.0105821351546491));
#7961=CARTESIAN_POINT('',(-0.000965260678684233,0.0201241319444444,-0.0105821351546491));
#7962=CARTESIAN_POINT('',(-0.000965260678684233,0.0214045138888889,-0.0114519268213158));
#7963=CARTESIAN_POINT('',(-0.000965260678684232,0.0226848958333334,-0.0123217184879824));
#7964=CARTESIAN_POINT('',(-0.000965260678684232,0.0226848958333334,-0.0127080032102046));
#7965=CARTESIAN_POINT('',(-0.000965260678684232,0.0226848958333334,-0.0130942879324269));
#7966=CARTESIAN_POINT('',(-0.000965260678684232,0.0214383680555555,-0.0130942879324269));
#7967=CARTESIAN_POINT('',(-0.000965260678684232,0.0201918402777778,-0.0130942879324269));
#7968=CARTESIAN_POINT('',(-0.000965260678684232,0.0201918402777778,-0.0133330032102046));
#7969=CARTESIAN_POINT('',(-0.000965260678684232,0.0201918402777778,-0.0135717184879824));
#7970=CARTESIAN_POINT('',(-0.000965260678684232,0.0198663194444444,-0.0135717184879824));
#7971=CARTESIAN_POINT('',(-0.00511255230606383,0.02321875,-0.00219729162737958));
#7972=CARTESIAN_POINT('',(-0.00511255230606383,0.01821875,-0.00219729162737958));
#7973=CARTESIAN_POINT('',(-0.00682414392579075,0.01821875,-0.000485700007652665));
#7974=CARTESIAN_POINT('',(-0.00340096068633692,0.01821875,-0.0039088832471065));
#7975=CARTESIAN_POINT('',(-0.00340096068633692,0.02321875,-0.0039088832471065));
#7976=CARTESIAN_POINT('',(-0.00340096068633692,0.02321875,-0.0039088832471065));
#7977=CARTESIAN_POINT('',(-0.00511255230606383,0.02321875,-0.00219729162737958));
#7978=CARTESIAN_POINT('',(-0.00682414392579075,0.02321875,-0.000485700007652665));
#7979=CARTESIAN_POINT('',(-0.00682414392579075,0.02321875,-0.000485700007652665));
#7980=CARTESIAN_POINT('',(-0.00427685275520838,0.0217977430555556,-0.00303299117823503));
#7981=CARTESIAN_POINT('',(-0.00427685275520838,0.0214262152777778,-0.00303299117823503));
#7982=CARTESIAN_POINT('',(-0.00443613592336628,0.0211657986111111,-0.00287370801007713));
#7983=CARTESIAN_POINT('',(-0.00427685275520838,0.0217977430555556,-0.00303299117823503));
#7984=CARTESIAN_POINT('',(-0.00443613592336628,0.0211657986111111,-0.00287370801007713));
#7985=CARTESIAN_POINT('',(-0.00443613592336628,0.0211657986111111,-0.00287370801007713));
#7986=CARTESIAN_POINT('',(-0.00459541909152419,0.0209053819444444,-0.00271442484191922));
#7987=CARTESIAN_POINT('',(-0.00488329502935101,0.0208072916666667,-0.0024265489040924));
#7988=CARTESIAN_POINT('',(-0.00488329502935101,0.0208072916666667,-0.0024265489040924));
#7989=CARTESIAN_POINT('',(-0.00488329502935101,0.0207994791666666,-0.0024265489040924));
#7990=CARTESIAN_POINT('',(-0.00488329502935101,0.0207916666666666,-0.0024265489040924));
#7991=CARTESIAN_POINT('',(-0.00488329502935101,0.0207916666666666,-0.0024265489040924));
#7992=CARTESIAN_POINT('',(-0.0045432454140929,0.0207317708333334,-0.00276659851935052));
#7993=CARTESIAN_POINT('',(-0.00436892395067538,0.0204995659722223,-0.00294091998276804));
#7994=CARTESIAN_POINT('',(-0.00436892395067538,0.0204995659722223,-0.00294091998276804));
#7995=CARTESIAN_POINT('',(-0.00436892395067538,0.0204995659722223,-0.00294091998276804));
#7996=CARTESIAN_POINT('',(-0.00419460248725786,0.0202673611111111,-0.00311524144618556));
#7997=CARTESIAN_POINT('',(-0.00419460248725786,0.0198741319444444,-0.00311524144618556));
#7998=CARTESIAN_POINT('',(-0.00419460248725786,0.0198741319444444,-0.00311524144618556));
#7999=CARTESIAN_POINT('',(-0.00419460248725786,0.0198741319444444,-0.00311524144618556));
#8000=CARTESIAN_POINT('',(-0.00419460248725786,0.0193020833333334,-0.00311524144618556));
#8001=CARTESIAN_POINT('',(-0.0044880026968127,0.0189830729166666,-0.00282184123663072));
#8002=CARTESIAN_POINT('',(-0.0044880026968127,0.0189830729166666,-0.00282184123663072));
#8003=CARTESIAN_POINT('',(-0.0044880026968127,0.0189830729166666,-0.00282184123663072));
#8004=CARTESIAN_POINT('',(-0.00478140290636753,0.0186640625,-0.00252844102707589));
#8005=CARTESIAN_POINT('',(-0.00532585057556238,0.0186640625,-0.00198399335788104));
#8006=CARTESIAN_POINT('',(-0.00532585057556238,0.0186640625,-0.00198399335788104));
#8007=CARTESIAN_POINT('',(-0.00532585057556238,0.0186640625,-0.00198399335788104));
#8008=CARTESIAN_POINT('',(-0.00578252370507869,0.0186640625,-0.00152732022836472));
#8009=CARTESIAN_POINT('',(-0.00613546328770219,0.0188784722222223,-0.00117438064574123));
#8010=CARTESIAN_POINT('',(-0.00613546328770219,0.0188784722222223,-0.00117438064574123));
#8011=CARTESIAN_POINT('',(-0.00613546328770219,0.0192352430555555,-0.00117438064574123));
#8012=CARTESIAN_POINT('',(-0.00613546328770219,0.0195917297708411,-0.00117438064574122));
#8013=CARTESIAN_POINT('',(-0.00531889696894149,0.0219131973766449,-0.00199094696450192));
#8014=CARTESIAN_POINT('',(-0.0057769761859992,0.0194024675874817,-0.00153286774744421));
#8015=CARTESIAN_POINT('',(-0.00538393110116963,0.0214615085342336,-0.00192591283227379));
#8016=CARTESIAN_POINT('',(-0.0053896866044195,0.0193289930555555,-0.00192015732902391));
#8017=CARTESIAN_POINT('',(-0.0053896866044195,0.0193289930555555,-0.00192015732902391));
#8018=CARTESIAN_POINT('',(-0.00509567258689489,0.0193289930555555,-0.00221417134654853));
#8019=CARTESIAN_POINT('',(-0.00495572436978505,0.0194700520833334,-0.00235411956365836));
#8020=CARTESIAN_POINT('',(-0.00495572436978505,0.0194700520833334,-0.00235411956365836));
#8021=CARTESIAN_POINT('',(-0.00495572436978505,0.0194700520833334,-0.00235411956365836));
#8022=CARTESIAN_POINT('',(-0.00481577615267521,0.0196111111111111,-0.0024940677807682));
#8023=CARTESIAN_POINT('',(-0.00481577615267521,0.0199236111111111,-0.0024940677807682));
#8024=CARTESIAN_POINT('',(-0.00481577615267521,0.0199236111111111,-0.0024940677807682));
#8025=CARTESIAN_POINT('',(-0.00481577615267521,0.0199236111111111,-0.0024940677807682));
#8026=CARTESIAN_POINT('',(-0.00481577615267521,0.0202022569444444,-0.0024940677807682));
#8027=CARTESIAN_POINT('',(-0.00497690074474246,0.0203190104166667,-0.00233294318870096));
#8028=CARTESIAN_POINT('',(-0.00497690074474246,0.0203190104166667,-0.00233294318870096));
#8029=CARTESIAN_POINT('',(-0.00497690074474246,0.0203190104166667,-0.00233294318870096));
#8030=CARTESIAN_POINT('',(-0.0051380253368097,0.0204357638888889,-0.00217181859663371));
#8031=CARTESIAN_POINT('',(-0.0054909649194332,0.0204357638888889,-0.00181887901401021));
#8032=CARTESIAN_POINT('',(-0.0054909649194332,0.0204357638888889,-0.00181887901401021));
#8033=CARTESIAN_POINT('',(-0.00559746060219003,0.0204357638888889,-0.00171238333125339));
#8034=CARTESIAN_POINT('',(-0.00570395628494686,0.0204357638888889,-0.00160588764849656));
#8035=CARTESIAN_POINT('',(-0.00570395628494686,0.0207573784722223,-0.00160588764849656));
#8036=CARTESIAN_POINT('',(-0.00570395628494686,0.0210789930555556,-0.00160588764849656));
#8037=CARTESIAN_POINT('',(-0.00559561917828069,0.0210789930555556,-0.00171422475516273));
#8038=CARTESIAN_POINT('',(-0.00548728207161452,0.0210789930555556,-0.00182256186182889));
#8039=CARTESIAN_POINT('',(-0.00548728207161452,0.0210789930555556,-0.00182256186182889));
#8040=CARTESIAN_POINT('',(-0.00516135003966134,0.0210789930555556,-0.00214849389378207));
#8041=CARTESIAN_POINT('',(-0.00501066018308036,0.0211996527777778,-0.00229918375036306));
#8042=CARTESIAN_POINT('',(-0.00501066018308036,0.0211996527777778,-0.00229918375036306));
#8043=CARTESIAN_POINT('',(-0.00501066018308036,0.0211996527777778,-0.00229918375036306));
#8044=CARTESIAN_POINT('',(-0.00485997032649937,0.0213203125,-0.00244987360694405));
#8045=CARTESIAN_POINT('',(-0.00485997032649937,0.0216128472222222,-0.00244987360694405));
#8046=CARTESIAN_POINT('',(-0.00485997032649937,0.0216128472222222,-0.00244987360694405));
#8047=CARTESIAN_POINT('',(-0.00485997032649937,0.0216128472222222,-0.00244987360694405));
#8048=CARTESIAN_POINT('',(-0.00485997032649937,0.0220633680555555,-0.00244987360694405));
#8049=CARTESIAN_POINT('',(-0.00525894550685636,0.0220633680555555,-0.00205089842658705));
#8050=CARTESIAN_POINT('',(-0.00525894550685636,0.0220633680555555,-0.00205089842658705));
#8051=CARTESIAN_POINT('',(-0.0052524892374035,0.0207702620390065,-0.00205735469603992));
#8052=CARTESIAN_POINT('',(-0.00554015325809425,0.0219985916729695,-0.00176969067534916));
#8053=CARTESIAN_POINT('',(-0.00507802357467495,0.0201491518222127,-0.00223182035876846));
#8054=CARTESIAN_POINT('',(-0.00585707501911084,0.0217727363514022,-0.00145276891433257));
#8055=CARTESIAN_POINT('',(-0.00599459435863768,0.0220620659722222,-0.00131524957480573));
#8056=CARTESIAN_POINT('',(-0.00613178043988351,0.0223506944444445,-0.00117806349355991));
#8057=CARTESIAN_POINT('',(-0.00613178043988351,0.0223506944444445,-0.00117806349355991));
#8058=CARTESIAN_POINT('',(-0.00574815045877101,0.0227413194444445,-0.0015616934746724));
#8059=CARTESIAN_POINT('',(-0.00521659275694154,0.0227413194444445,-0.00209325117650187));
#8060=CARTESIAN_POINT('',(-0.00521659275694154,0.0227413194444445,-0.00209325117650187));
#8061=CARTESIAN_POINT('',(-0.00521659275694154,0.0227413194444445,-0.00209325117650187));
#8062=CARTESIAN_POINT('',(-0.00478140290636753,0.0227413194444445,-0.00252844102707589));
#8063=CARTESIAN_POINT('',(-0.00452912783078796,0.0224917534722223,-0.00278071610265546));
#8064=CARTESIAN_POINT('',(-0.00452912783078796,0.0224917534722223,-0.00278071610265546));
#8065=CARTESIAN_POINT('',(-0.00452912783078796,0.0224917534722223,-0.00278071610265546));
#8066=CARTESIAN_POINT('',(-0.00427685275520838,0.0222421875,-0.00303299117823503));
#8067=CARTESIAN_POINT('',(-0.00427685275520838,0.0217977430555556,-0.00303299117823503));
#8068=CARTESIAN_POINT('',(-0.0151249999946521,0.02321875,0.00195));
#8069=CARTESIAN_POINT('',(-0.0151249999946521,0.01821875,0.00195));
#8070=CARTESIAN_POINT('',(-0.0175455563559977,0.01821875,0.00195));
#8071=CARTESIAN_POINT('',(-0.015125,0.01821875,0.00195));
#8072=CARTESIAN_POINT('',(-0.015125,0.01821875,0.00195));
#8073=CARTESIAN_POINT('',(-0.0127044436333064,0.01821875,0.00195));
#8074=CARTESIAN_POINT('',(-0.0127044436333064,0.02321875,0.00195));
#8075=CARTESIAN_POINT('',(-0.0127044436333064,0.02321875,0.00195));
#8076=CARTESIAN_POINT('',(-0.0151249999946521,0.02321875,0.00195));
#8077=CARTESIAN_POINT('',(-0.0175455563559977,0.02321875,0.00195));
#8078=CARTESIAN_POINT('',(-0.0175455563559977,0.02321875,0.00195));
#8079=CARTESIAN_POINT('',(-0.0151940104139927,0.01871875,0.00195));
#8080=CARTESIAN_POINT('',(-0.0138077256917705,0.01871875,0.00195));
#8081=CARTESIAN_POINT('',(-0.0165802951362149,0.01871875,0.00195));
#8082=CARTESIAN_POINT('',(-0.0165802951362149,0.0190104166666667,0.00195));
#8083=CARTESIAN_POINT('',(-0.0165802951362149,0.0193020833333334,0.00195));
#8084=CARTESIAN_POINT('',(-0.0160824652751038,0.0198051215277778,0.00195));
#8085=CARTESIAN_POINT('',(-0.0155846354139927,0.0203081597222222,0.00195));
#8086=CARTESIAN_POINT('',(-0.0155846354139927,0.0203081597222222,0.00195));
#8087=CARTESIAN_POINT('',(-0.0151419270806593,0.0207612847222222,0.00195));
#8088=CARTESIAN_POINT('',(-0.0150065104139927,0.0209361979166666,0.00195));
#8089=CARTESIAN_POINT('',(-0.0150065104139927,0.0209361979166666,0.00195));
#8090=CARTESIAN_POINT('',(-0.0160979373133915,0.0218206678383316,0.00195));
#8091=CARTESIAN_POINT('',(-0.014810881511755,0.0212602779982218,0.00195));
#8092=CARTESIAN_POINT('',(-0.0155735051775179,0.021568586706022,0.00195));
#8093=CARTESIAN_POINT('',(-0.0147513039949018,0.0215694444424475,0.00195));
#8094=CARTESIAN_POINT('',(-0.0147513020806594,0.0215694444444445,0.00195));
#8095=CARTESIAN_POINT('',(-0.0147513020806594,0.0218081597222222,0.00195));
#8096=CARTESIAN_POINT('',(-0.0148832465251038,0.0219249131944444,0.00195));
#8097=CARTESIAN_POINT('',(-0.0148832465251038,0.0219249131944444,0.00195));
#8098=CARTESIAN_POINT('',(-0.0148832465251038,0.0219249131944444,0.00195));
#8099=CARTESIAN_POINT('',(-0.0150151909695483,0.0220416666666667,0.00195));
#8100=CARTESIAN_POINT('',(-0.0152348090251038,0.0220416666666667,0.00195));
#8101=CARTESIAN_POINT('',(-0.0152348090251038,0.0220416666666667,0.00195));
#8102=CARTESIAN_POINT('',(-0.0152311893128412,0.0210341879795415,0.00195));
#8103=CARTESIAN_POINT('',(-0.0156819470990636,0.0219359364917528,0.00195));
#8104=CARTESIAN_POINT('',(-0.0146224345100592,0.0198606499013724,0.00195));
#8105=CARTESIAN_POINT('',(-0.016134578651216,0.0216340699850743,0.00195));
#8106=CARTESIAN_POINT('',(-0.0163628472195483,0.0219045138888889,0.00195));
#8107=CARTESIAN_POINT('',(-0.0165907118028816,0.0221744791666666,0.00195));
#8108=CARTESIAN_POINT('',(-0.0165907118028816,0.0221744791666666,0.00195));
#8109=CARTESIAN_POINT('',(-0.0162981770806594,0.0224244791666666,0.00195));
#8110=CARTESIAN_POINT('',(-0.016105468747326,0.02252734375,0.00195));
#8111=CARTESIAN_POINT('',(-0.016105468747326,0.02252734375,0.00195));
#8112=CARTESIAN_POINT('',(-0.0152707384941675,0.0209448820603823,0.00195));
#8113=CARTESIAN_POINT('',(-0.0156849289787214,0.0226859161217256,0.00195));
#8114=CARTESIAN_POINT('',(-0.0152012467038084,0.0205769894049155,0.00195));
#8115=CARTESIAN_POINT('',(-0.0151749131917705,0.0227413194444445,0.00195));
#8116=CARTESIAN_POINT('',(-0.0151749131917705,0.0227413194444445,0.00195));
#8117=CARTESIAN_POINT('',(-0.0148033854139927,0.0227413194444445,0.00195));
#8118=CARTESIAN_POINT('',(-0.0145186631917705,0.0226059027777778,0.00195));
#8119=CARTESIAN_POINT('',(-0.0145186631917705,0.0226059027777778,0.00195));
#8120=CARTESIAN_POINT('',(-0.0149506935987069,0.0216520349188805,0.00195));
#8121=CARTESIAN_POINT('',(-0.0140761865162776,0.0222262574497035,0.00195));
#8122=CARTESIAN_POINT('',(-0.0149268792724784,0.021686888102285,0.00195));
#8123=CARTESIAN_POINT('',(-0.0139192042288157,0.0216675374466955,0.00195));
#8124=CARTESIAN_POINT('',(-0.0152863878635997,0.021656170601444,0.00195));
#8125=CARTESIAN_POINT('',(-0.0140148127362045,0.0211530488067116,0.00195));
#8126=CARTESIAN_POINT('',(-0.0158377982550888,0.0219287996918329,0.00195));
#8127=CARTESIAN_POINT('',(-0.0143138020806594,0.0206610243055555,0.00195));
#8128=CARTESIAN_POINT('',(-0.0143138020806594,0.0206610243055555,0.00195));
#8129=CARTESIAN_POINT('',(-0.0145160590251038,0.0204088541666666,0.00195));
#8130=CARTESIAN_POINT('',(-0.0150256076362149,0.0199418402777778,0.00195));
#8131=CARTESIAN_POINT('',(-0.0150256076362149,0.0199418402777778,0.00195));
#8132=CARTESIAN_POINT('',(-0.0152808159695482,0.0197018229166666,0.00195));
#8133=CARTESIAN_POINT('',(-0.0155360243028816,0.0194618055555555,0.00195));
#8134=CARTESIAN_POINT('',(-0.0155360243028816,0.0194431423611111,0.00195));
#8135=CARTESIAN_POINT('',(-0.0155360243028816,0.0194244791666667,0.00195));
#8136=CARTESIAN_POINT('',(-0.014671874997326,0.0194244791666667,0.00195));
#8137=CARTESIAN_POINT('',(-0.0138077256917705,0.0194244791666667,0.00195));
#8138=CARTESIAN_POINT('',(-0.0138077256917705,0.0190716145833334,0.00195));
#8139=CARTESIAN_POINT('',(-0.0251374474963113,0.02321875,-0.00219729142975475));
#8140=CARTESIAN_POINT('',(-0.0251374474963113,0.01821875,-0.00219729142975475));
#8141=CARTESIAN_POINT('',(-0.0234258556789596,0.01821875,-0.000485699612403021));
#8142=CARTESIAN_POINT('',(-0.0268490393136631,0.01821875,-0.00390888324710648));
#8143=CARTESIAN_POINT('',(-0.0234258556789596,0.02321875,-0.000485699612403021));
#8144=CARTESIAN_POINT('',(-0.0234258556789596,0.02321875,-0.000485699612403021));
#8145=CARTESIAN_POINT('',(-0.0251374474963113,0.02321875,-0.00219729142975475));
#8146=CARTESIAN_POINT('',(-0.0268490393136631,0.02321875,-0.00390888324710648));
#8147=CARTESIAN_POINT('',(-0.0268490393136631,0.02321875,-0.00390888324710648));
#8148=CARTESIAN_POINT('',(-0.0244533585139916,0.0207018229166667,-0.00151320244743495));
#8149=CARTESIAN_POINT('',(-0.0244533585139916,0.0226848958333334,-0.00151320244743495));
#8150=CARTESIAN_POINT('',(-0.0244533585139916,0.01871875,-0.00151320244743495));
#8151=CARTESIAN_POINT('',(-0.0247498277633953,0.01871875,-0.00180967169683868));
#8152=CARTESIAN_POINT('',(-0.025046297012799,0.01871875,-0.00210614094624242));
#8153=CARTESIAN_POINT('',(-0.025046297012799,0.0198663194444444,-0.00210614094624242));
#8154=CARTESIAN_POINT('',(-0.025046297012799,0.0210138888888889,-0.00210614094624242));
#8155=CARTESIAN_POINT('',(-0.0250432279729501,0.0212022569444444,-0.00210307190639352));
#8156=CARTESIAN_POINT('',(-0.0250401589331012,0.021390625,-0.00210000286654462));
#8157=CARTESIAN_POINT('',(-0.0250355553733279,0.0215967881944444,-0.00209539930677127));
#8158=CARTESIAN_POINT('',(-0.0250309518135545,0.0218029513888889,-0.00209079574699792));
#8159=CARTESIAN_POINT('',(-0.0274746052714494,0.0251526264425644,-0.00453444920489281));
#8160=CARTESIAN_POINT('',(-0.025235773240782,0.0215292056813234,-0.00229561717422538));
#8161=CARTESIAN_POINT('',(-0.0253970882675283,0.0213463541666667,-0.00245693220097168));
#8162=CARTESIAN_POINT('',(-0.0255582128595956,0.0211631944444444,-0.00261805679303893));
#8163=CARTESIAN_POINT('',(-0.0257012301165543,0.0214153645833333,-0.00276107404999766));
#8164=CARTESIAN_POINT('',(-0.025844247373513,0.0216675347222222,-0.0029040913069564));
#8165=CARTESIAN_POINT('',(-0.0253924847077549,0.0221762152777778,-0.00245232864119834));
#8166=CARTESIAN_POINT('',(-0.0249407220419968,0.0226848958333334,-0.00200056597544026));
#8167=CARTESIAN_POINT('',(-0.0246970402779942,0.0226848958333334,-0.00175688421143761));
#8168=CARTESIAN_POINT('',(-0.015125,0.01821875,-0.0122097393213157));
#8169=CARTESIAN_POINT('',(-0.0175455560818619,0.01821875,-0.0180534786426315));
#8170=CARTESIAN_POINT('',(-0.0215371106767542,0.01821875,-0.0253489120030286));
#8171=CARTESIAN_POINT('',(-0.0215371105307829,0.01821875,-0.0253489117362342));
#8172=CARTESIAN_POINT('',(-0.0214502370176921,0.01821875,-0.024689100670941));
#8173=CARTESIAN_POINT('',(-0.0213633635046014,0.01821875,-0.0240292896056479));
#8174=CARTESIAN_POINT('',(-0.0212764899915107,0.01821875,-0.0233694785403547));
#8175=CARTESIAN_POINT('',(-0.021276489188254,0.01821875,-0.0233694786426315));
#8176=CARTESIAN_POINT('',(-0.0212764894007657,0.01821875,-0.0233694786426315));
#8177=CARTESIAN_POINT('',(-0.0200328450319683,0.01821875,-0.0233694786426315));
#8178=CARTESIAN_POINT('',(-0.0187892004506593,0.01821875,-0.0233694786426315));
#8179=CARTESIAN_POINT('',(-0.017545556081862,0.01821875,-0.0233694786426315));
#8180=CARTESIAN_POINT('',(-0.017545556081862,0.01821875,-0.0233694786426315));
#8181=CARTESIAN_POINT('',(-0.017545556081862,0.01821875,-0.0180534786426315));
#8182=CARTESIAN_POINT('',(-0.0213045357306496,0.01821875,-0.0218124582914191));
#8183=CARTESIAN_POINT('',(-0.0230161273503765,0.01821875,-0.0201008666716922));
#8184=CARTESIAN_POINT('',(-0.0247277189701035,0.01821875,-0.0183892750519654));
#8185=CARTESIAN_POINT('',(-0.0209687393213157,0.01821875,-0.0146302954031777));
#8186=CARTESIAN_POINT('',(-0.0262847393213156,0.01821875,-0.0146302954031777));
#8187=CARTESIAN_POINT('',(-0.0262847393213157,0.01821875,-0.0146302954031777));
#8188=CARTESIAN_POINT('',(-0.0262847393213157,0.01821875,-0.0158739397719751));
#8189=CARTESIAN_POINT('',(-0.0262847393213156,0.01821875,-0.0171175843532841));
#8190=CARTESIAN_POINT('',(-0.0262847393213156,0.01821875,-0.0183612287220814));
#8191=CARTESIAN_POINT('',(-0.0262847393213156,0.01821875,-0.0183612285095698));
#8192=CARTESIAN_POINT('',(-0.0262847392190388,0.01821875,-0.0183612293128264));
#8193=CARTESIAN_POINT('',(-0.026944550284332,0.01821875,-0.0184481028259172));
#8194=CARTESIAN_POINT('',(-0.0276043613496252,0.01821875,-0.0185349763390079));
#8195=CARTESIAN_POINT('',(-0.0282641724149184,0.01821875,-0.0186218498520987));
#8196=CARTESIAN_POINT('',(-0.0282641726817128,0.01821875,-0.01862184999807));
#8197=CARTESIAN_POINT('',(-0.0209687393213157,0.01821875,-0.0146302954031777));
#8198=CARTESIAN_POINT('',(-0.015125,0.01821875,-0.0122097393213157));
#8199=CARTESIAN_POINT('',(-0.00928126067868425,0.01821875,-0.00978918323945383));
#8200=CARTESIAN_POINT('',(-0.00552228102989656,0.01821875,-0.00603020359066614));
#8201=CARTESIAN_POINT('',(-0.00396526067868423,0.01821875,-0.00978918323945382));
#8202=CARTESIAN_POINT('',(-0.00396526067868424,0.01821875,-0.00978918323945382));
#8203=CARTESIAN_POINT('',(-0.00396526067868423,0.01821875,-0.00854553879981379));
#8204=CARTESIAN_POINT('',(-0.00396526067868423,0.01821875,-0.00730189436017376));
#8205=CARTESIAN_POINT('',(-0.00396526067868423,0.01821875,-0.00605824992053373));
#8206=CARTESIAN_POINT('',(-0.00396526078096889,0.01821875,-0.00605824932974318));
#8207=CARTESIAN_POINT('',(-0.0039652607809689,0.01821875,-0.00605824932974317));
#8208=CARTESIAN_POINT('',(-0.00330544971567013,0.01821875,-0.00597137581669502));
#8209=CARTESIAN_POINT('',(-0.00264563865037137,0.01821875,-0.00588450230364688));
#8210=CARTESIAN_POINT('',(-0.0019858275850726,0.01821875,-0.00579762879059873));
#8211=CARTESIAN_POINT('',(-0.0019858273182574,0.01821875,-0.00579762864461599));
#8212=CARTESIAN_POINT('',(-0.00928126067868425,0.01821875,-0.00978918323945382));
#8213=CARTESIAN_POINT('',(-0.0127044439181381,0.01821875,-0.006366));
#8214=CARTESIAN_POINT('',(-0.00871288932324581,0.01821875,0.000929433360397068));
#8215=CARTESIAN_POINT('',(-0.00871288946921716,0.01821875,0.000929433093602702));
#8216=CARTESIAN_POINT('',(-0.00879976298230789,0.01821875,0.000269622028309542));
#8217=CARTESIAN_POINT('',(-0.00888663649539862,0.01821875,-0.000390189036983618));
#8218=CARTESIAN_POINT('',(-0.00897351000848935,0.01821875,-0.00105000010227678));
#8219=CARTESIAN_POINT('',(-0.00897351081174602,0.01821875,-0.00105));
#8220=CARTESIAN_POINT('',(-0.00897351059923438,0.01821875,-0.00105));
#8221=CARTESIAN_POINT('',(-0.0102171550388689,0.01821875,-0.00105));
#8222=CARTESIAN_POINT('',(-0.0114607994785035,0.01821875,-0.00105));
#8223=CARTESIAN_POINT('',(-0.0127044439181381,0.01821875,-0.00105));
#8224=CARTESIAN_POINT('',(-0.0127044439181381,0.01821875,-0.00105));
#8225=CARTESIAN_POINT('',(-0.0127044439181381,0.01821875,-0.006366));
#8226=CARTESIAN_POINT('',(-0.00894546426935039,0.01821875,-0.00260702035121231));
#8227=CARTESIAN_POINT('',(-0.00723387264962348,0.01821875,-0.00431861197093922));
#8228=CARTESIAN_POINT('',(-0.015125,0.01821875,-0.0122097393213157));
#8229=CARTESIAN_POINT('',(-0.0127044439181381,0.01821875,-0.0180534786426315));
#8230=CARTESIAN_POINT('',(-0.00894546426935038,0.01821875,-0.0218124582914192));
#8231=CARTESIAN_POINT('',(-0.0127044439181381,0.01821875,-0.0233694786426315));
#8232=CARTESIAN_POINT('',(-0.0127044439181381,0.01821875,-0.0233694786426315));
#8233=CARTESIAN_POINT('',(-0.011460799478498,0.01821875,-0.0233694786426315));
#8234=CARTESIAN_POINT('',(-0.010217155038858,0.01821875,-0.0233694786426315));
#8235=CARTESIAN_POINT('',(-0.00897351059921796,0.01821875,-0.0233694786426315));
#8236=CARTESIAN_POINT('',(-0.00897351000842742,0.01821875,-0.0233694785403468));
#8237=CARTESIAN_POINT('',(-0.00897351000842742,0.01821875,-0.0233694785403468));
#8238=CARTESIAN_POINT('',(-0.00888663649537927,0.01821875,-0.0240292896056456));
#8239=CARTESIAN_POINT('',(-0.00879976298233112,0.01821875,-0.0246891006709444));
#8240=CARTESIAN_POINT('',(-0.00871288946928297,0.01821875,-0.0253489117362431));
#8241=CARTESIAN_POINT('',(-0.00871288932330021,0.01821875,-0.0253489120030583));
#8242=CARTESIAN_POINT('',(-0.0127044439181381,0.01821875,-0.0180534786426315));
#8243=CARTESIAN_POINT('',(-0.00928126067868424,0.01821875,-0.0146302954031777));
#8244=CARTESIAN_POINT('',(-0.00198582731828719,0.01821875,-0.01862184999807));
#8245=CARTESIAN_POINT('',(-0.00198582758508156,0.01821875,-0.0186218498520986));
#8246=CARTESIAN_POINT('',(-0.00264563865037473,0.01821875,-0.0185349763390079));
#8247=CARTESIAN_POINT('',(-0.00330544971566789,0.01821875,-0.0184481028259171));
#8248=CARTESIAN_POINT('',(-0.00396526078096106,0.01821875,-0.0183612293128264));
#8249=CARTESIAN_POINT('',(-0.00396526067868426,0.01821875,-0.0183612285095698));
#8250=CARTESIAN_POINT('',(-0.00396526067868426,0.01821875,-0.0183612287220814));
#8251=CARTESIAN_POINT('',(-0.00396526067868426,0.01821875,-0.0171175842824468));
#8252=CARTESIAN_POINT('',(-0.00396526067868425,0.01821875,-0.0158739398428122));
#8253=CARTESIAN_POINT('',(-0.00396526067868425,0.01821875,-0.0146302954031777));
#8254=CARTESIAN_POINT('',(-0.00396526067868425,0.01821875,-0.0146302954031777));
#8255=CARTESIAN_POINT('',(-0.00928126067868425,0.01821875,-0.0146302954031777));
#8256=CARTESIAN_POINT('',(-0.00552228102989655,0.01821875,-0.0183892750519654));
#8257=CARTESIAN_POINT('',(-0.00723387264962346,0.01821875,-0.0201008666716923));
#8258=CARTESIAN_POINT('',(-0.015125,0.01821875,-0.0122097393213157));
#8259=CARTESIAN_POINT('',(-0.017545556081862,0.01821875,-0.006366));
#8260=CARTESIAN_POINT('',(-0.0213045357306496,0.01821875,-0.00260702035121232));
#8261=CARTESIAN_POINT('',(-0.017545556081862,0.01821875,-0.00105));
#8262=CARTESIAN_POINT('',(-0.017545556081862,0.01821875,-0.00105));
#8263=CARTESIAN_POINT('',(-0.018789200521502,0.01821875,-0.00105));
#8264=CARTESIAN_POINT('',(-0.020032844961142,0.01821875,-0.00105));
#8265=CARTESIAN_POINT('',(-0.021276489400782,0.01821875,-0.00105));
#8266=CARTESIAN_POINT('',(-0.0212764899915726,0.01821875,-0.00105000010228466));
#8267=CARTESIAN_POINT('',(-0.0212764899915726,0.01821875,-0.00105000010228464));
#8268=CARTESIAN_POINT('',(-0.0213633635046207,0.01821875,-0.000390189036985871));
#8269=CARTESIAN_POINT('',(-0.0214502370176689,0.01821875,0.000269622028312895));
#8270=CARTESIAN_POINT('',(-0.021537110530717,0.01821875,0.000929433093611662));
#8271=CARTESIAN_POINT('',(-0.0215371106766998,0.01821875,0.000929433360426843));
#8272=CARTESIAN_POINT('',(-0.017545556081862,0.01821875,-0.006366));
#8273=CARTESIAN_POINT('',(-0.0209687393213157,0.01821875,-0.00978918323945385));
#8274=CARTESIAN_POINT('',(-0.0282641726817426,0.01821875,-0.00579762864461601));
#8275=CARTESIAN_POINT('',(-0.0282641724149274,0.01821875,-0.00579762879059876));
#8276=CARTESIAN_POINT('',(-0.0276043613496287,0.01821875,-0.00588450230364689));
#8277=CARTESIAN_POINT('',(-0.0269445502843299,0.01821875,-0.00597137581669503));
#8278=CARTESIAN_POINT('',(-0.0262847392190312,0.01821875,-0.00605824932974317));
#8279=CARTESIAN_POINT('',(-0.0262847393213158,0.01821875,-0.00605825013306175));
#8280=CARTESIAN_POINT('',(-0.0262847393213158,0.01821875,-0.00605824992053373));
#8281=CARTESIAN_POINT('',(-0.0262847393213158,0.01821875,-0.0073018942893311));
#8282=CARTESIAN_POINT('',(-0.0262847393213157,0.01821875,-0.00854553887065648));
#8283=CARTESIAN_POINT('',(-0.0262847393213157,0.01821875,-0.00978918323945384));
#8284=CARTESIAN_POINT('',(-0.0262847393213157,0.01821875,-0.00978918323945384));
#8285=CARTESIAN_POINT('',(-0.0209687393213157,0.01821875,-0.00978918323945384));
#8286=CARTESIAN_POINT('',(-0.0247277189701035,0.01821875,-0.00603020359066613));
#8287=CARTESIAN_POINT('',(-0.0230161273503766,0.01821875,-0.00431861197093922));
#8288=CARTESIAN_POINT('',(-0.015125,0.02321875,-0.0122097393213157));
#8289=CARTESIAN_POINT('',(-0.017545556081862,0.02321875,-0.006366));
#8290=CARTESIAN_POINT('',(-0.0127044439181381,0.02321875,-0.006366));
#8291=CARTESIAN_POINT('',(-0.00928126067868425,0.02321875,-0.00978918323945382));
#8292=CARTESIAN_POINT('',(-0.00928126067868424,0.02321875,-0.0146302954031777));
#8293=CARTESIAN_POINT('',(-0.0127044439181381,0.02321875,-0.0180534786426315));
#8294=CARTESIAN_POINT('',(-0.0175455560818619,0.02321875,-0.0180534786426315));
#8295=CARTESIAN_POINT('',(-0.0209687393213157,0.02321875,-0.0146302954031777));
#8296=CARTESIAN_POINT('',(-0.0209687393213157,0.02321875,-0.00978918323945385));
#8297=CARTESIAN_POINT('',(-0.0196751271209998,0.02321875,-0.0084955710391379));
#8298=CARTESIAN_POINT('',(-0.0241765688900334,0.02321875,-0.00399412927010433));
#8299=CARTESIAN_POINT('',(-0.0260329197921863,0.02321875,-0.00817241728284388));
#8300=CARTESIAN_POINT('',(-0.0237585894706224,0.02321875,-0.00357614985069335));
#8301=CARTESIAN_POINT('',(-0.0220469978508955,0.02321875,-0.00186455823096644));
#8302=CARTESIAN_POINT('',(-0.017545556081862,0.02321875,-0.006366));
#8303=CARTESIAN_POINT('',(-0.017545556081862,0.02321875,0.));
#8304=CARTESIAN_POINT('',(-0.015125,0.02321875,0.));
#8305=CARTESIAN_POINT('',(-0.0127044439181381,0.02321875,0.));
#8306=CARTESIAN_POINT('',(-0.0127044439181381,0.02321875,-0.006366));
#8307=CARTESIAN_POINT('',(-0.0082030021491045,0.02321875,-0.00186455823096645));
#8308=CARTESIAN_POINT('',(-0.0064914105293776,0.02321875,-0.00357614985069335));
#8309=CARTESIAN_POINT('',(-0.00477981890965068,0.02321875,-0.00528774147042027));
#8310=CARTESIAN_POINT('',(-0.00928126067868425,0.02321875,-0.00978918323945384));
#8311=CARTESIAN_POINT('',(-0.00291526067868424,0.02321875,-0.00978918323945383));
#8312=CARTESIAN_POINT('',(-0.00291526067868424,0.02321875,-0.0122097393213157));
#8313=CARTESIAN_POINT('',(-0.00291526067868424,0.02321875,-0.0146302954031777));
#8314=CARTESIAN_POINT('',(-0.00928126067868424,0.02321875,-0.0146302954031777));
#8315=CARTESIAN_POINT('',(-0.00477981890965068,0.02321875,-0.0191317371722112));
#8316=CARTESIAN_POINT('',(-0.00649141052937759,0.02321875,-0.0208433287919382));
#8317=CARTESIAN_POINT('',(-0.0082030021491045,0.02321875,-0.0225549204116651));
#8318=CARTESIAN_POINT('',(-0.0127044439181381,0.02321875,-0.0180534786426315));
#8319=CARTESIAN_POINT('',(-0.0127044439181381,0.02321875,-0.0244194786426315));
#8320=CARTESIAN_POINT('',(-0.015125,0.02321875,-0.0244194786426315));
#8321=CARTESIAN_POINT('',(-0.017545556081862,0.02321875,-0.0244194786426315));
#8322=CARTESIAN_POINT('',(-0.0175455560818619,0.02321875,-0.0180534786426315));
#8323=CARTESIAN_POINT('',(-0.0220469978508955,0.02321875,-0.0225549204116651));
#8324=CARTESIAN_POINT('',(-0.0237585894706224,0.02321875,-0.0208433287919382));
#8325=CARTESIAN_POINT('',(-0.0254701810903493,0.02321875,-0.0191317371722112));
#8326=CARTESIAN_POINT('',(-0.0209687393213157,0.02321875,-0.0146302954031777));
#8327=CARTESIAN_POINT('',(-0.0273347393213158,0.02321875,-0.0146302954031777));
#8328=CARTESIAN_POINT('',(-0.0273347393213158,0.02321875,-0.0122097393213158));
#8329=CARTESIAN_POINT('',(-0.0273347393213158,0.02321875,-0.00770973932131574));
#8330=CARTESIAN_POINT('',(-0.015125,0.02321875,-0.00770973932131573));
#8331=CARTESIAN_POINT('',(-0.0277847393213158,0.02321875,-0.00770973932131574));
#8332=CARTESIAN_POINT('',(-0.0277847393213158,0.02321875,-0.0122097393213158));
#8333=CARTESIAN_POINT('',(-0.0277847393213158,0.02321875,-0.0146302954031777));
#8334=CARTESIAN_POINT('',(-0.0209687393213157,0.02321875,-0.0146302954031777));
#8335=CARTESIAN_POINT('',(-0.0257883791418833,0.02321875,-0.0194499352237452));
#8336=CARTESIAN_POINT('',(-0.0240767875221563,0.02321875,-0.0211615268434721));
#8337=CARTESIAN_POINT('',(-0.0223651959024294,0.02321875,-0.022873118463199));
#8338=CARTESIAN_POINT('',(-0.0175455560818619,0.02321875,-0.0180534786426315));
#8339=CARTESIAN_POINT('',(-0.017545556081862,0.02321875,-0.0248694786426315));
#8340=CARTESIAN_POINT('',(-0.015125,0.02321875,-0.0248694786426315));
#8341=CARTESIAN_POINT('',(-0.0127044439181381,0.02321875,-0.0248694786426315));
#8342=CARTESIAN_POINT('',(-0.0127044439181381,0.02321875,-0.0180534786426315));
#8343=CARTESIAN_POINT('',(-0.00788480409757056,0.02321875,-0.022873118463199));
#8344=CARTESIAN_POINT('',(-0.00617321247784364,0.02321875,-0.0211615268434721));
#8345=CARTESIAN_POINT('',(-0.00446162085811674,0.02321875,-0.0194499352237452));
#8346=CARTESIAN_POINT('',(-0.00928126067868424,0.02321875,-0.0146302954031777));
#8347=CARTESIAN_POINT('',(-0.00246526067868424,0.02321875,-0.0146302954031777));
#8348=CARTESIAN_POINT('',(-0.00246526067868424,0.02321875,-0.0122097393213157));
#8349=CARTESIAN_POINT('',(-0.00246526067868424,0.02321875,-0.00978918323945383));
#8350=CARTESIAN_POINT('',(-0.00928126067868425,0.02321875,-0.00978918323945384));
#8351=CARTESIAN_POINT('',(-0.00446162085811674,0.02321875,-0.00496954341888632));
#8352=CARTESIAN_POINT('',(-0.00617321247784365,0.02321875,-0.00325795179915941));
#8353=CARTESIAN_POINT('',(-0.00788480409757056,0.02321875,-0.0015463601794325));
#8354=CARTESIAN_POINT('',(-0.0127044439181381,0.02321875,-0.006366));
#8355=CARTESIAN_POINT('',(-0.0127044439181381,0.02321875,0.000449999999999989));
#8356=CARTESIAN_POINT('',(-0.015125,0.02321875,0.00045));
#8357=CARTESIAN_POINT('',(-0.017545556081862,0.02321875,0.00045));
#8358=CARTESIAN_POINT('',(-0.017545556081862,0.02321875,-0.006366));
#8359=CARTESIAN_POINT('',(-0.0223651959024294,0.02321875,-0.00154636017943249));
#8360=CARTESIAN_POINT('',(-0.0240767875221563,0.02321875,-0.0032579517991594));
#8361=CARTESIAN_POINT('',(-0.0244947669415673,0.02321875,-0.00367593121857039));
#8362=CARTESIAN_POINT('',(-0.0196751271209998,0.02321875,-0.0084955710391379));
#8363=CARTESIAN_POINT('',(-0.0262847393213156,0.02321875,-0.0101601678556181));
#8364=CARTESIAN_POINT('',(-0.0262847393213156,0.02321875,-0.0122097393213158));
#8365=CARTESIAN_POINT('',(-0.0262847393213156,0.02321875,-0.0146302954031777));
#8366=CARTESIAN_POINT('',(-0.0209687393213157,0.02321875,-0.0146302954031777));
#8367=CARTESIAN_POINT('',(-0.0247277189701035,0.02321875,-0.0183892750519654));
#8368=CARTESIAN_POINT('',(-0.0230161273503765,0.02321875,-0.0201008666716922));
#8369=CARTESIAN_POINT('',(-0.0213045357306496,0.02321875,-0.0218124582914191));
#8370=CARTESIAN_POINT('',(-0.017545556081862,0.02321875,-0.0180534786426315));
#8371=CARTESIAN_POINT('',(-0.017545556081862,0.02321875,-0.0233694786426315));
#8372=CARTESIAN_POINT('',(-0.015125,0.02321875,-0.0233694786426315));
#8373=CARTESIAN_POINT('',(-0.0127044439181381,0.02321875,-0.0233694786426315));
#8374=CARTESIAN_POINT('',(-0.0127044439181381,0.02321875,-0.0180534786426315));
#8375=CARTESIAN_POINT('',(-0.00894546426935038,0.02321875,-0.0218124582914192));
#8376=CARTESIAN_POINT('',(-0.00723387264962346,0.02321875,-0.0201008666716923));
#8377=CARTESIAN_POINT('',(-0.00552228102989655,0.02321875,-0.0183892750519654));
#8378=CARTESIAN_POINT('',(-0.00928126067868425,0.02321875,-0.0146302954031777));
#8379=CARTESIAN_POINT('',(-0.00396526067868425,0.02321875,-0.0146302954031777));
#8380=CARTESIAN_POINT('',(-0.00396526067868423,0.02321875,-0.0122097393213157));
#8381=CARTESIAN_POINT('',(-0.00396526067868423,0.02321875,-0.00978918323945382));
#8382=CARTESIAN_POINT('',(-0.00928126067868425,0.02321875,-0.00978918323945383));
#8383=CARTESIAN_POINT('',(-0.00552228102989656,0.02321875,-0.00603020359066614));
#8384=CARTESIAN_POINT('',(-0.00723387264962348,0.02321875,-0.00431861197093922));
#8385=CARTESIAN_POINT('',(-0.00894546426935039,0.02321875,-0.00260702035121231));
#8386=CARTESIAN_POINT('',(-0.0127044439181381,0.02321875,-0.006366));
#8387=CARTESIAN_POINT('',(-0.0127044439181381,0.02321875,-0.00105));
#8388=CARTESIAN_POINT('',(-0.015125,0.02321875,-0.00105));
#8389=CARTESIAN_POINT('',(-0.017545556081862,0.02321875,-0.00105));
#8390=CARTESIAN_POINT('',(-0.017545556081862,0.02321875,-0.006366));
#8391=CARTESIAN_POINT('',(-0.0213045357306496,0.02321875,-0.00260702035121232));
#8392=CARTESIAN_POINT('',(-0.0230161273503766,0.02321875,-0.00431861197093922));
#8393=CARTESIAN_POINT('',(-0.0247277189701035,0.02321875,-0.00603020359066613));
#8394=CARTESIAN_POINT('',(-0.0209687393213157,0.02321875,-0.00978918323945384));
#8395=CARTESIAN_POINT('',(-0.017545556081862,0.02321875,-0.006366));
#8396=CARTESIAN_POINT('',(-0.0213045357306496,0.02321875,-0.00260702035121232));
#8397=CARTESIAN_POINT('',(-0.017545556081862,0.02321875,-0.00105));
#8398=CARTESIAN_POINT('',(-0.015125,0.02321875,-0.00105));
#8399=CARTESIAN_POINT('',(-0.015125,0.01821875,-0.00105));
#8400=CARTESIAN_POINT('',(-0.015125,0.01821875,-0.00105));
#8401=CARTESIAN_POINT('',(-0.0127044439181381,0.02321875,-0.00105));
#8402=CARTESIAN_POINT('',(-0.015125,0.01821875,-0.00105));
#8403=CARTESIAN_POINT('',(-0.0127044439181381,0.02321875,-0.006366));
#8404=CARTESIAN_POINT('',(-0.00894546426935039,0.02321875,-0.00260702035121231));
#8405=CARTESIAN_POINT('',(-0.00723387264962348,0.02321875,-0.00431861197093922));
#8406=CARTESIAN_POINT('',(-0.00552228102989656,0.02321875,-0.00603020359066614));
#8407=CARTESIAN_POINT('',(-0.00928126067868425,0.02321875,-0.00978918323945383));
#8408=CARTESIAN_POINT('',(-0.00396526067868423,0.02321875,-0.00978918323945382));
#8409=CARTESIAN_POINT('',(-0.00396526067868423,0.02321875,-0.0122097393213157));
#8410=CARTESIAN_POINT('',(-0.00396526067868423,0.01821875,-0.0122097393213157));
#8411=CARTESIAN_POINT('',(-0.00396526067868423,0.01821875,-0.0122097393213157));
#8412=CARTESIAN_POINT('',(-0.00396526067868425,0.02321875,-0.0146302954031777));
#8413=CARTESIAN_POINT('',(-0.00396526067868425,0.01821875,-0.0122097393213157));
#8414=CARTESIAN_POINT('',(-0.00928126067868425,0.02321875,-0.0146302954031777));
#8415=CARTESIAN_POINT('',(-0.00552228102989655,0.02321875,-0.0183892750519654));
#8416=CARTESIAN_POINT('',(-0.00723387264962346,0.02321875,-0.0201008666716923));
#8417=CARTESIAN_POINT('',(-0.00894546426935038,0.02321875,-0.0218124582914192));
#8418=CARTESIAN_POINT('',(-0.0127044439181381,0.02321875,-0.0180534786426315));
#8419=CARTESIAN_POINT('',(-0.0127044439181381,0.02321875,-0.0233694786426315));
#8420=CARTESIAN_POINT('',(-0.015125,0.02321875,-0.0233694786426315));
#8421=CARTESIAN_POINT('',(-0.015125,0.01821875,-0.0233694786426315));
#8422=CARTESIAN_POINT('',(-0.015125,0.01821875,-0.0233694786426315));
#8423=CARTESIAN_POINT('',(-0.017545556081862,0.02321875,-0.0233694786426315));
#8424=CARTESIAN_POINT('',(-0.015125,0.01821875,-0.0233694786426315));
#8425=CARTESIAN_POINT('',(-0.017545556081862,0.02321875,-0.0180534786426315));
#8426=CARTESIAN_POINT('',(-0.0213045357306496,0.02321875,-0.0218124582914191));
#8427=CARTESIAN_POINT('',(-0.0230161273503765,0.02321875,-0.0201008666716922));
#8428=CARTESIAN_POINT('',(-0.0247277189701035,0.02321875,-0.0183892750519654));
#8429=CARTESIAN_POINT('',(-0.0209687393213157,0.02321875,-0.0146302954031777));
#8430=CARTESIAN_POINT('',(-0.0262847393213156,0.02321875,-0.0146302954031777));
#8431=CARTESIAN_POINT('',(-0.0262847393213156,0.02321875,-0.0122097393213158));
#8432=CARTESIAN_POINT('',(-0.0262847393213156,0.01921875,-0.0122097393213158));
#8433=CARTESIAN_POINT('',(-0.0262847393213157,0.01921875,-0.00978918323945384));
#8434=CARTESIAN_POINT('',(-0.0262847393213156,0.01921875,-0.0101601678556181));
#8435=CARTESIAN_POINT('',(-0.0262847393213157,0.02321875,-0.00978918323945384));
#8436=CARTESIAN_POINT('',(-0.0262847393213157,0.01821875,-0.0122097393213158));
#8437=CARTESIAN_POINT('',(-0.0262847393213157,0.01821875,-0.0122097393213158));
#8438=CARTESIAN_POINT('',(-0.0262847393213156,0.01821875,-0.0122097393213158));
#8439=CARTESIAN_POINT('',(-0.0262847393213156,0.01921875,-0.0101601678556181));
#8440=CARTESIAN_POINT('',(-0.0209687393213157,0.02321875,-0.00978918323945384));
#8441=CARTESIAN_POINT('',(-0.0209687393213157,0.01921875,-0.00978918323945384));
#8442=CARTESIAN_POINT('',(-0.0260329197921863,0.01921875,-0.00817241728284388));
#8443=CARTESIAN_POINT('',(-0.0260329197921863,0.0338512532075391,-0.00817241728284388));
#8444=CARTESIAN_POINT('',(-0.0247277189701035,0.02321875,-0.00603020359066613));
#8445=CARTESIAN_POINT('',(-0.017545556081862,0.02321875,-0.006366));
#8446=CARTESIAN_POINT('',(-0.0215371106285753,0.0182187500580961,0.000929433386757184));
#8447=CARTESIAN_POINT('',(-0.0202841521184687,0.0168701547688246,0.00161496527673893));
#8448=CARTESIAN_POINT('',(-0.0189562666365704,0.0154267374862485,0.00194636295642004));
#8449=CARTESIAN_POINT('',(-0.0175671614700295,0.0140382236825488,0.0019499719340076));
#8450=CARTESIAN_POINT('',(-0.0175671614700295,0.0140382236825487,0.0019499719340076));
#8451=CARTESIAN_POINT('',(-0.0175455560819692,0.0182187500054207,0.00195));
#8452=CARTESIAN_POINT('',(-0.0175179868490819,0.0168250615308298,0.00195000000000036));
#8453=CARTESIAN_POINT('',(-0.0175259519851267,0.0154315567009654,0.00195007899869284));
#8454=CARTESIAN_POINT('',(-0.0175671614700295,0.0140382236825488,0.0019499719340076));
#8455=CARTESIAN_POINT('',(-0.0209687393213157,0.02321875,-0.00978918323945385));
#8456=CARTESIAN_POINT('',(-0.0292847112553234,0.0140382236825487,-0.00976757785128628));
#8457=CARTESIAN_POINT('',(-0.0292848183200084,0.0154315566991578,-0.00980878733613564));
#8458=CARTESIAN_POINT('',(-0.0292847393213157,0.0168250615272149,-0.00981675247230544));
#8459=CARTESIAN_POINT('',(-0.0292847393213158,0.01821875,-0.0097891832394539));
#8460=CARTESIAN_POINT('',(-0.0292847112553234,0.0140382236825487,-0.00976757785128628));
#8461=CARTESIAN_POINT('',(-0.0292847112553234,0.0140382236825487,-0.00976757785128628));
#8462=CARTESIAN_POINT('',(-0.0292811022874968,0.0154267337307994,-0.00837847644179379));
#8463=CARTESIAN_POINT('',(-0.0289497181960428,0.0168701280195094,-0.00705061205612549));
#8464=CARTESIAN_POINT('',(-0.0282641727080729,0.0182187500580961,-0.00579762869274043));
#8465=CARTESIAN_POINT('',(-0.0209687393213157,0.02321875,-0.0146302954031777));
#8466=CARTESIAN_POINT('',(-0.0282641727080411,0.0182187500580916,-0.0186218499499494));
#8467=CARTESIAN_POINT('',(-0.0289497045980126,0.0168701547689852,-0.0173688914398851));
#8468=CARTESIAN_POINT('',(-0.0292811022777378,0.0154267374866297,-0.0160410059577685));
#8469=CARTESIAN_POINT('',(-0.0292847112553234,0.0140382236828841,-0.0146519007913354));
#8470=CARTESIAN_POINT('',(-0.0292847112553234,0.0140382236828841,-0.0146519007913354));
#8471=CARTESIAN_POINT('',(-0.0292847393213156,0.01821875,-0.0146302954031777));
#8472=CARTESIAN_POINT('',(-0.0292847393213156,0.0168250615273268,-0.0146027261703284));
#8473=CARTESIAN_POINT('',(-0.0292848183200084,0.0154315566993815,-0.0146106913064947));
#8474=CARTESIAN_POINT('',(-0.0292847112553234,0.0140382236828841,-0.0146519007913354));
#8475=CARTESIAN_POINT('',(-0.0175455560818619,0.02321875,-0.0180534786426315));
#8476=CARTESIAN_POINT('',(-0.0175671614700196,0.0140382236828841,-0.0263694505766391));
#8477=CARTESIAN_POINT('',(-0.0175259519851789,0.0154315566993815,-0.0263695576413242));
#8478=CARTESIAN_POINT('',(-0.0175179868490126,0.0168250615273268,-0.0263694786426315));
#8479=CARTESIAN_POINT('',(-0.017545556081862,0.01821875,-0.0263694786426315));
#8480=CARTESIAN_POINT('',(-0.0175671614700196,0.0140382236828841,-0.0263694505766391));
#8481=CARTESIAN_POINT('',(-0.0175671614700196,0.0140382236828841,-0.0263694505766391));
#8482=CARTESIAN_POINT('',(-0.0189562628793871,0.0154267337311637,-0.0263658416088146));
#8483=CARTESIAN_POINT('',(-0.0202841272651787,0.0168701280195495,-0.0260344575173779));
#8484=CARTESIAN_POINT('',(-0.0215371106286335,0.0182187500580916,-0.0253489120293569));
#8485=CARTESIAN_POINT('',(-0.0127044439181381,0.02321875,-0.0180534786426315));
#8486=CARTESIAN_POINT('',(-0.00871288937142463,0.0182187500580961,-0.0253489120293887));
#8487=CARTESIAN_POINT('',(-0.00996584788153131,0.0168701547688246,-0.0260344439193704));
#8488=CARTESIAN_POINT('',(-0.0112937333634296,0.0154267374862485,-0.0263658415990515));
#8489=CARTESIAN_POINT('',(-0.0126828385299705,0.0140382236825487,-0.0263694505766391));
#8490=CARTESIAN_POINT('',(-0.0126828385299705,0.0140382236825487,-0.0263694505766391));
#8491=CARTESIAN_POINT('',(-0.0127044439181381,0.01821875,-0.0263694786426315));
#8492=CARTESIAN_POINT('',(-0.0127320131509896,0.0168250615272149,-0.0263694786426315));
#8493=CARTESIAN_POINT('',(-0.0127240480148198,0.0154315566991579,-0.0263695576413242));
#8494=CARTESIAN_POINT('',(-0.0126828385299705,0.0140382236825487,-0.0263694505766391));
#8495=CARTESIAN_POINT('',(-0.00928126067868424,0.02321875,-0.0146302954031777));
#8496=CARTESIAN_POINT('',(-0.000965288744676618,0.0140382236828842,-0.0146519007913353));
#8497=CARTESIAN_POINT('',(-0.000965181679991597,0.0154315566993816,-0.0146106913064946));
#8498=CARTESIAN_POINT('',(-0.000965260678684248,0.0168250615273268,-0.0146027261703283));
#8499=CARTESIAN_POINT('',(-0.000965260678684248,0.01821875,-0.0146302954031777));
#8500=CARTESIAN_POINT('',(-0.00096528874467663,0.0140382236828842,-0.0146519007913354));
#8501=CARTESIAN_POINT('',(-0.000965288744676621,0.0140382236828842,-0.0146519007913354));
#8502=CARTESIAN_POINT('',(-0.00096889771250118,0.0154267337311637,-0.0160410022007029));
#8503=CARTESIAN_POINT('',(-0.00130028180393787,0.0168701280195495,-0.0173688665864944));
#8504=CARTESIAN_POINT('',(-0.0019858272919589,0.0182187500580916,-0.0186218499499493));
#8505=CARTESIAN_POINT('',(-0.00928126067868425,0.02321875,-0.00978918323945382));
#8506=CARTESIAN_POINT('',(-0.00198582729192706,0.0182187500580961,-0.00579762869274041));
#8507=CARTESIAN_POINT('',(-0.00130029540194532,0.0168701547688246,-0.00705058720284708));
#8508=CARTESIAN_POINT('',(-0.000968897722264216,0.0154267374862486,-0.00837847268474537));
#8509=CARTESIAN_POINT('',(-0.000965288744676647,0.0140382236825488,-0.00976757785128625));
#8510=CARTESIAN_POINT('',(-0.000965288744676654,0.0140382236825488,-0.00976757785128625));
#8511=CARTESIAN_POINT('',(-0.000965260678684225,0.01821875,-0.00978918323945383));
#8512=CARTESIAN_POINT('',(-0.000965260678684225,0.0168250615272149,-0.00981675247230538));
#8513=CARTESIAN_POINT('',(-0.000965181679991554,0.0154315566991579,-0.0098087873361356));
#8514=CARTESIAN_POINT('',(-0.000965288744676647,0.0140382236825488,-0.00976757785128625));
#8515=CARTESIAN_POINT('',(-0.0127044439181381,0.02321875,-0.006366));
#8516=CARTESIAN_POINT('',(-0.0126828385299804,0.0140382236828841,0.00194997193400763));
#8517=CARTESIAN_POINT('',(-0.0127240480148767,0.0154315567012596,0.0019500789986928));
#8518=CARTESIAN_POINT('',(-0.0127320131510089,0.0168250615310823,0.00195000000000037));
#8519=CARTESIAN_POINT('',(-0.0127044439180267,0.0182187500056322,0.00195));
#8520=CARTESIAN_POINT('',(-0.0126828385299804,0.0140382236828841,0.00194997193400762));
#8521=CARTESIAN_POINT('',(-0.0126828385299804,0.0140382236828841,0.00194997193400763));
#8522=CARTESIAN_POINT('',(-0.0112937371206128,0.0154267337311636,0.00194636296618307));
#8523=CARTESIAN_POINT('',(-0.00996587273482127,0.0168701280195495,0.00161497887474633));
#8524=CARTESIAN_POINT('',(-0.00871288937136645,0.0182187500580917,0.00092943338672534));
#8525=CARTESIAN_POINT('',(-0.0230161273503766,0.02321875,-0.00431861197093922));
#8526=CARTESIAN_POINT('',(0.,6.93889390390723E-18,0.));
#8527=CARTESIAN_POINT('',(-0.017545556081862,6.93889390390723E-18,0.));
#8528=CARTESIAN_POINT('',(-0.017545556081862,0.01921875,0.));
#8529=CARTESIAN_POINT('',(0.,0.01921875,0.));
#8530=CARTESIAN_POINT('',(-0.0127044439181381,0.01921875,0.));
#8531=CARTESIAN_POINT('',(-0.0127044439181381,6.93889390390723E-18,0.));
#8532=CARTESIAN_POINT('',(0.,6.93889390390723E-18,0.00045));
#8533=CARTESIAN_POINT('',(-0.0127044439181381,6.16097107494249E-18,0.00045));
#8534=CARTESIAN_POINT('',(-0.0127044439181381,0.01921875,0.00045));
#8535=CARTESIAN_POINT('',(-0.03075,0.01921875,0.00045));
#8536=CARTESIAN_POINT('',(-0.017545556081862,0.01921875,0.00045));
#8537=CARTESIAN_POINT('',(-0.017545556081862,5.8645384491616E-18,0.00045));
#8538=CARTESIAN_POINT('',(-0.00599253159331039,5.14904513600334E-18,0.0141899080266187));
#8539=CARTESIAN_POINT('',(-0.0241765688900334,5.14904513600334E-18,-0.00399412927010433));
#8540=CARTESIAN_POINT('',(-0.0241765688900334,0.01921875,-0.00399412927010433));
#8541=CARTESIAN_POINT('',(-0.00599253159331039,0.01921875,0.0141899080266187));
#8542=CARTESIAN_POINT('',(-0.0220469978508955,0.01921875,-0.00186455823096644));
#8543=CARTESIAN_POINT('',(-0.0220469978508955,5.14904513600334E-18,-0.00186455823096644));
#8544=CARTESIAN_POINT('',(-0.00631072964484433,5.14904513600334E-18,0.0145081060781526));
#8545=CARTESIAN_POINT('',(-0.0223651959024294,3.75879890746492E-18,-0.00154636017943249));
#8546=CARTESIAN_POINT('',(-0.0223651959024294,0.01921875,-0.00154636017943249));
#8547=CARTESIAN_POINT('',(-0.0280542631663307,0.01921875,-0.00723542744333373));
#8548=CARTESIAN_POINT('',(-0.0244947669415673,0.01921875,-0.00367593121857039));
#8549=CARTESIAN_POINT('',(-0.0244947669415673,3.57438741361241E-18,-0.00367593121857039));
#8550=CARTESIAN_POINT('',(-0.017545556081862,0.01921875,-0.006366));
#8551=CARTESIAN_POINT('',(-0.017545556081862,0.01921875,-0.006366));
#8552=CARTESIAN_POINT('',(-0.017545556081862,0.01921875,-0.006366));
#8553=CARTESIAN_POINT('',(-0.017545556081862,0.01921875,-0.006366));
#8554=CARTESIAN_POINT('',(-0.00286748827579653,1.17226513331708E-17,-0.00720007210427442));
#8555=CARTESIAN_POINT('',(-0.00820300214910449,9.006794181637E-18,-0.00186455823096645));
#8556=CARTESIAN_POINT('',(-0.00820300214910451,0.01921875,-0.00186455823096646));
#8557=CARTESIAN_POINT('',(-0.00286748827579653,0.01921875,-0.00720007210427441));
#8558=CARTESIAN_POINT('',(-0.00477981890965068,0.01921875,-0.00528774147042027));
#8559=CARTESIAN_POINT('',(-0.00477981890965067,1.07492461558303E-17,-0.00528774147042027));
#8560=CARTESIAN_POINT('',(-0.00254929022426258,1.17897405157364E-17,-0.00688187405274047));
#8561=CARTESIAN_POINT('',(-0.00446162085811673,1.06507359090049E-17,-0.00496954341888633));
#8562=CARTESIAN_POINT('',(-0.00446162085811674,0.01921875,-0.00496954341888632));
#8563=CARTESIAN_POINT('',(-0.024292823745749,0.01921875,0.0148616594687459));
#8564=CARTESIAN_POINT('',(-0.00788480409757056,0.01921875,-0.00154636017943249));
#8565=CARTESIAN_POINT('',(-0.00788480409757055,8.61185130903064E-18,-0.0015463601794325));
#8566=CARTESIAN_POINT('',(-0.00291526067868423,1.07636298846364E-17,-0.00733473932131577));
#8567=CARTESIAN_POINT('',(-0.00291526067868423,1.20129789120022E-17,-0.00978918323945384));
#8568=CARTESIAN_POINT('',(-0.00291526067868425,0.01921875,-0.00978918323945384));
#8569=CARTESIAN_POINT('',(-0.00291526067868424,0.01921875,-0.00733473932131577));
#8570=CARTESIAN_POINT('',(-0.00291526067868424,0.01921875,-0.0146302954031777));
#8571=CARTESIAN_POINT('',(-0.00291526067868423,1.44771781256902E-17,-0.0146302954031777));
#8572=CARTESIAN_POINT('',(-0.00246526067868423,1.09926866816404E-17,-0.00733473932131577));
#8573=CARTESIAN_POINT('',(-0.00246526067868423,1.51529588928767E-17,-0.0146302954031777));
#8574=CARTESIAN_POINT('',(-0.00246526067868424,0.01921875,-0.0146302954031777));
#8575=CARTESIAN_POINT('',(-0.00246526067868424,0.01921875,0.0234152606786843));
#8576=CARTESIAN_POINT('',(-0.00246526067868424,0.01921875,-0.00978918323945382));
#8577=CARTESIAN_POINT('',(-0.00246526067868423,1.23923270534079E-17,-0.00978918323945385));
#8578=CARTESIAN_POINT('',(0.0040268028407723,1.53485763190493E-17,-0.0103251154217883));
#8579=CARTESIAN_POINT('',(-0.00477981890965068,1.72053729007758E-17,-0.0191317371722112));
#8580=CARTESIAN_POINT('',(-0.00477981890965068,0.01921875,-0.0191317371722112));
#8581=CARTESIAN_POINT('',(0.0040268028407723,0.01921875,-0.0103251154217883));
#8582=CARTESIAN_POINT('',(-0.0082030021491045,0.01921875,-0.0225549204116651));
#8583=CARTESIAN_POINT('',(-0.0082030021491045,1.79271201402704E-17,-0.0225549204116651));
#8584=CARTESIAN_POINT('',(0.00434500089230625,1.55105439334876E-17,-0.0106433134733222));
#8585=CARTESIAN_POINT('',(-0.00788480409757056,1.91481351244651E-17,-0.022873118463199));
#8586=CARTESIAN_POINT('',(-0.00788480409757056,0.01921875,-0.022873118463199));
#8587=CARTESIAN_POINT('',(0.0260885344137926,0.01921875,0.0111002200481641));
#8588=CARTESIAN_POINT('',(-0.00446162085811673,0.01921875,-0.0194499352237452));
#8589=CARTESIAN_POINT('',(-0.00446162085811674,1.81299552591896E-17,-0.0194499352237452));
#8590=CARTESIAN_POINT('',(0.00975,2.11022802174595E-17,-0.0244194786426315));
#8591=CARTESIAN_POINT('',(-0.0127044439181381,2.11022802174596E-17,-0.0244194786426315));
#8592=CARTESIAN_POINT('',(-0.0127044439181381,0.01921875,-0.0244194786426315));
#8593=CARTESIAN_POINT('',(0.00975,0.01921875,-0.0244194786426315));
#8594=CARTESIAN_POINT('',(-0.017545556081862,0.01921875,-0.0244194786426315));
#8595=CARTESIAN_POINT('',(-0.017545556081862,2.11022802174596E-17,-0.0244194786426315));
#8596=CARTESIAN_POINT('',(0.00975,2.11022802174595E-17,-0.0248694786426315));
#8597=CARTESIAN_POINT('',(-0.017545556081862,2.27736509867895E-17,-0.0248694786426315));
#8598=CARTESIAN_POINT('',(-0.017545556081862,0.01921875,-0.0248694786426315));
#8599=CARTESIAN_POINT('',(0.0405,0.01921875,-0.0248694786426315));
#8600=CARTESIAN_POINT('',(-0.0127044439181381,0.01921875,-0.0248694786426315));
#8601=CARTESIAN_POINT('',(-0.0127044439181381,2.24772183610086E-17,-0.0248694786426315));
#8602=CARTESIAN_POINT('',(0.000901759523258458,1.39908790853351E-17,-0.045503677785819));
#8603=CARTESIAN_POINT('',(-0.0220469978508955,1.88294171144213E-17,-0.0225549204116651));
#8604=CARTESIAN_POINT('',(-0.0220469978508955,0.01921875,-0.0225549204116651));
#8605=CARTESIAN_POINT('',(0.000901759523258455,0.01921875,-0.045503677785819));
#8606=CARTESIAN_POINT('',(-0.0254701810903493,0.01921875,-0.0191317371722112));
#8607=CARTESIAN_POINT('',(-0.0254701810903493,1.9551164353916E-17,-0.0191317371722112));
#8608=CARTESIAN_POINT('',(0.000583561471724511,1.38289114708967E-17,-0.0458218758373529));
#8609=CARTESIAN_POINT('',(-0.0257883791418833,2.16728909083813E-17,-0.0194499352237452));
#8610=CARTESIAN_POINT('',(-0.0257883791418833,0.01921875,-0.0194499352237452));
#8611=CARTESIAN_POINT('',(0.0223270949932108,0.01921875,-0.0675654093588393));
#8612=CARTESIAN_POINT('',(-0.0223651959024294,0.01921875,-0.022873118463199));
#8613=CARTESIAN_POINT('',(-0.0223651959024294,2.06547110431057E-17,-0.022873118463199));
#8614=CARTESIAN_POINT('',(-0.0277847393213158,0.03421875,-0.00770973932131574));
#8615=CARTESIAN_POINT('',(-0.0273347393213158,2.30374368450339E-17,-0.00770973932131573));
#8616=CARTESIAN_POINT('',(-0.0273347393213158,0.02021875,-0.00770973932131574));
#8617=CARTESIAN_POINT('',(-0.0277847393213158,0.02021875,-0.00770973932131574));
#8618=CARTESIAN_POINT('',(-0.0277847393213158,0.02021875,-0.00770973932131574));
#8619=CARTESIAN_POINT('',(-0.0277847393213158,0.03421875,-0.00770973932131574));
#8620=CARTESIAN_POINT('',(-0.0273347393213157,-2.09518393734717E-18,-0.0570847393213157));
#8621=CARTESIAN_POINT('',(-0.0273347393213158,1.95147692681501E-17,-0.0146302954031777));
#8622=CARTESIAN_POINT('',(-0.0273347393213158,0.01921875,-0.0146302954031777));
#8623=CARTESIAN_POINT('',(-0.0273347393213158,0.01921875,-0.0570847393213157));
#8624=CARTESIAN_POINT('',(-0.0273347393213158,0.01921875,-0.00870973932131574));
#8625=CARTESIAN_POINT('',(-0.0273347393213158,0.02021875,-0.00870973932131574));
#8626=CARTESIAN_POINT('',(-0.0277847393213157,-2.32424073435115E-18,-0.0570847393213157));
#8627=CARTESIAN_POINT('',(-0.0277847393213158,0.02021875,-0.00870973932131574));
#8628=CARTESIAN_POINT('',(-0.0277847393213158,0.01921875,-0.00870973932131574));
#8629=CARTESIAN_POINT('',(-0.0277847393213157,0.01921875,-0.0878347393213157));
#8630=CARTESIAN_POINT('',(-0.0277847393213158,0.01921875,-0.0146302954031777));
#8631=CARTESIAN_POINT('',(-0.0277847393213158,2.18852974138426E-17,-0.0146302954031777));
#8632=CARTESIAN_POINT('',(-0.0209687393213157,0.04921875,-0.0146302954031777));
#8633=CARTESIAN_POINT('',(-0.0209687393213157,0.01921875,-0.0146302954031777));
#8634=CARTESIAN_POINT('',(-0.0209687393213157,0.04921875,-0.0146302954031777));
#8635=CARTESIAN_POINT('',(-0.0209687393213157,0.01921875,-0.0146302954031777));
#8636=CARTESIAN_POINT('',(-0.017545556081862,0.04921875,-0.0180534786426315));
#8637=CARTESIAN_POINT('',(-0.0175455560818619,0.01921875,-0.0180534786426315));
#8638=CARTESIAN_POINT('',(-0.017545556081862,0.04921875,-0.0180534786426315));
#8639=CARTESIAN_POINT('',(-0.017545556081862,0.01921875,-0.0180534786426315));
#8640=CARTESIAN_POINT('',(-0.0127044439181381,0.04921875,-0.0180534786426315));
#8641=CARTESIAN_POINT('',(-0.0127044439181381,0.01921875,-0.0180534786426315));
#8642=CARTESIAN_POINT('',(-0.0127044439181381,0.04921875,-0.0180534786426315));
#8643=CARTESIAN_POINT('',(-0.0127044439181381,0.01921875,-0.0180534786426315));
#8644=CARTESIAN_POINT('',(-0.00928126067868425,0.04921875,-0.0146302954031777));
#8645=CARTESIAN_POINT('',(-0.00928126067868423,0.01921875,-0.0146302954031777));
#8646=CARTESIAN_POINT('',(-0.00928126067868425,0.04921875,-0.0146302954031777));
#8647=CARTESIAN_POINT('',(-0.00928126067868424,0.01921875,-0.0146302954031777));
#8648=CARTESIAN_POINT('',(-0.00928126067868425,0.04921875,-0.00978918323945382));
#8649=CARTESIAN_POINT('',(-0.00928126067868425,0.01921875,-0.00978918323945384));
#8650=CARTESIAN_POINT('',(-0.00928126067868425,0.04921875,-0.00978918323945382));
#8651=CARTESIAN_POINT('',(-0.00928126067868424,0.01921875,-0.00978918323945383));
#8652=CARTESIAN_POINT('',(-0.0127044439181381,0.04921875,-0.006366));
#8653=CARTESIAN_POINT('',(-0.0127044439181381,0.01921875,-0.006366));
#8654=CARTESIAN_POINT('',(-0.0127044439181381,0.04921875,-0.006366));
#8655=CARTESIAN_POINT('',(-0.0127044439181381,0.01921875,-0.006366));
#8656=CARTESIAN_POINT('',(-0.03075,0.01921875,0.00045));
#8657=CARTESIAN_POINT('',(-0.0127044439181381,0.01921875,0.00045));
#8658=CARTESIAN_POINT('',(-0.017545556081862,0.01921875,0.00045));
#8659=CARTESIAN_POINT('',(-0.0280542631663307,0.01921875,-0.00723542744333373));
#8660=CARTESIAN_POINT('',(-0.0223651959024294,0.01921875,-0.00154636017943249));
#8661=CARTESIAN_POINT('',(-0.0244947669415673,0.01921875,-0.00367593121857039));
#8662=CARTESIAN_POINT('',(-0.017545556081862,0.01921875,-0.006366));
#8663=CARTESIAN_POINT('',(-0.0196751271209998,0.01921875,-0.0084955710391379));
#8664=CARTESIAN_POINT('',(-0.0196751271209998,0.01921875,-0.0084955710391379));
#8665=CARTESIAN_POINT('',(-0.0196751271209998,0.01921875,-0.0084955710391379));
#8666=CARTESIAN_POINT('',(-0.0196751271209998,0.01921875,-0.0084955710391379));
#8667=CARTESIAN_POINT('',(-0.0196751271209998,0.01921875,-0.0084955710391379));
#8668=CARTESIAN_POINT('',(-0.024292823745749,0.01921875,0.0148616594687459));
#8669=CARTESIAN_POINT('',(-0.00446162085811674,0.01921875,-0.00496954341888632));
#8670=CARTESIAN_POINT('',(-0.00788480409757056,0.01921875,-0.00154636017943249));
#8671=CARTESIAN_POINT('',(-0.00246526067868424,0.01921875,0.0234152606786843));
#8672=CARTESIAN_POINT('',(-0.00246526067868424,0.01921875,-0.0146302954031777));
#8673=CARTESIAN_POINT('',(-0.00246526067868424,0.01921875,-0.00978918323945382));
#8674=CARTESIAN_POINT('',(0.0260885344137926,0.01921875,0.0111002200481641));
#8675=CARTESIAN_POINT('',(-0.00788480409757056,0.01921875,-0.022873118463199));
#8676=CARTESIAN_POINT('',(-0.00446162085811673,0.01921875,-0.0194499352237452));
#8677=CARTESIAN_POINT('',(0.0405,0.01921875,-0.0248694786426315));
#8678=CARTESIAN_POINT('',(-0.017545556081862,0.01921875,-0.0248694786426315));
#8679=CARTESIAN_POINT('',(-0.0127044439181381,0.01921875,-0.0248694786426315));
#8680=CARTESIAN_POINT('',(0.0223270949932108,0.01921875,-0.0675654093588393));
#8681=CARTESIAN_POINT('',(-0.0257883791418833,0.01921875,-0.0194499352237452));
#8682=CARTESIAN_POINT('',(-0.0223651959024294,0.01921875,-0.022873118463199));
#8683=CARTESIAN_POINT('',(-0.0277847393213158,0.02021875,-0.00870973932131574));
#8684=CARTESIAN_POINT('',(-0.0277847393213158,0.01921875,-0.00870973932131574));
#8685=CARTESIAN_POINT('',(-0.0277847393213157,0.01921875,-0.0878347393213157));
#8686=CARTESIAN_POINT('',(-0.0277847393213158,0.01921875,-0.0146302954031777));
#8687=CARTESIAN_POINT('',(-0.0209687393213157,0.01921875,-0.0146302954031777));
#8688=CARTESIAN_POINT('',(-0.017545556081862,0.01921875,-0.0180534786426315));
#8689=CARTESIAN_POINT('',(-0.0127044439181381,0.01921875,-0.0180534786426315));
#8690=CARTESIAN_POINT('',(-0.00928126067868424,0.01921875,-0.0146302954031777));
#8691=CARTESIAN_POINT('',(-0.00928126067868424,0.01921875,-0.00978918323945383));
#8692=CARTESIAN_POINT('',(-0.0127044439181381,0.01921875,-0.006366));
#8693=CARTESIAN_POINT('',(-0.034100313639725,-0.0147268850712651,-0.0077144848788915));
#8694=CARTESIAN_POINT('',(-0.0262847393213158,0.01821875,-0.00605824970800572));
#8695=CARTESIAN_POINT('',(-0.0331935584237444,-0.0147268850712651,-0.00862328890230195));
#8696=CARTESIAN_POINT('',(-0.0262847393213158,0.01821875,-0.00730189421848842));
#8697=CARTESIAN_POINT('',(-0.0322868032077638,-0.0147268850712651,-0.00953209292571241));
#8698=CARTESIAN_POINT('',(-0.0262847393213158,0.01821875,-0.00854553872897113));
#8699=CARTESIAN_POINT('',(-0.0313800479917831,-0.0147268850712651,-0.0104408969491229));
#8700=CARTESIAN_POINT('',(-0.0262847393213157,0.01821875,-0.00978918323945384));
#8701=CARTESIAN_POINT('',(-0.0307917630935662,-0.0147268850712651,-0.0110305110731871));
#8702=CARTESIAN_POINT('',(-0.0262847393213157,0.01821875,-0.0105960352667411));
#8703=CARTESIAN_POINT('',(-0.0302034781953493,-0.0147268850712651,-0.0116201251972514));
#8704=CARTESIAN_POINT('',(-0.0262847393213157,0.01821875,-0.0114028872940284));
#8705=CARTESIAN_POINT('',(-0.0296151932971324,-0.0147268850712651,-0.0122097393213156));
#8706=CARTESIAN_POINT('',(-0.0262847393213157,0.01821875,-0.0122097393213158));
#8707=CARTESIAN_POINT('',(-0.0288365976443031,0.00171875,-0.0101155778039015));
#8708=CARTESIAN_POINT('',(-0.0308646999505867,-0.0113947084362445,-0.0103749815344895));
#8709=CARTESIAN_POINT('',(-0.0268485111800428,0.0145734709556265,-0.00986129228587678));
#8710=CARTESIAN_POINT('',(-0.0308646999505867,-0.0113947084362445,-0.0103749815344895));
#8711=CARTESIAN_POINT('',(-0.0303433551258507,-0.0114472017231312,-0.0109883906683161));
#8712=CARTESIAN_POINT('',(-0.029819926529371,-0.0115001058741467,-0.0115999890433684));
#8713=CARTESIAN_POINT('',(-0.029294366987877,-0.0115531956635326,-0.0122097393213157));
#8714=CARTESIAN_POINT('',(-0.029294366987877,-0.0115531956635326,-0.0122097393213157));
#8715=CARTESIAN_POINT('',(-0.0279527141678199,0.00171875,-0.0122097393213157));
#8716=CARTESIAN_POINT('',(-0.0262847394155274,0.0182187496028623,-0.00605824972797053));
#8717=CARTESIAN_POINT('',(-0.0265720964874415,0.0170074295915217,-0.00731261709115026));
#8718=CARTESIAN_POINT('',(-0.0267663483492303,0.0157831751399526,-0.00857544943270293));
#8719=CARTESIAN_POINT('',(-0.0268485115312668,0.014573470652179,-0.00986128863229786));
#8720=CARTESIAN_POINT('',(-0.0326520595184405,-0.0116838948739007,-0.00877885639353056));
#8721=CARTESIAN_POINT('',(-0.0283525986465941,0.0147300755231983,-0.00967131067348307));
#8722=CARTESIAN_POINT('',(-0.0320711813355766,-0.0116838948739007,-0.00931280495327168));
#8723=CARTESIAN_POINT('',(-0.0278431627704876,0.0147300755231983,-0.00973360525378354));
#8724=CARTESIAN_POINT('',(-0.0314903031527129,-0.0116838948739007,-0.0098467535130128));
#8725=CARTESIAN_POINT('',(-0.0273337268943811,0.0147300755231983,-0.00979589983408401));
#8726=CARTESIAN_POINT('',(-0.030909424969849,-0.0116838948739007,-0.0103807020727539));
#8727=CARTESIAN_POINT('',(-0.0268242910182745,0.0147300755231983,-0.00985819441438448));
#8728=CARTESIAN_POINT('',(-0.0309055629322596,-0.0116838948739007,-0.0103842520931702));
#8729=CARTESIAN_POINT('',(-0.0268209039733468,0.0147300755231983,-0.0098586085873003));
#8730=CARTESIAN_POINT('',(-0.0309017008946702,-0.0116838948739007,-0.0103878021135864));
#8731=CARTESIAN_POINT('',(-0.026817516928419,0.0147300755231983,-0.00985902276021613));
#8732=CARTESIAN_POINT('',(-0.0308978388570808,-0.0116838948739007,-0.0103913521340027));
#8733=CARTESIAN_POINT('',(-0.0268141298834913,0.0147300755231983,-0.00985943693313196));
#8734=CARTESIAN_POINT('',(-0.0304704811207863,0.00171875,-0.00923169432741838));
#8735=CARTESIAN_POINT('',(-0.0326265686437062,-0.011527290306329,-0.00878414762443937));
#8736=CARTESIAN_POINT('',(-0.0284101654811666,0.0143764105616194,-0.00965936132229285));
#8737=CARTESIAN_POINT('',(-0.0326265686437062,-0.011527290306329,-0.00878414762443937));
#8738=CARTESIAN_POINT('',(-0.0320413385643939,-0.0114938565023788,-0.00931581944589199));
#8739=CARTESIAN_POINT('',(-0.0314553442691966,-0.011460445442401,-0.00984665132830897));
#8740=CARTESIAN_POINT('',(-0.030868589516919,-0.0114271140308551,-0.0103766464870183));
#8741=CARTESIAN_POINT('',(-0.030868589516919,-0.0114271140308551,-0.0103766464870183));
#8742=CARTESIAN_POINT('',(-0.030868589516919,-0.0114271140308551,-0.0103766464870183));
#8743=CARTESIAN_POINT('',(-0.0308676655681984,-0.0114162851522998,-0.0103757468957874));
#8744=CARTESIAN_POINT('',(-0.0308663663955847,-0.0114054834632983,-0.010375194680566));
#8745=CARTESIAN_POINT('',(-0.0308646999505867,-0.0113947084362445,-0.0103749815344895));
#8746=CARTESIAN_POINT('',(-0.0268485113789693,0.0145734708502419,-0.00986129226464634));
#8747=CARTESIAN_POINT('',(-0.0273684811044812,0.0145080981253505,-0.00979749450253719));
#8748=CARTESIAN_POINT('',(-0.0278889812739468,0.0144427254004591,-0.00973019480980715));
#8749=CARTESIAN_POINT('',(-0.0284100118873662,0.0143773526755677,-0.00965939318645622));
#8750=CARTESIAN_POINT('',(-0.0349239898732232,-0.01478125,-0.0104419723683492));
#8751=CARTESIAN_POINT('',(-0.0292847393213158,0.01821875,-0.0097891832394539));
#8752=CARTESIAN_POINT('',(-0.0343347342222344,-0.01478125,-0.00985271671736047));
#8753=CARTESIAN_POINT('',(-0.0287847393213158,0.01821875,-0.00978918323945389));
#8754=CARTESIAN_POINT('',(-0.0337454785712456,-0.01478125,-0.00926346106637167));
#8755=CARTESIAN_POINT('',(-0.0282847393213158,0.01821875,-0.00978918323945388));
#8756=CARTESIAN_POINT('',(-0.0331562229202568,-0.01478125,-0.00867420541538289));
#8757=CARTESIAN_POINT('',(-0.0277847393213158,0.01821875,-0.00978918323945387));
#8758=CARTESIAN_POINT('',(-0.0323775725430406,-0.01478125,-0.00789555503816669));
#8759=CARTESIAN_POINT('',(-0.027124032567032,0.01821875,-0.00978918323945385));
#8760=CARTESIAN_POINT('',(-0.0315989221658244,-0.01478125,-0.00711690466095049));
#8761=CARTESIAN_POINT('',(-0.0264633258127484,0.01821875,-0.00978918323945384));
#8762=CARTESIAN_POINT('',(-0.0308202717886082,-0.01478125,-0.00633825428373429));
#8763=CARTESIAN_POINT('',(-0.0258026190584647,0.01821875,-0.00978918323945382));
#8764=CARTESIAN_POINT('',(-0.0284104461027137,0.0143771976118352,-0.00965944284738348));
#8765=CARTESIAN_POINT('',(-0.0286977409770602,0.0142713735245671,-0.00969216576330616));
#8766=CARTESIAN_POINT('',(-0.0289891272022251,0.014158382214805,-0.00972797644800862));
#8767=CARTESIAN_POINT('',(-0.0292847112553234,0.0140382236825487,-0.00976757785128628));
#8768=CARTESIAN_POINT('',(-0.0321043645972695,0.00171875,-0.0101155778039016));
#8769=CARTESIAN_POINT('',(-0.0349239898732232,-0.01478125,-0.0104419723683492));
#8770=CARTESIAN_POINT('',(-0.0349239898732232,-0.01478125,-0.0104419723683492));
#8771=CARTESIAN_POINT('',(-0.0308447472443813,-0.01478125,-0.00636272973950738));
#8772=CARTESIAN_POINT('',(-0.0308447472443813,-0.0147812500000021,-0.00636272973950738));
#8773=CARTESIAN_POINT('',(-0.0314376404170584,-0.0147812490317047,-0.00695562316006312));
#8774=CARTESIAN_POINT('',(-0.0325051700484167,-0.0140445532877065,-0.0082029764372263));
#8775=CARTESIAN_POINT('',(-0.0327611625021645,-0.0123541749551066,-0.00875620950181962));
#8776=CARTESIAN_POINT('',(-0.0326265686437062,-0.011527290306329,-0.00878414762443937));
#8777=CARTESIAN_POINT('',(-0.0366917568261896,-0.01478125,-0.0122097393213156));
#8778=CARTESIAN_POINT('',(-0.0292847393213157,0.01821875,-0.0122097393213158));
#8779=CARTESIAN_POINT('',(-0.0361025011752008,-0.01478125,-0.0116204836703268));
#8780=CARTESIAN_POINT('',(-0.0292847393213158,0.01821875,-0.0114028872940285));
#8781=CARTESIAN_POINT('',(-0.035513245524212,-0.01478125,-0.011031228019338));
#8782=CARTESIAN_POINT('',(-0.0292847393213158,0.01821875,-0.0105960352667412));
#8783=CARTESIAN_POINT('',(-0.0349239898732232,-0.01478125,-0.0104419723683492));
#8784=CARTESIAN_POINT('',(-0.0292847393213158,0.01821875,-0.0097891832394539));
#8785=CARTESIAN_POINT('',(-0.0329882480737526,0.00171875,-0.0122097393213157));
#8786=CARTESIAN_POINT('',(-0.0366917568261896,-0.01478125,-0.0122097393213156));
#8787=CARTESIAN_POINT('',(-0.0259083784130947,-0.01478125,-0.00142636090822081));
#8788=CARTESIAN_POINT('',(-0.0349239898732232,-0.01478125,-0.013977506274282));
#8789=CARTESIAN_POINT('',(-0.0292847393213157,0.01821875,-0.0146302954031777));
#8790=CARTESIAN_POINT('',(-0.035513245524212,-0.01478125,-0.0133882506232932));
#8791=CARTESIAN_POINT('',(-0.0292847393213157,0.01821875,-0.0138234433758904));
#8792=CARTESIAN_POINT('',(-0.0361025011752008,-0.01478125,-0.0127989949723044));
#8793=CARTESIAN_POINT('',(-0.0292847393213157,0.01821875,-0.0130165913486031));
#8794=CARTESIAN_POINT('',(-0.0366917568261896,-0.01478125,-0.0122097393213156));
#8795=CARTESIAN_POINT('',(-0.0292847393213157,0.01821875,-0.0122097393213158));
#8796=CARTESIAN_POINT('',(-0.0321043645972695,0.00171875,-0.0143039008387299));
#8797=CARTESIAN_POINT('',(-0.0349239898732232,-0.01478125,-0.013977506274282));
#8798=CARTESIAN_POINT('',(-0.0349239898732232,-0.01478125,-0.013977506274282));
#8799=CARTESIAN_POINT('',(-0.0308202718251657,-0.01478125,-0.0180812243223395));
#8800=CARTESIAN_POINT('',(-0.0258026190894848,0.01821875,-0.0146302954031777));
#8801=CARTESIAN_POINT('',(-0.0315989221901961,-0.01478125,-0.0173025739573092));
#8802=CARTESIAN_POINT('',(-0.0264633258334284,0.01821875,-0.0146302954031777));
#8803=CARTESIAN_POINT('',(-0.0323775725552264,-0.01478125,-0.0165239235922787));
#8804=CARTESIAN_POINT('',(-0.027124032577372,0.01821875,-0.0146302954031777));
#8805=CARTESIAN_POINT('',(-0.0331562229202568,-0.01478125,-0.0157452732272484));
#8806=CARTESIAN_POINT('',(-0.0277847393213157,0.01821875,-0.0146302954031777));
#8807=CARTESIAN_POINT('',(-0.0337454785712456,-0.01478125,-0.0151560175762596));
#8808=CARTESIAN_POINT('',(-0.0282847393213157,0.01821875,-0.0146302954031777));
#8809=CARTESIAN_POINT('',(-0.0343347342222344,-0.01478125,-0.0145667619252708));
#8810=CARTESIAN_POINT('',(-0.0287847393213157,0.01821875,-0.0146302954031777));
#8811=CARTESIAN_POINT('',(-0.0349239898732232,-0.01478125,-0.013977506274282));
#8812=CARTESIAN_POINT('',(-0.0292847393213157,0.01821875,-0.0146302954031777));
#8813=CARTESIAN_POINT('',(-0.0292847112553234,0.0140382236828841,-0.0146519007913354));
#8814=CARTESIAN_POINT('',(-0.0289889792015253,0.0141584423789087,-0.0146915220232787));
#8815=CARTESIAN_POINT('',(-0.0286974491787085,0.0142714866739933,-0.0147273487416917));
#8816=CARTESIAN_POINT('',(-0.0284100145505998,0.0143773565681379,-0.0147600849471159));
#8817=CARTESIAN_POINT('',(-0.0284100120484532,0.014377353183745,-0.014760085471771));
#8818=CARTESIAN_POINT('',(-0.0304704811207862,0.00171875,-0.0151877843152131));
#8819=CARTESIAN_POINT('',(-0.0326265686437062,-0.011527290306329,-0.0156353310181919));
#8820=CARTESIAN_POINT('',(-0.0326265686437062,-0.011527290306329,-0.0156353310181919));
#8821=CARTESIAN_POINT('',(-0.0327611670532032,-0.0123542029146582,-0.0156632700854868));
#8822=CARTESIAN_POINT('',(-0.0325059040198288,-0.014043164554361,-0.0162154949763822));
#8823=CARTESIAN_POINT('',(-0.0314376651255198,-0.014781249017324,-0.017463830770426));
#8824=CARTESIAN_POINT('',(-0.0308447472807204,-0.0147812499999979,-0.0180567488667843));
#8825=CARTESIAN_POINT('',(-0.0308447447898451,-0.01478125,-0.0180567513576602));
#8826=CARTESIAN_POINT('',(-0.0349239898732232,-0.01478125,-0.013977506274282));
#8827=CARTESIAN_POINT('',(-0.0308978391447514,-0.0116838967345922,-0.0140281264711586));
#8828=CARTESIAN_POINT('',(-0.026814081650721,0.0147303874991426,-0.0145600479919609));
#8829=CARTESIAN_POINT('',(-0.0309017011823742,-0.0116838967345922,-0.0140316764917958));
#8830=CARTESIAN_POINT('',(-0.0268174686900386,0.0147303874991426,-0.0145604621278391));
#8831=CARTESIAN_POINT('',(-0.0309055632199971,-0.0116838967345922,-0.014035226512433));
#8832=CARTESIAN_POINT('',(-0.0268208557293562,0.0147303874991426,-0.0145608762637174));
#8833=CARTESIAN_POINT('',(-0.03090942525762,-0.0116838967345922,-0.0140387765330701));
#8834=CARTESIAN_POINT('',(-0.0268242427686738,0.0147303874991426,-0.0145612903995957));
#8835=CARTESIAN_POINT('',(-0.0314903034455165,-0.0116838967345922,-0.0145727251260362));
#8836=CARTESIAN_POINT('',(-0.0273336778009738,0.0147303874991426,-0.0146235794091813));
#8837=CARTESIAN_POINT('',(-0.0320711816334129,-0.0116838967345922,-0.0151066737190023));
#8838=CARTESIAN_POINT('',(-0.0278431128332738,0.0147303874991426,-0.014685868418767));
#8839=CARTESIAN_POINT('',(-0.0326520598213094,-0.0116838967345922,-0.0156406223119683));
#8840=CARTESIAN_POINT('',(-0.0283525478655737,0.0147303874991426,-0.0147481574283527));
#8841=CARTESIAN_POINT('',(-0.0288365976443031,0.00171875,-0.0143039008387298));
#8842=CARTESIAN_POINT('',(-0.0308646999505866,-0.0113947084362444,-0.0140444971081418));
#8843=CARTESIAN_POINT('',(-0.026848463372266,0.0145737810585151,-0.0145581943207698));
#8844=CARTESIAN_POINT('',(-0.0308646999505867,-0.0113947084362444,-0.0140444971081418));
#8845=CARTESIAN_POINT('',(-0.0308663663955847,-0.0114054834632982,-0.0140442839620653));
#8846=CARTESIAN_POINT('',(-0.0308676655681984,-0.0114162851522998,-0.0140437317468439));
#8847=CARTESIAN_POINT('',(-0.030868589516919,-0.0114271140308551,-0.014042832155613));
#8848=CARTESIAN_POINT('',(-0.030868589516919,-0.0114271140308551,-0.0140428321556129));
#8849=CARTESIAN_POINT('',(-0.030868589516919,-0.0114271140308551,-0.0140428321556129));
#8850=CARTESIAN_POINT('',(-0.0314553442728432,-0.0114604454425958,-0.0145728273176185));
#8851=CARTESIAN_POINT('',(-0.0320413385607424,-0.0114938565021702,-0.0151036591934219));
#8852=CARTESIAN_POINT('',(-0.0326265686437062,-0.011527290306329,-0.0156353310181919));
#8853=CARTESIAN_POINT('',(-0.0284100118873655,0.0143773526755627,-0.0147600854561753));
#8854=CARTESIAN_POINT('',(-0.0278889812739466,0.014442725400456,-0.0146892838328243));
#8855=CARTESIAN_POINT('',(-0.0273684811044814,0.0145080981253492,-0.0146219841400943));
#8856=CARTESIAN_POINT('',(-0.02684851137897,0.0145734708502425,-0.0145581863779853));
#8857=CARTESIAN_POINT('',(-0.0296151932971324,-0.0147268850712651,-0.0122097393213156));
#8858=CARTESIAN_POINT('',(-0.0262847393213157,0.01821875,-0.0122097393213158));
#8859=CARTESIAN_POINT('',(-0.0302034781953493,-0.0147268850712651,-0.0127993534453799));
#8860=CARTESIAN_POINT('',(-0.0262847393213157,0.01821875,-0.0130165913486031));
#8861=CARTESIAN_POINT('',(-0.0307917630935663,-0.0147268850712651,-0.0133889675694442));
#8862=CARTESIAN_POINT('',(-0.0262847393213157,0.01821875,-0.0138234433758904));
#8863=CARTESIAN_POINT('',(-0.0313800479917831,-0.0147268850712651,-0.0139785816935084));
#8864=CARTESIAN_POINT('',(-0.0262847393213156,0.01821875,-0.0146302954031777));
#8865=CARTESIAN_POINT('',(-0.0322868032077558,-0.0147268850712651,-0.0148873857169108));
#8866=CARTESIAN_POINT('',(-0.0262847393213156,0.01821875,-0.0158739399136495));
#8867=CARTESIAN_POINT('',(-0.0331935584237284,-0.0147268850712651,-0.0157961897403133));
#8868=CARTESIAN_POINT('',(-0.0262847393213156,0.01821875,-0.0171175844241213));
#8869=CARTESIAN_POINT('',(-0.0341003136397011,-0.0147268850712651,-0.0167049937637157));
#8870=CARTESIAN_POINT('',(-0.0262847393213156,0.01821875,-0.0183612289345931));
#8871=CARTESIAN_POINT('',(-0.029294366987877,-0.0115531956635325,-0.0122097393213157));
#8872=CARTESIAN_POINT('',(-0.029819926529371,-0.0115001058741466,-0.0128194895992629));
#8873=CARTESIAN_POINT('',(-0.0303433551258507,-0.0114472017231312,-0.0134310879743152));
#8874=CARTESIAN_POINT('',(-0.0308646999505866,-0.0113947084362444,-0.0140444971081418));
#8875=CARTESIAN_POINT('',(-0.0268485014033699,0.0145736197587112,-0.0145583485007747));
#8876=CARTESIAN_POINT('',(-0.0267663347514128,0.0157832411555746,-0.0158440961734262));
#8877=CARTESIAN_POINT('',(-0.0265720780135591,0.0170075074660036,-0.0171069421933299));
#8878=CARTESIAN_POINT('',(-0.0262847394155198,0.0182187496028929,-0.0183612289146298));
#8879=CARTESIAN_POINT('',(-0.0133572330470334,-0.01478125,0.0075892505519076));
#8880=CARTESIAN_POINT('',(-0.0127044439181381,0.01821875,0.00195));
#8881=CARTESIAN_POINT('',(-0.0139464886980222,-0.01478125,0.0081785062028964));
#8882=CARTESIAN_POINT('',(-0.0135112959454254,0.01821875,0.00195));
#8883=CARTESIAN_POINT('',(-0.014535744349011,-0.01478125,0.00876776185388518));
#8884=CARTESIAN_POINT('',(-0.0143181479727127,0.01821875,0.00195));
#8885=CARTESIAN_POINT('',(-0.0151249999999997,-0.01478125,0.00935701750487398));
#8886=CARTESIAN_POINT('',(-0.015125,0.01821875,0.00195));
#8887=CARTESIAN_POINT('',(-0.015125,0.00171875,0.00565350875243699));
#8888=CARTESIAN_POINT('',(-0.0151249999999997,-0.01478125,0.00935701750487398));
#8889=CARTESIAN_POINT('',(-0.00434162158690497,-0.01478125,-0.00142636090822092));
#8890=CARTESIAN_POINT('',(-0.0133572330470334,-0.01478125,0.0075892505519076));
#8891=CARTESIAN_POINT('',(-0.0130308384825857,0.00171875,0.0047696252759538));
#8892=CARTESIAN_POINT('',(-0.00925351498314195,-0.01478125,0.00348553248801611));
#8893=CARTESIAN_POINT('',(-0.0127044439181381,0.01821875,-0.0015321202452665));
#8894=CARTESIAN_POINT('',(-0.0100321653534503,-0.01478125,0.00426418285832448));
#8895=CARTESIAN_POINT('',(-0.0127044439181381,0.01821875,-0.000871413496844336));
#8896=CARTESIAN_POINT('',(-0.0108108157237587,-0.01478125,0.00504283322863285));
#8897=CARTESIAN_POINT('',(-0.0127044439181381,0.01821875,-0.000210706748422168));
#8898=CARTESIAN_POINT('',(-0.011589466094067,-0.01478125,0.00582148359894121));
#8899=CARTESIAN_POINT('',(-0.0127044439181381,0.01821875,0.00045));
#8900=CARTESIAN_POINT('',(-0.0121787217450558,-0.01478125,0.00641073924992999));
#8901=CARTESIAN_POINT('',(-0.0127044439181381,0.01821875,0.00095));
#8902=CARTESIAN_POINT('',(-0.0127679773960446,-0.01478125,0.00699999490091881));
#8903=CARTESIAN_POINT('',(-0.0127044439181381,0.01821875,0.00145));
#8904=CARTESIAN_POINT('',(-0.0133572330470334,-0.01478125,0.0075892505519076));
#8905=CARTESIAN_POINT('',(-0.0127044439181381,0.01821875,0.00195));
#8906=CARTESIAN_POINT('',(-0.0125747035260467,0.0143771976116793,0.00107570678130616));
#8907=CARTESIAN_POINT('',(-0.0126074264421435,0.0142713735238108,0.00136300165718922));
#8908=CARTESIAN_POINT('',(-0.0126432371268945,0.0141583822142124,0.00165438788239056));
#8909=CARTESIAN_POINT('',(-0.0126828385299804,0.0140382236828841,0.00194997193400762));
#8910=CARTESIAN_POINT('',(-0.0125746220009794,0.0143764105616894,0.00107542615983953));
#8911=CARTESIAN_POINT('',(-0.0133572330470334,-0.01478125,0.0075892505519076));
#8912=CARTESIAN_POINT('',(-0.00927799043879822,-0.01478125,0.00351000794367237));
#8913=CARTESIAN_POINT('',(-0.00927799043879822,-0.014781250000002,0.00351000794367238));
#8914=CARTESIAN_POINT('',(-0.00987088385686985,-0.0147812490235754,0.00410290111178432));
#8915=CARTESIAN_POINT('',(-0.0111182371224796,-0.0140445532730365,0.00517043073102367));
#8916=CARTESIAN_POINT('',(-0.0116714701806698,-0.0123541749501935,0.00542642318004924));
#8917=CARTESIAN_POINT('',(-0.0116994083031235,-0.011527290306329,0.00529182932239062));
#8918=CARTESIAN_POINT('',(-0.0116994083031235,-0.011527290306329,0.00529182932239062));
#8919=CARTESIAN_POINT('',(-0.0121469550061026,0.00171875,0.0031357417994706));
#8920=CARTESIAN_POINT('',(-0.0133066128126869,-0.0116838948739007,0.00356309953576518));
#8921=CARTESIAN_POINT('',(-0.0127746976118162,0.0147300755231957,-0.000520609437824057));
#8922=CARTESIAN_POINT('',(-0.0133030627922706,-0.0116838948739007,0.00356696157335458));
#8923=CARTESIAN_POINT('',(-0.0127742834389004,0.0147300755231957,-0.000517222392896303));
#8924=CARTESIAN_POINT('',(-0.0132995127718543,-0.0116838948739007,0.00357082361094398));
#8925=CARTESIAN_POINT('',(-0.0127738692659846,0.0147300755231957,-0.000513835347968548));
#8926=CARTESIAN_POINT('',(-0.0132959627514381,-0.0116838948739007,0.00357468564853338));
#8927=CARTESIAN_POINT('',(-0.0127734550930688,0.0147300755231957,-0.000510448303040793));
#8928=CARTESIAN_POINT('',(-0.012762014191697,-0.0116838948739007,0.00415556383139722));
#8929=CARTESIAN_POINT('',(-0.0127111605127682,0.0147300755231957,-1.01242693427363E-6));
#8930=CARTESIAN_POINT('',(-0.0122280656319558,-0.0116838948739007,0.00473644201426105));
#8931=CARTESIAN_POINT('',(-0.0126488659324677,0.0147300755231957,0.000508423449172245));
#8932=CARTESIAN_POINT('',(-0.0116941170722147,-0.0116838948739007,0.00531732019712488));
#8933=CARTESIAN_POINT('',(-0.0125865713521672,0.0147300755231957,0.00101785932527876));
#8934=CARTESIAN_POINT('',(-0.0116994083031235,-0.011527290306329,0.00529182932239062));
#8935=CARTESIAN_POINT('',(-0.0122310801245577,-0.01149385650238,0.0047065992430986));
#8936=CARTESIAN_POINT('',(-0.012761912007005,-0.0114604454423545,0.00412060494785724));
#8937=CARTESIAN_POINT('',(-0.0132919071657025,-0.0114271140308551,0.00353385019560336));
#8938=CARTESIAN_POINT('',(-0.0132919071657025,-0.0114271140308551,0.00353385019560335));
#8939=CARTESIAN_POINT('',(-0.0132919071657025,-0.0114271140308551,0.00353385019560336));
#8940=CARTESIAN_POINT('',(-0.0132910075744716,-0.0114162851522998,0.00353292624688278));
#8941=CARTESIAN_POINT('',(-0.0132904553592502,-0.0114054834632983,0.00353162707426909));
#8942=CARTESIAN_POINT('',(-0.0132902422131736,-0.0113947084362445,0.00352996062927107));
#8943=CARTESIAN_POINT('',(-0.0132902422131737,-0.0113947084362445,0.00352996062927107));
#8944=CARTESIAN_POINT('',(-0.0130308384825857,0.00171875,0.00150185832298743));
#8945=CARTESIAN_POINT('',(-0.0127765529645611,0.014573470955624,-0.000486228141272567));
#8946=CARTESIAN_POINT('',(-0.0127765529433305,0.0145734708502426,-0.000486227942346339));
#8947=CARTESIAN_POINT('',(-0.0127127551812215,0.0145080981253493,3.37417831652822E-5));
#8948=CARTESIAN_POINT('',(-0.0126454554884915,0.014442725400456,0.000554241952630677));
#8949=CARTESIAN_POINT('',(-0.0125746538651404,0.0143773526755627,0.00107527256604984));
#8950=CARTESIAN_POINT('',(-0.015125,-0.0147268850712651,0.00228045397581687));
#8951=CARTESIAN_POINT('',(-0.015125,0.01821875,-0.00105));
#8952=CARTESIAN_POINT('',(-0.0145353858759355,-0.0147268850712651,0.00286873887403376));
#8953=CARTESIAN_POINT('',(-0.0143181479727127,0.01821875,-0.00105));
#8954=CARTESIAN_POINT('',(-0.0139457717518713,-0.0147268850712651,0.00345702377225065));
#8955=CARTESIAN_POINT('',(-0.0135112959454254,0.01821875,-0.00105));
#8956=CARTESIAN_POINT('',(-0.013356157627807,-0.0147268850712651,0.00404530867046754));
#8957=CARTESIAN_POINT('',(-0.0127044439181381,0.01821875,-0.00105));
#8958=CARTESIAN_POINT('',(-0.0124473536044045,-0.0147268850712651,0.00495206388644021));
#8959=CARTESIAN_POINT('',(-0.0114607994076663,0.01821875,-0.00105));
#8960=CARTESIAN_POINT('',(-0.011538549581002,-0.0147268850712651,0.00585881910241288));
#8961=CARTESIAN_POINT('',(-0.0102171548971945,0.01821875,-0.00105));
#8962=CARTESIAN_POINT('',(-0.0106297455575996,-0.0147268850712651,0.00676557431838556));
#8963=CARTESIAN_POINT('',(-0.00897351038672273,0.01821875,-0.00105));
#8964=CARTESIAN_POINT('',(-0.0132902422131737,-0.0113947084362445,0.00352996062927107));
#8965=CARTESIAN_POINT('',(-0.0139036513470003,-0.0114472017231312,0.00300861580453506));
#8966=CARTESIAN_POINT('',(-0.0145152497220527,-0.0115001058741467,0.00248518720805533));
#8967=CARTESIAN_POINT('',(-0.015125,-0.0115531956635326,0.00195962766656143));
#8968=CARTESIAN_POINT('',(-0.015125,-0.0115531956635326,0.00195962766656143));
#8969=CARTESIAN_POINT('',(-0.015125,0.00171875,0.000617974846504247));
#8970=CARTESIAN_POINT('',(-0.00897351040668601,0.0182187496028929,-0.00104999990579571));
#8971=CARTESIAN_POINT('',(-0.0102278777699077,0.0170074295915495,-0.000762642833880982));
#8972=CARTESIAN_POINT('',(-0.0114907101115021,0.015783175139977,-0.00056839097209505));
#8973=CARTESIAN_POINT('',(-0.0127765493111269,0.0145734706521883,-0.000486227790062435));
#8974=CARTESIAN_POINT('',(-0.0196202544424239,-0.0147268850712651,0.00676557431840945));
#8975=CARTESIAN_POINT('',(-0.0212764896133101,0.01821875,-0.00105));
#8976=CARTESIAN_POINT('',(-0.0187114504190134,-0.0147268850712651,0.00585881910242883));
#8977=CARTESIAN_POINT('',(-0.0200328451028273,0.01821875,-0.00105));
#8978=CARTESIAN_POINT('',(-0.017802646395603,-0.0147268850712651,0.00495206388644819));
#8979=CARTESIAN_POINT('',(-0.0187892005923446,0.01821875,-0.00105));
#8980=CARTESIAN_POINT('',(-0.0168938423721926,-0.0147268850712651,0.00404530867046756));
#8981=CARTESIAN_POINT('',(-0.017545556081862,0.01821875,-0.00105));
#8982=CARTESIAN_POINT('',(-0.0163042282481283,-0.0147268850712651,0.00345702377225067));
#8983=CARTESIAN_POINT('',(-0.0167387040545747,0.01821875,-0.00105));
#8984=CARTESIAN_POINT('',(-0.015714614124064,-0.0147268850712651,0.00286873887403376));
#8985=CARTESIAN_POINT('',(-0.0159318520272873,0.01821875,-0.00105));
#8986=CARTESIAN_POINT('',(-0.015125,-0.0147268850712651,0.00228045397581687));
#8987=CARTESIAN_POINT('',(-0.015125,0.01821875,-0.00105));
#8988=CARTESIAN_POINT('',(-0.015125,-0.0115531956635325,0.00195962766656142));
#8989=CARTESIAN_POINT('',(-0.0157347502779471,-0.0115001058741466,0.00248518720805546));
#8990=CARTESIAN_POINT('',(-0.0163463486529993,-0.0114472017231312,0.00300861580453515));
#8991=CARTESIAN_POINT('',(-0.016959757786826,-0.0113947084362444,0.00352996062927109));
#8992=CARTESIAN_POINT('',(-0.016959757786826,-0.0113947084362444,0.00352996062927109));
#8993=CARTESIAN_POINT('',(-0.017219161517414,0.00171875,0.00150185832298744));
#8994=CARTESIAN_POINT('',(-0.0174734549995225,0.0145737810583128,-0.000486275949012371));
#8995=CARTESIAN_POINT('',(-0.0174736091794664,0.0145736197585728,-0.000486237917923465));
#8996=CARTESIAN_POINT('',(-0.0187593568521355,0.015783241155463,-0.000568404569879541));
#8997=CARTESIAN_POINT('',(-0.0200222028720427,0.0170075074659327,-0.000762661307739621));
#8998=CARTESIAN_POINT('',(-0.0212764895933453,0.0182187496028623,-0.00104999990578845));
#8999=CARTESIAN_POINT('',(-0.0185558829906524,-0.011683896734591,0.00531732049999363));
#9000=CARTESIAN_POINT('',(-0.0176634181070438,0.0147303874989395,0.00101780854429115));
#9001=CARTESIAN_POINT('',(-0.0180219343976864,-0.011683896734591,0.00473644231209716));
#9002=CARTESIAN_POINT('',(-0.0176011290974545,0.0147303874989395,0.000508373511990637));
#9003=CARTESIAN_POINT('',(-0.0174879858047204,-0.011683896734591,0.00415556412420067));
#9004=CARTESIAN_POINT('',(-0.0175388400878652,0.0147303874989395,-1.0615203098801E-6));
#9005=CARTESIAN_POINT('',(-0.0169540372117543,-0.011683896734591,0.00357468593630419));
#9006=CARTESIAN_POINT('',(-0.0174765510782759,0.0147303874989395,-0.000510496552610397));
#9007=CARTESIAN_POINT('',(-0.0169504871911171,-0.011683896734591,0.00357082389868132));
#9008=CARTESIAN_POINT('',(-0.0174761369423976,0.0147303874989395,-0.000513883591928012));
#9009=CARTESIAN_POINT('',(-0.01694693717048,-0.011683896734591,0.00356696186105846));
#9010=CARTESIAN_POINT('',(-0.0174757228065193,0.0147303874989395,-0.000517270631245626));
#9011=CARTESIAN_POINT('',(-0.0169433871498428,-0.011683896734591,0.00356309982343559));
#9012=CARTESIAN_POINT('',(-0.017475308670641,0.0147303874989395,-0.00052065767056324));
#9013=CARTESIAN_POINT('',(-0.016959757786826,-0.0113947084362444,0.00352996062927109));
#9014=CARTESIAN_POINT('',(-0.0169595446407495,-0.0114054834632982,0.00353162707426913));
#9015=CARTESIAN_POINT('',(-0.016958992425528,-0.0114162851522998,0.00353292624688277));
#9016=CARTESIAN_POINT('',(-0.0169580928342971,-0.0114271140308551,0.00353385019560336));
#9017=CARTESIAN_POINT('',(-0.0169580928342971,-0.0114271140308551,0.00353385019560338));
#9018=CARTESIAN_POINT('',(-0.0169580928342971,-0.0114271140308551,0.00353385019560338));
#9019=CARTESIAN_POINT('',(-0.0174880879963045,-0.0114604454424848,0.00412060495150822));
#9020=CARTESIAN_POINT('',(-0.0180189198721182,-0.0114938565021709,0.00470659923944007));
#9021=CARTESIAN_POINT('',(-0.018550591696876,-0.0115272903063289,0.00529182932239065));
#9022=CARTESIAN_POINT('',(-0.0185505916968761,-0.0115272903063289,0.00529182932239065));
#9023=CARTESIAN_POINT('',(-0.0181030449938973,0.00171875,0.00313574179947063));
#9024=CARTESIAN_POINT('',(-0.0176753460519847,0.0143773560981766,0.001075272252749));
#9025=CARTESIAN_POINT('',(-0.0176753460357904,0.0143773527670405,0.00107527183699828));
#9026=CARTESIAN_POINT('',(-0.0176045444487292,0.014442725461441,0.000554241467091339));
#9027=CARTESIAN_POINT('',(-0.0175372447890223,0.0145080981558414,3.37415406433409E-5));
#9028=CARTESIAN_POINT('',(-0.0174734470566695,0.0145734708502418,-0.000486227942345714));
#9029=CARTESIAN_POINT('',(-0.0168927669529662,-0.01478125,0.00758925055190762));
#9030=CARTESIAN_POINT('',(-0.017545556081862,0.01821875,0.00195));
#9031=CARTESIAN_POINT('',(-0.017482022603955,-0.01478125,0.00699999490091884));
#9032=CARTESIAN_POINT('',(-0.017545556081862,0.01821875,0.00145));
#9033=CARTESIAN_POINT('',(-0.0180712782549437,-0.01478125,0.00641073924993004));
#9034=CARTESIAN_POINT('',(-0.017545556081862,0.01821875,0.00095));
#9035=CARTESIAN_POINT('',(-0.0186605339059325,-0.01478125,0.00582148359894126));
#9036=CARTESIAN_POINT('',(-0.017545556081862,0.01821875,0.00045));
#9037=CARTESIAN_POINT('',(-0.0194391842772675,-0.01478125,0.00504283322760628));
#9038=CARTESIAN_POINT('',(-0.017545556081862,0.01821875,-0.000210706749293276));
#9039=CARTESIAN_POINT('',(-0.0202178346486025,-0.01478125,0.0042641828562713));
#9040=CARTESIAN_POINT('',(-0.017545556081862,0.01821875,-0.000871413498586552));
#9041=CARTESIAN_POINT('',(-0.0209964850199375,-0.01478125,0.00348553248493632));
#9042=CARTESIAN_POINT('',(-0.017545556081862,0.01821875,-0.00153212024787983));
#9043=CARTESIAN_POINT('',(-0.017219161517414,0.00171875,0.00476962527595381));
#9044=CARTESIAN_POINT('',(-0.0168927669529662,-0.01478125,0.00758925055190762));
#9045=CARTESIAN_POINT('',(-0.0175671614700295,0.0140382236825487,0.0019499719340076));
#9046=CARTESIAN_POINT('',(-0.0176067827021644,0.0141584423795007,0.00165423987873017));
#9047=CARTESIAN_POINT('',(-0.0176426094205284,0.0142714866747479,0.00136270985595316));
#9048=CARTESIAN_POINT('',(-0.0176753456257779,0.0143773565682901,0.00107527522938591));
#9049=CARTESIAN_POINT('',(-0.018550591696876,-0.011527290306329,0.00529182932239065));
#9050=CARTESIAN_POINT('',(-0.0185785307643221,-0.0123542029191313,0.00542642773261566));
#9051=CARTESIAN_POINT('',(-0.0191307556613544,-0.0140431645681633,0.00517116469472182));
#9052=CARTESIAN_POINT('',(-0.0203790914656525,-0.0147812490247412,0.00410292578956054));
#9053=CARTESIAN_POINT('',(-0.0209720095642695,-0.014781249999998,0.00351000794060384));
#9054=CARTESIAN_POINT('',(-0.0209720120363443,-0.01478125,0.00351000546852949));
#9055=CARTESIAN_POINT('',(-0.0168927669529662,-0.01478125,0.00758925055190762));
#9056=CARTESIAN_POINT('',(-0.0151249999999997,-0.01478125,0.00935701750487398));
#9057=CARTESIAN_POINT('',(-0.015125,0.01821875,0.00195));
#9058=CARTESIAN_POINT('',(-0.0157142556509886,-0.01478125,0.00876776185388519));
#9059=CARTESIAN_POINT('',(-0.0159318520272874,0.01821875,0.00195));
#9060=CARTESIAN_POINT('',(-0.0163035113019773,-0.01478125,0.00817850620289641));
#9061=CARTESIAN_POINT('',(-0.0167387040545746,0.01821875,0.00195));
#9062=CARTESIAN_POINT('',(-0.0168927669529662,-0.01478125,0.00758925055190762));
#9063=CARTESIAN_POINT('',(-0.017545556081862,0.01821875,0.00195));
#9064=CARTESIAN_POINT('',(-0.0168927669529662,-0.01478125,0.00758925055190762));
#9065=CARTESIAN_POINT('',(0.00467398987322343,-0.01478125,-0.0139775062742822));
#9066=CARTESIAN_POINT('',(-0.000965260678684248,0.01821875,-0.0146302954031777));
#9067=CARTESIAN_POINT('',(0.00526324552421222,-0.01478125,-0.0133882506232934));
#9068=CARTESIAN_POINT('',(-0.000965260678684245,0.01821875,-0.0138234433758904));
#9069=CARTESIAN_POINT('',(0.00585250117520102,-0.01478125,-0.0127989949723046));
#9070=CARTESIAN_POINT('',(-0.000965260678684243,0.01821875,-0.013016591348603));
#9071=CARTESIAN_POINT('',(0.00644175682618981,-0.01478125,-0.0122097393213158));
#9072=CARTESIAN_POINT('',(-0.00096526067868424,0.01821875,-0.0122097393213158));
#9073=CARTESIAN_POINT('',(0.00273824807375279,0.00171875,-0.0122097393213158));
#9074=CARTESIAN_POINT('',(0.00644175682618981,-0.01478125,-0.0122097393213158));
#9075=CARTESIAN_POINT('',(-0.00434162158690509,-0.01478125,-0.0229931177344106));
#9076=CARTESIAN_POINT('',(0.00467398987322343,-0.01478125,-0.0139775062742822));
#9077=CARTESIAN_POINT('',(0.00185436459726959,0.00171875,-0.0143039008387299));
#9078=CARTESIAN_POINT('',(0.000570271805123145,-0.01478125,-0.0180812243423824));
#9079=CARTESIAN_POINT('',(-0.00444738092752198,0.01821875,-0.0146302954031777));
#9080=CARTESIAN_POINT('',(0.00134892217683445,-0.01478125,-0.0173025739706711));
#9081=CARTESIAN_POINT('',(-0.0037866741779094,0.01821875,-0.0146302954031777));
#9082=CARTESIAN_POINT('',(0.00212757254854575,-0.01478125,-0.0165239235989598));
#9083=CARTESIAN_POINT('',(-0.00312596742829682,0.01821875,-0.0146302954031777));
#9084=CARTESIAN_POINT('',(0.00290622292025705,-0.01478125,-0.0157452732272486));
#9085=CARTESIAN_POINT('',(-0.00246526067868425,0.01821875,-0.0146302954031777));
#9086=CARTESIAN_POINT('',(0.00349547857124585,-0.01478125,-0.0151560175762597));
#9087=CARTESIAN_POINT('',(-0.00196526067868425,0.01821875,-0.0146302954031777));
#9088=CARTESIAN_POINT('',(0.00408473422223463,-0.01478125,-0.014566761925271));
#9089=CARTESIAN_POINT('',(-0.00146526067868425,0.01821875,-0.0146302954031777));
#9090=CARTESIAN_POINT('',(0.00467398987322343,-0.01478125,-0.0139775062742822));
#9091=CARTESIAN_POINT('',(-0.000965260678684248,0.01821875,-0.0146302954031777));
#9092=CARTESIAN_POINT('',(-0.00183984529690014,0.0143773049457586,-0.0147600689848051));
#9093=CARTESIAN_POINT('',(-0.00155245605503793,0.0142714499271205,-0.0147273370949933));
#9094=CARTESIAN_POINT('',(-0.00126097273248382,0.0141584228394957,-0.0146915155835515));
#9095=CARTESIAN_POINT('',(-0.000965288744676631,0.0140382236828842,-0.0146519007913354));
#9096=CARTESIAN_POINT('',(-0.00183993784703872,0.014377045364428,-0.0147600958721164));
#9097=CARTESIAN_POINT('',(0.00467398987322343,-0.01478125,-0.0139775062742822));
#9098=CARTESIAN_POINT('',(0.000594747260797744,-0.01478125,-0.0180567488867078));
#9099=CARTESIAN_POINT('',(0.000594747260797746,-0.014781250000002,-0.0180567488867078));
#9100=CARTESIAN_POINT('',(0.00118764042983802,-0.0147812490252285,-0.017463855468131));
#9101=CARTESIAN_POINT('',(0.00225517005154186,-0.0140445532760197,-0.0162165022001719));
#9102=CARTESIAN_POINT('',(0.00251116250152769,-0.0123541749511925,-0.0156632691406796));
#9103=CARTESIAN_POINT('',(0.00237656864370644,-0.011527290306329,-0.0156353310181921));
#9104=CARTESIAN_POINT('',(0.00237656864370644,-0.011527290306329,-0.0156353310181921));
#9105=CARTESIAN_POINT('',(0.000220481120786401,0.00171875,-0.0151877843152131));
#9106=CARTESIAN_POINT('',(0.000647838856983247,-0.0116838948732684,-0.0140281265086415));
#9107=CARTESIAN_POINT('',(-0.00343587010011816,0.014730075417182,-0.0145600417073646));
#9108=CARTESIAN_POINT('',(0.000651700894572639,-0.0116838948732684,-0.0140316765290576));
#9109=CARTESIAN_POINT('',(-0.00343248305518849,0.014730075417182,-0.014560455880293));
#9110=CARTESIAN_POINT('',(0.000655562932162031,-0.0116838948732684,-0.0140352265494738));
#9111=CARTESIAN_POINT('',(-0.00342909601025883,0.014730075417182,-0.0145608700532215));
#9112=CARTESIAN_POINT('',(0.000659424969751423,-0.0116838948732684,-0.01403877656989));
#9113=CARTESIAN_POINT('',(-0.00342570896532917,0.014730075417182,-0.0145612842261499));
#9114=CARTESIAN_POINT('',(0.00124030315261355,-0.0116838948732684,-0.0145727251296198));
#9115=CARTESIAN_POINT('',(-0.00291627308893591,0.014730075417182,-0.0146235788083434));
#9116=CARTESIAN_POINT('',(0.00182118133547567,-0.0116838948732684,-0.0151066736893497));
#9117=CARTESIAN_POINT('',(-0.00240683721254265,0.014730075417182,-0.0146858733905369));
#9118=CARTESIAN_POINT('',(0.00240205951833779,-0.0116838948732684,-0.0156406222490795));
#9119=CARTESIAN_POINT('',(-0.0018974013361494,0.014730075417182,-0.0147481679727305));
#9120=CARTESIAN_POINT('',(0.00237656864370644,-0.011527290306329,-0.0156353310181921));
#9121=CARTESIAN_POINT('',(0.00179133856441444,-0.0114938565023799,-0.0151036591967579));
#9122=CARTESIAN_POINT('',(0.00120534426917081,-0.0114604454423039,-0.0145728273143164));
#9123=CARTESIAN_POINT('',(0.000618589516919195,-0.0114271140308551,-0.0140428321556131));
#9124=CARTESIAN_POINT('',(0.000618589516919199,-0.0114271140308551,-0.0140428321556131));
#9125=CARTESIAN_POINT('',(0.000618589516919172,-0.0114271140308551,-0.0140428321556131));
#9126=CARTESIAN_POINT('',(0.000617665568198582,-0.0114162851522998,-0.014043731746844));
#9127=CARTESIAN_POINT('',(0.000616366395584917,-0.0114054834632982,-0.0140442839620654));
#9128=CARTESIAN_POINT('',(0.000614699950586897,-0.0113947084362444,-0.0140444971081419));
#9129=CARTESIAN_POINT('',(0.000614699950586897,-0.0113947084362444,-0.0140444971081419));
#9130=CARTESIAN_POINT('',(-0.00141340235569678,0.00171875,-0.0143039008387299));
#9131=CARTESIAN_POINT('',(-0.00340148872082528,0.0145734703146518,-0.0145581863440753));
#9132=CARTESIAN_POINT('',(-0.00340148862103058,0.0145734708502426,-0.0145581863779852));
#9133=CARTESIAN_POINT('',(-0.00288151889551896,0.0145080981253493,-0.0146219841400942));
#9134=CARTESIAN_POINT('',(-0.00236101872605357,0.014442725400456,-0.0146892838328243));
#9135=CARTESIAN_POINT('',(-0.0018399881126344,0.0143773526755627,-0.0147600854561753));
#9136=CARTESIAN_POINT('',(-0.000634806702867291,-0.0147268850712651,-0.0122097393213158));
#9137=CARTESIAN_POINT('',(-0.00396526067868425,0.01821875,-0.0122097393213157));
#9138=CARTESIAN_POINT('',(-4.65218046503986E-5,-0.0147268850712651,-0.01279935344538));
#9139=CARTESIAN_POINT('',(-0.00396526067868425,0.01821875,-0.0130165913486031));
#9140=CARTESIAN_POINT('',(0.000541763093566483,-0.0147268850712651,-0.0133889675694443));
#9141=CARTESIAN_POINT('',(-0.00396526067868425,0.01821875,-0.0138234433758904));
#9142=CARTESIAN_POINT('',(0.00113004799178337,-0.0147268850712651,-0.0139785816935086));
#9143=CARTESIAN_POINT('',(-0.00396526067868425,0.01821875,-0.0146302954031777));
#9144=CARTESIAN_POINT('',(0.00203680320775605,-0.0147268850712651,-0.014887385716911));
#9145=CARTESIAN_POINT('',(-0.00396526067868425,0.01821875,-0.0158739399136494));
#9146=CARTESIAN_POINT('',(0.00294355842372873,-0.0147268850712651,-0.0157961897403135));
#9147=CARTESIAN_POINT('',(-0.00396526067868426,0.01821875,-0.0171175844241213));
#9148=CARTESIAN_POINT('',(0.00385031363970141,-0.0147268850712651,-0.016704993763716));
#9149=CARTESIAN_POINT('',(-0.00396526067868427,0.01821875,-0.018361228934593));
#9150=CARTESIAN_POINT('',(0.000614699950586898,-0.0113947084362444,-0.0140444971081419));
#9151=CARTESIAN_POINT('',(9.33551258509229E-5,-0.0114472017231312,-0.0134310879743153));
#9152=CARTESIAN_POINT('',(-0.000430073470628783,-0.0115001058741466,-0.012819489599263));
#9153=CARTESIAN_POINT('',(-0.000955633012122746,-0.0115531956635325,-0.0122097393213158));
#9154=CARTESIAN_POINT('',(-0.000955633012122747,-0.0115531956635325,-0.0122097393213158));
#9155=CARTESIAN_POINT('',(-0.00229728583217996,0.00171875,-0.0122097393213158));
#9156=CARTESIAN_POINT('',(-0.00396526058447998,0.0182187496028929,-0.0183612289146298));
#9157=CARTESIAN_POINT('',(-0.00367790351256524,0.0170074295915495,-0.017106861551408));
#9158=CARTESIAN_POINT('',(-0.0034836516507793,0.015783175139977,-0.0158440292098136));
#9159=CARTESIAN_POINT('',(-0.00340148846874667,0.0145734706521883,-0.0145581900101888));
#9160=CARTESIAN_POINT('',(0.00385031363972529,-0.0147268850712651,-0.00771448487889169));
#9161=CARTESIAN_POINT('',(-0.00396526067868423,0.01821875,-0.00605824970800571));
#9162=CARTESIAN_POINT('',(0.00294355842374466,-0.0147268850712651,-0.00862328890230213));
#9163=CARTESIAN_POINT('',(-0.00396526067868423,0.01821875,-0.00730189421848842));
#9164=CARTESIAN_POINT('',(0.00203680320776403,-0.0147268850712651,-0.00953209292571257));
#9165=CARTESIAN_POINT('',(-0.00396526067868423,0.01821875,-0.00854553872897112));
#9166=CARTESIAN_POINT('',(0.00113004799178339,-0.0147268850712651,-0.010440896949123));
#9167=CARTESIAN_POINT('',(-0.00396526067868423,0.01821875,-0.00978918323945382));
#9168=CARTESIAN_POINT('',(0.0005417630935665,-0.0147268850712651,-0.0110305110731873));
#9169=CARTESIAN_POINT('',(-0.00396526067868424,0.01821875,-0.0105960352667411));
#9170=CARTESIAN_POINT('',(-4.65218046503944E-5,-0.0147268850712651,-0.0116201251972515));
#9171=CARTESIAN_POINT('',(-0.00396526067868424,0.01821875,-0.0114028872940284));
#9172=CARTESIAN_POINT('',(-0.000634806702867291,-0.0147268850712651,-0.0122097393213158));
#9173=CARTESIAN_POINT('',(-0.00396526067868425,0.01821875,-0.0122097393213157));
#9174=CARTESIAN_POINT('',(-0.000955633012122747,-0.0115531956635325,-0.0122097393213158));
#9175=CARTESIAN_POINT('',(-0.000430073470628768,-0.0115001058741466,-0.0115999890433686));
#9176=CARTESIAN_POINT('',(9.3355125850934E-5,-0.0114472017231312,-0.0109883906683163));
#9177=CARTESIAN_POINT('',(0.000614699950586917,-0.0113947084362444,-0.0103749815344896));
#9178=CARTESIAN_POINT('',(0.000614699950586917,-0.0113947084362444,-0.0103749815344896));
#9179=CARTESIAN_POINT('',(-0.00141340235569676,0.00171875,-0.0101155778039016));
#9180=CARTESIAN_POINT('',(-0.00340163382869681,0.0145744095479468,-0.00986127188933257));
#9181=CARTESIAN_POINT('',(-0.00340151923114898,0.0145739234969229,-0.00986080728885928));
#9182=CARTESIAN_POINT('',(-0.00348369773581184,0.01578344610973,-0.00857517114809057));
#9183=CARTESIAN_POINT('',(-0.00367794603683143,0.0170076088476032,-0.00731243146474583));
#9184=CARTESIAN_POINT('',(-0.00396526058447267,0.0182187496028622,-0.00605824972797053));
#9185=CARTESIAN_POINT('',(0.00240206043511342,-0.0116839005055288,-0.00877885620325373));
#9186=CARTESIAN_POINT('',(-0.00189755504885647,0.0147310197595114,-0.00967134257659062));
#9187=CARTESIAN_POINT('',(0.00182118223701762,-0.0116839005055288,-0.0093128048635545));
#9188=CARTESIAN_POINT('',(-0.00240698837107126,0.0147310197595114,-0.00973362029638858));
#9189=CARTESIAN_POINT('',(0.00124030403892182,-0.0116839005055288,-0.00984675352385528));
#9190=CARTESIAN_POINT('',(-0.00291642169328605,0.0147310197595114,-0.00979589801618653));
#9191=CARTESIAN_POINT('',(0.000659425840826025,-0.0116839005055288,-0.0103807021841561));
#9192=CARTESIAN_POINT('',(-0.00342585501550084,0.0147310197595114,-0.00985817573598447));
#9193=CARTESIAN_POINT('',(0.000655563803135354,-0.0116839005055288,-0.0103842522052409));
#9194=CARTESIAN_POINT('',(-0.00342924204344874,0.0147310197595114,-0.00985858979680124));
#9195=CARTESIAN_POINT('',(0.000651701765444685,-0.0116839005055288,-0.0103878022263257));
#9196=CARTESIAN_POINT('',(-0.00343262907139664,0.0147310197595114,-0.00985900385761801));
#9197=CARTESIAN_POINT('',(0.000647839727754015,-0.0116839005055288,-0.0103913522474106));
#9198=CARTESIAN_POINT('',(-0.00343601609934454,0.0147310197595114,-0.00985941791843478));
#9199=CARTESIAN_POINT('',(0.000614699950586916,-0.0113947084362444,-0.0103749815344896));
#9200=CARTESIAN_POINT('',(0.000616366395584955,-0.0114054834632982,-0.0103751946805661));
#9201=CARTESIAN_POINT('',(0.000617665568198611,-0.0114162851522998,-0.0103757468957876));
#9202=CARTESIAN_POINT('',(0.000618589516919206,-0.0114271140308551,-0.0103766464870185));
#9203=CARTESIAN_POINT('',(0.000618589516919208,-0.0114271140308551,-0.0103766464870185));
#9204=CARTESIAN_POINT('',(0.000618589516919208,-0.0114271140308551,-0.0103766464870185));
#9205=CARTESIAN_POINT('',(0.00120534427282989,-0.0114604454425951,-0.00984665132502449));
#9206=CARTESIAN_POINT('',(0.00179133856075591,-0.0114938565021709,-0.00931581944919743));
#9207=CARTESIAN_POINT('',(0.00237656864370648,-0.0115272903063289,-0.00878414762443952));
#9208=CARTESIAN_POINT('',(0.00237656864370648,-0.011527290306329,-0.00878414762443952));
#9209=CARTESIAN_POINT('',(0.000220481120786429,0.00171875,-0.00923169432741844));
#9210=CARTESIAN_POINT('',(-0.00183998842593522,0.0143773560981766,-0.00965939326933099));
#9211=CARTESIAN_POINT('',(-0.00183998884168594,0.0143773527670405,-0.00965939328552538));
#9212=CARTESIAN_POINT('',(-0.00236101921159312,0.014442725461441,-0.00973019487258655));
#9213=CARTESIAN_POINT('',(-0.00288151913804136,0.0145080981558415,-0.00979749453229354));
#9214=CARTESIAN_POINT('',(-0.00340148862103065,0.0145734708502419,-0.00986129226464634));
#9215=CARTESIAN_POINT('',(0.00467398987322345,-0.01478125,-0.0104419723683494));
#9216=CARTESIAN_POINT('',(-0.000965260678684233,0.01821875,-0.00978918323945383));
#9217=CARTESIAN_POINT('',(0.00408473422223466,-0.01478125,-0.00985271671736064));
#9218=CARTESIAN_POINT('',(-0.00146526067868423,0.01821875,-0.00978918323945383));
#9219=CARTESIAN_POINT('',(0.00349547857124588,-0.01478125,-0.00926346106637185));
#9220=CARTESIAN_POINT('',(-0.00196526067868423,0.01821875,-0.00978918323945383));
#9221=CARTESIAN_POINT('',(0.00290622292025709,-0.01478125,-0.00867420541538306));
#9222=CARTESIAN_POINT('',(-0.00246526067868424,0.01821875,-0.00978918323945383));
#9223=CARTESIAN_POINT('',(0.00212757255102864,-0.01478125,-0.0078955550461546));
#9224=CARTESIAN_POINT('',(-0.00312596742619005,0.01821875,-0.00978918323945383));
#9225=CARTESIAN_POINT('',(0.0013489221818002,-0.01478125,-0.00711690467692615));
#9226=CARTESIAN_POINT('',(-0.00378667417369587,0.01821875,-0.00978918323945382));
#9227=CARTESIAN_POINT('',(0.00057027181257175,-0.01478125,-0.00633825430769769));
#9228=CARTESIAN_POINT('',(-0.00444738092120169,0.01821875,-0.00978918323945382));
#9229=CARTESIAN_POINT('',(0.00185436459726961,0.00171875,-0.0101155778039016));
#9230=CARTESIAN_POINT('',(0.00467398987322345,-0.01478125,-0.0104419723683494));
#9231=CARTESIAN_POINT('',(-0.000965288744676651,0.0140382236825487,-0.00976757785128625));
#9232=CARTESIAN_POINT('',(-0.00126102079995416,0.0141584423795008,-0.00972795661915137));
#9233=CARTESIAN_POINT('',(-0.00155255082273116,0.0142714866747479,-0.00969212990078734));
#9234=CARTESIAN_POINT('',(-0.00183998544929832,0.0143773565682901,-0.00965939369553782));
#9235=CARTESIAN_POINT('',(0.00237656864370648,-0.011527290306329,-0.00878414762443952));
#9236=CARTESIAN_POINT('',(0.00251116705368821,-0.0123542029176367,-0.00875620855704399));
#9237=CARTESIAN_POINT('',(0.00225590401730447,-0.0140431645635516,-0.00820398366206217));
#9238=CARTESIAN_POINT('',(0.0011876651157692,-0.0147812490222629,-0.00695564786119029));
#9239=CARTESIAN_POINT('',(0.000594747268201568,-0.014781249999998,-0.00636272976332803));
#9240=CARTESIAN_POINT('',(0.000594744789845328,-0.01478125,-0.00636272728497127));
#9241=CARTESIAN_POINT('',(0.00467398987322345,-0.01478125,-0.0104419723683494));
#9242=CARTESIAN_POINT('',(0.00644175682618981,-0.01478125,-0.0122097393213158));
#9243=CARTESIAN_POINT('',(-0.00096526067868424,0.01821875,-0.0122097393213158));
#9244=CARTESIAN_POINT('',(0.00585250117520103,-0.01478125,-0.011620483670327));
#9245=CARTESIAN_POINT('',(-0.000965260678684238,0.01821875,-0.0114028872940285));
#9246=CARTESIAN_POINT('',(0.00526324552421223,-0.01478125,-0.0110312280193382));
#9247=CARTESIAN_POINT('',(-0.000965260678684235,0.01821875,-0.0105960352667411));
#9248=CARTESIAN_POINT('',(0.00467398987322345,-0.01478125,-0.0104419723683494));
#9249=CARTESIAN_POINT('',(-0.000965260678684233,0.01821875,-0.00978918323945383));
#9250=CARTESIAN_POINT('',(0.00467398987322345,-0.01478125,-0.0104419723683494));
#9251=CARTESIAN_POINT('',(-0.0133572330470336,-0.01478125,-0.0320087291945391));
#9252=CARTESIAN_POINT('',(-0.0127044439181381,0.01821875,-0.0263694786426315));
#9253=CARTESIAN_POINT('',(-0.0127679773960448,-0.01478125,-0.0314194735435503));
#9254=CARTESIAN_POINT('',(-0.0127044439181381,0.01821875,-0.0258694786426315));
#9255=CARTESIAN_POINT('',(-0.012178721745056,-0.01478125,-0.0308302178925615));
#9256=CARTESIAN_POINT('',(-0.0127044439181381,0.01821875,-0.0253694786426315));
#9257=CARTESIAN_POINT('',(-0.0115894660940672,-0.01478125,-0.0302409622415727));
#9258=CARTESIAN_POINT('',(-0.0127044439181381,0.01821875,-0.0248694786426315));
#9259=CARTESIAN_POINT('',(-0.0108108157206219,-0.01478125,-0.0294623118681273));
#9260=CARTESIAN_POINT('',(-0.0127044439181381,0.01821875,-0.0242087718915475));
#9261=CARTESIAN_POINT('',(-0.0100321653471765,-0.01478125,-0.028683661494682));
#9262=CARTESIAN_POINT('',(-0.0127044439181381,0.01821875,-0.0235480651404634));
#9263=CARTESIAN_POINT('',(-0.0092535149737311,-0.01478125,-0.0279050111212366));
#9264=CARTESIAN_POINT('',(-0.0127044439181381,0.01821875,-0.0228873583893794));
#9265=CARTESIAN_POINT('',(-0.0130308384825858,0.00171875,-0.0291891039185853));
#9266=CARTESIAN_POINT('',(-0.0133572330470336,-0.01478125,-0.0320087291945391));
#9267=CARTESIAN_POINT('',(-0.0126828385299705,0.0140382236825487,-0.0263694505766391));
#9268=CARTESIAN_POINT('',(-0.0126432172978356,0.0141584423795007,-0.0260737185213618));
#9269=CARTESIAN_POINT('',(-0.0126073905794716,0.0142714866747478,-0.0257821884985848));
#9270=CARTESIAN_POINT('',(-0.012574654374222,0.0143773565682901,-0.0254947538720174));
#9271=CARTESIAN_POINT('',(-0.0125746539480152,0.0143773560981766,-0.0254947508953805));
#9272=CARTESIAN_POINT('',(-0.0121469550061027,0.00171875,-0.0275552204421021));
#9273=CARTESIAN_POINT('',(-0.0116994083031237,-0.011527290306329,-0.0297113079650221));
#9274=CARTESIAN_POINT('',(-0.0116994083031237,-0.011527290306329,-0.0297113079650221));
#9275=CARTESIAN_POINT('',(-0.0116714692356271,-0.0123542029206286,-0.0298459063754908));
#9276=CARTESIAN_POINT('',(-0.0111192443365406,-0.0140431645727834,-0.0295906433360841));
#9277=CARTESIAN_POINT('',(-0.00987090852880985,-0.014781249027224,-0.0285224044272902));
#9278=CARTESIAN_POINT('',(-0.0092779904294369,-0.014781249999998,-0.0279294865769419));
#9279=CARTESIAN_POINT('',(-0.00927798796365546,-0.01478125,-0.0279294841111609));
#9280=CARTESIAN_POINT('',(-0.0133572330470336,-0.01478125,-0.0320087291945391));
#9281=CARTESIAN_POINT('',(-0.015125,-0.01478125,-0.0337764961475054));
#9282=CARTESIAN_POINT('',(-0.015125,0.01821875,-0.0263694786426315));
#9283=CARTESIAN_POINT('',(-0.0145357443490112,-0.01478125,-0.0331872404965166));
#9284=CARTESIAN_POINT('',(-0.0143181479727127,0.01821875,-0.0263694786426315));
#9285=CARTESIAN_POINT('',(-0.0139464886980224,-0.01478125,-0.0325979848455279));
#9286=CARTESIAN_POINT('',(-0.0135112959454254,0.01821875,-0.0263694786426315));
#9287=CARTESIAN_POINT('',(-0.0133572330470336,-0.01478125,-0.0320087291945391));
#9288=CARTESIAN_POINT('',(-0.0127044439181381,0.01821875,-0.0263694786426315));
#9289=CARTESIAN_POINT('',(-0.0133572330470336,-0.01478125,-0.0320087291945391));
#9290=CARTESIAN_POINT('',(-0.015125,-0.01478125,-0.0337764961475054));
#9291=CARTESIAN_POINT('',(-0.015125,0.00171875,-0.0300729873950684));
#9292=CARTESIAN_POINT('',(-0.0168927669529663,-0.01478125,-0.032008729194539));
#9293=CARTESIAN_POINT('',(-0.017545556081862,0.01821875,-0.0263694786426315));
#9294=CARTESIAN_POINT('',(-0.0163035113019776,-0.01478125,-0.0325979848455278));
#9295=CARTESIAN_POINT('',(-0.0167387040545746,0.01821875,-0.0263694786426315));
#9296=CARTESIAN_POINT('',(-0.0157142556509888,-0.01478125,-0.0331872404965166));
#9297=CARTESIAN_POINT('',(-0.0159318520272873,0.01821875,-0.0263694786426315));
#9298=CARTESIAN_POINT('',(-0.015125,-0.01478125,-0.0337764961475054));
#9299=CARTESIAN_POINT('',(-0.015125,0.01821875,-0.0263694786426315));
#9300=CARTESIAN_POINT('',(-0.0259083784130948,-0.01478125,-0.0229931177344105));
#9301=CARTESIAN_POINT('',(-0.0168927669529663,-0.01478125,-0.032008729194539));
#9302=CARTESIAN_POINT('',(-0.0172191615174141,0.00171875,-0.0291891039185853));
#9303=CARTESIAN_POINT('',(-0.0209964850125528,-0.01478125,-0.0279050111349525));
#9304=CARTESIAN_POINT('',(-0.017545556081862,0.01821875,-0.0228873584010179));
#9305=CARTESIAN_POINT('',(-0.0202178346436795,-0.01478125,-0.0286836615038258));
#9306=CARTESIAN_POINT('',(-0.017545556081862,0.01821875,-0.0235480651482225));
#9307=CARTESIAN_POINT('',(-0.0194391842748061,-0.01478125,-0.0294623118726993));
#9308=CARTESIAN_POINT('',(-0.017545556081862,0.01821875,-0.024208771895427));
#9309=CARTESIAN_POINT('',(-0.0186605339059327,-0.01478125,-0.0302409622415727));
#9310=CARTESIAN_POINT('',(-0.017545556081862,0.01821875,-0.0248694786426315));
#9311=CARTESIAN_POINT('',(-0.0180712782549439,-0.01478125,-0.0308302178925614));
#9312=CARTESIAN_POINT('',(-0.017545556081862,0.01821875,-0.0253694786426315));
#9313=CARTESIAN_POINT('',(-0.0174820226039551,-0.01478125,-0.0314194735435502));
#9314=CARTESIAN_POINT('',(-0.017545556081862,0.01821875,-0.0258694786426315));
#9315=CARTESIAN_POINT('',(-0.0168927669529663,-0.01478125,-0.032008729194539));
#9316=CARTESIAN_POINT('',(-0.017545556081862,0.01821875,-0.0263694786426315));
#9317=CARTESIAN_POINT('',(-0.0176752964739533,0.0143771976116793,-0.0254951854239376));
#9318=CARTESIAN_POINT('',(-0.0176425735578565,0.0142713735238108,-0.0257824802998207));
#9319=CARTESIAN_POINT('',(-0.0176067628731055,0.0141583822142124,-0.0260738665250221));
#9320=CARTESIAN_POINT('',(-0.0175671614700196,0.0140382236828841,-0.0263694505766391));
#9321=CARTESIAN_POINT('',(-0.0176753779990206,0.0143764105616894,-0.025494904802471));
#9322=CARTESIAN_POINT('',(-0.0168927669529663,-0.01478125,-0.032008729194539));
#9323=CARTESIAN_POINT('',(-0.020972009556929,-0.01478125,-0.0279294865905763));
#9324=CARTESIAN_POINT('',(-0.020972009556929,-0.014781250000002,-0.0279294865905763));
#9325=CARTESIAN_POINT('',(-0.0203791161393724,-0.01478124902189,-0.0285223797577417));
#9326=CARTESIAN_POINT('',(-0.0191317628761581,-0.0140445532699949,-0.0295899093744684));
#9327=CARTESIAN_POINT('',(-0.0185785298192956,-0.0123541749491748,-0.0298459018225149));
#9328=CARTESIAN_POINT('',(-0.0185505916968762,-0.011527290306329,-0.0297113079650221));
#9329=CARTESIAN_POINT('',(-0.0185505916968762,-0.011527290306329,-0.0297113079650221));
#9330=CARTESIAN_POINT('',(-0.0181030449938973,0.00171875,-0.0275552204421021));
#9331=CARTESIAN_POINT('',(-0.0169433871873128,-0.0116838948739007,-0.0279825781783965));
#9332=CARTESIAN_POINT('',(-0.0174753023881837,0.0147300755231957,-0.0238988692048074));
#9333=CARTESIAN_POINT('',(-0.0169469372077291,-0.0116838948739007,-0.027986440215986));
#9334=CARTESIAN_POINT('',(-0.0174757165610996,0.0147300755231957,-0.0239022562497351));
#9335=CARTESIAN_POINT('',(-0.0169504872281454,-0.0116838948739007,-0.0279903022535754));
#9336=CARTESIAN_POINT('',(-0.0174761307340154,0.0147300755231957,-0.0239056432946629));
#9337=CARTESIAN_POINT('',(-0.0169540372485617,-0.0116838948739007,-0.0279941642911648));
#9338=CARTESIAN_POINT('',(-0.0174765449069312,0.0147300755231957,-0.0239090303395907));
#9339=CARTESIAN_POINT('',(-0.0174879858083028,-0.0116838948739007,-0.0285750424740286));
#9340=CARTESIAN_POINT('',(-0.0175388394872318,0.0147300755231957,-0.0244184662156972));
#9341=CARTESIAN_POINT('',(-0.0180219343680439,-0.0116838948739007,-0.0291559206568925));
#9342=CARTESIAN_POINT('',(-0.0176011340675323,0.0147300755231957,-0.0249279020918037));
#9343=CARTESIAN_POINT('',(-0.018555882927785,-0.0116838948739007,-0.0297367988397563));
#9344=CARTESIAN_POINT('',(-0.0176634286478328,0.0147300755231957,-0.0254373379679103));
#9345=CARTESIAN_POINT('',(-0.0185505916968762,-0.011527290306329,-0.0297113079650221));
#9346=CARTESIAN_POINT('',(-0.0180189198754421,-0.01149385650238,-0.02912607788573));
#9347=CARTESIAN_POINT('',(-0.0174880879930033,-0.0114604454422941,-0.0285400835904846));
#9348=CARTESIAN_POINT('',(-0.0169580928342973,-0.0114271140308551,-0.0279533288382348));
#9349=CARTESIAN_POINT('',(-0.0169580928342973,-0.0114271140308551,-0.0279533288382348));
#9350=CARTESIAN_POINT('',(-0.0169580928342972,-0.0114271140308551,-0.0279533288382347));
#9351=CARTESIAN_POINT('',(-0.0169589924255281,-0.0114162851522998,-0.0279524048895141));
#9352=CARTESIAN_POINT('',(-0.0169595446407496,-0.0114054834632983,-0.0279511057169005));
#9353=CARTESIAN_POINT('',(-0.0169597577868261,-0.0113947084362445,-0.0279494392719025));
#9354=CARTESIAN_POINT('',(-0.0169597577868261,-0.0113947084362444,-0.0279494392719025));
#9355=CARTESIAN_POINT('',(-0.0172191615174141,0.00171875,-0.0259213369656189));
#9356=CARTESIAN_POINT('',(-0.0174734470354389,0.014573470955624,-0.023933250501359));
#9357=CARTESIAN_POINT('',(-0.0174734470566695,0.0145734708502426,-0.0239332507002851));
#9358=CARTESIAN_POINT('',(-0.0175372448187785,0.0145080981253493,-0.0244532204257968));
#9359=CARTESIAN_POINT('',(-0.0176045445115085,0.014442725400456,-0.0249737205952622));
#9360=CARTESIAN_POINT('',(-0.0176753461348596,0.0143773526755627,-0.0254947512086814));
#9361=CARTESIAN_POINT('',(-0.015125,-0.0147268850712651,-0.0266999326184483));
#9362=CARTESIAN_POINT('',(-0.015125,0.01821875,-0.0233694786426315));
#9363=CARTESIAN_POINT('',(-0.0157146141240642,-0.0147268850712651,-0.0272882175166652));
#9364=CARTESIAN_POINT('',(-0.0159318520272873,0.01821875,-0.0233694786426315));
#9365=CARTESIAN_POINT('',(-0.0163042282481285,-0.0147268850712651,-0.0278765024148821));
#9366=CARTESIAN_POINT('',(-0.0167387040545747,0.01821875,-0.0233694786426315));
#9367=CARTESIAN_POINT('',(-0.0168938423721928,-0.0147268850712651,-0.0284647873130989));
#9368=CARTESIAN_POINT('',(-0.017545556081862,0.01821875,-0.0233694786426315));
#9369=CARTESIAN_POINT('',(-0.0178026463955952,-0.0147268850712651,-0.0293715425290716));
#9370=CARTESIAN_POINT('',(-0.0187892005923337,0.01821875,-0.0233694786426315));
#9371=CARTESIAN_POINT('',(-0.0187114504189977,-0.0147268850712651,-0.0302782977450443));
#9372=CARTESIAN_POINT('',(-0.0200328451028055,0.01821875,-0.0233694786426315));
#9373=CARTESIAN_POINT('',(-0.0196202544424002,-0.0147268850712651,-0.0311850529610169));
#9374=CARTESIAN_POINT('',(-0.0212764896132773,0.01821875,-0.0233694786426315));
#9375=CARTESIAN_POINT('',(-0.0169597577868261,-0.0113947084362445,-0.0279494392719025));
#9376=CARTESIAN_POINT('',(-0.0163463486529995,-0.0114472017231312,-0.0274280944471665));
#9377=CARTESIAN_POINT('',(-0.0157347502779472,-0.0115001058741466,-0.0269046658506868));
#9378=CARTESIAN_POINT('',(-0.015125,-0.0115531956635325,-0.0263791063091929));
#9379=CARTESIAN_POINT('',(-0.015125,-0.0115531956635326,-0.0263791063091929));
#9380=CARTESIAN_POINT('',(-0.015125,0.00171875,-0.0250374534891357));
#9381=CARTESIAN_POINT('',(-0.021276489593314,0.0182187496028929,-0.0233694787368358));
#9382=CARTESIAN_POINT('',(-0.0200221222300923,0.0170074295915495,-0.0236568358087505));
#9383=CARTESIAN_POINT('',(-0.0187592898884979,0.015783175139977,-0.0238510876705364));
#9384=CARTESIAN_POINT('',(-0.0174734506888731,0.0145734706521883,-0.023933250852569));
#9385=CARTESIAN_POINT('',(-0.010629745557576,-0.0147268850712651,-0.0311850529610408));
#9386=CARTESIAN_POINT('',(-0.00897351038668994,0.01821875,-0.0233694786426315));
#9387=CARTESIAN_POINT('',(-0.0115385495809864,-0.0147268850712651,-0.0302782977450602));
#9388=CARTESIAN_POINT('',(-0.0102171548971726,0.01821875,-0.0233694786426315));
#9389=CARTESIAN_POINT('',(-0.0124473536043968,-0.0147268850712651,-0.0293715425290796));
#9390=CARTESIAN_POINT('',(-0.0114607994076554,0.01821875,-0.0233694786426315));
#9391=CARTESIAN_POINT('',(-0.0133561576278072,-0.0147268850712651,-0.028464787313099));
#9392=CARTESIAN_POINT('',(-0.0127044439181381,0.01821875,-0.0233694786426315));
#9393=CARTESIAN_POINT('',(-0.0139457717518714,-0.0147268850712651,-0.0278765024148821));
#9394=CARTESIAN_POINT('',(-0.0135112959454254,0.01821875,-0.0233694786426315));
#9395=CARTESIAN_POINT('',(-0.0145353858759357,-0.0147268850712651,-0.0272882175166652));
#9396=CARTESIAN_POINT('',(-0.0143181479727127,0.01821875,-0.0233694786426315));
#9397=CARTESIAN_POINT('',(-0.015125,-0.0147268850712651,-0.0266999326184483));
#9398=CARTESIAN_POINT('',(-0.015125,0.01821875,-0.0233694786426315));
#9399=CARTESIAN_POINT('',(-0.015125,-0.0115531956635326,-0.0263791063091929));
#9400=CARTESIAN_POINT('',(-0.0145152497220528,-0.0115001058741467,-0.0269046658506868));
#9401=CARTESIAN_POINT('',(-0.0139036513470004,-0.0114472017231312,-0.0274280944471665));
#9402=CARTESIAN_POINT('',(-0.0132902422131738,-0.0113947084362445,-0.0279494392719025));
#9403=CARTESIAN_POINT('',(-0.0132902422131738,-0.0113947084362445,-0.0279494392719025));
#9404=CARTESIAN_POINT('',(-0.0130308384825858,0.00171875,-0.0259213369656189));
#9405=CARTESIAN_POINT('',(-0.0127765450004774,0.0145737810583128,-0.0239332026936191));
#9406=CARTESIAN_POINT('',(-0.0127763908205335,0.0145736197585728,-0.023933240724708));
#9407=CARTESIAN_POINT('',(-0.0114906431478645,0.015783241155463,-0.0238510740727519));
#9408=CARTESIAN_POINT('',(-0.0102277971279573,0.0170075074659327,-0.0236568173348919));
#9409=CARTESIAN_POINT('',(-0.00897351040665475,0.0182187496028622,-0.0233694787368431));
#9410=CARTESIAN_POINT('',(-0.0116941170093474,-0.011683896734591,-0.0297367991426251));
#9411=CARTESIAN_POINT('',(-0.0125865818929562,0.0147303874989395,-0.0254372871869226));
#9412=CARTESIAN_POINT('',(-0.0122280656023134,-0.011683896734591,-0.0291559209547286));
#9413=CARTESIAN_POINT('',(-0.0126488709025455,0.0147303874989395,-0.0249278521546221));
#9414=CARTESIAN_POINT('',(-0.0127620141952794,-0.011683896734591,-0.0285750427668321));
#9415=CARTESIAN_POINT('',(-0.0127111599121348,0.0147303874989395,-0.0244184171223216));
#9416=CARTESIAN_POINT('',(-0.0132959627882455,-0.011683896734591,-0.0279941645789356));
#9417=CARTESIAN_POINT('',(-0.0127734489217241,0.0147303874989395,-0.0239089820900211));
#9418=CARTESIAN_POINT('',(-0.0132995128088826,-0.011683896734591,-0.0279903025413128));
#9419=CARTESIAN_POINT('',(-0.0127738630576024,0.0147303874989395,-0.0239055950507035));
#9420=CARTESIAN_POINT('',(-0.0133030628295198,-0.011683896734591,-0.0279864405036899));
#9421=CARTESIAN_POINT('',(-0.0127742771934807,0.0147303874989395,-0.0239022080113859));
#9422=CARTESIAN_POINT('',(-0.0133066128501569,-0.011683896734591,-0.027982578466067));
#9423=CARTESIAN_POINT('',(-0.012774691329359,0.0147303874989395,-0.0238988209720683));
#9424=CARTESIAN_POINT('',(-0.0132902422131738,-0.0113947084362445,-0.0279494392719025));
#9425=CARTESIAN_POINT('',(-0.0132904553592503,-0.0114054834632983,-0.0279511057169005));
#9426=CARTESIAN_POINT('',(-0.0132910075744717,-0.0114162851522998,-0.0279524048895142));
#9427=CARTESIAN_POINT('',(-0.0132919071657026,-0.0114271140308551,-0.0279533288382348));
#9428=CARTESIAN_POINT('',(-0.0132919071657027,-0.0114271140308551,-0.0279533288382348));
#9429=CARTESIAN_POINT('',(-0.0132919071657027,-0.0114271140308551,-0.0279533288382348));
#9430=CARTESIAN_POINT('',(-0.0127619120037003,-0.0114604454425249,-0.0285400835941419));
#9431=CARTESIAN_POINT('',(-0.0122310801278816,-0.0114938565021709,-0.0291260778820715));
#9432=CARTESIAN_POINT('',(-0.0116994083031237,-0.011527290306329,-0.0297113079650221));
#9433=CARTESIAN_POINT('',(-0.0125746539642096,0.0143773527670405,-0.0254947504796298));
#9434=CARTESIAN_POINT('',(-0.0126454555512708,0.014442725461441,-0.0249737201097226));
#9435=CARTESIAN_POINT('',(-0.0127127552109778,0.0145080981558415,-0.0244532201832744));
#9436=CARTESIAN_POINT('',(-0.0127765529433306,0.0145734708502419,-0.0239332507002851));
#9437=CARTESIAN_POINT('',(-0.0305081080247132,-0.01478125,-0.0275928473460288));
#9438=CARTESIAN_POINT('',(-0.015125,-0.01478125,-0.0122097393213157));
#9439=CARTESIAN_POINT('',(-0.015125,-0.01478125,-0.0134597393213157));
#9440=CARTESIAN_POINT('',(-0.0228650429530046,-0.01478125,-0.0199497822743204));
#9441=CARTESIAN_POINT('',(-0.0228650429530046,-0.01478125,-0.0209497822743204));
#9442=CARTESIAN_POINT('',(-0.0161178004008824,-0.01478125,-0.0232755935213874));
#9443=CARTESIAN_POINT('',(-0.0170894232916764,-0.01478125,-0.0241248270471705));
#9444=CARTESIAN_POINT('',(-0.0180634464393236,-0.01478125,-0.0249713133648468));
#9445=CARTESIAN_POINT('',(-0.019039830007003,-0.01478125,-0.0258150697996491));
#9446=CARTESIAN_POINT('',(-0.0161178004008823,-0.01478125,-0.0232755935213875));
#9447=CARTESIAN_POINT('',(-0.019039830007003,-0.01478125,-0.0258150697996491));
#9448=CARTESIAN_POINT('',(-0.019039830007003,-0.01478125,-0.0258150697996491));
#9449=CARTESIAN_POINT('',(-0.0196832734747407,-0.01478125,-0.0265204382698027));
#9450=CARTESIAN_POINT('',(-0.0203273346164133,-0.01478125,-0.0272252432439329));
#9451=CARTESIAN_POINT('',(-0.0209720120363444,-0.01478125,-0.0279294841111608));
#9452=CARTESIAN_POINT('',(-0.0259083784130948,-0.01478125,-0.0229931177344105));
#9453=CARTESIAN_POINT('',(-0.0308447447898451,-0.01478125,-0.0180567513576602));
#9454=CARTESIAN_POINT('',(-0.0301405039226171,-0.01478125,-0.017412073937729));
#9455=CARTESIAN_POINT('',(-0.0294356989484856,-0.01478125,-0.0167680127960577));
#9456=CARTESIAN_POINT('',(-0.0287303304783332,-0.01478125,-0.0161245693283186));
#9457=CARTESIAN_POINT('',(-0.0287303304783332,-0.01478125,-0.0161245693283186));
#9458=CARTESIAN_POINT('',(-0.0287303304783332,-0.01478125,-0.0161245693283186));
#9459=CARTESIAN_POINT('',(-0.0278865740435308,-0.01478125,-0.0151481857606391));
#9460=CARTESIAN_POINT('',(-0.0270400877258544,-0.01478125,-0.0141741626129917));
#9461=CARTESIAN_POINT('',(-0.0261908542000711,-0.01478125,-0.0132025397221975));
#9462=CARTESIAN_POINT('',(-0.0261908542000704,-0.01478125,-0.0132025397221982));
#9463=CARTESIAN_POINT('',(-0.0260710737174895,-0.01478125,-0.0122097393213155));
#9464=CARTESIAN_POINT('',(-0.0261908542000718,-0.01478125,-0.0112169389204331));
#9465=CARTESIAN_POINT('',(-0.0261908542000718,-0.01478125,-0.0112169389204331));
#9466=CARTESIAN_POINT('',(-0.0270400877258418,-0.01478125,-0.010245316029654));
#9467=CARTESIAN_POINT('',(-0.0278865740435279,-0.01478125,-0.00927129288199559));
#9468=CARTESIAN_POINT('',(-0.0287303304783332,-0.01478125,-0.00829490931431268));
#9469=CARTESIAN_POINT('',(-0.0287303304783332,-0.01478125,-0.00829490931431268));
#9470=CARTESIAN_POINT('',(-0.0287303304783332,-0.01478125,-0.00829490931431268));
#9471=CARTESIAN_POINT('',(-0.0294356989484923,-0.01478125,-0.00765146584656763));
#9472=CARTESIAN_POINT('',(-0.0301405039226106,-0.01478125,-0.00700740470490835));
#9473=CARTESIAN_POINT('',(-0.0308447447898451,-0.01478125,-0.00636272728497114));
#9474=CARTESIAN_POINT('',(-0.0259083784130947,-0.01478125,-0.00142636090822081));
#9475=CARTESIAN_POINT('',(-0.0209720120363443,-0.01478125,0.00351000546852948));
#9476=CARTESIAN_POINT('',(-0.0203273346164071,-0.01478125,0.00280576460129498));
#9477=CARTESIAN_POINT('',(-0.0196832734747469,-0.01478125,0.00210095962717753));
#9478=CARTESIAN_POINT('',(-0.0190398300070028,-0.01478125,0.00139559115701771));
#9479=CARTESIAN_POINT('',(-0.0190398300070028,-0.01478125,0.00139559115701771));
#9480=CARTESIAN_POINT('',(-0.0190398300070028,-0.01478125,0.00139559115701771));
#9481=CARTESIAN_POINT('',(-0.0180634464393197,-0.01478125,0.000551834722212161));
#9482=CARTESIAN_POINT('',(-0.0170894232916611,-0.01478125,-0.000294651595474213));
#9483=CARTESIAN_POINT('',(-0.016117800400882,-0.01478125,-0.00114388512124461));
#9484=CARTESIAN_POINT('',(-0.0161178004008824,-0.01478125,-0.00114388512124512));
#9485=CARTESIAN_POINT('',(-0.015125,-0.01478125,-0.00126366560382597));
#9486=CARTESIAN_POINT('',(-0.0141321995991173,-0.01478125,-0.00114388512124384));
#9487=CARTESIAN_POINT('',(-0.0141321995991175,-0.01478125,-0.00114388512124359));
#9488=CARTESIAN_POINT('',(-0.0131605767083234,-0.01478125,-0.000294651595460677));
#9489=CARTESIAN_POINT('',(-0.0121865535606761,-0.01478125,0.00055183472221542));
#9490=CARTESIAN_POINT('',(-0.0112101699929968,-0.01478125,0.00139559115701766));
#9491=CARTESIAN_POINT('',(-0.0112101699929968,-0.01478125,0.00139559115701766));
#9492=CARTESIAN_POINT('',(-0.0112101699929968,-0.01478125,0.00139559115701766));
#9493=CARTESIAN_POINT('',(-0.0105667265252595,-0.01478125,0.00210095962717164));
#9494=CARTESIAN_POINT('',(-0.00992266538358648,-0.01478125,0.00280576460130153));
#9495=CARTESIAN_POINT('',(-0.00927798796365529,-0.01478125,0.00351000546852944));
#9496=CARTESIAN_POINT('',(-0.00434162158690497,-0.01478125,-0.00142636090822092));
#9497=CARTESIAN_POINT('',(0.000594744789845328,-0.01478125,-0.00636272728497127));
#9498=CARTESIAN_POINT('',(-0.000109496077389169,-0.01478125,-0.00700740470490847));
#9499=CARTESIAN_POINT('',(-0.000814301051505702,-0.01478125,-0.00765146584656968));
#9500=CARTESIAN_POINT('',(-0.00151966952166647,-0.01478125,-0.00829490931431279));
#9501=CARTESIAN_POINT('',(-0.00151966952166647,-0.01478125,-0.00829490931431279));
#9502=CARTESIAN_POINT('',(-0.00151966952166648,-0.01478125,-0.00829490931431279));
#9503=CARTESIAN_POINT('',(-0.002363425956472,-0.01478125,-0.00927129288199589));
#9504=CARTESIAN_POINT('',(-0.00320991227415825,-0.01478125,-0.0102453160296545));
#9505=CARTESIAN_POINT('',(-0.00405914579992848,-0.01478125,-0.0112169389204338));
#9506=CARTESIAN_POINT('',(-0.00405914579992924,-0.01478125,-0.0112169389204331));
#9507=CARTESIAN_POINT('',(-0.00417892628251013,-0.01478125,-0.0122097393213157));
#9508=CARTESIAN_POINT('',(-0.00405914579992807,-0.01478125,-0.0132025397221982));
#9509=CARTESIAN_POINT('',(-0.00405914579992805,-0.01478125,-0.0132025397221982));
#9510=CARTESIAN_POINT('',(-0.00320991227414498,-0.01478125,-0.0141741626129922));
#9511=CARTESIAN_POINT('',(-0.00236342595646876,-0.01478125,-0.0151481857606394));
#9512=CARTESIAN_POINT('',(-0.00151966952166651,-0.01478125,-0.0161245693283187));
#9513=CARTESIAN_POINT('',(-0.00151966952166651,-0.01478125,-0.0161245693283187));
#9514=CARTESIAN_POINT('',(-0.0015196695216665,-0.01478125,-0.0161245693283187));
#9515=CARTESIAN_POINT('',(-0.000814301051513522,-0.01478125,-0.0167680127960572));
#9516=CARTESIAN_POINT('',(-0.000109496077382648,-0.01478125,-0.0174120739377291));
#9517=CARTESIAN_POINT('',(0.000594744789845266,-0.01478125,-0.0180567513576603));
#9518=CARTESIAN_POINT('',(-0.00434162158690509,-0.01478125,-0.0229931177344106));
#9519=CARTESIAN_POINT('',(-0.00927798796365547,-0.01478125,-0.0279294841111609));
#9520=CARTESIAN_POINT('',(-0.00992266538359263,-0.01478125,-0.0272252432439264));
#9521=CARTESIAN_POINT('',(-0.0105667265252504,-0.01478125,-0.0265204382698068));
#9522=CARTESIAN_POINT('',(-0.011210169992997,-0.01478125,-0.0258150697996491));
#9523=CARTESIAN_POINT('',(-0.011210169992997,-0.01478125,-0.0258150697996491));
#9524=CARTESIAN_POINT('',(-0.011210169992997,-0.01478125,-0.0258150697996492));
#9525=CARTESIAN_POINT('',(-0.0121865535606801,-0.01478125,-0.0249713133648436));
#9526=CARTESIAN_POINT('',(-0.0131605767083387,-0.01478125,-0.0241248270471574));
#9527=CARTESIAN_POINT('',(-0.0141321995991179,-0.01478125,-0.0232755935213872));
#9528=CARTESIAN_POINT('',(-0.0141321995991172,-0.01478125,-0.0232755935213864));
#9529=CARTESIAN_POINT('',(-0.015125,-0.01478125,-0.0231558130388054));
#9530=CARTESIAN_POINT('',(-0.0228650429530046,-0.01478125,-0.00446969636831079));
#9531=CARTESIAN_POINT('',(-0.0228650429530046,-0.01478125,-0.00546969636831079));
#9532=CARTESIAN_POINT('',(-0.00738495704699499,-0.01478125,-0.00446969636831092));
#9533=CARTESIAN_POINT('',(-0.00738495704699499,-0.01478125,-0.00546969636831092));
#9534=CARTESIAN_POINT('',(-0.00738495704699503,-0.01478125,-0.0199497822743205));
#9535=CARTESIAN_POINT('',(-0.00738495704699503,-0.01478125,-0.0209497822743205));
#9536=CARTESIAN_POINT('',(-0.00434162158690497,-0.01478125,-0.00142636090822092));
#9537=CARTESIAN_POINT('',(-0.00434162158690497,-0.01678125,-0.00142636090822092));
#9538=CARTESIAN_POINT('',(-0.0151249999999997,-0.01678125,0.00935701750487398));
#9539=CARTESIAN_POINT('',(0.00644175682618981,-0.01678125,-0.0122097393213158));
#9540=CARTESIAN_POINT('',(0.00644175682618981,-0.01478125,-0.0122097393213158));
#9541=CARTESIAN_POINT('',(-0.0151249999999997,-0.01478125,0.00935701750487398));
#9542=CARTESIAN_POINT('',(-0.0259083784130947,-0.01478125,-0.00142636090822081));
#9543=CARTESIAN_POINT('',(-0.0259083784130947,-0.01678125,-0.00142636090822081));
#9544=CARTESIAN_POINT('',(-0.0366917568261896,-0.01678125,-0.0122097393213156));
#9545=CARTESIAN_POINT('',(-0.0366917568261896,-0.01478125,-0.0122097393213156));
#9546=CARTESIAN_POINT('',(-0.0259083784130948,-0.01478125,-0.0229931177344105));
#9547=CARTESIAN_POINT('',(-0.0259083784130948,-0.01678125,-0.0229931177344105));
#9548=CARTESIAN_POINT('',(-0.015125,-0.01678125,-0.0337764961475054));
#9549=CARTESIAN_POINT('',(-0.015125,-0.01478125,-0.0337764961475054));
#9550=CARTESIAN_POINT('',(-0.015125,-0.01478125,-0.0231558130388054));
#9551=CARTESIAN_POINT('',(-0.014132199599119,-0.01478125,-0.0232755935213862));
#9552=CARTESIAN_POINT('',(-0.0141622183096976,-0.01478125,-0.0235244035716899));
#9553=CARTESIAN_POINT('',(-0.0144185971909101,-0.0147279147239904,-0.0239854052284424));
#9554=CARTESIAN_POINT('',(-0.0148866670569635,-0.0145537313295877,-0.024155813038806));
#9555=CARTESIAN_POINT('',(-0.0151250000000027,-0.0144771384203282,-0.0241558130388054));
#9556=CARTESIAN_POINT('',(-0.015125,-0.0144771384203291,-0.0241558130388054));
#9557=CARTESIAN_POINT('',(-0.015125,-0.0144771384203291,-0.0241558130388054));
#9558=CARTESIAN_POINT('',(-0.0153637354303119,-0.0145538606766728,-0.0241558130388054));
#9559=CARTESIAN_POINT('',(-0.0158300173185072,-0.0147274675355105,-0.0239862147051083));
#9560=CARTESIAN_POINT('',(-0.0160877245730933,-0.01478125,-0.0235248769876261));
#9561=CARTESIAN_POINT('',(-0.0161178004008823,-0.01478125,-0.0232755935213875));
#9562=CARTESIAN_POINT('',(-0.015125,-0.01678125,-0.0231558130388054));
#9563=CARTESIAN_POINT('',(-0.015125,-0.01678125,-0.0241558130388054));
#9564=CARTESIAN_POINT('',(-0.00417892628251013,-0.01478125,-0.0122097393213157));
#9565=CARTESIAN_POINT('',(-0.00405914579992946,-0.01478125,-0.0112169389204349));
#9566=CARTESIAN_POINT('',(-0.00381033574962578,-0.01478125,-0.0112469576310135));
#9567=CARTESIAN_POINT('',(-0.00334933409287241,-0.0147279147239894,-0.0115033365122284));
#9568=CARTESIAN_POINT('',(-0.00317892628251078,-0.0145537313295896,-0.0119714063782738));
#9569=CARTESIAN_POINT('',(-0.00317892628251012,-0.01447713842033,-0.012209739321313));
#9570=CARTESIAN_POINT('',(-0.00317892628251012,-0.0144771384203291,-0.0122097393213158));
#9571=CARTESIAN_POINT('',(-0.00317892628251012,-0.0144771384203291,-0.0122097393213158));
#9572=CARTESIAN_POINT('',(-0.00317892628251013,-0.0145538606766727,-0.0124484747516277));
#9573=CARTESIAN_POINT('',(-0.0033485246162072,-0.0147274675355105,-0.0129147566398228));
#9574=CARTESIAN_POINT('',(-0.00380986233368936,-0.01478125,-0.0131724638944092));
#9575=CARTESIAN_POINT('',(-0.00405914579992807,-0.01478125,-0.0132025397221982));
#9576=CARTESIAN_POINT('',(-0.00417892628251013,-0.01678125,-0.0122097393213157));
#9577=CARTESIAN_POINT('',(-0.00417892628251013,-0.01678125,-0.0132097393213157));
#9578=CARTESIAN_POINT('',(-0.00738495704699499,-0.01478125,-0.00446969636831092));
#9579=CARTESIAN_POINT('',(-0.00738495704699499,-0.01678125,-0.00446969636831092));
#9580=CARTESIAN_POINT('',(-0.00738495704699499,-0.01678125,-0.00546969636831092));
#9581=CARTESIAN_POINT('',(-0.015125,-0.01478125,-0.00126366560382597));
#9582=CARTESIAN_POINT('',(-0.0161178004008806,-0.01478125,-0.00114388512124534));
#9583=CARTESIAN_POINT('',(-0.0160877816903021,-0.01478125,-0.000895075070942187));
#9584=CARTESIAN_POINT('',(-0.0158314028090897,-0.0147279147239901,-0.00043407341418978));
#9585=CARTESIAN_POINT('',(-0.0153633329430414,-0.0145537313295895,-0.000263665603826599));
#9586=CARTESIAN_POINT('',(-0.0151250000000027,-0.01447713842033,-0.000263665603825968));
#9587=CARTESIAN_POINT('',(-0.0151250000000027,-0.01447713842033,-0.000263665603825967));
#9588=CARTESIAN_POINT('',(-0.015125,-0.0144771384203291,-0.000263665603825968));
#9589=CARTESIAN_POINT('',(-0.0148862645696884,-0.0145538606766726,-0.000263665603825968));
#9590=CARTESIAN_POINT('',(-0.0144199826814913,-0.0147274675355112,-0.000433263937524249));
#9591=CARTESIAN_POINT('',(-0.0141622754269063,-0.01478125,-0.000894601655005449));
#9592=CARTESIAN_POINT('',(-0.0141321995991173,-0.01478125,-0.00114388512124384));
#9593=CARTESIAN_POINT('',(-0.015125,-0.01678125,-0.00126366560382597));
#9594=CARTESIAN_POINT('',(-0.015125,-0.01678125,-0.00226366560382597));
#9595=CARTESIAN_POINT('',(-0.0228650429530046,-0.01478125,-0.00446969636831079));
#9596=CARTESIAN_POINT('',(-0.0228650429530046,-0.01678125,-0.00446969636831079));
#9597=CARTESIAN_POINT('',(-0.0228650429530046,-0.01678125,-0.00546969636831079));
#9598=CARTESIAN_POINT('',(-0.0260710737174895,-0.01478125,-0.0122097393213155));
#9599=CARTESIAN_POINT('',(-0.0261908542000702,-0.01478125,-0.0132025397221964));
#9600=CARTESIAN_POINT('',(-0.0264396642503734,-0.01478125,-0.0131725210116179));
#9601=CARTESIAN_POINT('',(-0.0269006659071256,-0.0147279147239902,-0.0129161421304052));
#9602=CARTESIAN_POINT('',(-0.0270710737174888,-0.0145537313295895,-0.0124480722643572));
#9603=CARTESIAN_POINT('',(-0.0270710737174895,-0.01447713842033,-0.0122097393213185));
#9604=CARTESIAN_POINT('',(-0.0270710737174895,-0.01447713842033,-0.0122097393213185));
#9605=CARTESIAN_POINT('',(-0.0270710737174895,-0.0144771384203291,-0.0122097393213157));
#9606=CARTESIAN_POINT('',(-0.0270710737174895,-0.0145538606766726,-0.0119710038910041));
#9607=CARTESIAN_POINT('',(-0.0269014753837912,-0.0147274675355111,-0.0115047220028067));
#9608=CARTESIAN_POINT('',(-0.0264401376663101,-0.01478125,-0.0112470147482221));
#9609=CARTESIAN_POINT('',(-0.0261908542000718,-0.01478125,-0.0112169389204331));
#9610=CARTESIAN_POINT('',(-0.0260710737174895,-0.01678125,-0.0122097393213155));
#9611=CARTESIAN_POINT('',(-0.0260710737174895,-0.01678125,-0.0132097393213155));
#9612=CARTESIAN_POINT('',(-0.0228650429530046,-0.01478125,-0.0199497822743204));
#9613=CARTESIAN_POINT('',(-0.0228650429530046,-0.01678125,-0.0199497822743204));
#9614=CARTESIAN_POINT('',(-0.0228650429530046,-0.01678125,-0.0209497822743204));
#9615=CARTESIAN_POINT('',(-0.015125,-0.01478125,-0.0122097393213157));
#9616=CARTESIAN_POINT('',(-0.015125,-0.01678125,-0.0122097393213157));
#9617=CARTESIAN_POINT('',(-0.015125,-0.01678125,-0.0134597393213157));
#9618=CARTESIAN_POINT('',(-0.00434162158690509,-0.01478125,-0.0229931177344106));
#9619=CARTESIAN_POINT('',(-0.00434162158690509,-0.01678125,-0.0229931177344106));
#9620=CARTESIAN_POINT('',(-0.00738495704699503,-0.01478125,-0.0199497822743205));
#9621=CARTESIAN_POINT('',(-0.00738495704699503,-0.01678125,-0.0199497822743205));
#9622=CARTESIAN_POINT('',(-0.00738495704699503,-0.01678125,-0.0209497822743205));
#9623=CARTESIAN_POINT('',(-0.0305081080247132,-0.01678125,-0.0275928473460288));
#9624=CARTESIAN_POINT('',(-0.0172362830450669,0.0143701536597584,-0.0238682454754652));
#9625=CARTESIAN_POINT('',(-0.017325552140603,0.0142724721422518,-0.024602397004146));
#9626=CARTESIAN_POINT('',(-0.0174217363255001,0.0141748608672319,-0.0253356756253836));
#9627=CARTESIAN_POINT('',(-0.0175247320362457,0.0140780891296987,-0.0260678350205646));
#9628=CARTESIAN_POINT('',(-0.0175426311999223,0.0140612716024751,-0.0261950737255249));
#9629=CARTESIAN_POINT('',(-0.0175605303635989,0.0140444540752515,-0.0263223124304851));
#9630=CARTESIAN_POINT('',(-0.0175784295272756,0.0140276365480279,-0.0264495511354454));
#9631=CARTESIAN_POINT('',(-0.017461987456528,0.0145852564566573,-0.023839522403026));
#9632=CARTESIAN_POINT('',(-0.017551395811403,0.0144930344796594,-0.0245729412460349));
#9633=CARTESIAN_POINT('',(-0.0176475211017864,0.0144008788192089,-0.0253055126262474));
#9634=CARTESIAN_POINT('',(-0.0177502634308807,0.0143095157734594,-0.0260370009860807));
#9635=CARTESIAN_POINT('',(-0.0177681185604941,0.0142936381985776,-0.0261641230748108));
#9636=CARTESIAN_POINT('',(-0.0177859736901074,0.0142777606236958,-0.0262912451635407));
#9637=CARTESIAN_POINT('',(-0.0178038288197207,0.014261883048814,-0.0264183672522708));
#9638=CARTESIAN_POINT('',(-0.0212745623443054,0.01821875,-0.0233543353215121));
#9639=CARTESIAN_POINT('',(-0.0213663230531066,0.01821875,-0.0240753777161593));
#9640=CARTESIAN_POINT('',(-0.0214614535036346,0.01821875,-0.0247960024562772));
#9641=CARTESIAN_POINT('',(-0.0215599157368558,0.01821875,-0.0255161557584623));
#9642=CARTESIAN_POINT('',(-0.0215770270477603,0.01821875,-0.0256413079782466));
#9643=CARTESIAN_POINT('',(-0.0215941383586647,0.01821875,-0.025766460198031));
#9644=CARTESIAN_POINT('',(-0.0216112496695692,0.01821875,-0.0258916124178154));
#9645=CARTESIAN_POINT('',(-0.0212987920774072,0.0182418416326561,-0.0233512518532956));
#9646=CARTESIAN_POINT('',(-0.0213905677359233,0.0182424277231473,-0.0240722155929525));
#9647=CARTESIAN_POINT('',(-0.0214856918640302,0.0182430133921826,-0.0247927644096041));
#9648=CARTESIAN_POINT('',(-0.0215841268963219,0.0182435940239811,-0.0255128456750609));
#9649=CARTESIAN_POINT('',(-0.0216012334800986,0.0182436949293831,-0.0256379853759046));
#9650=CARTESIAN_POINT('',(-0.0216183400638752,0.0182437958347851,-0.0257631250767483));
#9651=CARTESIAN_POINT('',(-0.0216354466476519,0.0182438967401871,-0.025888264777592));
#9652=CARTESIAN_POINT('',(-0.0126715701115473,0.0140276362084348,-0.0264495537022038));
#9653=CARTESIAN_POINT('',(-0.0126753262510217,0.0140311653664728,-0.0264228526603489));
#9654=CARTESIAN_POINT('',(-0.0126790823904961,0.0140346945245108,-0.026396151618494));
#9655=CARTESIAN_POINT('',(-0.0126828385299705,0.0140382236825487,-0.0263694505766391));
#9656=CARTESIAN_POINT('',(-0.0126969816742798,0.0140515121644493,-0.0262689120607672));
#9657=CARTESIAN_POINT('',(-0.0127111248185891,0.0140648006463499,-0.0261683735448954));
#9658=CARTESIAN_POINT('',(-0.0127252679628984,0.0140780891282505,-0.0260678350290236));
#9659=CARTESIAN_POINT('',(-0.0128282636801376,0.0141748608711133,-0.0253356755936159));
#9660=CARTESIAN_POINT('',(-0.0129244478760384,0.0142724721589862,-0.0246023968759542));
#9661=CARTESIAN_POINT('',(-0.0130137169748296,0.0143701536809878,-0.0238682453135402));
#9662=CARTESIAN_POINT('',(-0.0124461708196754,0.0142618827285223,-0.0264183698166329));
#9663=CARTESIAN_POINT('',(-0.0124499177186008,0.0142652146375639,-0.0263916932466936));
#9664=CARTESIAN_POINT('',(-0.0124536646175263,0.0142685465466055,-0.0263650166767542));
#9665=CARTESIAN_POINT('',(-0.0124574115164518,0.014271878455647,-0.0263383401068148));
#9666=CARTESIAN_POINT('',(-0.0124715198669474,0.0142844242279011,-0.026237893736039));
#9667=CARTESIAN_POINT('',(-0.0124856282174431,0.0142969700001553,-0.0261374473652631));
#9668=CARTESIAN_POINT('',(-0.0124997365679387,0.0143095157724094,-0.0260370009944873));
#9669=CARTESIAN_POINT('',(-0.012602478903489,0.0144008788231832,-0.0253055125944622));
#9670=CARTESIAN_POINT('',(-0.0126986042049146,0.0144930344957609,-0.0245729411179256));
#9671=CARTESIAN_POINT('',(-0.0127880125630752,0.0145852564769951,-0.0238395222412213));
#9672=CARTESIAN_POINT('',(-0.00863874998503868,0.01821875,-0.0258916149424664));
#9673=CARTESIAN_POINT('',(-0.00864234079359581,0.01821875,-0.0258653517495175));
#9674=CARTESIAN_POINT('',(-0.00864593160215295,0.01821875,-0.0258390885565686));
#9675=CARTESIAN_POINT('',(-0.00864952241071008,0.01821875,-0.0258128253636198));
#9676=CARTESIAN_POINT('',(-0.00866304302781094,0.01821875,-0.0257139354979927));
#9677=CARTESIAN_POINT('',(-0.00867656364491181,0.01821875,-0.0256150456323656));
#9678=CARTESIAN_POINT('',(-0.00869008426201267,0.01821875,-0.0255161557667385));
#9679=CARTESIAN_POINT('',(-0.00878854650105697,0.01821875,-0.0247960024249349));
#9680=CARTESIAN_POINT('',(-0.00888367696327892,0.01821875,-0.0240753775901662));
#9681=CARTESIAN_POINT('',(-0.00897543767587683,0.01821875,-0.0233543351624434));
#9682=CARTESIAN_POINT('',(-0.00398040415887235,0.01821875,-0.0060601769971926));
#9683=CARTESIAN_POINT('',(-0.00325936173114955,0.01821875,-0.00596841628459469));
#9684=CARTESIAN_POINT('',(-0.00253873689638079,0.01821875,-0.00587328582237274));
#9685=CARTESIAN_POINT('',(-0.00181858355457722,0.01821875,-0.00577482358332845));
#9686=CARTESIAN_POINT('',(-0.00171969368895014,0.01821875,-0.00576130296622758));
#9687=CARTESIAN_POINT('',(-0.00162080382332304,0.01821875,-0.00574778234912672));
#9688=CARTESIAN_POINT('',(-0.00152191395769595,0.01821875,-0.00573426173202586));
#9689=CARTESIAN_POINT('',(-0.00149565076474709,0.01821875,-0.00573067092346872));
#9690=CARTESIAN_POINT('',(-0.00146938757179823,0.01821875,-0.00572708011491159));
#9691=CARTESIAN_POINT('',(-0.00144312437884938,0.01821875,-0.00572348930635446));
#9692=CARTESIAN_POINT('',(-0.00349521708009446,0.0145852564769951,-0.00987275188439094));
#9693=CARTESIAN_POINT('',(-0.00276179820339015,0.0144930344957609,-0.00978334352623033));
#9694=CARTESIAN_POINT('',(-0.00202922672685356,0.0144008788231832,-0.00968721822480475));
#9695=CARTESIAN_POINT('',(-0.00129773832682846,0.0143095157724094,-0.00958447588925449));
#9696=CARTESIAN_POINT('',(-0.00119729195605263,0.0142969700001553,-0.00957036753875884));
#9697=CARTESIAN_POINT('',(-0.00109684558527679,0.0142844242279012,-0.00955625918826319));
#9698=CARTESIAN_POINT('',(-0.000996399214500956,0.014271878455647,-0.00954215083776754));
#9699=CARTESIAN_POINT('',(-0.000969722644561563,0.0142685465466055,-0.00953840393884207));
#9700=CARTESIAN_POINT('',(-0.000943046074622171,0.0142652146375639,-0.00953465703991661));
#9701=CARTESIAN_POINT('',(-0.000916369504682778,0.0142618827285223,-0.00953091014099114));
#9702=CARTESIAN_POINT('',(-0.00346649400777551,0.0143701536809879,-0.0100984562961454));
#9703=CARTESIAN_POINT('',(-0.00273234244536151,0.0142724721589863,-0.0100091871973541));
#9704=CARTESIAN_POINT('',(-0.00199906372769984,0.0141748608711133,-0.00991300300145334));
#9705=CARTESIAN_POINT('',(-0.00126690429229215,0.0140780891282505,-0.00981000728421414));
#9706=CARTESIAN_POINT('',(-0.00116636577642032,0.0140648006463499,-0.00979586413990484));
#9707=CARTESIAN_POINT('',(-0.00106582726054848,0.0140515121644493,-0.00978172099559555));
#9708=CARTESIAN_POINT('',(-0.000965288744676644,0.0140382236825488,-0.00976757785128625));
#9709=CARTESIAN_POINT('',(-0.00093858770282175,0.0140346945245108,-0.00976382171181187));
#9710=CARTESIAN_POINT('',(-0.000911886660966856,0.0140311653664728,-0.00976006557233748));
#9711=CARTESIAN_POINT('',(-0.000885185619111963,0.0140276362084348,-0.00975630943286309));
#9712=CARTESIAN_POINT('',(-0.00144647454372367,0.0182438967401871,-0.0187201859689676));
#9713=CARTESIAN_POINT('',(-0.00157161424456741,0.0182437958347851,-0.018703079385191));
#9714=CARTESIAN_POINT('',(-0.00169675394541116,0.0182436949293831,-0.0186859728014143));
#9715=CARTESIAN_POINT('',(-0.00182189364625491,0.0182435940239811,-0.0186688662176377));
#9716=CARTESIAN_POINT('',(-0.0025419749117116,0.0182430133921826,-0.0185704311853459));
#9717=CARTESIAN_POINT('',(-0.00326252372836322,0.0182424277231473,-0.0184753070572391));
#9718=CARTESIAN_POINT('',(-0.00398348746802019,0.0182418416326561,-0.018383531398723));
#9719=CARTESIAN_POINT('',(-0.00144312690350029,0.01821875,-0.0186959889908849));
#9720=CARTESIAN_POINT('',(-0.00156827912328471,0.01821875,-0.0186788776799805));
#9721=CARTESIAN_POINT('',(-0.00169343134306912,0.01821875,-0.018661766369076));
#9722=CARTESIAN_POINT('',(-0.00181858356285352,0.01821875,-0.0186446550581716));
#9723=CARTESIAN_POINT('',(-0.00253873686503857,0.01821875,-0.0185461928249503));
#9724=CARTESIAN_POINT('',(-0.00325936160515648,0.01821875,-0.0184510623744223));
#9725=CARTESIAN_POINT('',(-0.00398040399980368,0.01821875,-0.0183593016656211));
#9726=CARTESIAN_POINT('',(-0.000916372069044922,0.014261883048814,-0.0148885681410365));
#9727=CARTESIAN_POINT('',(-0.00104349415777496,0.0142777606236958,-0.0148707130114232));
#9728=CARTESIAN_POINT('',(-0.00117061624650499,0.0142936381985776,-0.0148528578818098));
#9729=CARTESIAN_POINT('',(-0.00129773833523503,0.0143095157734594,-0.0148350027521965));
#9730=CARTESIAN_POINT('',(-0.00202922669506833,0.0144008788192089,-0.0147322604231021));
#9731=CARTESIAN_POINT('',(-0.00276179807528087,0.0144930344796594,-0.0146361351327187));
#9732=CARTESIAN_POINT('',(-0.00349521691828977,0.0145852564566573,-0.0145467267778437));
#9733=CARTESIAN_POINT('',(-0.000885188185870288,0.0140276365480279,-0.0146631688485913));
#9734=CARTESIAN_POINT('',(-0.00101242689083059,0.0140444540752515,-0.0146452696849147));
#9735=CARTESIAN_POINT('',(-0.00113966559579089,0.0140612716024751,-0.014627370521238));
#9736=CARTESIAN_POINT('',(-0.0012669043007512,0.0140780891296987,-0.0146094713575614));
#9737=CARTESIAN_POINT('',(-0.00199906369593219,0.0141748608672319,-0.0145064756468159));
#9738=CARTESIAN_POINT('',(-0.00273234231716972,0.0142724721422518,-0.0144102914619188));
#9739=CARTESIAN_POINT('',(-0.00346649384585055,0.0143701536597584,-0.0143210223663827));
#9740=CARTESIAN_POINT('',(-0.0175784298884526,0.0140276362084348,0.0020300750595723));
#9741=CARTESIAN_POINT('',(-0.0175746737489782,0.0140311653664728,0.0020033740177174));
#9742=CARTESIAN_POINT('',(-0.0175709176095038,0.0140346945245108,0.00197667297586251));
#9743=CARTESIAN_POINT('',(-0.0175671614700295,0.0140382236825488,0.0019499719340076));
#9744=CARTESIAN_POINT('',(-0.0175530183257202,0.0140515121644493,0.00184943341813578));
#9745=CARTESIAN_POINT('',(-0.0175388751814109,0.0140648006463499,0.00174889490226394));
#9746=CARTESIAN_POINT('',(-0.0175247320371016,0.0140780891282505,0.00164835638639211));
#9747=CARTESIAN_POINT('',(-0.0174217363198624,0.0141748608711133,0.000916196950984393));
#9748=CARTESIAN_POINT('',(-0.0173255521239616,0.0142724721589862,0.000182918233322726));
#9749=CARTESIAN_POINT('',(-0.0172362830251703,0.0143701536809878,-0.000551233329091275));
#9750=CARTESIAN_POINT('',(-0.0178038291803246,0.0142618827285223,0.00199889117400148));
#9751=CARTESIAN_POINT('',(-0.0178000822813992,0.0142652146375639,0.00197221460406208));
#9752=CARTESIAN_POINT('',(-0.0177963353824737,0.0142685465466055,0.00194553803412269));
#9753=CARTESIAN_POINT('',(-0.0177925884835482,0.014271878455647,0.00191886146418329));
#9754=CARTESIAN_POINT('',(-0.0177784801330526,0.0142844242279012,0.00181841509340746));
#9755=CARTESIAN_POINT('',(-0.0177643717825569,0.0142969700001553,0.00171796872263163));
#9756=CARTESIAN_POINT('',(-0.0177502634320613,0.0143095157724094,0.0016175223518558));
#9757=CARTESIAN_POINT('',(-0.017647521096511,0.0144008788231832,0.000886033951830673));
#9758=CARTESIAN_POINT('',(-0.0175513957950854,0.0144930344957609,0.00015346247529408));
#9759=CARTESIAN_POINT('',(-0.0174619874369248,0.0145852564769951,-0.00057995640141023));
#9760=CARTESIAN_POINT('',(-0.0216112500149613,0.01821875,0.00147213629983486));
#9761=CARTESIAN_POINT('',(-0.0216076592064042,0.01821875,0.001445873106886));
#9762=CARTESIAN_POINT('',(-0.0216040683978471,0.01821875,0.00141960991393714));
#9763=CARTESIAN_POINT('',(-0.0216004775892899,0.01821875,0.00139334672098827));
#9764=CARTESIAN_POINT('',(-0.021586956972189,0.01821875,0.00129445685536119));
#9765=CARTESIAN_POINT('',(-0.0215734363550882,0.01821875,0.0011955669897341));
#9766=CARTESIAN_POINT('',(-0.0215599157379873,0.01821875,0.00109667712410702));
#9767=CARTESIAN_POINT('',(-0.021461453498943,0.01821875,0.000376523782303436));
#9768=CARTESIAN_POINT('',(-0.0213663230367211,0.01821875,-0.000344101052465327));
#9769=CARTESIAN_POINT('',(-0.0212745623241231,0.01821875,-0.00106514348018814));
#9770=CARTESIAN_POINT('',(-0.013013716954933,0.0143701536597584,-0.000551233167166304));
#9771=CARTESIAN_POINT('',(-0.0129244478593969,0.0142724721422518,0.000182918361514533));
#9772=CARTESIAN_POINT('',(-0.0128282636744998,0.0141748608672319,0.000916196982752069));
#9773=CARTESIAN_POINT('',(-0.0127252679637543,0.0140780891296987,0.00164835637793303));
#9774=CARTESIAN_POINT('',(-0.0127073688000777,0.0140612716024751,0.00177559508289334));
#9775=CARTESIAN_POINT('',(-0.0126894696364011,0.0140444540752515,0.00190283378785364));
#9776=CARTESIAN_POINT('',(-0.0126715704727244,0.0140276365480279,0.00203007249281394));
#9777=CARTESIAN_POINT('',(-0.012788012543472,0.0145852564566573,-0.000579956239605524));
#9778=CARTESIAN_POINT('',(-0.012698604188597,0.0144930344796594,0.000153462603403379));
#9779=CARTESIAN_POINT('',(-0.0126024788982136,0.0144008788192089,0.000886033983615921));
#9780=CARTESIAN_POINT('',(-0.0124997365691192,0.0143095157734594,0.00161752234344921));
#9781=CARTESIAN_POINT('',(-0.0124818814395059,0.0142936381985776,0.00174464443217925));
#9782=CARTESIAN_POINT('',(-0.0124640263098926,0.0142777606236958,0.00187176652090928));
#9783=CARTESIAN_POINT('',(-0.0124461711802792,0.014261883048814,0.00199888860963932));
#9784=CARTESIAN_POINT('',(-0.00897543765569463,0.01821875,-0.00106514332111942));
#9785=CARTESIAN_POINT('',(-0.00888367694689344,0.01821875,-0.000344100926472221));
#9786=CARTESIAN_POINT('',(-0.00878854649636543,0.01821875,0.000376523813645676));
#9787=CARTESIAN_POINT('',(-0.00869008426314421,0.01821875,0.00109667711583073));
#9788=CARTESIAN_POINT('',(-0.00867297295223974,0.01821875,0.00122182933561514));
#9789=CARTESIAN_POINT('',(-0.00865586164133528,0.01821875,0.00134698155539956));
#9790=CARTESIAN_POINT('',(-0.00863875033043081,0.01821875,0.00147213377518397));
#9791=CARTESIAN_POINT('',(-0.00895120792259278,0.0182418416326561,-0.00106822678933593));
#9792=CARTESIAN_POINT('',(-0.00885943226407664,0.0182424277231473,-0.000347263049678967));
#9793=CARTESIAN_POINT('',(-0.0087643081359698,0.0182430133921826,0.000373285766972644));
#9794=CARTESIAN_POINT('',(-0.00866587310367806,0.0182435940239811,0.00109336703242935));
#9795=CARTESIAN_POINT('',(-0.00864876651990141,0.0182436949293831,0.0012185067332731));
#9796=CARTESIAN_POINT('',(-0.00863165993612476,0.0182437958347851,0.00134364643411685));
#9797=CARTESIAN_POINT('',(-0.0086145533523481,0.0182438967401871,0.0014687861349606));
#9798=CARTESIAN_POINT('',(-0.0267835061546179,0.0143701536593808,-0.0100984562763992));
#9799=CARTESIAN_POINT('',(-0.027517657662772,0.0142724721445919,-0.0100091871831703));
#9800=CARTESIAN_POINT('',(-0.0282509363262844,0.014174860863978,-0.0099130029938592));
#9801=CARTESIAN_POINT('',(-0.0289830957077079,0.0140780891282505,-0.00981000728421417));
#9802=CARTESIAN_POINT('',(-0.0291103344098459,0.0140612716013977,-0.00979210812078948));
#9803=CARTESIAN_POINT('',(-0.0292375731119839,0.0140444540745449,-0.00977420895736479));
#9804=CARTESIAN_POINT('',(-0.029364811814122,0.0140276365476921,-0.00975630979394009));
#9805=CARTESIAN_POINT('',(-0.0267547830821369,0.0145852564565957,-0.00987275186461391));
#9806=CARTESIAN_POINT('',(-0.0274882019046391,0.0144930344821711,-0.00978334351205513));
#9807=CARTESIAN_POINT('',(-0.0282207733270812,0.0144008788164467,-0.00968721821722927));
#9808=CARTESIAN_POINT('',(-0.0289522616731715,0.0143095157724094,-0.0095844758892545));
#9809=CARTESIAN_POINT('',(-0.0290793837590822,0.0142936381978789,-0.00956662075989627));
#9810=CARTESIAN_POINT('',(-0.029206505844993,0.0142777606233485,-0.00954876563053805));
#9811=CARTESIAN_POINT('',(-0.0293336279309037,0.0142618830488181,-0.00953091050117983));
#9812=CARTESIAN_POINT('',(-0.0262695960006214,0.01821875,-0.00606017697689525));
#9813=CARTESIAN_POINT('',(-0.026990638375118,0.01821875,-0.00596841627056621));
#9814=CARTESIAN_POINT('',(-0.0277112631567183,0.01821875,-0.00587328581511286));
#9815=CARTESIAN_POINT('',(-0.0284314164454228,0.01821875,-0.00577482358332848));
#9816=CARTESIAN_POINT('',(-0.0285565686624401,0.01821875,-0.00575771227273173));
#9817=CARTESIAN_POINT('',(-0.0286817208794576,0.01821875,-0.00574060096213498));
#9818=CARTESIAN_POINT('',(-0.0288068730964749,0.01821875,-0.00572348965153823));
#9819=CARTESIAN_POINT('',(-0.0262665125324041,0.0182418416326626,-0.00603594724378735));
#9820=CARTESIAN_POINT('',(-0.0269874762519127,0.0182424277231376,-0.00594417158774435));
#9821=CARTESIAN_POINT('',(-0.0277080251100419,0.0182430133922066,-0.0058490474547091));
#9822=CARTESIAN_POINT('',(-0.0284281063620197,0.0182435940239944,-0.00575061242385622));
#9823=CARTESIAN_POINT('',(-0.0285532460600967,0.0182436949293941,-0.00573350584038762));
#9824=CARTESIAN_POINT('',(-0.0286783857581738,0.0182437958347939,-0.00571639925691902));
#9825=CARTESIAN_POINT('',(-0.0288035254562508,0.0182438967401937,-0.00569929267345041));
#9826=CARTESIAN_POINT('',(-0.029364814380907,0.0140276362087691,-0.0146631692096698));
#9827=CARTESIAN_POINT('',(-0.0293381133390457,0.0140311653668074,-0.014659413070225));
#9828=CARTESIAN_POINT('',(-0.0293114122971845,0.0140346945248457,-0.0146556569307802));
#9829=CARTESIAN_POINT('',(-0.0292847112553234,0.0140382236828841,-0.0146519007913354));
#9830=CARTESIAN_POINT('',(-0.0291841727366319,0.0140515121651556,-0.014637757646744));
#9831=CARTESIAN_POINT('',(-0.0290836342179404,0.0140648006474271,-0.0146236145021527));
#9832=CARTESIAN_POINT('',(-0.0289830956992489,0.0140780891296986,-0.0146094713575614));
#9833=CARTESIAN_POINT('',(-0.0282509362500873,0.0141748608743666,-0.0145064756392222));
#9834=CARTESIAN_POINT('',(-0.0275176575747042,0.0142724721566451,-0.0144102914477359));
#9835=CARTESIAN_POINT('',(-0.0267835059917672,0.0143701536813639,-0.0143210223466378));
#9836=CARTESIAN_POINT('',(-0.0293336304953798,0.0142618827285168,-0.0148885685012268));
#9837=CARTESIAN_POINT('',(-0.0293069539254342,0.014265214637559,-0.01488482160233));
#9838=CARTESIAN_POINT('',(-0.0292802773554886,0.0142685465466012,-0.0148810747034332));
#9839=CARTESIAN_POINT('',(-0.029253600785543,0.0142718784556434,-0.0148773278045365));
#9840=CARTESIAN_POINT('',(-0.0291531544119503,0.0142844242282487,-0.0148632194537565));
#9841=CARTESIAN_POINT('',(-0.0290527080383577,0.014296970000854,-0.0148491111029765));
#9842=CARTESIAN_POINT('',(-0.028952261664765,0.0143095157734594,-0.0148350027521965));
#9843=CARTESIAN_POINT('',(-0.0282207732510006,0.0144008788259449,-0.0147322604155271));
#9844=CARTESIAN_POINT('',(-0.0274882018166973,0.0144930344932482,-0.0146361351185445));
#9845=CARTESIAN_POINT('',(-0.0267547829194901,0.0145852564770553,-0.0145467267580681));
#9846=CARTESIAN_POINT('',(-0.0288068756211864,0.01821875,-0.0186959893360702));
#9847=CARTESIAN_POINT('',(-0.0287806124282332,0.01821875,-0.0186923985275274));
#9848=CARTESIAN_POINT('',(-0.02875434923528,0.01821875,-0.0186888077189845));
#9849=CARTESIAN_POINT('',(-0.0287280860423269,0.01821875,-0.0186852169104415));
#9850=CARTESIAN_POINT('',(-0.0286291961739334,0.01821875,-0.0186716962930183));
#9851=CARTESIAN_POINT('',(-0.0285303063055399,0.01821875,-0.018658175675595));
#9852=CARTESIAN_POINT('',(-0.0284314164371464,0.01821875,-0.0186446550581716));
#9853=CARTESIAN_POINT('',(-0.027711263081866,0.01821875,-0.018546192817691));
#9854=CARTESIAN_POINT('',(-0.0269906382885832,0.01821875,-0.0184510623603948));
#9855=CARTESIAN_POINT('',(-0.0262695958407136,0.01821875,-0.0183593016453252));
#9856=CARTESIAN_POINT('',(-0.00925395209138387,-0.01478125,-0.0279557401480122));
#9857=CARTESIAN_POINT('',(-0.0116505562602008,-0.01478125,-0.030149739541668));
#9858=CARTESIAN_POINT('',(-0.0114597154657281,-0.0115423609957716,-0.0299750320981919));
#9859=CARTESIAN_POINT('',(-0.0099105497421266,-0.01478125,-0.0272385090167942));
#9860=CARTESIAN_POINT('',(-0.0123467743528234,-0.0147812499999975,-0.0294562340943668));
#9861=CARTESIAN_POINT('',(-0.0121150847641615,-0.0115011612471227,-0.0292542686830979));
#9862=CARTESIAN_POINT('',(-0.0105665081938234,-0.01478125,-0.0265206927304784));
#9863=CARTESIAN_POINT('',(-0.0130381374814375,-0.014781249999993,-0.028767828417821));
#9864=CARTESIAN_POINT('',(-0.0127691801888838,-0.0114599829881042,-0.0285323429897832));
#9865=CARTESIAN_POINT('',(-0.0112218259092315,-0.01478125,-0.0258022919823349));
#9866=CARTESIAN_POINT('',(-0.0137242210532096,-0.01478125,-0.0280849508924765));
#9867=CARTESIAN_POINT('',(-0.0134220009559851,-0.0114189330038792,-0.0278092688526462));
#9868=CARTESIAN_POINT('',(-0.0132919071657027,-0.0114271140308551,-0.0279533288382348));
#9869=CARTESIAN_POINT('',(-0.0133622985114396,-0.0122744536981815,-0.0280256261123745));
#9870=CARTESIAN_POINT('',(-0.0129743061451842,-0.0140210056202913,-0.0276271435874185));
#9871=CARTESIAN_POINT('',(-0.0117969623480825,-0.0147812500000001,-0.0264178380512821));
#9872=CARTESIAN_POINT('',(-0.0112101699929972,-0.01478125,-0.0258150697996493));
#9873=CARTESIAN_POINT('',(-0.0162499322740406,-0.0116514816147158,-0.0254052545451179));
#9874=CARTESIAN_POINT('',(-0.0163391381085976,-0.01478125,-0.0255072588188311));
#9875=CARTESIAN_POINT('',(-0.0142768676789786,-0.01478125,-0.0231491126457921));
#9876=CARTESIAN_POINT('',(-0.0152171886944235,-0.0115609859134298,-0.0263032150467576));
#9877=CARTESIAN_POINT('',(-0.0153555916160324,-0.0147812500000025,-0.026495187507476));
#9878=CARTESIAN_POINT('',(-0.013251184439569,-0.01478125,-0.0240461037818739));
#9879=CARTESIAN_POINT('',(-0.0141790534158249,-0.0114706180165333,-0.0271949806766574));
#9880=CARTESIAN_POINT('',(-0.0143866145231096,-0.0147812499999985,-0.0274690938305332));
#9881=CARTESIAN_POINT('',(-0.0122228238064328,-0.01478125,-0.0249400322638813));
#9882=CARTESIAN_POINT('',(-0.0131358088237773,-0.0113815046499275,-0.0280806179958078));
#9883=CARTESIAN_POINT('',(-0.013434662439632,-0.01478125,-0.0284264717995799));
#9884=CARTESIAN_POINT('',(-0.011191832479505,-0.01478125,-0.0258309158759694));
#9885=CARTESIAN_POINT('',(-0.015125,-0.0115531956635326,-0.0263791063091929));
#9886=CARTESIAN_POINT('',(-0.015125,-0.0122165293570003,-0.0264461623040742));
#9887=CARTESIAN_POINT('',(-0.015125,-0.0135341367509366,-0.0259407694542754));
#9888=CARTESIAN_POINT('',(-0.015125,-0.0142498919088905,-0.0247741663161094));
#9889=CARTESIAN_POINT('',(-0.015125,-0.0144771384203291,-0.0241558130388053));
#9890=CARTESIAN_POINT('',(-0.0159731323210113,-0.01478125,-0.0231491126457832));
#9891=CARTESIAN_POINT('',(-0.0139108618913928,-0.01478125,-0.0255072588188214));
#9892=CARTESIAN_POINT('',(-0.0140000677259492,-0.0116514816147167,-0.025405254545109));
#9893=CARTESIAN_POINT('',(-0.0169988155604595,-0.01478125,-0.0240461037818897));
#9894=CARTESIAN_POINT('',(-0.0148944083839857,-0.0147812499999908,-0.0264951875075075));
#9895=CARTESIAN_POINT('',(-0.0150328113055998,-0.0115609859134212,-0.0263032150467776));
#9896=CARTESIAN_POINT('',(-0.0180271761936138,-0.01478125,-0.0249400322639206));
#9897=CARTESIAN_POINT('',(-0.0158633854769326,-0.0147812500000036,-0.0274690938305943));
#9898=CARTESIAN_POINT('',(-0.0160709465842238,-0.0114706180165324,-0.0271949806766993));
#9899=CARTESIAN_POINT('',(-0.0190581675204948,-0.01478125,-0.0258309158759692));
#9900=CARTESIAN_POINT('',(-0.0168153375603678,-0.01478125,-0.0284264717995797));
#9901=CARTESIAN_POINT('',(-0.0171141911762225,-0.0113815046499275,-0.0280806179958076));
#9902=CARTESIAN_POINT('',(-0.0169580928342973,-0.0114271140308551,-0.0279533288382348));
#9903=CARTESIAN_POINT('',(-0.0168877014885599,-0.0122744536981815,-0.0280256261123741));
#9904=CARTESIAN_POINT('',(-0.0172756938547533,-0.0140210056202914,-0.0276271435873575));
#9905=CARTESIAN_POINT('',(-0.0184530376520446,-0.01478125,-0.0264178380514055));
#9906=CARTESIAN_POINT('',(-0.0190398300070029,-0.01478125,-0.0258150697996491));
#9907=CARTESIAN_POINT('',(-0.0187909460147988,-0.0115424025796824,-0.0299757595817569));
#9908=CARTESIAN_POINT('',(-0.0186001412067839,-0.01478125,-0.0301504342912294));
#9909=CARTESIAN_POINT('',(-0.0209967106287334,-0.01478125,-0.0279564640665533));
#9910=CARTESIAN_POINT('',(-0.0181353540512667,-0.0115011888725441,-0.0292547530074299));
#9911=CARTESIAN_POINT('',(-0.01790368591784,-0.014781250000001,-0.0294566923959084));
#9912=CARTESIAN_POINT('',(-0.020339890323799,-0.01478125,-0.0272389905836338));
#9913=CARTESIAN_POINT('',(-0.0174810368220113,-0.0114599966337601,-0.028532583364601));
#9914=CARTESIAN_POINT('',(-0.0172120887667826,-0.0147812499999938,-0.0287680536076868));
#9915=CARTESIAN_POINT('',(-0.0196837096496735,-0.01478125,-0.0265209315494746));
#9916=CARTESIAN_POINT('',(-0.0168279951141396,-0.0114189327567662,-0.0278092644998562));
#9917=CARTESIAN_POINT('',(-0.0165257747845402,-0.01478125,-0.0280849467496733));
#9918=CARTESIAN_POINT('',(-0.0190281701458702,-0.01478125,-0.0258022876576867));
#9919=CARTESIAN_POINT('',(0.00062100082666891,-0.01478125,-0.00633869141272505));
#9920=CARTESIAN_POINT('',(0.00281500022032579,-0.01478125,-0.00873529558154333));
#9921=CARTESIAN_POINT('',(0.00264029277684848,-0.01154236099577,-0.00854445478706917));
#9922=CARTESIAN_POINT('',(-9.6230304545557E-5,-0.01478125,-0.00699528906346434));
#9923=CARTESIAN_POINT('',(0.00212149477303408,-0.0147812499999988,-0.0094315136741628));
#9924=CARTESIAN_POINT('',(0.00191952936176074,-0.0115011612471181,-0.00919982408549651));
#9925=CARTESIAN_POINT('',(-0.000814046590851453,-0.01478125,-0.00765124751515794));
#9926=CARTESIAN_POINT('',(0.00143308909649305,-0.0147812500000036,-0.0101228768027814));
#9927=CARTESIAN_POINT('',(0.00119760366844296,-0.0114599829881037,-0.00985391951022726));
#9928=CARTESIAN_POINT('',(-0.0015324473389811,-0.01478125,-0.00830656523054652));
#9929=CARTESIAN_POINT('',(0.00075021157114757,-0.01478125,-0.0108089603745351));
#9930=CARTESIAN_POINT('',(0.000474529531319517,-0.0114189330038801,-0.0105067402773101));
#9931=CARTESIAN_POINT('',(0.000618589516919208,-0.0114271140308551,-0.0103766464870185));
#9932=CARTESIAN_POINT('',(0.00069088679105865,-0.0122744536981815,-0.0104470378327557));
#9933=CARTESIAN_POINT('',(0.000292404266091834,-0.0140210056202914,-0.0100590454665112));
#9934=CARTESIAN_POINT('',(-0.000916901270008792,-0.01478125,-0.00888170166937252));
#9935=CARTESIAN_POINT('',(-0.00151966952166651,-0.01478125,-0.00829490931431276));
#9936=CARTESIAN_POINT('',(-0.00192948477619624,-0.0116514816147156,-0.0133346715953547));
#9937=CARTESIAN_POINT('',(-0.00182748050248295,-0.01478125,-0.0134238774299119));
#9938=CARTESIAN_POINT('',(-0.00418562667552207,-0.01478125,-0.0113616070002927));
#9939=CARTESIAN_POINT('',(-0.00103152427454563,-0.0115609859134201,-0.0123019280157245));
#9940=CARTESIAN_POINT('',(-0.000839551813828172,-0.0147812499999781,-0.0124403309373289));
#9941=CARTESIAN_POINT('',(-0.00328863553943487,-0.01478125,-0.0103359237608683));
#9942=CARTESIAN_POINT('',(-0.000139758644651247,-0.0114706180165313,-0.0112637927371322));
#9943=CARTESIAN_POINT('',(0.000134354509234236,-0.0147812500000027,-0.0114713538444078));
#9944=CARTESIAN_POINT('',(-0.00239470705743275,-0.01478125,-0.00930756312773621));
#9945=CARTESIAN_POINT('',(0.000745878674492123,-0.0113815046499275,-0.0102205481450932));
#9946=CARTESIAN_POINT('',(0.00109173247826425,-0.01478125,-0.0105194017609478));
#9947=CARTESIAN_POINT('',(-0.00150382344534624,-0.01478125,-0.00827657180082088));
#9948=CARTESIAN_POINT('',(-0.000955633012122746,-0.0115531956635325,-0.0122097393213158));
#9949=CARTESIAN_POINT('',(-0.000888577017241354,-0.0122165293570002,-0.0122097393213158));
#9950=CARTESIAN_POINT('',(-0.00139396986704015,-0.0135341367509365,-0.0122097393213158));
#9951=CARTESIAN_POINT('',(-0.00256057300520608,-0.0142498919088905,-0.0122097393213158));
#9952=CARTESIAN_POINT('',(-0.00317892628251011,-0.0144771384203291,-0.0122097393213158));
#9953=CARTESIAN_POINT('',(-0.00418562667553225,-0.01478125,-0.0130578716423271));
#9954=CARTESIAN_POINT('',(-0.00182748050249395,-0.01478125,-0.0109956012127087));
#9955=CARTESIAN_POINT('',(-0.00192948477620639,-0.0116514816147166,-0.0110848070472651));
#9956=CARTESIAN_POINT('',(-0.00328863553941929,-0.01478125,-0.0140835548817777));
#9957=CARTESIAN_POINT('',(-0.000839551813805597,-0.0147812500000015,-0.0119791477053101));
#9958=CARTESIAN_POINT('',(-0.00103152427453258,-0.0115609859134236,-0.0121175506269216));
#9959=CARTESIAN_POINT('',(-0.00239470705739481,-0.01478125,-0.0151119155149579));
#9960=CARTESIAN_POINT('',(0.00013435450928494,-0.0147812500000211,-0.0129481247982663));
#9961=CARTESIAN_POINT('',(-0.000139758644601742,-0.0114706180165378,-0.0131556859055553));
#9962=CARTESIAN_POINT('',(-0.00150382344534639,-0.01478125,-0.0161429068418105));
#9963=CARTESIAN_POINT('',(0.00109173247826409,-0.01478125,-0.0139000768816836));
#9964=CARTESIAN_POINT('',(0.000745878674491978,-0.0113815046499275,-0.0141989304975383));
#9965=CARTESIAN_POINT('',(0.000618589516919199,-0.0114271140308551,-0.0140428321556131));
#9966=CARTESIAN_POINT('',(0.000690886791058609,-0.0122744536981815,-0.0139724408098758));
#9967=CARTESIAN_POINT('',(0.000292404266119312,-0.0140210056202914,-0.0143604331761486));
#9968=CARTESIAN_POINT('',(-0.000916901270064651,-0.01478125,-0.0155377769732017));
#9969=CARTESIAN_POINT('',(-0.00151966952166656,-0.01478125,-0.0161245693283187));
#9970=CARTESIAN_POINT('',(0.0026410202603943,-0.0115424025796797,-0.0158756853360719));
#9971=CARTESIAN_POINT('',(0.00281569496986895,-0.01478125,-0.0156848805280547));
#9972=CARTESIAN_POINT('',(0.000621724745190889,-0.01478125,-0.0180814499500064));
#9973=CARTESIAN_POINT('',(0.00192001368607827,-0.0115011888725388,-0.0152200933725502));
#9974=CARTESIAN_POINT('',(0.00212195307455213,-0.0147812499999937,-0.0149884252391298));
#9975=CARTESIAN_POINT('',(-9.5748737718222E-5,-0.01478125,-0.0174246296450931));
#9976=CARTESIAN_POINT('',(0.00119784404327872,-0.0114599966337655,-0.0145657761433213));
#9977=CARTESIAN_POINT('',(0.00143331428637228,-0.0147812500000066,-0.0142968280880861));
#9978=CARTESIAN_POINT('',(-0.000813807771849187,-0.01478125,-0.0167684489709785));
#9979=CARTESIAN_POINT('',(0.000474525178543275,-0.011418932756766,-0.0139127344354576));
#9980=CARTESIAN_POINT('',(0.000750207428360791,-0.01478125,-0.0136105141058583));
#9981=CARTESIAN_POINT('',(-0.00153245166362847,-0.01478125,-0.0161129094671861));
#9982=CARTESIAN_POINT('',(-0.0328910202603008,-0.0115424025796744,-0.00854379330664434));
#9983=CARTESIAN_POINT('',(-0.0330656949697796,-0.01478125,-0.00873459811466618));
#9984=CARTESIAN_POINT('',(-0.0308717247450979,-0.01478125,-0.00633802869270994));
#9985=CARTESIAN_POINT('',(-0.0321700136861262,-0.0115011888725462,-0.00919938527003779));
#9986=CARTESIAN_POINT('',(-0.0323719530746206,-0.0147812499999977,-0.00943105340344915));
#9987=CARTESIAN_POINT('',(-0.0301542512623369,-0.01478125,-0.00699484899750671));
#9988=CARTESIAN_POINT('',(-0.0314478440432552,-0.0114599966337634,-0.00985370249933014));
#9989=CARTESIAN_POINT('',(-0.0316833142863445,-0.0147812500000035,-0.0101226505545642));
#9990=CARTESIAN_POINT('',(-0.0294361922281292,-0.01478125,-0.00765102967167053));
#9991=CARTESIAN_POINT('',(-0.0307245251785455,-0.0114189327567659,-0.0105067442071717));
#9992=CARTESIAN_POINT('',(-0.0310002074283634,-0.01478125,-0.0108089645367709));
#9993=CARTESIAN_POINT('',(-0.0287175483363719,-0.01478125,-0.00830656917544495));
#9994=CARTESIAN_POINT('',(-0.030868589516919,-0.0114271140308551,-0.0103766464870183));
#9995=CARTESIAN_POINT('',(-0.0309408867910581,-0.0122744536981816,-0.0104470378327559));
#9996=CARTESIAN_POINT('',(-0.0305424042660806,-0.0140210056202916,-0.0100590454665223));
#9997=CARTESIAN_POINT('',(-0.0293330987300118,-0.0147812500000001,-0.00888170166935079));
#9998=CARTESIAN_POINT('',(-0.0287303304783332,-0.01478125,-0.00829490931431253));
#9999=CARTESIAN_POINT('',(-0.0260643733244677,-0.01478125,-0.011361607000304));
#10000=CARTESIAN_POINT('',(-0.028422519497506,-0.01478125,-0.0134238774299225));
#10001=CARTESIAN_POINT('',(-0.0283205152237935,-0.0116514816147166,-0.0133346715953661));
#10002=CARTESIAN_POINT('',(-0.0269613644605547,-0.01478125,-0.010335923760884));
#10003=CARTESIAN_POINT('',(-0.0294104481861563,-0.0147812500000182,-0.0124403309373438));
#10004=CARTESIAN_POINT('',(-0.0292184757254403,-0.0115609859134361,-0.0123019280157414));
#10005=CARTESIAN_POINT('',(-0.0278552929425981,-0.01478125,-0.00930756312769971));
#10006=CARTESIAN_POINT('',(-0.0303843545092404,-0.0147812499999838,-0.0114713538443931));
#10007=CARTESIAN_POINT('',(-0.0301102413553617,-0.0114706180165262,-0.0112637927371158));
#10008=CARTESIAN_POINT('',(-0.0287461765546535,-0.01478125,-0.00827657180082073));
#10009=CARTESIAN_POINT('',(-0.031341732478264,-0.01478125,-0.0105194017609476));
#10010=CARTESIAN_POINT('',(-0.0309958786744919,-0.0113815046499275,-0.010220548145093));
#10011=CARTESIAN_POINT('',(-0.029294366987877,-0.0115531956635326,-0.0122097393213157));
#10012=CARTESIAN_POINT('',(-0.0293614229827584,-0.0122165293570003,-0.0122097393213157));
#10013=CARTESIAN_POINT('',(-0.0288560301329594,-0.0135341367509367,-0.0122097393213156));
#10014=CARTESIAN_POINT('',(-0.0276894269947933,-0.0142498919088906,-0.0122097393213157));
#10015=CARTESIAN_POINT('',(-0.0270710737174892,-0.0144771384203293,-0.0122097393213157));
#10016=CARTESIAN_POINT('',(-0.028320515223803,-0.0116514816147157,-0.0110848070472761));
#10017=CARTESIAN_POINT('',(-0.0284225194975162,-0.01478125,-0.010995601212719));
#10018=CARTESIAN_POINT('',(-0.0260643733244772,-0.01478125,-0.0130578716423382));
#10019=CARTESIAN_POINT('',(-0.0292184757254674,-0.0115609859134349,-0.0121175506269211));
#10020=CARTESIAN_POINT('',(-0.0294104481862001,-0.0147812500000155,-0.0119791477053071));
#10021=CARTESIAN_POINT('',(-0.0269613644605851,-0.01478125,-0.014083554881779));
#10022=CARTESIAN_POINT('',(-0.0301102413553316,-0.0114706180165363,-0.0131556859054786));
#10023=CARTESIAN_POINT('',(-0.0303843545092061,-0.0147812500000135,-0.0129481247982189));
#10024=CARTESIAN_POINT('',(-0.02785529294253,-0.01478125,-0.0151119155148858));
#10025=CARTESIAN_POINT('',(-0.0309958786744917,-0.0113815046499275,-0.014198930497538));
#10026=CARTESIAN_POINT('',(-0.0313417324782638,-0.01478125,-0.0139000768816834));
#10027=CARTESIAN_POINT('',(-0.0287461765546533,-0.01478125,-0.0161429068418103));
#10028=CARTESIAN_POINT('',(-0.030868589516919,-0.0114271140308551,-0.0140428321556129));
#10029=CARTESIAN_POINT('',(-0.0309408867910581,-0.0122744536981815,-0.0139724408098754));
#10030=CARTESIAN_POINT('',(-0.0305424042660782,-0.0140210056202914,-0.0143604331761064));
#10031=CARTESIAN_POINT('',(-0.0293330987300164,-0.0147812500000001,-0.015537776973285));
#10032=CARTESIAN_POINT('',(-0.0287303304783334,-0.01478125,-0.0161245693283187));
#10033=CARTESIAN_POINT('',(-0.0308710008266431,-0.01478125,-0.018080787229883));
#10034=CARTESIAN_POINT('',(-0.033065000220301,-0.01478125,-0.0156841830610635));
#10035=CARTESIAN_POINT('',(-0.0328902927768225,-0.0115423609957685,-0.0158750238555389));
#10036=CARTESIAN_POINT('',(-0.0301537696953194,-0.01478125,-0.0174241895790458));
#10037=CARTESIAN_POINT('',(-0.0323714947728937,-0.0147812499999888,-0.0149879649683426));
#10038=CARTESIAN_POINT('',(-0.0321695293616262,-0.0115011612471105,-0.0152196545570129));
#10039=CARTESIAN_POINT('',(-0.0294359534091657,-0.01478125,-0.0167682311274905));
#10040=CARTESIAN_POINT('',(-0.0316830890965152,-0.014781250000016,-0.0142966018398686));
#10041=CARTESIAN_POINT('',(-0.031447603668466,-0.0114599829881129,-0.014565559132427));
#10042=CARTESIAN_POINT('',(-0.0287175526610193,-0.01478125,-0.0161129134120848));
#10043=CARTESIAN_POINT('',(-0.0310002115711556,-0.01478125,-0.0136105182681025));
#10044=CARTESIAN_POINT('',(-0.0307245295313263,-0.0114189330038796,-0.0139127383653271));
#10045=CARTESIAN_POINT('',(-0.0114590539852225,-0.011542402579681,0.00555628093910175));
#10046=CARTESIAN_POINT('',(-0.0116498587932386,-0.01478125,0.00573095564857534));
#10047=CARTESIAN_POINT('',(-0.00925328937128794,-0.01478125,0.00353698542389825));
#10048=CARTESIAN_POINT('',(-0.0121146459487536,-0.0115011888725436,0.00483527436477593));
#10049=CARTESIAN_POINT('',(-0.012346314082178,-0.0147812499999985,0.00503721375325146));
#10050=CARTESIAN_POINT('',(-0.00991010967621852,-0.01478125,0.00281951194098327));
#10051=CARTESIAN_POINT('',(-0.0127689631779868,-0.0114599966337695,0.00411310472197364));
#10052=CARTESIAN_POINT('',(-0.0130379112332212,-0.0147812500000242,0.0043485749650679));
#10053=CARTESIAN_POINT('',(-0.0105662903503173,-0.01478125,0.00210145290684689));
#10054=CARTESIAN_POINT('',(-0.013422004885861,-0.0114189327567663,0.00338978585722377));
#10055=CARTESIAN_POINT('',(-0.0137242252154605,-0.01478125,0.00366546810704059));
#10056=CARTESIAN_POINT('',(-0.0112218298541294,-0.01478125,0.0013828090150554));
#10057=CARTESIAN_POINT('',(-0.0132919071657025,-0.0114271140308551,0.00353385019560335));
#10058=CARTESIAN_POINT('',(-0.0133622985114396,-0.0122744536981815,0.00360614746974288));
#10059=CARTESIAN_POINT('',(-0.0129743061451907,-0.0140210056202914,0.00320766494478044));
#10060=CARTESIAN_POINT('',(-0.0117969623480662,-0.01478125,0.00199835940866599));
#10061=CARTESIAN_POINT('',(-0.0112101699929968,-0.01478125,0.00139559115701767));
#10062=CARTESIAN_POINT('',(-0.0142768676789887,-0.01478125,-0.00127036599684784));
#10063=CARTESIAN_POINT('',(-0.0163391381086068,-0.01478125,0.00108778017619086));
#10064=CARTESIAN_POINT('',(-0.0162499322740504,-0.0116514816147165,0.000985775902478319));
#10065=CARTESIAN_POINT('',(-0.0132511844395417,-0.01478125,-0.000373374860739596));
#10066=CARTESIAN_POINT('',(-0.0153555916160101,-0.0147812499999817,0.00207570886486889));
#10067=CARTESIAN_POINT('',(-0.0152171886943962,-0.0115609859134176,0.00188373640414945));
#10068=CARTESIAN_POINT('',(-0.0122228238063813,-0.01478125,0.000520553621278269));
#10069=CARTESIAN_POINT('',(-0.0143866145230566,-0.0147812500000005,0.00304961518795089));
#10070=CARTESIAN_POINT('',(-0.0141790534157762,-0.0114706180165252,0.00277550203406648));
#10071=CARTESIAN_POINT('',(-0.0111918324795051,-0.01478125,0.00141143723333777));
#10072=CARTESIAN_POINT('',(-0.013434662439632,-0.01478125,0.00400699315694823));
#10073=CARTESIAN_POINT('',(-0.0131358088237773,-0.0113815046499276,0.00366113935317614));
#10074=CARTESIAN_POINT('',(-0.015125,-0.0115531956635326,0.00195962766656143));
#10075=CARTESIAN_POINT('',(-0.015125,-0.0122165293570003,0.00202668366144282));
#10076=CARTESIAN_POINT('',(-0.0151250000000001,-0.0135341367509367,0.00152129081164392));
#10077=CARTESIAN_POINT('',(-0.0151250000000003,-0.0142498919088906,0.000354687673477842));
#10078=CARTESIAN_POINT('',(-0.0151250000000004,-0.0144771384203292,-0.00026366560382625));
#10079=CARTESIAN_POINT('',(-0.014000067725961,-0.0116514816147157,0.000985775902487603));
#10080=CARTESIAN_POINT('',(-0.013910861891404,-0.01478125,0.0010877801762008));
#10081=CARTESIAN_POINT('',(-0.0159731323210234,-0.01478125,-0.00127036599683791));
#10082=CARTESIAN_POINT('',(-0.0150328113055831,-0.0115609859134323,0.00188373640413212));
#10083=CARTESIAN_POINT('',(-0.0148944083839713,-0.0147812500000077,0.00207570886485427));
#10084=CARTESIAN_POINT('',(-0.0169988155604336,-0.01478125,-0.000373374860751982));
#10085=CARTESIAN_POINT('',(-0.016070946584201,-0.0114706180165338,0.0027755020340486));
#10086=CARTESIAN_POINT('',(-0.0158633854769292,-0.0147812500000074,0.0030496151879344));
#10087=CARTESIAN_POINT('',(-0.0180271761935948,-0.01478125,0.000520553621253422));
#10088=CARTESIAN_POINT('',(-0.0171141911762224,-0.0113815046499275,0.00366113935317628));
#10089=CARTESIAN_POINT('',(-0.0168153375603678,-0.01478125,0.00400699315694841));
#10090=CARTESIAN_POINT('',(-0.0190581675204947,-0.01478125,0.00141143723333793));
#10091=CARTESIAN_POINT('',(-0.0169580928342971,-0.0114271140308551,0.00353385019560338));
#10092=CARTESIAN_POINT('',(-0.0168877014885599,-0.0122744536981815,0.00360614746974284));
#10093=CARTESIAN_POINT('',(-0.017275693854795,-0.0140210056202913,0.003207664944767));
#10094=CARTESIAN_POINT('',(-0.0184530376519609,-0.01478125,0.00199835940869294));
#10095=CARTESIAN_POINT('',(-0.0190398300070026,-0.01478125,0.00139559115701774));
#10096=CARTESIAN_POINT('',(-0.0209960479086032,-0.01478125,0.00353626150536693));
#10097=CARTESIAN_POINT('',(-0.0185994437397855,-0.01478125,0.00573026089902322));
#10098=CARTESIAN_POINT('',(-0.018790284534259,-0.0115423609957708,0.00555555345554653));
#10099=CARTESIAN_POINT('',(-0.0203394502578715,-0.01478125,0.00281903037414888));
#10100=CARTESIAN_POINT('',(-0.017903225647158,-0.0147812499999809,0.00503675545171739));
#10101=CARTESIAN_POINT('',(-0.01813491523583,-0.0115011612471148,0.00483479004045648));
#10102=CARTESIAN_POINT('',(-0.0196834918061777,-0.01478125,0.00210121408784409));
#10103=CARTESIAN_POINT('',(-0.0172118625185594,-0.0147812499999964,0.00434834977518919));
#10104=CARTESIAN_POINT('',(-0.017480819811106,-0.0114599829881033,0.00411286434714468));
#10105=CARTESIAN_POINT('',(-0.0190281740907688,-0.01478125,0.00138281333970316));
#10106=CARTESIAN_POINT('',(-0.0165257789467834,-0.01478125,0.00366547224983571));
#10107=CARTESIAN_POINT('',(-0.0168279990440082,-0.0114189330038798,0.00338979021000699));
#10108=CARTESIAN_POINT('',(-0.0240427209822088,0.01871875,-0.00251677847802523));
#10109=CARTESIAN_POINT('',(-0.023746251732805,0.01871875,-0.0022203092286215));
#10110=CARTESIAN_POINT('',(-0.023746251732805,0.01871875,-0.0022203092286215));
#10111=CARTESIAN_POINT('',(-0.0240427209822088,0.01871875,-0.00251677847802523));
#10112=CARTESIAN_POINT('',(-0.0243391902316124,0.01871875,-0.00281324772742897));
#10113=CARTESIAN_POINT('',(-0.0243391902316124,0.01871875,-0.00281324772742897));
#10114=CARTESIAN_POINT('',(-0.023746251732805,0.0207018229166667,-0.0022203092286215));
#10115=CARTESIAN_POINT('',(-0.023746251732805,0.0226848958333334,-0.0022203092286215));
#10116=CARTESIAN_POINT('',(-0.023746251732805,0.0226848958333334,-0.0022203092286215));
#10117=CARTESIAN_POINT('',(-0.023746251732805,0.0207018229166667,-0.0022203092286215));
#10118=CARTESIAN_POINT('',(-0.0239899334968076,0.0226848958333334,-0.00246399099262415));
#10119=CARTESIAN_POINT('',(-0.0242336152608103,0.0226848958333334,-0.00270767275662681));
#10120=CARTESIAN_POINT('',(-0.0242336152608103,0.0226848958333334,-0.00270767275662681));
#10121=CARTESIAN_POINT('',(-0.0239899334968076,0.0226848958333334,-0.00246399099262415));
#10122=CARTESIAN_POINT('',(-0.0246853779265684,0.0221762152777778,-0.00315943542238488));
#10123=CARTESIAN_POINT('',(-0.0251371405923264,0.0216675347222222,-0.00361119808814296));
#10124=CARTESIAN_POINT('',(-0.0251371405923264,0.0216675347222222,-0.00361119808814296));
#10125=CARTESIAN_POINT('',(-0.0246853779265684,0.0221762152777778,-0.00315943542238488));
#10126=CARTESIAN_POINT('',(-0.0249941233353677,0.0214153645833333,-0.00346818083118422));
#10127=CARTESIAN_POINT('',(-0.024851106078409,0.0211631944444444,-0.00332516357422547));
#10128=CARTESIAN_POINT('',(-0.024851106078409,0.0211631944444444,-0.00332516357422547));
#10129=CARTESIAN_POINT('',(-0.0249941233353677,0.0214153645833333,-0.00346818083118422));
#10130=CARTESIAN_POINT('',(-0.0246899814863418,0.0213463541666667,-0.00316403898215823));
#10131=CARTESIAN_POINT('',(-0.0245288568942745,0.0215295138888889,-0.00300291439009098));
#10132=CARTESIAN_POINT('',(-0.0245286664595954,0.0215292056813234,-0.00300272395541193));
#10133=CARTESIAN_POINT('',(-0.0246899814863418,0.0213463541666667,-0.00316403898215823));
#10134=CARTESIAN_POINT('',(-0.0267674984902723,0.0251526264425644,-0.00524155598606996));
#10135=CARTESIAN_POINT('',(-0.0243238265884744,0.0218037773696979,-0.00279788408429085));
#10136=CARTESIAN_POINT('',(-0.024323845032368,0.0218029513888889,-0.00279790252818447));
#10137=CARTESIAN_POINT('',(-0.0267674984902629,0.0251526264425644,-0.00524155598607935));
#10138=CARTESIAN_POINT('',(-0.0243284485921413,0.0215967881944444,-0.00280250608795781));
#10139=CARTESIAN_POINT('',(-0.0243330521519147,0.021390625,-0.00280710964773117));
#10140=CARTESIAN_POINT('',(-0.0243330521519147,0.021390625,-0.00280710964773117));
#10141=CARTESIAN_POINT('',(-0.0243284485921413,0.0215967881944444,-0.00280250608795781));
#10142=CARTESIAN_POINT('',(-0.0243361211917636,0.0212022569444444,-0.00281017868758007));
#10143=CARTESIAN_POINT('',(-0.0243391902316125,0.0210138888888889,-0.00281324772742897));
#10144=CARTESIAN_POINT('',(-0.0243391902316125,0.0210138888888889,-0.00281324772742897));
#10145=CARTESIAN_POINT('',(-0.0243361211917636,0.0212022569444444,-0.00281017868758007));
#10146=CARTESIAN_POINT('',(-0.0243391902316124,0.0198663194444444,-0.00281324772742897));
#10147=CARTESIAN_POINT('',(-0.0243391902316124,0.0198663194444444,-0.00281324772742897));
#10148=CARTESIAN_POINT('',(-0.0244303407151248,0.02071875,-0.0029043982109413));
#10149=CARTESIAN_POINT('',(-0.0151940104139927,0.01871875,0.00095));
#10150=CARTESIAN_POINT('',(-0.0138077256917705,0.01871875,0.00095));
#10151=CARTESIAN_POINT('',(-0.0138077256917705,0.01871875,0.00095));
#10152=CARTESIAN_POINT('',(-0.0151940104139927,0.01871875,0.00095));
#10153=CARTESIAN_POINT('',(-0.0165802951362149,0.01871875,0.00095));
#10154=CARTESIAN_POINT('',(-0.0165802951362149,0.01871875,0.00095));
#10155=CARTESIAN_POINT('',(-0.0138077256917705,0.0190716145833334,0.00095));
#10156=CARTESIAN_POINT('',(-0.0138077256917705,0.0194244791666667,0.00095));
#10157=CARTESIAN_POINT('',(-0.0138077256917705,0.0194244791666667,0.00095));
#10158=CARTESIAN_POINT('',(-0.0138077256917705,0.0190716145833334,0.00095));
#10159=CARTESIAN_POINT('',(-0.014671874997326,0.0194244791666667,0.00095));
#10160=CARTESIAN_POINT('',(-0.0155360243028816,0.0194244791666667,0.00095));
#10161=CARTESIAN_POINT('',(-0.0155360243028816,0.0194244791666667,0.00095));
#10162=CARTESIAN_POINT('',(-0.014671874997326,0.0194244791666667,0.00095));
#10163=CARTESIAN_POINT('',(-0.0155360243028816,0.0194431423611111,0.00095));
#10164=CARTESIAN_POINT('',(-0.0155360243028816,0.0194618055555555,0.00095));
#10165=CARTESIAN_POINT('',(-0.0155360243028816,0.0194618055555555,0.00095));
#10166=CARTESIAN_POINT('',(-0.0155360243028816,0.0194431423611111,0.00095));
#10167=CARTESIAN_POINT('',(-0.0152808159695482,0.0197018229166666,0.00095));
#10168=CARTESIAN_POINT('',(-0.0150256076362149,0.0199418402777778,0.00095));
#10169=CARTESIAN_POINT('',(-0.0150256076362149,0.0199418402777778,0.00095));
#10170=CARTESIAN_POINT('',(-0.0152808159695482,0.0197018229166666,0.00095));
#10171=CARTESIAN_POINT('',(-0.0143138020806594,0.0206610243055555,0.00095));
#10172=CARTESIAN_POINT('',(-0.0143138020806594,0.0206610243055555,0.00195));
#10173=CARTESIAN_POINT('',(-0.0144486400436223,0.0204929108796296,0.00095));
#10174=CARTESIAN_POINT('',(-0.0144486400436223,0.0204929108796296,0.00195));
#10175=CARTESIAN_POINT('',(-0.0146859085621408,0.0202531828703704,0.00095));
#10176=CARTESIAN_POINT('',(-0.0146859085621408,0.0202531828703704,0.00195));
#10177=CARTESIAN_POINT('',(-0.0150256076362149,0.0199418402777778,0.00095));
#10178=CARTESIAN_POINT('',(-0.0150256076362149,0.0199418402777778,0.00195));
#10179=CARTESIAN_POINT('',(-0.0143138020806594,0.0206610243055555,0.00095));
#10180=CARTESIAN_POINT('',(-0.0143138020806594,0.0206610243055555,0.00095));
#10181=CARTESIAN_POINT('',(-0.0143138020806594,0.0206610243055555,0.00095));
#10182=CARTESIAN_POINT('',(-0.0145160590251038,0.0204088541666666,0.00095));
#10183=CARTESIAN_POINT('',(-0.0150256076362149,0.0199418402777778,0.00095));
#10184=CARTESIAN_POINT('',(-0.0158377982550888,0.0219287996918329,0.00095));
#10185=CARTESIAN_POINT('',(-0.0140151909695482,0.0211532118055555,0.00095));
#10186=CARTESIAN_POINT('',(-0.0140148127362045,0.0211530488067116,0.00095));
#10187=CARTESIAN_POINT('',(-0.0158377982550888,0.0219287996918329,0.00095));
#10188=CARTESIAN_POINT('',(-0.0152863878635997,0.021656170601444,0.00095));
#10189=CARTESIAN_POINT('',(-0.0139188368028816,0.0216675347222222,0.00095));
#10190=CARTESIAN_POINT('',(-0.0139192042288157,0.0216675374466955,0.00095));
#10191=CARTESIAN_POINT('',(-0.0152863878635997,0.021656170601444,0.00095));
#10192=CARTESIAN_POINT('',(-0.0149268792724784,0.021686888102285,0.00095));
#10193=CARTESIAN_POINT('',(-0.0140763888862149,0.0222261284722222,0.00095));
#10194=CARTESIAN_POINT('',(-0.0140761865162776,0.0222262574497035,0.00095));
#10195=CARTESIAN_POINT('',(-0.0149268792724784,0.021686888102285,0.00095));
#10196=CARTESIAN_POINT('',(-0.0149506935987069,0.0216520349188805,0.00095));
#10197=CARTESIAN_POINT('',(-0.0145186631917705,0.0226059027777778,0.00095));
#10198=CARTESIAN_POINT('',(-0.0145186631917705,0.0226059027777778,0.00095));
#10199=CARTESIAN_POINT('',(-0.0149506935987069,0.0216520349188805,0.00095));
#10200=CARTESIAN_POINT('',(-0.0151749131917705,0.0227413194444445,0.00095));
#10201=CARTESIAN_POINT('',(-0.0151749131917705,0.0227413194444445,0.00195));
#10202=CARTESIAN_POINT('',(-0.0149272280065853,0.0227413194444445,0.00095));
#10203=CARTESIAN_POINT('',(-0.0149272280065853,0.0227413194444445,0.00195));
#10204=CARTESIAN_POINT('',(-0.0147084780065853,0.0226961805555556,0.00095));
#10205=CARTESIAN_POINT('',(-0.0147084780065853,0.0226961805555556,0.00195));
#10206=CARTESIAN_POINT('',(-0.0145186631917705,0.0226059027777778,0.00095));
#10207=CARTESIAN_POINT('',(-0.0145186631917705,0.0226059027777778,0.00195));
#10208=CARTESIAN_POINT('',(-0.0151749131917705,0.0227413194444445,0.00095));
#10209=CARTESIAN_POINT('',(-0.0151749131917705,0.0227413194444445,0.00095));
#10210=CARTESIAN_POINT('',(-0.0151749131917705,0.0227413194444445,0.00095));
#10211=CARTESIAN_POINT('',(-0.0148033854139927,0.0227413194444445,0.00095));
#10212=CARTESIAN_POINT('',(-0.0145186631917705,0.0226059027777778,0.00095));
#10213=CARTESIAN_POINT('',(-0.0152012467038084,0.0205769894049155,0.00095));
#10214=CARTESIAN_POINT('',(-0.0156848958306594,0.0226857638888889,0.00095));
#10215=CARTESIAN_POINT('',(-0.0156849289787214,0.0226859161217256,0.00095));
#10216=CARTESIAN_POINT('',(-0.0152012467038084,0.0205769894049155,0.00095));
#10217=CARTESIAN_POINT('',(-0.0152707384941675,0.0209448820603823,0.00095));
#10218=CARTESIAN_POINT('',(-0.016105468747326,0.02252734375,0.00095));
#10219=CARTESIAN_POINT('',(-0.016105468747326,0.02252734375,0.00095));
#10220=CARTESIAN_POINT('',(-0.0152707384941675,0.0209448820603823,0.00095));
#10221=CARTESIAN_POINT('',(-0.0165907118028816,0.0221744791666666,0.00095));
#10222=CARTESIAN_POINT('',(-0.0165907118028816,0.0221744791666666,0.00195));
#10223=CARTESIAN_POINT('',(-0.0163956886547334,0.0223411458333333,0.00095));
#10224=CARTESIAN_POINT('',(-0.0163956886547334,0.0223411458333333,0.00195));
#10225=CARTESIAN_POINT('',(-0.0162339409695483,0.0224587673611111,0.00095));
#10226=CARTESIAN_POINT('',(-0.0162339409695483,0.0224587673611111,0.00195));
#10227=CARTESIAN_POINT('',(-0.016105468747326,0.02252734375,0.00095));
#10228=CARTESIAN_POINT('',(-0.016105468747326,0.02252734375,0.00195));
#10229=CARTESIAN_POINT('',(-0.0165907118028816,0.0221744791666666,0.00095));
#10230=CARTESIAN_POINT('',(-0.0165907118028816,0.0221744791666666,0.00095));
#10231=CARTESIAN_POINT('',(-0.0165907118028816,0.0221744791666666,0.00095));
#10232=CARTESIAN_POINT('',(-0.0162981770806594,0.0224244791666666,0.00095));
#10233=CARTESIAN_POINT('',(-0.016105468747326,0.02252734375,0.00095));
#10234=CARTESIAN_POINT('',(-0.0163628472195483,0.0219045138888889,0.00095));
#10235=CARTESIAN_POINT('',(-0.016134578651216,0.0216340699850743,0.00095));
#10236=CARTESIAN_POINT('',(-0.016134578651216,0.0216340699850743,0.00095));
#10237=CARTESIAN_POINT('',(-0.0163628472195483,0.0219045138888889,0.00095));
#10238=CARTESIAN_POINT('',(-0.0146224345100592,0.0198606499013724,0.00095));
#10239=CARTESIAN_POINT('',(-0.0156818576362149,0.0219357638888889,0.00095));
#10240=CARTESIAN_POINT('',(-0.0156819470990636,0.0219359364917528,0.00095));
#10241=CARTESIAN_POINT('',(-0.0146224345100592,0.0198606499013724,0.00095));
#10242=CARTESIAN_POINT('',(-0.0152311893128412,0.0210341879795415,0.00095));
#10243=CARTESIAN_POINT('',(-0.0152348090251038,0.0220416666666667,0.00095));
#10244=CARTESIAN_POINT('',(-0.0152348090251038,0.0220416666666667,0.00095));
#10245=CARTESIAN_POINT('',(-0.0152311893128412,0.0210341879795415,0.00095));
#10246=CARTESIAN_POINT('',(-0.0148832465251038,0.0219249131944444,0.00095));
#10247=CARTESIAN_POINT('',(-0.0148832465251038,0.0219249131944444,0.00195));
#10248=CARTESIAN_POINT('',(-0.0149712094880668,0.0220027488425926,0.00095));
#10249=CARTESIAN_POINT('',(-0.0149712094880668,0.0220027488425926,0.00195));
#10250=CARTESIAN_POINT('',(-0.0150883969880668,0.0220416666666667,0.00095));
#10251=CARTESIAN_POINT('',(-0.0150883969880668,0.0220416666666667,0.00195));
#10252=CARTESIAN_POINT('',(-0.0152348090251038,0.0220416666666667,0.00095));
#10253=CARTESIAN_POINT('',(-0.0152348090251038,0.0220416666666667,0.00195));
#10254=CARTESIAN_POINT('',(-0.0148832465251038,0.0219249131944444,0.00095));
#10255=CARTESIAN_POINT('',(-0.0148832465251038,0.0219249131944444,0.00095));
#10256=CARTESIAN_POINT('',(-0.0148832465251038,0.0219249131944444,0.00095));
#10257=CARTESIAN_POINT('',(-0.0150151909695483,0.0220416666666667,0.00095));
#10258=CARTESIAN_POINT('',(-0.0152348090251038,0.0220416666666667,0.00095));
#10259=CARTESIAN_POINT('',(-0.0147513020806594,0.0215694444444445,0.00095));
#10260=CARTESIAN_POINT('',(-0.0147513020806594,0.0215694444444445,0.00195));
#10261=CARTESIAN_POINT('',(-0.0147513020806594,0.021728587962963,0.00095));
#10262=CARTESIAN_POINT('',(-0.0147513020806594,0.021728587962963,0.00195));
#10263=CARTESIAN_POINT('',(-0.0147952835621408,0.0218470775462963,0.00095));
#10264=CARTESIAN_POINT('',(-0.0147952835621408,0.0218470775462963,0.00195));
#10265=CARTESIAN_POINT('',(-0.0148832465251038,0.0219249131944444,0.00095));
#10266=CARTESIAN_POINT('',(-0.0148832465251038,0.0219249131944444,0.00195));
#10267=CARTESIAN_POINT('',(-0.0147513020806594,0.0215694444444445,0.00095));
#10268=CARTESIAN_POINT('',(-0.0147513039949018,0.0215694444424475,0.00095));
#10269=CARTESIAN_POINT('',(-0.0147513020806594,0.0215694444444445,0.00095));
#10270=CARTESIAN_POINT('',(-0.0147513020806594,0.0218081597222222,0.00095));
#10271=CARTESIAN_POINT('',(-0.0148832465251038,0.0219249131944444,0.00095));
#10272=CARTESIAN_POINT('',(-0.0155735051775179,0.021568586706022,0.00095));
#10273=CARTESIAN_POINT('',(-0.0148111979139927,0.0212604166666666,0.00095));
#10274=CARTESIAN_POINT('',(-0.014810881511755,0.0212602779982218,0.00095));
#10275=CARTESIAN_POINT('',(-0.0155735051775179,0.021568586706022,0.00095));
#10276=CARTESIAN_POINT('',(-0.0160979373133915,0.0218206678383316,0.00095));
#10277=CARTESIAN_POINT('',(-0.0150065104139927,0.0209361979166666,0.00095));
#10278=CARTESIAN_POINT('',(-0.0150065104139927,0.0209361979166666,0.00095));
#10279=CARTESIAN_POINT('',(-0.0160979373133915,0.0218206678383316,0.00095));
#10280=CARTESIAN_POINT('',(-0.0155846354139927,0.0203081597222222,0.00095));
#10281=CARTESIAN_POINT('',(-0.0155846354139927,0.0203081597222222,0.00195));
#10282=CARTESIAN_POINT('',(-0.0152894965251038,0.0206102430555556,0.00095));
#10283=CARTESIAN_POINT('',(-0.0152894965251038,0.0206102430555556,0.00195));
#10284=CARTESIAN_POINT('',(-0.0150967881917705,0.0208195891203704,0.00095));
#10285=CARTESIAN_POINT('',(-0.0150967881917705,0.0208195891203704,0.00195));
#10286=CARTESIAN_POINT('',(-0.0150065104139927,0.0209361979166666,0.00095));
#10287=CARTESIAN_POINT('',(-0.0150065104139927,0.0209361979166666,0.00195));
#10288=CARTESIAN_POINT('',(-0.0155846354139927,0.0203081597222222,0.00095));
#10289=CARTESIAN_POINT('',(-0.0155846354139927,0.0203081597222222,0.00095));
#10290=CARTESIAN_POINT('',(-0.0155846354139927,0.0203081597222222,0.00095));
#10291=CARTESIAN_POINT('',(-0.0151419270806593,0.0207612847222222,0.00095));
#10292=CARTESIAN_POINT('',(-0.0150065104139927,0.0209361979166666,0.00095));
#10293=CARTESIAN_POINT('',(-0.0160824652751038,0.0198051215277778,0.00095));
#10294=CARTESIAN_POINT('',(-0.0165802951362149,0.0193020833333334,0.00095));
#10295=CARTESIAN_POINT('',(-0.0165802951362149,0.0193020833333334,0.00095));
#10296=CARTESIAN_POINT('',(-0.0160824652751038,0.0198051215277778,0.00095));
#10297=CARTESIAN_POINT('',(-0.0165802951362149,0.0190104166666667,0.00095));
#10298=CARTESIAN_POINT('',(-0.0165802951362149,0.0190104166666667,0.00095));
#10299=CARTESIAN_POINT('',(-0.015124999997326,0.02071875,0.00095));
#10300=CARTESIAN_POINT('',(-0.00498395953639493,0.0217977430555556,-0.00374009795942159));
#10301=CARTESIAN_POINT('',(-0.00427685275520838,0.0217977430555556,-0.00303299117823503));
#10302=CARTESIAN_POINT('',(-0.00498395953639493,0.0215500578703704,-0.00374009795942159));
#10303=CARTESIAN_POINT('',(-0.00427685275520838,0.0215500578703704,-0.00303299117823503));
#10304=CARTESIAN_POINT('',(-0.0050370539257809,0.0213394097222222,-0.00368700357003562));
#10305=CARTESIAN_POINT('',(-0.00432994714459435,0.0213394097222222,-0.00297989678884906));
#10306=CARTESIAN_POINT('',(-0.00514324270455284,0.0211657986111111,-0.00358081479126368));
#10307=CARTESIAN_POINT('',(-0.00443613592336629,0.0211657986111111,-0.00287370801007712));
#10308=CARTESIAN_POINT('',(-0.00498395953639493,0.0217977430555556,-0.00374009795942159));
#10309=CARTESIAN_POINT('',(-0.00498395953639493,0.0217977430555556,-0.00374009795942159));
#10310=CARTESIAN_POINT('',(-0.00498395953639493,0.0217977430555556,-0.00374009795942159));
#10311=CARTESIAN_POINT('',(-0.00498395953639493,0.0214262152777778,-0.00374009795942159));
#10312=CARTESIAN_POINT('',(-0.00514324270455284,0.0211657986111111,-0.00358081479126368));
#10313=CARTESIAN_POINT('',(-0.00514324270455284,0.0211657986111111,-0.00358081479126368));
#10314=CARTESIAN_POINT('',(-0.00514324270455284,0.0211657986111111,-0.00358081479126368));
#10315=CARTESIAN_POINT('',(-0.0052362346119745,0.0224917534722223,-0.00348782288384201));
#10316=CARTESIAN_POINT('',(-0.00452912783078796,0.0224917534722223,-0.00278071610265546));
#10317=CARTESIAN_POINT('',(-0.00506805122825479,0.0223253761574074,-0.00365600626756172));
#10318=CARTESIAN_POINT('',(-0.00436094444706824,0.0223253761574074,-0.00294889948637518));
#10319=CARTESIAN_POINT('',(-0.00498395953639493,0.0220940393518518,-0.00374009795942159));
#10320=CARTESIAN_POINT('',(-0.00427685275520838,0.0220940393518518,-0.00303299117823504));
#10321=CARTESIAN_POINT('',(-0.00498395953639493,0.0217977430555556,-0.00374009795942159));
#10322=CARTESIAN_POINT('',(-0.00427685275520838,0.0217977430555556,-0.00303299117823504));
#10323=CARTESIAN_POINT('',(-0.0052362346119745,0.0224917534722223,-0.00348782288384201));
#10324=CARTESIAN_POINT('',(-0.0052362346119745,0.0224917534722223,-0.00348782288384201));
#10325=CARTESIAN_POINT('',(-0.0052362346119745,0.0224917534722223,-0.00348782288384201));
#10326=CARTESIAN_POINT('',(-0.00498395953639493,0.0222421875,-0.00374009795942159));
#10327=CARTESIAN_POINT('',(-0.00498395953639493,0.0217977430555556,-0.00374009795942159));
#10328=CARTESIAN_POINT('',(-0.00592369953812809,0.0227413194444445,-0.00280035795768842));
#10329=CARTESIAN_POINT('',(-0.00521659275694154,0.0227413194444445,-0.00209325117650187));
#10330=CARTESIAN_POINT('',(-0.00563357297107875,0.0227413194444445,-0.00309048452473776));
#10331=CARTESIAN_POINT('',(-0.0049264661898922,0.0227413194444445,-0.00238337774355121));
#10332=CARTESIAN_POINT('',(-0.00540441799569422,0.0226581307870371,-0.00331963950012229));
#10333=CARTESIAN_POINT('',(-0.00469731121450767,0.0226581307870371,-0.00261253271893574));
#10334=CARTESIAN_POINT('',(-0.0052362346119745,0.0224917534722223,-0.00348782288384201));
#10335=CARTESIAN_POINT('',(-0.00452912783078795,0.0224917534722223,-0.00278071610265545));
#10336=CARTESIAN_POINT('',(-0.00592369953812809,0.0227413194444445,-0.00280035795768842));
#10337=CARTESIAN_POINT('',(-0.00592369953812809,0.0227413194444445,-0.00280035795768842));
#10338=CARTESIAN_POINT('',(-0.00592369953812809,0.0227413194444445,-0.00280035795768842));
#10339=CARTESIAN_POINT('',(-0.00548850968755408,0.0227413194444445,-0.00323554780826243));
#10340=CARTESIAN_POINT('',(-0.0052362346119745,0.0224917534722223,-0.00348782288384201));
#10341=CARTESIAN_POINT('',(-0.00683888722107006,0.0223506944444445,-0.00188517027474646));
#10342=CARTESIAN_POINT('',(-0.00613178043988351,0.0223506944444445,-0.0011780634935599));
#10343=CARTESIAN_POINT('',(-0.00658313390032839,0.0226111111111111,-0.00214092359548812));
#10344=CARTESIAN_POINT('',(-0.00587602711914184,0.0226111111111111,-0.00143381681430157));
#10345=CARTESIAN_POINT('',(-0.00627807133934774,0.0227413194444445,-0.00244598615646877));
#10346=CARTESIAN_POINT('',(-0.00557096455816119,0.0227413194444445,-0.00173887937528222));
#10347=CARTESIAN_POINT('',(-0.00592369953812809,0.0227413194444445,-0.00280035795768842));
#10348=CARTESIAN_POINT('',(-0.00521659275694154,0.0227413194444445,-0.00209325117650187));
#10349=CARTESIAN_POINT('',(-0.00683888722107006,0.0223506944444445,-0.00188517027474646));
#10350=CARTESIAN_POINT('',(-0.00683888722107006,0.0223506944444445,-0.00188517027474646));
#10351=CARTESIAN_POINT('',(-0.00683888722107006,0.0223506944444445,-0.00188517027474646));
#10352=CARTESIAN_POINT('',(-0.00645525723995756,0.0227413194444445,-0.00226880025585895));
#10353=CARTESIAN_POINT('',(-0.00592369953812809,0.0227413194444445,-0.00280035795768842));
#10354=CARTESIAN_POINT('',(-0.00670170113982423,0.0220620659722222,-0.00202235635599229));
#10355=CARTESIAN_POINT('',(-0.00656418180029739,0.0217727363514022,-0.00215987569551912));
#10356=CARTESIAN_POINT('',(-0.00656418180029739,0.0217727363514022,-0.00215987569551912));
#10357=CARTESIAN_POINT('',(-0.00670170113982423,0.0220620659722222,-0.00202235635599229));
#10358=CARTESIAN_POINT('',(-0.00578513035586175,0.0201491518222127,-0.00293892713995525));
#10359=CARTESIAN_POINT('',(-0.00624717633820215,0.0219982638888889,-0.00247688115761436));
#10360=CARTESIAN_POINT('',(-0.0062472600392808,0.0219985916729695,-0.00247679745653571));
#10361=CARTESIAN_POINT('',(-0.0057851303558615,0.0201491518222127,-0.00293892713995501));
#10362=CARTESIAN_POINT('',(-0.00595959601859007,0.0207702620390065,-0.00276446147722648));
#10363=CARTESIAN_POINT('',(-0.00596605228804291,0.0220633680555555,-0.0027580052077736));
#10364=CARTESIAN_POINT('',(-0.00596605228804291,0.0220633680555555,-0.0027580052077736));
#10365=CARTESIAN_POINT('',(-0.00595959601859005,0.0207702620390065,-0.00276446147722646));
#10366=CARTESIAN_POINT('',(-0.00556707710768592,0.0216128472222222,-0.0031569803881306));
#10367=CARTESIAN_POINT('',(-0.00485997032649937,0.0216128472222222,-0.00244987360694404));
#10368=CARTESIAN_POINT('',(-0.00556707710768592,0.0219131944444445,-0.0031569803881306));
#10369=CARTESIAN_POINT('',(-0.00485997032649937,0.0219131944444445,-0.00244987360694404));
#10370=CARTESIAN_POINT('',(-0.00570006883447158,0.0220633680555555,-0.00302398866134493));
#10371=CARTESIAN_POINT('',(-0.00499296205328503,0.0220633680555555,-0.00231688188015838));
#10372=CARTESIAN_POINT('',(-0.00596605228804291,0.0220633680555555,-0.0027580052077736));
#10373=CARTESIAN_POINT('',(-0.00525894550685636,0.0220633680555555,-0.00205089842658705));
#10374=CARTESIAN_POINT('',(-0.00556707710768592,0.0216128472222222,-0.0031569803881306));
#10375=CARTESIAN_POINT('',(-0.00556707710768592,0.0216128472222222,-0.0031569803881306));
#10376=CARTESIAN_POINT('',(-0.00556707710768592,0.0216128472222222,-0.0031569803881306));
#10377=CARTESIAN_POINT('',(-0.00556707710768592,0.0220633680555555,-0.0031569803881306));
#10378=CARTESIAN_POINT('',(-0.00596605228804291,0.0220633680555555,-0.0027580052077736));
#10379=CARTESIAN_POINT('',(-0.0057177669642669,0.0211996527777778,-0.00300629053154961));
#10380=CARTESIAN_POINT('',(-0.00501066018308036,0.0211996527777778,-0.00229918375036306));
#10381=CARTESIAN_POINT('',(-0.00561730705987958,0.0212800925925926,-0.00310675043593693));
#10382=CARTESIAN_POINT('',(-0.00491020027869303,0.0212800925925926,-0.00239964365475039));
#10383=CARTESIAN_POINT('',(-0.00556707710768592,0.0214178240740741,-0.0031569803881306));
#10384=CARTESIAN_POINT('',(-0.00485997032649938,0.0214178240740741,-0.00244987360694405));
#10385=CARTESIAN_POINT('',(-0.00556707710768592,0.0216128472222222,-0.0031569803881306));
#10386=CARTESIAN_POINT('',(-0.00485997032649938,0.0216128472222222,-0.00244987360694405));
#10387=CARTESIAN_POINT('',(-0.0057177669642669,0.0211996527777778,-0.00300629053154961));
#10388=CARTESIAN_POINT('',(-0.0057177669642669,0.0211996527777778,-0.00300629053154961));
#10389=CARTESIAN_POINT('',(-0.0057177669642669,0.0211996527777778,-0.00300629053154961));
#10390=CARTESIAN_POINT('',(-0.00556707710768592,0.0213203125,-0.0031569803881306));
#10391=CARTESIAN_POINT('',(-0.00556707710768592,0.0216128472222222,-0.0031569803881306));
#10392=CARTESIAN_POINT('',(-0.00619438885280107,0.0210789930555556,-0.00252966864301545));
#10393=CARTESIAN_POINT('',(-0.00548728207161452,0.0210789930555556,-0.00182256186182889));
#10394=CARTESIAN_POINT('',(-0.00597710083149895,0.0210789930555556,-0.00274695666431756));
#10395=CARTESIAN_POINT('',(-0.0052699940503124,0.0210789930555556,-0.00203984988313101));
#10396=CARTESIAN_POINT('',(-0.00581822686865423,0.021119212962963,-0.00290583062716228));
#10397=CARTESIAN_POINT('',(-0.00511112008746767,0.021119212962963,-0.00219872384597573));
#10398=CARTESIAN_POINT('',(-0.0057177669642669,0.0211996527777778,-0.00300629053154961));
#10399=CARTESIAN_POINT('',(-0.00501066018308035,0.0211996527777778,-0.00229918375036305));
#10400=CARTESIAN_POINT('',(-0.00619438885280107,0.0210789930555556,-0.00252966864301545));
#10401=CARTESIAN_POINT('',(-0.00619438885280107,0.0210789930555556,-0.00252966864301545));
#10402=CARTESIAN_POINT('',(-0.00619438885280107,0.0210789930555556,-0.00252966864301545));
#10403=CARTESIAN_POINT('',(-0.00586845682084789,0.0210789930555556,-0.00285560067496862));
#10404=CARTESIAN_POINT('',(-0.0057177669642669,0.0211996527777778,-0.00300629053154961));
#10405=CARTESIAN_POINT('',(-0.00630272595946723,0.0210789930555556,-0.00242133153634927));
#10406=CARTESIAN_POINT('',(-0.0064110630661334,0.0210789930555556,-0.00231299442968311));
#10407=CARTESIAN_POINT('',(-0.0064110630661334,0.0210789930555556,-0.00231299442968311));
#10408=CARTESIAN_POINT('',(-0.00630272595946723,0.0210789930555556,-0.00242133153634927));
#10409=CARTESIAN_POINT('',(-0.0064110630661334,0.0207573784722223,-0.00231299442968311));
#10410=CARTESIAN_POINT('',(-0.0064110630661334,0.0204357638888889,-0.00231299442968311));
#10411=CARTESIAN_POINT('',(-0.0064110630661334,0.0204357638888889,-0.00231299442968311));
#10412=CARTESIAN_POINT('',(-0.0064110630661334,0.0207573784722223,-0.00231299442968311));
#10413=CARTESIAN_POINT('',(-0.00630456738337657,0.0204357638888889,-0.00241949011243993));
#10414=CARTESIAN_POINT('',(-0.00619807170061975,0.0204357638888889,-0.00252598579519676));
#10415=CARTESIAN_POINT('',(-0.00619807170061975,0.0204357638888889,-0.00252598579519676));
#10416=CARTESIAN_POINT('',(-0.00630456738337657,0.0204357638888889,-0.00241949011243993));
#10417=CARTESIAN_POINT('',(-0.00568400752592901,0.0203190104166667,-0.0030400499698875));
#10418=CARTESIAN_POINT('',(-0.00497690074474246,0.0203190104166667,-0.00233294318870096));
#10419=CARTESIAN_POINT('',(-0.0057914239206405,0.0203968460648148,-0.00293263357517601));
#10420=CARTESIAN_POINT('',(-0.00508431713945395,0.0203968460648148,-0.00222552679398946));
#10421=CARTESIAN_POINT('',(-0.00596277864553742,0.0204357638888889,-0.00276127885027909));
#10422=CARTESIAN_POINT('',(-0.00525567186435087,0.0204357638888889,-0.00205417206909254));
#10423=CARTESIAN_POINT('',(-0.00619807170061975,0.0204357638888889,-0.00252598579519676));
#10424=CARTESIAN_POINT('',(-0.0054909649194332,0.0204357638888889,-0.00181887901401022));
#10425=CARTESIAN_POINT('',(-0.00568400752592901,0.0203190104166667,-0.0030400499698875));
#10426=CARTESIAN_POINT('',(-0.00568400752592901,0.0203190104166667,-0.0030400499698875));
#10427=CARTESIAN_POINT('',(-0.00568400752592901,0.0203190104166667,-0.0030400499698875));
#10428=CARTESIAN_POINT('',(-0.00584513211799625,0.0204357638888889,-0.00287892537782026));
#10429=CARTESIAN_POINT('',(-0.00619807170061975,0.0204357638888889,-0.00252598579519676));
#10430=CARTESIAN_POINT('',(-0.00552288293386176,0.0199236111111111,-0.00320117456195475));
#10431=CARTESIAN_POINT('',(-0.00481577615267521,0.0199236111111111,-0.0024940677807682));
#10432=CARTESIAN_POINT('',(-0.00552288293386176,0.020109375,-0.00320117456195475));
#10433=CARTESIAN_POINT('',(-0.00481577615267521,0.020109375,-0.0024940677807682));
#10434=CARTESIAN_POINT('',(-0.00557659113121751,0.0202411747685185,-0.003147466364599));
#10435=CARTESIAN_POINT('',(-0.00486948435003096,0.0202411747685185,-0.00244035958341245));
#10436=CARTESIAN_POINT('',(-0.00568400752592901,0.0203190104166667,-0.0030400499698875));
#10437=CARTESIAN_POINT('',(-0.00497690074474246,0.0203190104166667,-0.00233294318870096));
#10438=CARTESIAN_POINT('',(-0.00552288293386176,0.0199236111111111,-0.00320117456195475));
#10439=CARTESIAN_POINT('',(-0.00552288293386176,0.0199236111111111,-0.00320117456195475));
#10440=CARTESIAN_POINT('',(-0.00552288293386176,0.0199236111111111,-0.00320117456195475));
#10441=CARTESIAN_POINT('',(-0.00552288293386176,0.0202022569444444,-0.00320117456195475));
#10442=CARTESIAN_POINT('',(-0.00568400752592901,0.0203190104166667,-0.0030400499698875));
#10443=CARTESIAN_POINT('',(-0.0056628311509716,0.0194700520833334,-0.00306122634484492));
#10444=CARTESIAN_POINT('',(-0.00495572436978505,0.0194700520833334,-0.00235411956365836));
#10445=CARTESIAN_POINT('',(-0.00556953233956504,0.0195640914351852,-0.00315452515625147));
#10446=CARTESIAN_POINT('',(-0.00486242555837849,0.0195640914351852,-0.00244741837506492));
#10447=CARTESIAN_POINT('',(-0.00552288293386176,0.0197152777777778,-0.00320117456195475));
#10448=CARTESIAN_POINT('',(-0.00481577615267521,0.0197152777777778,-0.0024940677807682));
#10449=CARTESIAN_POINT('',(-0.00552288293386176,0.0199236111111111,-0.00320117456195475));
#10450=CARTESIAN_POINT('',(-0.00481577615267521,0.0199236111111111,-0.0024940677807682));
#10451=CARTESIAN_POINT('',(-0.0056628311509716,0.0194700520833334,-0.00306122634484492));
#10452=CARTESIAN_POINT('',(-0.0056628311509716,0.0194700520833334,-0.00306122634484492));
#10453=CARTESIAN_POINT('',(-0.0056628311509716,0.0194700520833334,-0.00306122634484492));
#10454=CARTESIAN_POINT('',(-0.00552288293386176,0.0196111111111111,-0.00320117456195475));
#10455=CARTESIAN_POINT('',(-0.00552288293386176,0.0199236111111111,-0.00320117456195475));
#10456=CARTESIAN_POINT('',(-0.00609679338560605,0.0193289930555555,-0.00262726411021046));
#10457=CARTESIAN_POINT('',(-0.0053896866044195,0.0193289930555555,-0.00192015732902391));
#10458=CARTESIAN_POINT('',(-0.00590078404058964,0.0193289930555555,-0.00282327345522687));
#10459=CARTESIAN_POINT('',(-0.00519367725940309,0.0193289930555555,-0.00211616667404032));
#10460=CARTESIAN_POINT('',(-0.00575612996237815,0.0193760127314815,-0.00296792753343836));
#10461=CARTESIAN_POINT('',(-0.0050490231811916,0.0193760127314815,-0.0022608207522518));
#10462=CARTESIAN_POINT('',(-0.0056628311509716,0.0194700520833334,-0.00306122634484492));
#10463=CARTESIAN_POINT('',(-0.00495572436978505,0.0194700520833334,-0.00235411956365836));
#10464=CARTESIAN_POINT('',(-0.00609679338560605,0.0193289930555555,-0.00262726411021046));
#10465=CARTESIAN_POINT('',(-0.00609679338560605,0.0193289930555555,-0.00262726411021046));
#10466=CARTESIAN_POINT('',(-0.00609679338560605,0.0193289930555555,-0.00262726411021046));
#10467=CARTESIAN_POINT('',(-0.00580277936808143,0.0193289930555555,-0.00292127812773508));
#10468=CARTESIAN_POINT('',(-0.0056628311509716,0.0194700520833334,-0.00306122634484492));
#10469=CARTESIAN_POINT('',(-0.00609103788235632,0.0214615085342336,-0.00263301961346048));
#10470=CARTESIAN_POINT('',(-0.00648410621453722,0.01940234375,-0.00223995128127929));
#10471=CARTESIAN_POINT('',(-0.00648408296718575,0.0194024675874817,-0.00223997452863076));
#10472=CARTESIAN_POINT('',(-0.00609103788235618,0.0214615085342336,-0.00263301961346034));
#10473=CARTESIAN_POINT('',(-0.0060260037501281,0.0219131973766449,-0.00269805374568852));
#10474=CARTESIAN_POINT('',(-0.00684257006888874,0.0195917297708411,-0.00188148742692778));
#10475=CARTESIAN_POINT('',(-0.00684257006888874,0.0195917297708411,-0.00188148742692777));
#10476=CARTESIAN_POINT('',(-0.00602600375012804,0.0219131973766449,-0.00269805374568847));
#10477=CARTESIAN_POINT('',(-0.00684257006888874,0.0192352430555555,-0.00188148742692778));
#10478=CARTESIAN_POINT('',(-0.00684257006888874,0.0188784722222223,-0.00188148742692778));
#10479=CARTESIAN_POINT('',(-0.00684257006888874,0.0188784722222223,-0.00188148742692778));
#10480=CARTESIAN_POINT('',(-0.00684257006888874,0.0192352430555555,-0.00188148742692778));
#10481=CARTESIAN_POINT('',(-0.00603295735674893,0.0186640625,-0.00269110013906758));
#10482=CARTESIAN_POINT('',(-0.00532585057556238,0.0186640625,-0.00198399335788103));
#10483=CARTESIAN_POINT('',(-0.0063374061097598,0.0186640625,-0.00238665138605671));
#10484=CARTESIAN_POINT('',(-0.00563029932857325,0.0186640625,-0.00167954460487016));
#10485=CARTESIAN_POINT('',(-0.00660727701380641,0.0187355324074074,-0.0021167804820101));
#10486=CARTESIAN_POINT('',(-0.00590017023261986,0.0187355324074074,-0.00140967370082356));
#10487=CARTESIAN_POINT('',(-0.00684257006888874,0.0188784722222223,-0.00188148742692778));
#10488=CARTESIAN_POINT('',(-0.00613546328770219,0.0188784722222223,-0.00117438064574123));
#10489=CARTESIAN_POINT('',(-0.00603295735674893,0.0186640625,-0.00269110013906758));
#10490=CARTESIAN_POINT('',(-0.00603295735674893,0.0186640625,-0.00269110013906758));
#10491=CARTESIAN_POINT('',(-0.00603295735674893,0.0186640625,-0.00269110013906758));
#10492=CARTESIAN_POINT('',(-0.00648963048626524,0.0186640625,-0.00223442700955127));
#10493=CARTESIAN_POINT('',(-0.00684257006888874,0.0188784722222223,-0.00188148742692778));
#10494=CARTESIAN_POINT('',(-0.00519510947799924,0.0189830729166666,-0.00352894801781727));
#10495=CARTESIAN_POINT('',(-0.00448800269681269,0.0189830729166666,-0.00282184123663072));
#10496=CARTESIAN_POINT('',(-0.00539070961770247,0.0187703993055555,-0.00333334787811404));
#10497=CARTESIAN_POINT('',(-0.00468360283651592,0.0187703993055555,-0.00262624109692749));
#10498=CARTESIAN_POINT('',(-0.00566999224395236,0.0186640625,-0.00305406525186415));
#10499=CARTESIAN_POINT('',(-0.00496288546276582,0.0186640625,-0.0023469584706776));
#10500=CARTESIAN_POINT('',(-0.00603295735674893,0.0186640625,-0.00269110013906758));
#10501=CARTESIAN_POINT('',(-0.00532585057556238,0.0186640625,-0.00198399335788103));
#10502=CARTESIAN_POINT('',(-0.00519510947799924,0.0189830729166666,-0.00352894801781727));
#10503=CARTESIAN_POINT('',(-0.00519510947799924,0.0189830729166666,-0.00352894801781727));
#10504=CARTESIAN_POINT('',(-0.00519510947799924,0.0189830729166666,-0.00352894801781727));
#10505=CARTESIAN_POINT('',(-0.00548850968755408,0.0186640625,-0.00323554780826243));
#10506=CARTESIAN_POINT('',(-0.00603295735674893,0.0186640625,-0.00269110013906758));
#10507=CARTESIAN_POINT('',(-0.00490170926844441,0.0198741319444444,-0.0038223482273721));
#10508=CARTESIAN_POINT('',(-0.00419460248725786,0.0198741319444444,-0.00311524144618555));
#10509=CARTESIAN_POINT('',(-0.00490170926844441,0.0194927662037037,-0.0038223482273721));
#10510=CARTESIAN_POINT('',(-0.00419460248725786,0.0194927662037037,-0.00311524144618555));
#10511=CARTESIAN_POINT('',(-0.00499950933829602,0.0191957465277778,-0.00372454815752049));
#10512=CARTESIAN_POINT('',(-0.00429240255710947,0.0191957465277778,-0.00301744137633394));
#10513=CARTESIAN_POINT('',(-0.00519510947799924,0.0189830729166666,-0.00352894801781727));
#10514=CARTESIAN_POINT('',(-0.00448800269681269,0.0189830729166666,-0.00282184123663072));
#10515=CARTESIAN_POINT('',(-0.00490170926844441,0.0198741319444444,-0.0038223482273721));
#10516=CARTESIAN_POINT('',(-0.00490170926844441,0.0198741319444444,-0.0038223482273721));
#10517=CARTESIAN_POINT('',(-0.00490170926844441,0.0198741319444444,-0.0038223482273721));
#10518=CARTESIAN_POINT('',(-0.00490170926844441,0.0193020833333334,-0.0038223482273721));
#10519=CARTESIAN_POINT('',(-0.00519510947799924,0.0189830729166666,-0.00352894801781727));
#10520=CARTESIAN_POINT('',(-0.00507603073186193,0.0204995659722223,-0.00364802676395458));
#10521=CARTESIAN_POINT('',(-0.00436892395067538,0.0204995659722223,-0.00294091998276803));
#10522=CARTESIAN_POINT('',(-0.00495981642291692,0.0203447627314815,-0.00376424107289959));
#10523=CARTESIAN_POINT('',(-0.00425270964173036,0.0203447627314815,-0.00305713429171304));
#10524=CARTESIAN_POINT('',(-0.00490170926844441,0.0201362847222222,-0.0038223482273721));
#10525=CARTESIAN_POINT('',(-0.00419460248725786,0.0201362847222222,-0.00311524144618555));
#10526=CARTESIAN_POINT('',(-0.00490170926844441,0.0198741319444444,-0.0038223482273721));
#10527=CARTESIAN_POINT('',(-0.00419460248725786,0.0198741319444444,-0.00311524144618555));
#10528=CARTESIAN_POINT('',(-0.00507603073186193,0.0204995659722223,-0.00364802676395458));
#10529=CARTESIAN_POINT('',(-0.00507603073186193,0.0204995659722223,-0.00364802676395458));
#10530=CARTESIAN_POINT('',(-0.00507603073186193,0.0204995659722223,-0.00364802676395458));
#10531=CARTESIAN_POINT('',(-0.00490170926844441,0.0202673611111111,-0.0038223482273721));
#10532=CARTESIAN_POINT('',(-0.00490170926844441,0.0198741319444444,-0.0038223482273721));
#10533=CARTESIAN_POINT('',(-0.00559040181053756,0.0207916666666666,-0.00313365568527895));
#10534=CARTESIAN_POINT('',(-0.00488329502935101,0.0207916666666666,-0.00242654890409241));
#10535=CARTESIAN_POINT('',(-0.00536370206703215,0.0207517361111111,-0.00336035542878436));
#10536=CARTESIAN_POINT('',(-0.0046565952858456,0.0207517361111111,-0.00265324864759781));
#10537=CARTESIAN_POINT('',(-0.00519224504080694,0.020654369212963,-0.00353181245500957));
#10538=CARTESIAN_POINT('',(-0.00448513825962039,0.020654369212963,-0.00282470567382302));
#10539=CARTESIAN_POINT('',(-0.00507603073186193,0.0204995659722223,-0.00364802676395458));
#10540=CARTESIAN_POINT('',(-0.00436892395067538,0.0204995659722223,-0.00294091998276804));
#10541=CARTESIAN_POINT('',(-0.00559040181053756,0.0207916666666666,-0.00313365568527895));
#10542=CARTESIAN_POINT('',(-0.00559040181053756,0.0207916666666666,-0.00313365568527895));
#10543=CARTESIAN_POINT('',(-0.00559040181053756,0.0207916666666666,-0.00313365568527895));
#10544=CARTESIAN_POINT('',(-0.00525035219527944,0.0207317708333334,-0.00347370530053707));
#10545=CARTESIAN_POINT('',(-0.00507603073186193,0.0204995659722223,-0.00364802676395458));
#10546=CARTESIAN_POINT('',(-0.00559040181053756,0.0207994791666666,-0.00313365568527895));
#10547=CARTESIAN_POINT('',(-0.00559040181053756,0.0208072916666667,-0.00313365568527895));
#10548=CARTESIAN_POINT('',(-0.00559040181053756,0.0208072916666667,-0.00313365568527895));
#10549=CARTESIAN_POINT('',(-0.00559040181053756,0.0207994791666666,-0.00313365568527895));
#10550=CARTESIAN_POINT('',(-0.00514324270455284,0.0211657986111111,-0.00358081479126368));
#10551=CARTESIAN_POINT('',(-0.00443613592336629,0.0211657986111111,-0.00287370801007712));
#10552=CARTESIAN_POINT('',(-0.00524943148332477,0.0209921875,-0.00347462601249174));
#10553=CARTESIAN_POINT('',(-0.00454232470213822,0.0209921875,-0.00276751923130519));
#10554=CARTESIAN_POINT('',(-0.00539848451865301,0.0208726851851852,-0.0033255729771635));
#10555=CARTESIAN_POINT('',(-0.00469137773746646,0.0208726851851852,-0.00261846619597695));
#10556=CARTESIAN_POINT('',(-0.00559040181053756,0.0208072916666667,-0.00313365568527895));
#10557=CARTESIAN_POINT('',(-0.00488329502935101,0.0208072916666667,-0.0024265489040924));
#10558=CARTESIAN_POINT('',(-0.00514324270455284,0.0211657986111111,-0.00358081479126368));
#10559=CARTESIAN_POINT('',(-0.00530252587271074,0.0209053819444444,-0.00342153162310577));
#10560=CARTESIAN_POINT('',(-0.00559040181053756,0.0208072916666667,-0.00313365568527895));
#10561=CARTESIAN_POINT('',(-0.00581965908725038,0.02071875,-0.00290439840856612));
#10562=CARTESIAN_POINT('',(-0.00196526067868423,0.0205282118055556,-0.0122748434879824));
#10563=CARTESIAN_POINT('',(-0.000965260678684232,0.0205282118055556,-0.0122748434879824));
#10564=CARTESIAN_POINT('',(-0.000965260678684232,0.0201918402777778,-0.0122748434879824));
#10565=CARTESIAN_POINT('',(-0.000965260678684232,0.0208645847713338,-0.01227470262688));
#10566=CARTESIAN_POINT('',(-0.00196526067868423,0.0201918402777778,-0.0122748434879824));
#10567=CARTESIAN_POINT('',(-0.00196526067868423,0.0201918402777778,-0.0122748434879824));
#10568=CARTESIAN_POINT('',(-0.00196526067868423,0.0205282118055556,-0.0122748434879824));
#10569=CARTESIAN_POINT('',(-0.00196526042868423,0.0208645847713338,-0.0122747026268799));
#10570=CARTESIAN_POINT('',(-0.00196526067868423,0.0208645833333333,-0.0122748434879824));
#10571=CARTESIAN_POINT('',(-0.00196526067868423,0.0201918402777778,-0.0117974129324269));
#10572=CARTESIAN_POINT('',(-0.000965260678684232,0.0201918402777778,-0.0117974129324269));
#10573=CARTESIAN_POINT('',(-0.000965260678684233,0.0201918402777778,-0.0113199823768713));
#10574=CARTESIAN_POINT('',(-0.00196526067868423,0.0201918402777778,-0.0113199823768713));
#10575=CARTESIAN_POINT('',(-0.00196526067868423,0.0201918402777778,-0.0113199823768713));
#10576=CARTESIAN_POINT('',(-0.00196526067868423,0.0201918402777778,-0.0117974129324269));
#10577=CARTESIAN_POINT('',(-0.00196526067868423,0.0207413194444444,-0.0116836976546491));
#10578=CARTESIAN_POINT('',(-0.000965260678684232,0.0207413194444444,-0.0116836976546491));
#10579=CARTESIAN_POINT('',(-0.000965260678684232,0.0212908162551138,-0.0120473865696623));
#10580=CARTESIAN_POINT('',(-0.00196526067868423,0.0212907986111111,-0.0120474129324269));
#10581=CARTESIAN_POINT('',(-0.00196526067868423,0.0212908162551138,-0.0120473865696623));
#10582=CARTESIAN_POINT('',(-0.00196526067868423,0.0207413194444444,-0.0116836976546491));
#10583=CARTESIAN_POINT('',(-0.00196526067868424,0.0229743847280431,-0.00953188483209685));
#10584=CARTESIAN_POINT('',(-0.000965260678684233,0.0229743847280431,-0.00953188483209685));
#10585=CARTESIAN_POINT('',(-0.000965260678684232,0.0217248263888889,-0.0122887968205106));
#10586=CARTESIAN_POINT('',(-0.00196526067868423,0.0217248263888889,-0.0122887968205106));
#10587=CARTESIAN_POINT('',(-0.00196526067868423,0.0217248263888889,-0.0122887968205106));
#10588=CARTESIAN_POINT('',(-0.00196526067868424,0.0229743847280431,-0.00953188483209685));
#10589=CARTESIAN_POINT('',(-0.00196526067868423,0.0217248263888889,-0.0122995830713158));
#10590=CARTESIAN_POINT('',(-0.000965260678684232,0.0217248263888889,-0.0122995830713158));
#10591=CARTESIAN_POINT('',(-0.000965260678684232,0.0217248263888889,-0.0123097120803649));
#10592=CARTESIAN_POINT('',(-0.00196526067868423,0.0217248263888889,-0.0123097120803649));
#10593=CARTESIAN_POINT('',(-0.00196526067868423,0.0217248263888889,-0.0123097120803649));
#10594=CARTESIAN_POINT('',(-0.00196526067868423,0.0217248263888889,-0.0122995830713158));
#10595=CARTESIAN_POINT('',(-0.00196526067868424,0.0210927017322421,-0.020361690649077));
#10596=CARTESIAN_POINT('',(-0.00096526067868423,0.0210927017322421,-0.020361690649077));
#10597=CARTESIAN_POINT('',(-0.000965260678684232,0.0213528580870501,-0.012288930410668));
#10598=CARTESIAN_POINT('',(-0.00196526067868423,0.0213528645833333,-0.0122887323768713));
#10599=CARTESIAN_POINT('',(-0.00196526067868423,0.0213528580870501,-0.012288930410668));
#10600=CARTESIAN_POINT('',(-0.00196526067868423,0.0210927017322421,-0.020361690649077));
#10601=CARTESIAN_POINT('',(-0.00196526067868423,0.0195407986111111,-0.0133330032102046));
#10602=CARTESIAN_POINT('',(-0.00196526067868423,0.0195407986111111,-0.0135717184879824));
#10603=CARTESIAN_POINT('',(-0.00196526067868423,0.0195407986111111,-0.0135717184879824));
#10604=CARTESIAN_POINT('',(-0.00196526067868423,0.0195407986111111,-0.0133330032102046));
#10605=CARTESIAN_POINT('',(-0.00196526067868423,0.0195407986111111,-0.0130942879324269));
#10606=CARTESIAN_POINT('',(-0.00196526067868423,0.0195407986111111,-0.0130942879324269));
#10607=CARTESIAN_POINT('',(-0.00196526067868423,0.0198663194444444,-0.0135717184879824));
#10608=CARTESIAN_POINT('',(-0.00196526067868423,0.0201918402777778,-0.0135717184879824));
#10609=CARTESIAN_POINT('',(-0.00196526067868423,0.0201918402777778,-0.0135717184879824));
#10610=CARTESIAN_POINT('',(-0.00196526067868423,0.0198663194444444,-0.0135717184879824));
#10611=CARTESIAN_POINT('',(-0.00196526067868423,0.0201918402777778,-0.0133330032102046));
#10612=CARTESIAN_POINT('',(-0.00196526067868423,0.0201918402777778,-0.0130942879324269));
#10613=CARTESIAN_POINT('',(-0.00196526067868423,0.0201918402777778,-0.0130942879324269));
#10614=CARTESIAN_POINT('',(-0.00196526067868423,0.0201918402777778,-0.0133330032102046));
#10615=CARTESIAN_POINT('',(-0.00196526067868423,0.0214383680555555,-0.0130942879324269));
#10616=CARTESIAN_POINT('',(-0.00196526067868423,0.0226848958333334,-0.0130942879324269));
#10617=CARTESIAN_POINT('',(-0.00196526067868423,0.0226848958333334,-0.0130942879324269));
#10618=CARTESIAN_POINT('',(-0.00196526067868423,0.0214383680555555,-0.0130942879324269));
#10619=CARTESIAN_POINT('',(-0.00196526067868423,0.0226848958333334,-0.0127080032102046));
#10620=CARTESIAN_POINT('',(-0.00196526067868423,0.0226848958333334,-0.0123217184879824));
#10621=CARTESIAN_POINT('',(-0.00196526067868423,0.0226848958333334,-0.0123217184879824));
#10622=CARTESIAN_POINT('',(-0.00196526067868423,0.0226848958333334,-0.0127080032102046));
#10623=CARTESIAN_POINT('',(-0.00196526067868423,0.0214045138888889,-0.0114519268213158));
#10624=CARTESIAN_POINT('',(-0.00196526067868423,0.0201241319444444,-0.0105821351546491));
#10625=CARTESIAN_POINT('',(-0.00196526067868423,0.0201241319444444,-0.0105821351546491));
#10626=CARTESIAN_POINT('',(-0.00196526067868423,0.0214045138888889,-0.0114519268213158));
#10627=CARTESIAN_POINT('',(-0.00196526067868423,0.0198324652777777,-0.0105821351546491));
#10628=CARTESIAN_POINT('',(-0.00196526067868423,0.0195407986111111,-0.0105821351546491));
#10629=CARTESIAN_POINT('',(-0.00196526067868423,0.0195407986111111,-0.0105821351546491));
#10630=CARTESIAN_POINT('',(-0.00196526067868423,0.0198324652777777,-0.0105821351546491));
#10631=CARTESIAN_POINT('',(-0.00196526067868423,0.0195407986111111,-0.0114284893213157));
#10632=CARTESIAN_POINT('',(-0.00196526067868423,0.0195407986111111,-0.0122748434879824));
#10633=CARTESIAN_POINT('',(-0.00196526067868423,0.0195407986111111,-0.0122748434879824));
#10634=CARTESIAN_POINT('',(-0.00196526067868423,0.0195407986111111,-0.0114284893213157));
#10635=CARTESIAN_POINT('',(-0.00196526067868423,0.0191297743055555,-0.0122748434879824));
#10636=CARTESIAN_POINT('',(-0.00196526067868423,0.01871875,-0.0122748434879824));
#10637=CARTESIAN_POINT('',(-0.00196526067868423,0.01871875,-0.0122748434879824));
#10638=CARTESIAN_POINT('',(-0.00196526067868423,0.0191297743055555,-0.0122748434879824));
#10639=CARTESIAN_POINT('',(-0.00196526067868423,0.01871875,-0.0126845657102046));
#10640=CARTESIAN_POINT('',(-0.00196526067868423,0.01871875,-0.0130942879324269));
#10641=CARTESIAN_POINT('',(-0.00196526067868423,0.01871875,-0.0130942879324269));
#10642=CARTESIAN_POINT('',(-0.00196526067868423,0.01871875,-0.0126845657102046));
#10643=CARTESIAN_POINT('',(-0.00196526067868423,0.0191297743055555,-0.0130942879324269));
#10644=CARTESIAN_POINT('',(-0.00196526067868423,0.0191297743055555,-0.0130942879324269));
#10645=CARTESIAN_POINT('',(-0.00196526067868424,0.0207350907611107,-0.0249594477685439));
#10646=CARTESIAN_POINT('',(-0.000965260678684229,0.0207350907611107,-0.0249594477685439));
#10647=CARTESIAN_POINT('',(-0.00196526067868423,0.0207350907611107,-0.0249594477685439));
#10648=CARTESIAN_POINT('',(-0.00196526067868423,0.02071875,-0.0122097393213158));
#10649=CARTESIAN_POINT('',(-0.000965260678684232,0.02321875,-0.0122097393213157));
#10650=CARTESIAN_POINT('',(-0.0058371526143891,0.0212526041666667,-0.0215325737612041));
#10651=CARTESIAN_POINT('',(-0.00513004583320255,0.0212526041666667,-0.0222396805423907));
#10652=CARTESIAN_POINT('',(-0.00610804653171867,0.0212526041666667,-0.0218034676785337));
#10653=CARTESIAN_POINT('',(-0.00540093975053212,0.0212526041666667,-0.0225105744597202));
#10654=CARTESIAN_POINT('',(-0.00632380003309633,0.0211449652777778,-0.0220192211799113));
#10655=CARTESIAN_POINT('',(-0.00561669325190978,0.0211449652777778,-0.0227263279610979));
#10656=CARTESIAN_POINT('',(-0.0064844131185221,0.0209296875,-0.0221798342653371));
#10657=CARTESIAN_POINT('',(-0.00577730633733555,0.0209296875,-0.0228869410465237));
#10658=CARTESIAN_POINT('',(-0.0058371526143891,0.0212526041666667,-0.0215325737612041));
#10659=CARTESIAN_POINT('',(-0.0058371526143891,0.0212526041666667,-0.0215325737612041));
#10660=CARTESIAN_POINT('',(-0.0058371526143891,0.0212526041666667,-0.0215325737612041));
#10661=CARTESIAN_POINT('',(-0.00624349349038345,0.0212526041666667,-0.0219389146371985));
#10662=CARTESIAN_POINT('',(-0.0064844131185221,0.0209296875,-0.0221798342653371));
#10663=CARTESIAN_POINT('',(-0.0064844131185221,0.0209296875,-0.0221798342653371));
#10664=CARTESIAN_POINT('',(-0.0064844131185221,0.0209296875,-0.0221798342653371));
#10665=CARTESIAN_POINT('',(-0.00581090043357652,0.0193661050826827,-0.0215063215803893));
#10666=CARTESIAN_POINT('',(-0.00554743525265295,0.0212144097222222,-0.0212428563994679));
#10667=CARTESIAN_POINT('',(-0.00554738387228317,0.0212147689341618,-0.0212428053726516));
#10668=CARTESIAN_POINT('',(-0.00581090043357542,0.0193661050826827,-0.0215063215803904));
#10669=CARTESIAN_POINT('',(-0.00551398271829994,0.0212048611111111,-0.021209403865115));
#10670=CARTESIAN_POINT('',(-0.00548053018394693,0.0211953125,-0.021175951330762));
#10671=CARTESIAN_POINT('',(-0.00548053018394693,0.0211953125,-0.021175951330762));
#10672=CARTESIAN_POINT('',(-0.00551398271829994,0.0212048611111111,-0.021209403865115));
#10673=CARTESIAN_POINT('',(-0.00550631011867769,0.0215846354166667,-0.0212017312654927));
#10674=CARTESIAN_POINT('',(-0.00553209005340845,0.0219739583333333,-0.0212275112002234));
#10675=CARTESIAN_POINT('',(-0.00553209005340845,0.0219739583333333,-0.0212275112002234));
#10676=CARTESIAN_POINT('',(-0.00550631011867769,0.0215846354166667,-0.0212017312654927));
#10677=CARTESIAN_POINT('',(-0.00603265045276403,0.0219739583333333,-0.0217280715995791));
#10678=CARTESIAN_POINT('',(-0.00653321085211961,0.0219739583333333,-0.0222286319989346));
#10679=CARTESIAN_POINT('',(-0.00653321085211961,0.0219739583333333,-0.0222286319989346));
#10680=CARTESIAN_POINT('',(-0.00603265045276403,0.0219739583333333,-0.0217280715995791));
#10681=CARTESIAN_POINT('',(-0.00653321085211961,0.0223294270833333,-0.0222286319989346));
#10682=CARTESIAN_POINT('',(-0.00653321085211961,0.0226848958333334,-0.0222286319989346));
#10683=CARTESIAN_POINT('',(-0.00653321085211961,0.0226848958333334,-0.0222286319989346));
#10684=CARTESIAN_POINT('',(-0.00653321085211961,0.0223294270833333,-0.0222286319989346));
#10685=CARTESIAN_POINT('',(-0.0057727027775622,0.0226848958333334,-0.0214681239243772));
#10686=CARTESIAN_POINT('',(-0.0050121947030048,0.0226848958333334,-0.0207076158498198));
#10687=CARTESIAN_POINT('',(-0.0050121947030048,0.0226848958333334,-0.0207076158498198));
#10688=CARTESIAN_POINT('',(-0.0057727027775622,0.0226848958333334,-0.0214681239243772));
#10689=CARTESIAN_POINT('',(-0.00495940721760372,0.0216744791666667,-0.0206548283644187));
#10690=CARTESIAN_POINT('',(-0.00490661973220264,0.0206640625,-0.0206020408790177));
#10691=CARTESIAN_POINT('',(-0.00490661973220264,0.0206640625,-0.0206020408790177));
#10692=CARTESIAN_POINT('',(-0.00495940721760372,0.0216744791666667,-0.0206548283644187));
#10693=CARTESIAN_POINT('',(-0.00502477776638529,0.02057421875,-0.0207201989132003));
#10694=CARTESIAN_POINT('',(-0.00514261289142646,0.0204846205302204,-0.0208380340382415));
#10695=CARTESIAN_POINT('',(-0.00514261289142647,0.0204846205302204,-0.0208380340382415));
#10696=CARTESIAN_POINT('',(-0.00502477776638529,0.02057421875,-0.0207201989132003));
#10697=CARTESIAN_POINT('',(-0.00558861482607274,0.0182507408731456,-0.0212840359728883));
#10698=CARTESIAN_POINT('',(-0.00534242339074643,0.0205460069444444,-0.0210378445375615));
#10699=CARTESIAN_POINT('',(-0.00534243983525404,0.0205458564248424,-0.0210378609820691));
#10700=CARTESIAN_POINT('',(-0.00558861482607303,0.0182507408731456,-0.0212840359728881));
#10701=CARTESIAN_POINT('',(-0.00558134491376835,0.0186062800368859,-0.0212767660605839));
#10702=CARTESIAN_POINT('',(-0.00556646329971613,0.0205746527777778,-0.0212618844465312));
#10703=CARTESIAN_POINT('',(-0.00556646329971613,0.0205746527777778,-0.0212618844465312));
#10704=CARTESIAN_POINT('',(-0.00558134491376863,0.0186062800368859,-0.0212767660605837));
#10705=CARTESIAN_POINT('',(-0.00612871140003459,0.0199748263888889,-0.0218241325468496));
#10706=CARTESIAN_POINT('',(-0.00542160461884805,0.0199748263888889,-0.0225312393280361));
#10707=CARTESIAN_POINT('',(-0.00612871140003459,0.0203747106481482,-0.0218241325468496));
#10708=CARTESIAN_POINT('',(-0.00542160461884805,0.0203747106481482,-0.0225312393280361));
#10709=CARTESIAN_POINT('',(-0.0059412953665951,0.0205746527777778,-0.0216367165134101));
#10710=CARTESIAN_POINT('',(-0.00523418858540856,0.0205746527777778,-0.0223438232945967));
#10711=CARTESIAN_POINT('',(-0.00556646329971613,0.0205746527777778,-0.0212618844465312));
#10712=CARTESIAN_POINT('',(-0.00485935651852959,0.0205746527777778,-0.0219689912277177));
#10713=CARTESIAN_POINT('',(-0.00612871140003459,0.0199748263888889,-0.0218241325468496));
#10714=CARTESIAN_POINT('',(-0.00612871140003459,0.0199748263888889,-0.0218241325468496));
#10715=CARTESIAN_POINT('',(-0.00612871140003459,0.0199748263888889,-0.0218241325468496));
#10716=CARTESIAN_POINT('',(-0.00612871140003459,0.0205746527777778,-0.0218241325468496));
#10717=CARTESIAN_POINT('',(-0.00556646329971613,0.0205746527777778,-0.0212618844465312));
#10718=CARTESIAN_POINT('',(-0.00558549134677931,0.0193454861111111,-0.0212809124935943));
#10719=CARTESIAN_POINT('',(-0.00487838456559276,0.0193454861111111,-0.0219880192747809));
#10720=CARTESIAN_POINT('',(-0.0059476380489495,0.0193454861111111,-0.0216430591957645));
#10721=CARTESIAN_POINT('',(-0.00524053126776294,0.0193454861111111,-0.022350165976951));
#10722=CARTESIAN_POINT('',(-0.00612871140003459,0.0195552662037037,-0.0218241325468496));
#10723=CARTESIAN_POINT('',(-0.00542160461884804,0.0195552662037037,-0.0225312393280362));
#10724=CARTESIAN_POINT('',(-0.00612871140003459,0.0199748263888889,-0.0218241325468496));
#10725=CARTESIAN_POINT('',(-0.00542160461884804,0.0199748263888889,-0.0225312393280362));
#10726=CARTESIAN_POINT('',(-0.00558549134677931,0.0193454861111111,-0.0212809124935943));
#10727=CARTESIAN_POINT('',(-0.00558549134677931,0.0193454861111111,-0.0212809124935943));
#10728=CARTESIAN_POINT('',(-0.00558549134677931,0.0193454861111111,-0.0212809124935943));
#10729=CARTESIAN_POINT('',(-0.00612871140003459,0.0193454861111111,-0.0218241325468496));
#10730=CARTESIAN_POINT('',(-0.00612871140003459,0.0199748263888889,-0.0218241325468496));
#10731=CARTESIAN_POINT('',(-0.00560240401413543,0.0215547871168424,-0.0212978251609484));
#10732=CARTESIAN_POINT('',(-0.00520400969356104,0.0194175347222222,-0.0208994308403761));
#10733=CARTESIAN_POINT('',(-0.00520405545467385,0.0194177881708671,-0.0208994766014889));
#10734=CARTESIAN_POINT('',(-0.00560240401413443,0.0215547871168424,-0.0212978251609494));
#10735=CARTESIAN_POINT('',(-0.00556935355110921,0.0215796461433247,-0.0212647746979267));
#10736=CARTESIAN_POINT('',(-0.00485137701492244,0.0196026852912669,-0.0205467981617375));
#10737=CARTESIAN_POINT('',(-0.00485137701492244,0.0196026852912669,-0.0205467981617375));
#10738=CARTESIAN_POINT('',(-0.00556935355111045,0.0215796461433247,-0.0212647746979255));
#10739=CARTESIAN_POINT('',(-0.00485137701492244,0.0192408854166666,-0.0205467981617375));
#10740=CARTESIAN_POINT('',(-0.00485137701492244,0.0188784722222222,-0.0205467981617375));
#10741=CARTESIAN_POINT('',(-0.00485137701492244,0.0188784722222222,-0.0205467981617375));
#10742=CARTESIAN_POINT('',(-0.00485137701492244,0.0192408854166666,-0.0205467981617375));
#10743=CARTESIAN_POINT('',(-0.00560697462572161,0.0186640625,-0.0213023957725366));
#10744=CARTESIAN_POINT('',(-0.00489986784453506,0.0186640625,-0.0220095025537231));
#10745=CARTESIAN_POINT('',(-0.00529475097176018,0.0186640625,-0.0209901721185752));
#10746=CARTESIAN_POINT('',(-0.00458764419057363,0.0186640625,-0.0216972788997618));
#10747=CARTESIAN_POINT('',(-0.00504288510149379,0.0187355324074074,-0.0207383062483088));
#10748=CARTESIAN_POINT('',(-0.00433577832030724,0.0187355324074074,-0.0214454130294954));
#10749=CARTESIAN_POINT('',(-0.00485137701492244,0.0188784722222222,-0.0205467981617375));
#10750=CARTESIAN_POINT('',(-0.00414427023373589,0.0188784722222222,-0.021253904942924));
#10751=CARTESIAN_POINT('',(-0.00560697462572161,0.0186640625,-0.0213023957725366));
#10752=CARTESIAN_POINT('',(-0.00560697462572161,0.0186640625,-0.0213023957725366));
#10753=CARTESIAN_POINT('',(-0.00560697462572161,0.0186640625,-0.0213023957725366));
#10754=CARTESIAN_POINT('',(-0.00513863914477947,0.0186640625,-0.0208340602915945));
#10755=CARTESIAN_POINT('',(-0.00485137701492244,0.0188784722222222,-0.0205467981617375));
#10756=CARTESIAN_POINT('',(-0.00643561538492459,0.0190225694444444,-0.0221310365317396));
#10757=CARTESIAN_POINT('',(-0.00572850860373804,0.0190225694444444,-0.0228381433129261));
#10758=CARTESIAN_POINT('',(-0.00624247047710048,0.0187835648148148,-0.0219378916239155));
#10759=CARTESIAN_POINT('',(-0.00553536369591394,0.0187835648148148,-0.022644998405102));
#10760=CARTESIAN_POINT('',(-0.00596625689069949,0.0186640625,-0.0216616780375145));
#10761=CARTESIAN_POINT('',(-0.00525915010951294,0.0186640625,-0.022368784818701));
#10762=CARTESIAN_POINT('',(-0.00560697462572161,0.0186640625,-0.0213023957725366));
#10763=CARTESIAN_POINT('',(-0.00489986784453506,0.0186640625,-0.0220095025537231));
#10764=CARTESIAN_POINT('',(-0.00643561538492459,0.0190225694444444,-0.0221310365317396));
#10765=CARTESIAN_POINT('',(-0.00643561538492459,0.0190225694444444,-0.0221310365317396));
#10766=CARTESIAN_POINT('',(-0.00643561538492459,0.0190225694444444,-0.0221310365317396));
#10767=CARTESIAN_POINT('',(-0.00614589802318843,0.0186640625,-0.0218413191700035));
#10768=CARTESIAN_POINT('',(-0.00560697462572161,0.0186640625,-0.0213023957725366));
#10769=CARTESIAN_POINT('',(-0.00672533274666074,0.0200451388888889,-0.0224207538934757));
#10770=CARTESIAN_POINT('',(-0.00601822596547419,0.0200451388888889,-0.0231278606746623));
#10771=CARTESIAN_POINT('',(-0.00672533274666074,0.0196024305555556,-0.0224207538934757));
#10772=CARTESIAN_POINT('',(-0.00601822596547419,0.0196024305555556,-0.0231278606746623));
#10773=CARTESIAN_POINT('',(-0.00662876029274869,0.0192615740740741,-0.0223241814395637));
#10774=CARTESIAN_POINT('',(-0.00592165351156214,0.0192615740740741,-0.0230312882207502));
#10775=CARTESIAN_POINT('',(-0.00643561538492459,0.0190225694444444,-0.0221310365317396));
#10776=CARTESIAN_POINT('',(-0.00572850860373804,0.0190225694444444,-0.0228381433129261));
#10777=CARTESIAN_POINT('',(-0.00672533274666074,0.0200451388888889,-0.0224207538934757));
#10778=CARTESIAN_POINT('',(-0.00672533274666074,0.0200451388888889,-0.0224207538934757));
#10779=CARTESIAN_POINT('',(-0.00672533274666074,0.0200451388888889,-0.0224207538934757));
#10780=CARTESIAN_POINT('',(-0.00672533274666074,0.0193810763888889,-0.0224207538934757));
#10781=CARTESIAN_POINT('',(-0.00643561538492459,0.0190225694444444,-0.0221310365317396));
#10782=CARTESIAN_POINT('',(-0.0064844131185221,0.0209296875,-0.0221798342653371));
#10783=CARTESIAN_POINT('',(-0.00577730633733555,0.0209296875,-0.0228869410465237));
#10784=CARTESIAN_POINT('',(-0.00664502620394786,0.0207144097222222,-0.0223404473507629));
#10785=CARTESIAN_POINT('',(-0.00593791942276131,0.0207144097222222,-0.0230475541319494));
#10786=CARTESIAN_POINT('',(-0.00672533274666074,0.0204195601851852,-0.0224207538934757));
#10787=CARTESIAN_POINT('',(-0.00601822596547419,0.0204195601851852,-0.0231278606746623));
#10788=CARTESIAN_POINT('',(-0.00672533274666074,0.0200451388888889,-0.0224207538934757));
#10789=CARTESIAN_POINT('',(-0.00601822596547419,0.0200451388888889,-0.0231278606746623));
#10790=CARTESIAN_POINT('',(-0.0064844131185221,0.0209296875,-0.0221798342653371));
#10791=CARTESIAN_POINT('',(-0.00672533274666074,0.0206067708333334,-0.0224207538934757));
#10792=CARTESIAN_POINT('',(-0.00672533274666074,0.0200451388888889,-0.0224207538934757));
#10793=CARTESIAN_POINT('',(-0.00581965908725037,0.02071875,-0.0215150802340654));
#10794=CARTESIAN_POINT('',(-0.0150750868055556,0.0193342013888889,-0.0253694786426315));
#10795=CARTESIAN_POINT('',(-0.0150750868055556,0.0193342013888889,-0.0263694786426315));
#10796=CARTESIAN_POINT('',(-0.01525390625,0.0193342013888889,-0.0253694786426315));
#10797=CARTESIAN_POINT('',(-0.01525390625,0.0193342013888889,-0.0263694786426315));
#10798=CARTESIAN_POINT('',(-0.0153913483796296,0.0193943865740741,-0.0253694786426315));
#10799=CARTESIAN_POINT('',(-0.0153913483796296,0.0193943865740741,-0.0263694786426315));
#10800=CARTESIAN_POINT('',(-0.0154874131944445,0.0195147569444444,-0.0253694786426315));
#10801=CARTESIAN_POINT('',(-0.0154874131944445,0.0195147569444444,-0.0263694786426315));
#10802=CARTESIAN_POINT('',(-0.0150750868055556,0.0193342013888889,-0.0263694786426315));
#10803=CARTESIAN_POINT('',(-0.0153433159722222,0.0193342013888889,-0.0263694786426315));
#10804=CARTESIAN_POINT('',(-0.0154874131944445,0.0195147569444444,-0.0263694786426315));
#10805=CARTESIAN_POINT('',(-0.0150750868055556,0.0193342013888889,-0.0263694786426315));
#10806=CARTESIAN_POINT('',(-0.0154874131944445,0.0195147569444444,-0.0263694786426315));
#10807=CARTESIAN_POINT('',(-0.0150750868055556,0.0193342013888889,-0.0253694786426315));
#10808=CARTESIAN_POINT('',(-0.0150750868055556,0.0193342013888889,-0.0253694786426315));
#10809=CARTESIAN_POINT('',(-0.0150750868055556,0.0193342013888889,-0.0253694786426315));
#10810=CARTESIAN_POINT('',(-0.0153433159722222,0.0193342013888889,-0.0253694786426315));
#10811=CARTESIAN_POINT('',(-0.0154874131944445,0.0195147569444444,-0.0253694786426315));
#10812=CARTESIAN_POINT('',(-0.0154874131944445,0.0195147569444444,-0.0253694786426315));
#10813=CARTESIAN_POINT('',(-0.0154874131944445,0.0195147569444444,-0.0253694786426315));
#10814=CARTESIAN_POINT('',(-0.0146449652777778,0.0195568576388889,-0.0253694786426315));
#10815=CARTESIAN_POINT('',(-0.0146449652777778,0.0195568576388889,-0.0263694786426315));
#10816=CARTESIAN_POINT('',(-0.0147581018518518,0.0194084201388889,-0.0253694786426315));
#10817=CARTESIAN_POINT('',(-0.0147581018518518,0.0194084201388889,-0.0263694786426315));
#10818=CARTESIAN_POINT('',(-0.0149014756944444,0.0193342013888889,-0.0253694786426315));
#10819=CARTESIAN_POINT('',(-0.0149014756944444,0.0193342013888889,-0.0263694786426315));
#10820=CARTESIAN_POINT('',(-0.0150750868055556,0.0193342013888889,-0.0253694786426315));
#10821=CARTESIAN_POINT('',(-0.0150750868055556,0.0193342013888889,-0.0263694786426315));
#10822=CARTESIAN_POINT('',(-0.0146449652777778,0.0195568576388889,-0.0263694786426315));
#10823=CARTESIAN_POINT('',(-0.0148146701388889,0.0193342013888889,-0.0263694786426315));
#10824=CARTESIAN_POINT('',(-0.0150750868055556,0.0193342013888889,-0.0263694786426315));
#10825=CARTESIAN_POINT('',(-0.0146449652777778,0.0195568576388889,-0.0263694786426315));
#10826=CARTESIAN_POINT('',(-0.0146449652777778,0.0195568576388889,-0.0253694786426315));
#10827=CARTESIAN_POINT('',(-0.0146449652777778,0.0195568576388889,-0.0253694786426315));
#10828=CARTESIAN_POINT('',(-0.0146449652777778,0.0195568576388889,-0.0253694786426315));
#10829=CARTESIAN_POINT('',(-0.0148146701388889,0.0193342013888889,-0.0253694786426315));
#10830=CARTESIAN_POINT('',(-0.0150750868055556,0.0193342013888889,-0.0253694786426315));
#10831=CARTESIAN_POINT('',(-0.0144752604166667,0.0201024305555556,-0.0253694786426315));
#10832=CARTESIAN_POINT('',(-0.0144752604166667,0.0201024305555556,-0.0263694786426315));
#10833=CARTESIAN_POINT('',(-0.0144752604166667,0.0198871527777778,-0.0253694786426315));
#10834=CARTESIAN_POINT('',(-0.0144752604166667,0.0198871527777778,-0.0263694786426315));
#10835=CARTESIAN_POINT('',(-0.0145318287037037,0.0197052951388889,-0.0253694786426315));
#10836=CARTESIAN_POINT('',(-0.0145318287037037,0.0197052951388889,-0.0263694786426315));
#10837=CARTESIAN_POINT('',(-0.0146449652777778,0.0195568576388889,-0.0253694786426315));
#10838=CARTESIAN_POINT('',(-0.0146449652777778,0.0195568576388889,-0.0263694786426315));
#10839=CARTESIAN_POINT('',(-0.0144752604166667,0.0201024305555556,-0.0263694786426315));
#10840=CARTESIAN_POINT('',(-0.0144752604166667,0.0197795138888889,-0.0263694786426315));
#10841=CARTESIAN_POINT('',(-0.0146449652777778,0.0195568576388889,-0.0263694786426315));
#10842=CARTESIAN_POINT('',(-0.0144752604166667,0.0201024305555556,-0.0263694786426315));
#10843=CARTESIAN_POINT('',(-0.0144752604166667,0.0201024305555556,-0.0253694786426315));
#10844=CARTESIAN_POINT('',(-0.0144752604166667,0.0201024305555556,-0.0253694786426315));
#10845=CARTESIAN_POINT('',(-0.0144752604166667,0.0201024305555556,-0.0253694786426315));
#10846=CARTESIAN_POINT('',(-0.0144752604166667,0.0197795138888889,-0.0253694786426315));
#10847=CARTESIAN_POINT('',(-0.0146449652777778,0.0195568576388889,-0.0253694786426315));
#10848=CARTESIAN_POINT('',(-0.0146558159722222,0.0204874131944444,-0.0253694786426315));
#10849=CARTESIAN_POINT('',(-0.0146558159722222,0.0204874131944444,-0.0263694786426315));
#10850=CARTESIAN_POINT('',(-0.0145354456018518,0.0203771701388889,-0.0253694786426315));
#10851=CARTESIAN_POINT('',(-0.0145354456018518,0.0203771701388889,-0.0263694786426315));
#10852=CARTESIAN_POINT('',(-0.0144752604166667,0.0202488425925926,-0.0253694786426315));
#10853=CARTESIAN_POINT('',(-0.0144752604166667,0.0202488425925926,-0.0263694786426315));
#10854=CARTESIAN_POINT('',(-0.0144752604166667,0.0201024305555556,-0.0253694786426315));
#10855=CARTESIAN_POINT('',(-0.0144752604166667,0.0201024305555556,-0.0263694786426315));
#10856=CARTESIAN_POINT('',(-0.0146558159722222,0.0204874131944444,-0.0263694786426315));
#10857=CARTESIAN_POINT('',(-0.0144752604166667,0.0203220486111111,-0.0263694786426315));
#10858=CARTESIAN_POINT('',(-0.0144752604166667,0.0201024305555556,-0.0263694786426315));
#10859=CARTESIAN_POINT('',(-0.0146558159722222,0.0204874131944444,-0.0263694786426315));
#10860=CARTESIAN_POINT('',(-0.0146558159722222,0.0204874131944444,-0.0253694786426315));
#10861=CARTESIAN_POINT('',(-0.0146558159722222,0.0204874131944444,-0.0253694786426315));
#10862=CARTESIAN_POINT('',(-0.0146558159722222,0.0204874131944444,-0.0253694786426315));
#10863=CARTESIAN_POINT('',(-0.0144752604166667,0.0203220486111111,-0.0253694786426315));
#10864=CARTESIAN_POINT('',(-0.0144752604166667,0.0201024305555556,-0.0253694786426315));
#10865=CARTESIAN_POINT('',(-0.0150771410252736,0.0200313284937491,-0.0253694786426315));
#10866=CARTESIAN_POINT('',(-0.0150771410252736,0.0200313284937491,-0.0263694786426315));
#10867=CARTESIAN_POINT('',(-0.0150915798611111,0.0206527777777778,-0.0263694786426315));
#10868=CARTESIAN_POINT('',(-0.0150915798611111,0.0206527777777778,-0.0253694786426315));
#10869=CARTESIAN_POINT('',(-0.0150915798611111,0.0206527777777778,-0.0253694786426315));
#10870=CARTESIAN_POINT('',(-0.0150771410252736,0.0200313284937491,-0.0253694786426315));
#10871=CARTESIAN_POINT('',(-0.0154969618055556,0.0204861111111111,-0.0253694786426315));
#10872=CARTESIAN_POINT('',(-0.0154969618055556,0.0204861111111111,-0.0263694786426315));
#10873=CARTESIAN_POINT('',(-0.0154072627314815,0.0205972222222222,-0.0253694786426315));
#10874=CARTESIAN_POINT('',(-0.0154072627314815,0.0205972222222222,-0.0263694786426315));
#10875=CARTESIAN_POINT('',(-0.0152721354166667,0.0206527777777778,-0.0253694786426315));
#10876=CARTESIAN_POINT('',(-0.0152721354166667,0.0206527777777778,-0.0263694786426315));
#10877=CARTESIAN_POINT('',(-0.0150915798611111,0.0206527777777778,-0.0253694786426315));
#10878=CARTESIAN_POINT('',(-0.0150915798611111,0.0206527777777778,-0.0263694786426315));
#10879=CARTESIAN_POINT('',(-0.0154969618055556,0.0204861111111111,-0.0263694786426315));
#10880=CARTESIAN_POINT('',(-0.0153624131944445,0.0206527777777778,-0.0263694786426315));
#10881=CARTESIAN_POINT('',(-0.0150915798611111,0.0206527777777778,-0.0263694786426315));
#10882=CARTESIAN_POINT('',(-0.0154969618055556,0.0204861111111111,-0.0263694786426315));
#10883=CARTESIAN_POINT('',(-0.0154969618055556,0.0204861111111111,-0.0253694786426315));
#10884=CARTESIAN_POINT('',(-0.0154969618055556,0.0204861111111111,-0.0253694786426315));
#10885=CARTESIAN_POINT('',(-0.0154969618055556,0.0204861111111111,-0.0253694786426315));
#10886=CARTESIAN_POINT('',(-0.0153624131944445,0.0206527777777778,-0.0253694786426315));
#10887=CARTESIAN_POINT('',(-0.0150915798611111,0.0206527777777778,-0.0253694786426315));
#10888=CARTESIAN_POINT('',(-0.0156315104166667,0.0200286458333334,-0.0253694786426315));
#10889=CARTESIAN_POINT('',(-0.0156315104166667,0.0200286458333334,-0.0263694786426315));
#10890=CARTESIAN_POINT('',(-0.0156315104166667,0.0202225115740741,-0.0253694786426315));
#10891=CARTESIAN_POINT('',(-0.0156315104166667,0.0202225115740741,-0.0263694786426315));
#10892=CARTESIAN_POINT('',(-0.0155866608796296,0.020375,-0.0253694786426315));
#10893=CARTESIAN_POINT('',(-0.0155866608796296,0.020375,-0.0263694786426315));
#10894=CARTESIAN_POINT('',(-0.0154969618055556,0.0204861111111111,-0.0253694786426315));
#10895=CARTESIAN_POINT('',(-0.0154969618055556,0.0204861111111111,-0.0263694786426315));
#10896=CARTESIAN_POINT('',(-0.0156315104166667,0.0200286458333334,-0.0263694786426315));
#10897=CARTESIAN_POINT('',(-0.0156315104166667,0.0203194444444444,-0.0263694786426315));
#10898=CARTESIAN_POINT('',(-0.0154969618055556,0.0204861111111111,-0.0263694786426315));
#10899=CARTESIAN_POINT('',(-0.0156315104166667,0.0200286458333334,-0.0263694786426315));
#10900=CARTESIAN_POINT('',(-0.0156315104166667,0.0200286458333334,-0.0253694786426315));
#10901=CARTESIAN_POINT('',(-0.0156315104166667,0.0200286458333334,-0.0253694786426315));
#10902=CARTESIAN_POINT('',(-0.0156315104166667,0.0200286458333334,-0.0253694786426315));
#10903=CARTESIAN_POINT('',(-0.0156315104166667,0.0203194444444444,-0.0253694786426315));
#10904=CARTESIAN_POINT('',(-0.0154969618055556,0.0204861111111111,-0.0253694786426315));
#10905=CARTESIAN_POINT('',(-0.0136427951388889,0.0204036458333334,-0.0253694786426315));
#10906=CARTESIAN_POINT('',(-0.0136427951388889,0.0204036458333334,-0.0263694786426315));
#10907=CARTESIAN_POINT('',(-0.0136427951388889,0.0211883680555556,-0.0253694786426315));
#10908=CARTESIAN_POINT('',(-0.0136427951388889,0.0211883680555556,-0.0263694786426315));
#10909=CARTESIAN_POINT('',(-0.0138087384259259,0.0217724247685185,-0.0253694786426315));
#10910=CARTESIAN_POINT('',(-0.0138087384259259,0.0217724247685185,-0.0263694786426315));
#10911=CARTESIAN_POINT('',(-0.014140625,0.0221558159722222,-0.0253694786426315));
#10912=CARTESIAN_POINT('',(-0.014140625,0.0221558159722222,-0.0263694786426315));
#10913=CARTESIAN_POINT('',(-0.0136427951388889,0.0204036458333334,-0.0253694786426315));
#10914=CARTESIAN_POINT('',(-0.0136427951388889,0.0204036458333334,-0.0253694786426315));
#10915=CARTESIAN_POINT('',(-0.0136427951388889,0.0204036458333334,-0.0253694786426315));
#10916=CARTESIAN_POINT('',(-0.0136427951388889,0.0215807291666667,-0.0253694786426315));
#10917=CARTESIAN_POINT('',(-0.014140625,0.0221558159722222,-0.0253694786426315));
#10918=CARTESIAN_POINT('',(-0.014140625,0.0221558159722222,-0.0253694786426315));
#10919=CARTESIAN_POINT('',(-0.014140625,0.0221558159722222,-0.0253694786426315));
#10920=CARTESIAN_POINT('',(-0.0138203125,0.0194618055555555,-0.0253694786426315));
#10921=CARTESIAN_POINT('',(-0.0138203125,0.0194618055555555,-0.0263694786426315));
#10922=CARTESIAN_POINT('',(-0.0137019675925926,0.0197222222222222,-0.0253694786426315));
#10923=CARTESIAN_POINT('',(-0.0137019675925926,0.0197222222222222,-0.0263694786426315));
#10924=CARTESIAN_POINT('',(-0.0136427951388889,0.0200361689814815,-0.0253694786426315));
#10925=CARTESIAN_POINT('',(-0.0136427951388889,0.0200361689814815,-0.0263694786426315));
#10926=CARTESIAN_POINT('',(-0.0136427951388889,0.0204036458333334,-0.0253694786426315));
#10927=CARTESIAN_POINT('',(-0.0136427951388889,0.0204036458333334,-0.0263694786426315));
#10928=CARTESIAN_POINT('',(-0.0138203125,0.0194618055555555,-0.0253694786426315));
#10929=CARTESIAN_POINT('',(-0.0138203125,0.0194618055555555,-0.0253694786426315));
#10930=CARTESIAN_POINT('',(-0.0138203125,0.0194618055555555,-0.0253694786426315));
#10931=CARTESIAN_POINT('',(-0.0136427951388889,0.0198524305555556,-0.0253694786426315));
#10932=CARTESIAN_POINT('',(-0.0136427951388889,0.0204036458333334,-0.0253694786426315));
#10933=CARTESIAN_POINT('',(-0.0143250868055555,0.0188676215277778,-0.0253694786426315));
#10934=CARTESIAN_POINT('',(-0.0143250868055555,0.0188676215277778,-0.0263694786426315));
#10935=CARTESIAN_POINT('',(-0.0141069155092592,0.0190033275462963,-0.0253694786426315));
#10936=CARTESIAN_POINT('',(-0.0141069155092592,0.0190033275462963,-0.0263694786426315));
#10937=CARTESIAN_POINT('',(-0.0139386574074074,0.0192013888888889,-0.0253694786426315));
#10938=CARTESIAN_POINT('',(-0.0139386574074074,0.0192013888888889,-0.0263694786426315));
#10939=CARTESIAN_POINT('',(-0.0138203125,0.0194618055555555,-0.0253694786426315));
#10940=CARTESIAN_POINT('',(-0.0138203125,0.0194618055555555,-0.0263694786426315));
#10941=CARTESIAN_POINT('',(-0.0143250868055555,0.0188676215277778,-0.0253694786426315));
#10942=CARTESIAN_POINT('',(-0.0143250868055555,0.0188676215277778,-0.0253694786426315));
#10943=CARTESIAN_POINT('',(-0.0143250868055555,0.0188676215277778,-0.0253694786426315));
#10944=CARTESIAN_POINT('',(-0.0139978298611111,0.0190711805555555,-0.0253694786426315));
#10945=CARTESIAN_POINT('',(-0.0138203125,0.0194618055555555,-0.0253694786426315));
#10946=CARTESIAN_POINT('',(-0.0150915798611111,0.0186640625,-0.0253694786426315));
#10947=CARTESIAN_POINT('',(-0.0150915798611111,0.0186640625,-0.0263694786426315));
#10948=CARTESIAN_POINT('',(-0.014798755787037,0.0186640625,-0.0253694786426315));
#10949=CARTESIAN_POINT('',(-0.014798755787037,0.0186640625,-0.0263694786426315));
#10950=CARTESIAN_POINT('',(-0.0145432581018518,0.0187319155092593,-0.0253694786426315));
#10951=CARTESIAN_POINT('',(-0.0145432581018518,0.0187319155092593,-0.0263694786426315));
#10952=CARTESIAN_POINT('',(-0.0143250868055555,0.0188676215277778,-0.0253694786426315));
#10953=CARTESIAN_POINT('',(-0.0143250868055555,0.0188676215277778,-0.0263694786426315));
#10954=CARTESIAN_POINT('',(-0.0150915798611111,0.0186640625,-0.0253694786426315));
#10955=CARTESIAN_POINT('',(-0.0150915798611111,0.0186640625,-0.0253694786426315));
#10956=CARTESIAN_POINT('',(-0.0150915798611111,0.0186640625,-0.0253694786426315));
#10957=CARTESIAN_POINT('',(-0.01465234375,0.0186640625,-0.0253694786426315));
#10958=CARTESIAN_POINT('',(-0.0143250868055555,0.0188676215277778,-0.0253694786426315));
#10959=CARTESIAN_POINT('',(-0.0160842013888889,0.0190347222222222,-0.0253694786426315));
#10960=CARTESIAN_POINT('',(-0.0160842013888889,0.0190347222222222,-0.0263694786426315));
#10961=CARTESIAN_POINT('',(-0.0158454861111111,0.0187876157407407,-0.0253694786426315));
#10962=CARTESIAN_POINT('',(-0.0158454861111111,0.0187876157407407,-0.0263694786426315));
#10963=CARTESIAN_POINT('',(-0.0155146122685185,0.0186640625,-0.0253694786426315));
#10964=CARTESIAN_POINT('',(-0.0155146122685185,0.0186640625,-0.0263694786426315));
#10965=CARTESIAN_POINT('',(-0.0150915798611111,0.0186640625,-0.0253694786426315));
#10966=CARTESIAN_POINT('',(-0.0150915798611111,0.0186640625,-0.0263694786426315));
#10967=CARTESIAN_POINT('',(-0.0160842013888889,0.0190347222222222,-0.0253694786426315));
#10968=CARTESIAN_POINT('',(-0.0160842013888889,0.0190347222222222,-0.0253694786426315));
#10969=CARTESIAN_POINT('',(-0.0160842013888889,0.0190347222222222,-0.0253694786426315));
#10970=CARTESIAN_POINT('',(-0.0157261284722222,0.0186640625,-0.0253694786426315));
#10971=CARTESIAN_POINT('',(-0.0150915798611111,0.0186640625,-0.0253694786426315));
#10972=CARTESIAN_POINT('',(-0.0164422743055555,0.0200399305555556,-0.0253694786426315));
#10973=CARTESIAN_POINT('',(-0.0164422743055555,0.0200399305555556,-0.0263694786426315));
#10974=CARTESIAN_POINT('',(-0.0164422743055555,0.0196168981481482,-0.0253694786426315));
#10975=CARTESIAN_POINT('',(-0.0164422743055555,0.0196168981481482,-0.0263694786426315));
#10976=CARTESIAN_POINT('',(-0.0163229166666667,0.0192818287037037,-0.0253694786426315));
#10977=CARTESIAN_POINT('',(-0.0163229166666667,0.0192818287037037,-0.0263694786426315));
#10978=CARTESIAN_POINT('',(-0.0160842013888889,0.0190347222222222,-0.0253694786426315));
#10979=CARTESIAN_POINT('',(-0.0160842013888889,0.0190347222222222,-0.0263694786426315));
#10980=CARTESIAN_POINT('',(-0.0164422743055555,0.0200399305555556,-0.0253694786426315));
#10981=CARTESIAN_POINT('',(-0.0164422743055555,0.0200399305555556,-0.0253694786426315));
#10982=CARTESIAN_POINT('',(-0.0164422743055555,0.0200399305555556,-0.0253694786426315));
#10983=CARTESIAN_POINT('',(-0.0164422743055555,0.0194053819444444,-0.0253694786426315));
#10984=CARTESIAN_POINT('',(-0.0160842013888889,0.0190347222222222,-0.0253694786426315));
#10985=CARTESIAN_POINT('',(-0.0161410590277778,0.0209622395833334,-0.0253694786426315));
#10986=CARTESIAN_POINT('',(-0.0161410590277778,0.0209622395833334,-0.0263694786426315));
#10987=CARTESIAN_POINT('',(-0.016341869212963,0.0207397280092593,-0.0253694786426315));
#10988=CARTESIAN_POINT('',(-0.016341869212963,0.0207397280092593,-0.0263694786426315));
#10989=CARTESIAN_POINT('',(-0.0164422743055555,0.0204322916666667,-0.0253694786426315));
#10990=CARTESIAN_POINT('',(-0.0164422743055555,0.0204322916666667,-0.0263694786426315));
#10991=CARTESIAN_POINT('',(-0.0164422743055555,0.0200399305555556,-0.0253694786426315));
#10992=CARTESIAN_POINT('',(-0.0164422743055555,0.0200399305555556,-0.0263694786426315));
#10993=CARTESIAN_POINT('',(-0.0161410590277778,0.0209622395833334,-0.0253694786426315));
#10994=CARTESIAN_POINT('',(-0.0161410590277778,0.0209622395833334,-0.0253694786426315));
#10995=CARTESIAN_POINT('',(-0.0161410590277778,0.0209622395833334,-0.0253694786426315));
#10996=CARTESIAN_POINT('',(-0.0164422743055555,0.0206284722222222,-0.0253694786426315));
#10997=CARTESIAN_POINT('',(-0.0164422743055555,0.0200399305555556,-0.0253694786426315));
#10998=CARTESIAN_POINT('',(-0.01530859375,0.0212960069444444,-0.0253694786426315));
#10999=CARTESIAN_POINT('',(-0.01530859375,0.0212960069444444,-0.0263694786426315));
#11000=CARTESIAN_POINT('',(-0.0156627604166667,0.0212960069444444,-0.0253694786426315));
#11001=CARTESIAN_POINT('',(-0.0156627604166667,0.0212960069444444,-0.0263694786426315));
#11002=CARTESIAN_POINT('',(-0.0159402488425926,0.0211847511574074,-0.0253694786426315));
#11003=CARTESIAN_POINT('',(-0.0159402488425926,0.0211847511574074,-0.0263694786426315));
#11004=CARTESIAN_POINT('',(-0.0161410590277778,0.0209622395833334,-0.0253694786426315));
#11005=CARTESIAN_POINT('',(-0.0161410590277778,0.0209622395833334,-0.0263694786426315));
#11006=CARTESIAN_POINT('',(-0.01530859375,0.0212960069444444,-0.0253694786426315));
#11007=CARTESIAN_POINT('',(-0.01530859375,0.0212960069444444,-0.0253694786426315));
#11008=CARTESIAN_POINT('',(-0.01530859375,0.0212960069444444,-0.0253694786426315));
#11009=CARTESIAN_POINT('',(-0.01583984375,0.0212960069444444,-0.0253694786426315));
#11010=CARTESIAN_POINT('',(-0.0161410590277778,0.0209622395833334,-0.0253694786426315));
#11011=CARTESIAN_POINT('',(-0.0144483506944444,0.0208350694444444,-0.0253694786426315));
#11012=CARTESIAN_POINT('',(-0.0144483506944444,0.0208350694444444,-0.0263694786426315));
#11013=CARTESIAN_POINT('',(-0.0146277488425926,0.0211423611111111,-0.0253694786426315));
#11014=CARTESIAN_POINT('',(-0.0146277488425926,0.0211423611111111,-0.0263694786426315));
#11015=CARTESIAN_POINT('',(-0.0149144965277778,0.0212960069444444,-0.0253694786426315));
#11016=CARTESIAN_POINT('',(-0.0149144965277778,0.0212960069444444,-0.0263694786426315));
#11017=CARTESIAN_POINT('',(-0.01530859375,0.0212960069444444,-0.0253694786426315));
#11018=CARTESIAN_POINT('',(-0.01530859375,0.0212960069444444,-0.0263694786426315));
#11019=CARTESIAN_POINT('',(-0.0144483506944444,0.0208350694444444,-0.0253694786426315));
#11020=CARTESIAN_POINT('',(-0.0144483506944444,0.0208350694444444,-0.0253694786426315));
#11021=CARTESIAN_POINT('',(-0.0144483506944444,0.0208350694444444,-0.0253694786426315));
#11022=CARTESIAN_POINT('',(-0.0147174479166667,0.0212960069444444,-0.0253694786426315));
#11023=CARTESIAN_POINT('',(-0.01530859375,0.0212960069444444,-0.0253694786426315));
#11024=CARTESIAN_POINT('',(-0.0144309895833333,0.0208350694444444,-0.0253694786426315));
#11025=CARTESIAN_POINT('',(-0.0144136284722222,0.0208350694444444,-0.0253694786426315));
#11026=CARTESIAN_POINT('',(-0.0144136284722222,0.0208350694444444,-0.0253694786426315));
#11027=CARTESIAN_POINT('',(-0.0144309895833333,0.0208350694444444,-0.0253694786426315));
#11028=CARTESIAN_POINT('',(-0.0145733506944444,0.0215590277777778,-0.0253694786426315));
#11029=CARTESIAN_POINT('',(-0.0145733506944444,0.0215590277777778,-0.0263694786426315));
#11030=CARTESIAN_POINT('',(-0.0144830729166667,0.0213888888888889,-0.0253694786426315));
#11031=CARTESIAN_POINT('',(-0.0144830729166667,0.0213888888888889,-0.0263694786426315));
#11032=CARTESIAN_POINT('',(-0.0144298321759259,0.0211475694444444,-0.0253694786426315));
#11033=CARTESIAN_POINT('',(-0.0144298321759259,0.0211475694444444,-0.0263694786426315));
#11034=CARTESIAN_POINT('',(-0.0144136284722222,0.0208350694444444,-0.0253694786426315));
#11035=CARTESIAN_POINT('',(-0.0144136284722222,0.0208350694444444,-0.0263694786426315));
#11036=CARTESIAN_POINT('',(-0.0145733506944444,0.0215590277777778,-0.0253694786426315));
#11037=CARTESIAN_POINT('',(-0.0145733506944444,0.0215590277777778,-0.0253694786426315));
#11038=CARTESIAN_POINT('',(-0.0145733506944444,0.0215590277777778,-0.0253694786426315));
#11039=CARTESIAN_POINT('',(-0.0144379340277778,0.0213038194444444,-0.0253694786426315));
#11040=CARTESIAN_POINT('',(-0.0144136284722222,0.0208350694444444,-0.0253694786426315));
#11041=CARTESIAN_POINT('',(-0.015344206060546,0.0211499676385458,-0.0253694786426315));
#11042=CARTESIAN_POINT('',(-0.0149813368055555,0.0219444444444445,-0.0253694786426315));
#11043=CARTESIAN_POINT('',(-0.0149813368055555,0.0219444444444445,-0.0253694786426315));
#11044=CARTESIAN_POINT('',(-0.015344206060546,0.0211499676385458,-0.0253694786426315));
#11045=CARTESIAN_POINT('',(-0.0156853298611111,0.0220746527777778,-0.0253694786426315));
#11046=CARTESIAN_POINT('',(-0.0156853298611111,0.0220746527777778,-0.0263694786426315));
#11047=CARTESIAN_POINT('',(-0.0153977141203704,0.0220746527777778,-0.0253694786426315));
#11048=CARTESIAN_POINT('',(-0.0153977141203704,0.0220746527777778,-0.0263694786426315));
#11049=CARTESIAN_POINT('',(-0.0151630497685185,0.02203125,-0.0253694786426315));
#11050=CARTESIAN_POINT('',(-0.0151630497685185,0.02203125,-0.0263694786426315));
#11051=CARTESIAN_POINT('',(-0.0149813368055555,0.0219444444444445,-0.0253694786426315));
#11052=CARTESIAN_POINT('',(-0.0149813368055555,0.0219444444444445,-0.0263694786426315));
#11053=CARTESIAN_POINT('',(-0.0156853298611111,0.0220746527777778,-0.0253694786426315));
#11054=CARTESIAN_POINT('',(-0.0156853298611111,0.0220746527777778,-0.0253694786426315));
#11055=CARTESIAN_POINT('',(-0.0156853298611111,0.0220746527777778,-0.0253694786426315));
#11056=CARTESIAN_POINT('',(-0.01525390625,0.0220746527777778,-0.0253694786426315));
#11057=CARTESIAN_POINT('',(-0.0149813368055555,0.0219444444444445,-0.0253694786426315));
#11058=CARTESIAN_POINT('',(-0.0156793560300201,0.019919624636976,-0.0253694786426315));
#11059=CARTESIAN_POINT('',(-0.0161627604166667,0.0220198487718323,-0.0253694786426315));
#11060=CARTESIAN_POINT('',(-0.0161627604166667,0.0220199652777778,-0.0253694786426315));
#11061=CARTESIAN_POINT('',(-0.0156793560300201,0.019919624636976,-0.0253694786426315));
#11062=CARTESIAN_POINT('',(-0.0161627604166667,0.0223550347222223,-0.0253694786426315));
#11063=CARTESIAN_POINT('',(-0.0161627604166667,0.0226901041666667,-0.0253694786426315));
#11064=CARTESIAN_POINT('',(-0.0161627604166667,0.0226901041666667,-0.0253694786426315));
#11065=CARTESIAN_POINT('',(-0.0161627604166667,0.0223550347222223,-0.0253694786426315));
#11066=CARTESIAN_POINT('',(-0.0156315104166667,0.0227309027777778,-0.0253694786426315));
#11067=CARTESIAN_POINT('',(-0.0156315104166667,0.0227309027777778,-0.0263694786426315));
#11068=CARTESIAN_POINT('',(-0.0158572048611111,0.0227309027777778,-0.0253694786426315));
#11069=CARTESIAN_POINT('',(-0.0158572048611111,0.0227309027777778,-0.0263694786426315));
#11070=CARTESIAN_POINT('',(-0.0160342881944445,0.0227173032407408,-0.0253694786426315));
#11071=CARTESIAN_POINT('',(-0.0160342881944445,0.0227173032407408,-0.0263694786426315));
#11072=CARTESIAN_POINT('',(-0.0161627604166667,0.0226901041666667,-0.0253694786426315));
#11073=CARTESIAN_POINT('',(-0.0161627604166667,0.0226901041666667,-0.0263694786426315));
#11074=CARTESIAN_POINT('',(-0.0156315104166667,0.0227309027777778,-0.0253694786426315));
#11075=CARTESIAN_POINT('',(-0.0156315104166667,0.0227309027777778,-0.0253694786426315));
#11076=CARTESIAN_POINT('',(-0.0156315104166667,0.0227309027777778,-0.0253694786426315));
#11077=CARTESIAN_POINT('',(-0.0159700520833334,0.0227309027777778,-0.0253694786426315));
#11078=CARTESIAN_POINT('',(-0.0161627604166667,0.0226901041666667,-0.0253694786426315));
#11079=CARTESIAN_POINT('',(-0.014140625,0.0221558159722222,-0.0253694786426315));
#11080=CARTESIAN_POINT('',(-0.014140625,0.0221558159722222,-0.0263694786426315));
#11081=CARTESIAN_POINT('',(-0.0144725115740741,0.022539207175926,-0.0253694786426315));
#11082=CARTESIAN_POINT('',(-0.0144725115740741,0.022539207175926,-0.0263694786426315));
#11083=CARTESIAN_POINT('',(-0.0149694733796296,0.0227309027777778,-0.0253694786426315));
#11084=CARTESIAN_POINT('',(-0.0149694733796296,0.0227309027777778,-0.0263694786426315));
#11085=CARTESIAN_POINT('',(-0.0156315104166667,0.0227309027777778,-0.0253694786426315));
#11086=CARTESIAN_POINT('',(-0.0156315104166667,0.0227309027777778,-0.0263694786426315));
#11087=CARTESIAN_POINT('',(-0.014140625,0.0221558159722222,-0.0253694786426315));
#11088=CARTESIAN_POINT('',(-0.0146384548611111,0.0227309027777778,-0.0253694786426315));
#11089=CARTESIAN_POINT('',(-0.0156315104166667,0.0227309027777778,-0.0253694786426315));
#11090=CARTESIAN_POINT('',(-0.0154874131944445,0.0195147569444444,-0.0253694786426315));
#11091=CARTESIAN_POINT('',(-0.0154874131944445,0.0195147569444444,-0.0263694786426315));
#11092=CARTESIAN_POINT('',(-0.0155834780092592,0.0196351273148148,-0.0253694786426315));
#11093=CARTESIAN_POINT('',(-0.0155834780092592,0.0196351273148148,-0.0263694786426315));
#11094=CARTESIAN_POINT('',(-0.0156315104166667,0.0198064236111111,-0.0253694786426315));
#11095=CARTESIAN_POINT('',(-0.0156315104166667,0.0198064236111111,-0.0263694786426315));
#11096=CARTESIAN_POINT('',(-0.0156315104166667,0.0200286458333334,-0.0253694786426315));
#11097=CARTESIAN_POINT('',(-0.0156315104166667,0.0200286458333334,-0.0263694786426315));
#11098=CARTESIAN_POINT('',(-0.0154874131944445,0.0195147569444444,-0.0263694786426315));
#11099=CARTESIAN_POINT('',(-0.0156315104166667,0.0196953125,-0.0263694786426315));
#11100=CARTESIAN_POINT('',(-0.0156315104166667,0.0200286458333334,-0.0263694786426315));
#11101=CARTESIAN_POINT('',(-0.0154874131944445,0.0195147569444444,-0.0253694786426315));
#11102=CARTESIAN_POINT('',(-0.0156315104166667,0.0196953125,-0.0253694786426315));
#11103=CARTESIAN_POINT('',(-0.0156315104166667,0.0200286458333334,-0.0253694786426315));
#11104=CARTESIAN_POINT('',(-0.015125,0.02071875,-0.0253694786426315));
#11105=CARTESIAN_POINT('',(-0.015125,0.02321875,-0.0263694786426315));
#11106=CARTESIAN_POINT('',(-0.0242059941004459,0.0203463541666666,-0.0217394270463692));
#11107=CARTESIAN_POINT('',(-0.0236793468623746,0.01871875,-0.0222660742844404));
#11108=CARTESIAN_POINT('',(-0.0236793468623746,0.01871875,-0.0222660742844404));
#11109=CARTESIAN_POINT('',(-0.0242059941004459,0.0203463541666666,-0.0217394270463692));
#11110=CARTESIAN_POINT('',(-0.0247326413385171,0.0219739583333333,-0.021212779808298));
#11111=CARTESIAN_POINT('',(-0.0247326413385171,0.0219739583333333,-0.021212779808298));
#11112=CARTESIAN_POINT('',(-0.0239902405990681,0.01871875,-0.0219551805477469));
#11113=CARTESIAN_POINT('',(-0.0243011343357618,0.01871875,-0.0216442868110532));
#11114=CARTESIAN_POINT('',(-0.0243011343357618,0.01871875,-0.0216442868110532));
#11115=CARTESIAN_POINT('',(-0.0239902405990681,0.01871875,-0.0219551805477469));
#11116=CARTESIAN_POINT('',(-0.0248314644216516,0.0204357638888889,-0.0211139567251633));
#11117=CARTESIAN_POINT('',(-0.0253617945075416,0.0221527777777778,-0.0205836266392735));
#11118=CARTESIAN_POINT('',(-0.0253617945075416,0.0221527777777778,-0.0205836266392735));
#11119=CARTESIAN_POINT('',(-0.0248314644216516,0.0204357638888889,-0.0211139567251633));
#11120=CARTESIAN_POINT('',(-0.0253617945075416,0.0224162326388889,-0.0205836266392735));
#11121=CARTESIAN_POINT('',(-0.0253617945075416,0.0226796875,-0.0205836266392735));
#11122=CARTESIAN_POINT('',(-0.0253617945075416,0.0226796875,-0.0205836266392735));
#11123=CARTESIAN_POINT('',(-0.0253617945075416,0.0224162326388889,-0.0205836266392735));
#11124=CARTESIAN_POINT('',(-0.0243557632450722,0.0226796875,-0.0215896579017428));
#11125=CARTESIAN_POINT('',(-0.0233497319826028,0.0226796875,-0.0225956891642123));
#11126=CARTESIAN_POINT('',(-0.0233497319826028,0.0226796875,-0.0225956891642123));
#11127=CARTESIAN_POINT('',(-0.0243557632450722,0.0226796875,-0.0215896579017428));
#11128=CARTESIAN_POINT('',(-0.0233497319826028,0.0223268229166667,-0.0225956891642123));
#11129=CARTESIAN_POINT('',(-0.0233497319826028,0.0219739583333333,-0.0225956891642123));
#11130=CARTESIAN_POINT('',(-0.0233497319826028,0.0219739583333333,-0.0225956891642123));
#11131=CARTESIAN_POINT('',(-0.0233497319826028,0.0223268229166667,-0.0225956891642123));
#11132=CARTESIAN_POINT('',(-0.0240411866605599,0.0219739583333333,-0.0219042344862551));
#11133=CARTESIAN_POINT('',(-0.0240411866605599,0.0219739583333333,-0.0219042344862551));
#11134=CARTESIAN_POINT('',(-0.0244303409134004,0.02071875,-0.0215150802334146));
#11135=CARTESIAN_POINT('',(-0.0282847393213157,0.0221232638888889,-0.0122948090912569));
#11136=CARTESIAN_POINT('',(-0.0292847393213157,0.0221232638888889,-0.0122948090912569));
#11137=CARTESIAN_POINT('',(-0.0282847393213157,0.0221232638888889,-0.0124377489060717));
#11138=CARTESIAN_POINT('',(-0.0292847393213157,0.0221232638888889,-0.0124377489060717));
#11139=CARTESIAN_POINT('',(-0.0282847393213157,0.0220866608796296,-0.0125530556190347));
#11140=CARTESIAN_POINT('',(-0.0292847393213157,0.0220866608796296,-0.0125530556190347));
#11141=CARTESIAN_POINT('',(-0.0282847393213157,0.0220134548611111,-0.0126407292301458));
#11142=CARTESIAN_POINT('',(-0.0292847393213157,0.0220134548611111,-0.0126407292301458));
#11143=CARTESIAN_POINT('',(-0.0292847393213157,0.0221232638888889,-0.0122948090912569));
#11144=CARTESIAN_POINT('',(-0.0292847393213157,0.0221232638888889,-0.0125092188134791));
#11145=CARTESIAN_POINT('',(-0.0292847393213157,0.0220134548611111,-0.0126407292301458));
#11146=CARTESIAN_POINT('',(-0.0292847393213157,0.0221232638888889,-0.0122948090912569));
#11147=CARTESIAN_POINT('',(-0.0292847393213157,0.0220134548611111,-0.0126407292301458));
#11148=CARTESIAN_POINT('',(-0.0282847393213157,0.0221232638888889,-0.0122948090912569));
#11149=CARTESIAN_POINT('',(-0.0282847393213157,0.0221232638888889,-0.0122948090912569));
#11150=CARTESIAN_POINT('',(-0.0282847393213157,0.0221232638888889,-0.0122948090912569));
#11151=CARTESIAN_POINT('',(-0.0282847393213157,0.0221232638888889,-0.0125092188134791));
#11152=CARTESIAN_POINT('',(-0.0282847393213157,0.0220134548611111,-0.0126407292301458));
#11153=CARTESIAN_POINT('',(-0.0282847393213157,0.0220134548611111,-0.0126407292301458));
#11154=CARTESIAN_POINT('',(-0.0282847393213157,0.0220134548611111,-0.0126407292301458));
#11155=CARTESIAN_POINT('',(-0.0282847393213157,0.0220147569444445,-0.0119475868690347));
#11156=CARTESIAN_POINT('',(-0.0292847393213157,0.0220147569444445,-0.0119475868690347));
#11157=CARTESIAN_POINT('',(-0.0282847393213157,0.0220870949074074,-0.0120378646468125));
#11158=CARTESIAN_POINT('',(-0.0292847393213157,0.0220870949074074,-0.0120378646468125));
#11159=CARTESIAN_POINT('',(-0.0282847393213157,0.0221232638888889,-0.0121536053875532));
#11160=CARTESIAN_POINT('',(-0.0292847393213157,0.0221232638888889,-0.0121536053875532));
#11161=CARTESIAN_POINT('',(-0.0282847393213157,0.0221232638888889,-0.0122948090912569));
#11162=CARTESIAN_POINT('',(-0.0292847393213157,0.0221232638888889,-0.0122948090912569));
#11163=CARTESIAN_POINT('',(-0.0292847393213157,0.0220147569444445,-0.0119475868690347));
#11164=CARTESIAN_POINT('',(-0.0292847393213157,0.0221232638888889,-0.0120830035357013));
#11165=CARTESIAN_POINT('',(-0.0292847393213157,0.0221232638888889,-0.0122948090912569));
#11166=CARTESIAN_POINT('',(-0.0292847393213157,0.0220147569444445,-0.0119475868690347));
#11167=CARTESIAN_POINT('',(-0.0282847393213157,0.0220147569444445,-0.0119475868690347));
#11168=CARTESIAN_POINT('',(-0.0282847393213157,0.0220147569444445,-0.0119475868690347));
#11169=CARTESIAN_POINT('',(-0.0282847393213157,0.0220147569444445,-0.0119475868690347));
#11170=CARTESIAN_POINT('',(-0.0282847393213157,0.0221232638888889,-0.0120830035357013));
#11171=CARTESIAN_POINT('',(-0.0282847393213157,0.0221232638888889,-0.0122948090912569));
#11172=CARTESIAN_POINT('',(-0.0282847393213157,0.0217351963732011,-0.0121706112402471));
#11173=CARTESIAN_POINT('',(-0.0292847393213157,0.0217351963732011,-0.0121706112402471));
#11174=CARTESIAN_POINT('',(-0.0292847393213157,0.0217187862081175,-0.0118126337645213));
#11175=CARTESIAN_POINT('',(-0.0282847393213157,0.02171875,-0.011812170202368));
#11176=CARTESIAN_POINT('',(-0.0282847393213157,0.0217187862081175,-0.0118126337645213));
#11177=CARTESIAN_POINT('',(-0.0282847393213157,0.0217351963732011,-0.0121706112402471));
#11178=CARTESIAN_POINT('',(-0.0282847393213157,0.0217118156977716,-0.0122761679841047));
#11179=CARTESIAN_POINT('',(-0.0292847393213157,0.0217118156977716,-0.0122761679841047));
#11180=CARTESIAN_POINT('',(-0.0292847393213157,0.0214175347222222,-0.011917638952368));
#11181=CARTESIAN_POINT('',(-0.0282847393213157,0.0214175347222222,-0.011917638952368));
#11182=CARTESIAN_POINT('',(-0.0282847393213157,0.0214175347222222,-0.011917638952368));
#11183=CARTESIAN_POINT('',(-0.0282847393213157,0.0217118156977716,-0.0122761679841047));
#11184=CARTESIAN_POINT('',(-0.0282847393213157,0.0211631944444444,-0.0122896007579236));
#11185=CARTESIAN_POINT('',(-0.0292847393213157,0.0211631944444444,-0.0122896007579236));
#11186=CARTESIAN_POINT('',(-0.0282847393213157,0.0212459490740741,-0.0121119387208865));
#11187=CARTESIAN_POINT('',(-0.0292847393213157,0.0212459490740741,-0.0121119387208865));
#11188=CARTESIAN_POINT('',(-0.0282847393213157,0.0213307291666667,-0.011987951452368));
#11189=CARTESIAN_POINT('',(-0.0292847393213157,0.0213307291666667,-0.011987951452368));
#11190=CARTESIAN_POINT('',(-0.0282847393213157,0.0214175347222222,-0.011917638952368));
#11191=CARTESIAN_POINT('',(-0.0292847393213157,0.0214175347222222,-0.011917638952368));
#11192=CARTESIAN_POINT('',(-0.0292847393213157,0.0211631944444444,-0.0122896007579236));
#11193=CARTESIAN_POINT('',(-0.0292847393213157,0.0212873263888889,-0.012023107702368));
#11194=CARTESIAN_POINT('',(-0.0292847393213157,0.0214175347222222,-0.011917638952368));
#11195=CARTESIAN_POINT('',(-0.0292847393213157,0.0211631944444444,-0.0122896007579236));
#11196=CARTESIAN_POINT('',(-0.0282847393213157,0.0211631944444444,-0.0122896007579236));
#11197=CARTESIAN_POINT('',(-0.0282847393213157,0.0211631944444444,-0.0122896007579236));
#11198=CARTESIAN_POINT('',(-0.0282847393213157,0.0211631944444444,-0.0122896007579236));
#11199=CARTESIAN_POINT('',(-0.0282847393213157,0.0212873263888889,-0.012023107702368));
#11200=CARTESIAN_POINT('',(-0.0282847393213157,0.0214175347222222,-0.011917638952368));
#11201=CARTESIAN_POINT('',(-0.0282847393213157,0.0214275173611111,-0.012667638952368));
#11202=CARTESIAN_POINT('',(-0.0292847393213157,0.0214275173611111,-0.012667638952368));
#11203=CARTESIAN_POINT('',(-0.0282847393213157,0.0213415798611111,-0.0125979051560717));
#11204=CARTESIAN_POINT('',(-0.0292847393213157,0.0213415798611111,-0.0125979051560717));
#11205=CARTESIAN_POINT('',(-0.0282847393213157,0.0212534722222222,-0.0124718924245902));
#11206=CARTESIAN_POINT('',(-0.0292847393213157,0.0212534722222222,-0.0124718924245902));
#11207=CARTESIAN_POINT('',(-0.0282847393213157,0.0211631944444444,-0.0122896007579236));
#11208=CARTESIAN_POINT('',(-0.0292847393213157,0.0211631944444444,-0.0122896007579236));
#11209=CARTESIAN_POINT('',(-0.0292847393213157,0.0214275173611111,-0.012667638952368));
#11210=CARTESIAN_POINT('',(-0.0292847393213157,0.0212986111111111,-0.0125630382579236));
#11211=CARTESIAN_POINT('',(-0.0292847393213157,0.0211631944444444,-0.0122896007579236));
#11212=CARTESIAN_POINT('',(-0.0292847393213157,0.0214275173611111,-0.012667638952368));
#11213=CARTESIAN_POINT('',(-0.0282847393213157,0.0214275173611111,-0.012667638952368));
#11214=CARTESIAN_POINT('',(-0.0282847393213157,0.0214275173611111,-0.012667638952368));
#11215=CARTESIAN_POINT('',(-0.0282847393213157,0.0214275173611111,-0.012667638952368));
#11216=CARTESIAN_POINT('',(-0.0282847393213157,0.0212986111111111,-0.0125630382579236));
#11217=CARTESIAN_POINT('',(-0.0282847393213157,0.0211631944444444,-0.0122896007579236));
#11218=CARTESIAN_POINT('',(-0.0282847393213157,0.0217160190254931,-0.0123230928333651));
#11219=CARTESIAN_POINT('',(-0.0292847393213157,0.0217160190254931,-0.0123230928333651));
#11220=CARTESIAN_POINT('',(-0.0292847393213157,0.02171875,-0.0127722396468125));
#11221=CARTESIAN_POINT('',(-0.0282847393213157,0.02171875,-0.0127722396468125));
#11222=CARTESIAN_POINT('',(-0.0282847393213157,0.02171875,-0.0127722396468125));
#11223=CARTESIAN_POINT('',(-0.0282847393213157,0.0217160190254931,-0.0123230928333651));
#11224=CARTESIAN_POINT('',(-0.0282847393213157,0.0197743055555555,-0.0129076563134791));
#11225=CARTESIAN_POINT('',(-0.0292847393213157,0.0197743055555555,-0.0129076563134791));
#11226=CARTESIAN_POINT('',(-0.0282847393213157,0.0196186342592592,-0.0129076563134791));
#11227=CARTESIAN_POINT('',(-0.0292847393213157,0.0196186342592592,-0.0129076563134791));
#11228=CARTESIAN_POINT('',(-0.0282847393213157,0.0194973958333333,-0.0128534028412569));
#11229=CARTESIAN_POINT('',(-0.0292847393213157,0.0194973958333333,-0.0128534028412569));
#11230=CARTESIAN_POINT('',(-0.0282847393213157,0.0194105902777778,-0.0127448958968125));
#11231=CARTESIAN_POINT('',(-0.0292847393213157,0.0194105902777778,-0.0127448958968125));
#11232=CARTESIAN_POINT('',(-0.0292847393213157,0.0197743055555555,-0.0129076563134791));
#11233=CARTESIAN_POINT('',(-0.0292847393213157,0.0195407986111111,-0.0129076563134791));
#11234=CARTESIAN_POINT('',(-0.0292847393213157,0.0194105902777778,-0.0127448958968125));
#11235=CARTESIAN_POINT('',(-0.0292847393213157,0.0197743055555555,-0.0129076563134791));
#11236=CARTESIAN_POINT('',(-0.0292847393213157,0.0194105902777778,-0.0127448958968125));
#11237=CARTESIAN_POINT('',(-0.0282847393213157,0.0197743055555555,-0.0129076563134791));
#11238=CARTESIAN_POINT('',(-0.0282847393213157,0.0197743055555555,-0.0129076563134791));
#11239=CARTESIAN_POINT('',(-0.0282847393213157,0.0197743055555555,-0.0129076563134791));
#11240=CARTESIAN_POINT('',(-0.0282847393213157,0.0195407986111111,-0.0129076563134791));
#11241=CARTESIAN_POINT('',(-0.0282847393213157,0.0194105902777778,-0.0127448958968125));
#11242=CARTESIAN_POINT('',(-0.0282847393213157,0.0194105902777778,-0.0127448958968125));
#11243=CARTESIAN_POINT('',(-0.0282847393213157,0.0194105902777778,-0.0127448958968125));
#11244=CARTESIAN_POINT('',(-0.0282847393213157,0.0204470486111111,-0.0123303993690347));
#11245=CARTESIAN_POINT('',(-0.0292847393213157,0.0204470486111111,-0.0123303993690347));
#11246=CARTESIAN_POINT('',(-0.0282847393213157,0.0202693865740741,-0.0127152373319976));
#11247=CARTESIAN_POINT('',(-0.0292847393213157,0.0202693865740741,-0.0127152373319976));
#11248=CARTESIAN_POINT('',(-0.0282847393213157,0.0200451388888889,-0.0129076563134791));
#11249=CARTESIAN_POINT('',(-0.0292847393213157,0.0200451388888889,-0.0129076563134791));
#11250=CARTESIAN_POINT('',(-0.0282847393213157,0.0197743055555555,-0.0129076563134791));
#11251=CARTESIAN_POINT('',(-0.0292847393213157,0.0197743055555555,-0.0129076563134791));
#11252=CARTESIAN_POINT('',(-0.0292847393213157,0.0204470486111111,-0.0123303993690347));
#11253=CARTESIAN_POINT('',(-0.0292847393213157,0.0201805555555555,-0.0129076563134791));
#11254=CARTESIAN_POINT('',(-0.0292847393213157,0.0197743055555555,-0.0129076563134791));
#11255=CARTESIAN_POINT('',(-0.0292847393213157,0.0204470486111111,-0.0123303993690347));
#11256=CARTESIAN_POINT('',(-0.0282847393213157,0.0204470486111111,-0.0123303993690347));
#11257=CARTESIAN_POINT('',(-0.0282847393213157,0.0204470486111111,-0.0123303993690347));
#11258=CARTESIAN_POINT('',(-0.0282847393213157,0.0204470486111111,-0.0123303993690347));
#11259=CARTESIAN_POINT('',(-0.0282847393213157,0.0201805555555555,-0.0129076563134791));
#11260=CARTESIAN_POINT('',(-0.0282847393213157,0.0197743055555555,-0.0129076563134791));
#11261=CARTESIAN_POINT('',(-0.0282847393213157,0.0201089409722222,-0.0118325695079236));
#11262=CARTESIAN_POINT('',(-0.0292847393213157,0.0201089409722222,-0.0118325695079236));
#11263=CARTESIAN_POINT('',(-0.0282847393213157,0.0202145543981481,-0.0119347107116273));
#11264=CARTESIAN_POINT('',(-0.0292847393213157,0.0202145543981481,-0.0119347107116273));
#11265=CARTESIAN_POINT('',(-0.0282847393213157,0.0203272569444444,-0.0121006539986643));
#11266=CARTESIAN_POINT('',(-0.0292847393213157,0.0203272569444444,-0.0121006539986643));
#11267=CARTESIAN_POINT('',(-0.0282847393213157,0.0204470486111111,-0.0123303993690347));
#11268=CARTESIAN_POINT('',(-0.0292847393213157,0.0204470486111111,-0.0123303993690347));
#11269=CARTESIAN_POINT('',(-0.0292847393213157,0.0201089409722222,-0.0118325695079236));
#11270=CARTESIAN_POINT('',(-0.0292847393213157,0.0202673611111111,-0.0119857813134791));
#11271=CARTESIAN_POINT('',(-0.0292847393213157,0.0204470486111111,-0.0123303993690347));
#11272=CARTESIAN_POINT('',(-0.0292847393213157,0.0201089409722222,-0.0118325695079236));
#11273=CARTESIAN_POINT('',(-0.0282847393213157,0.0201089409722222,-0.0118325695079236));
#11274=CARTESIAN_POINT('',(-0.0282847393213157,0.0201089409722222,-0.0118325695079236));
#11275=CARTESIAN_POINT('',(-0.0282847393213157,0.0201089409722222,-0.0118325695079236));
#11276=CARTESIAN_POINT('',(-0.0282847393213157,0.0202673611111111,-0.0119857813134791));
#11277=CARTESIAN_POINT('',(-0.0282847393213157,0.0204470486111111,-0.0123303993690347));
#11278=CARTESIAN_POINT('',(-0.0282847393213157,0.0197682291666667,-0.011679357702368));
#11279=CARTESIAN_POINT('',(-0.0292847393213157,0.0197682291666667,-0.011679357702368));
#11280=CARTESIAN_POINT('',(-0.0282847393213157,0.0198897569444445,-0.011679357702368));
#11281=CARTESIAN_POINT('',(-0.0292847393213157,0.0198897569444445,-0.011679357702368));
#11282=CARTESIAN_POINT('',(-0.0282847393213157,0.0200033275462963,-0.0117304283042199));
#11283=CARTESIAN_POINT('',(-0.0292847393213157,0.0200033275462963,-0.0117304283042199));
#11284=CARTESIAN_POINT('',(-0.0282847393213157,0.0201089409722222,-0.0118325695079236));
#11285=CARTESIAN_POINT('',(-0.0292847393213157,0.0201089409722222,-0.0118325695079236));
#11286=CARTESIAN_POINT('',(-0.0292847393213157,0.0197682291666667,-0.011679357702368));
#11287=CARTESIAN_POINT('',(-0.0292847393213157,0.0199505208333333,-0.011679357702368));
#11288=CARTESIAN_POINT('',(-0.0292847393213157,0.0201089409722222,-0.0118325695079236));
#11289=CARTESIAN_POINT('',(-0.0292847393213157,0.0197682291666667,-0.011679357702368));
#11290=CARTESIAN_POINT('',(-0.0282847393213157,0.0197682291666667,-0.011679357702368));
#11291=CARTESIAN_POINT('',(-0.0282847393213157,0.0197682291666667,-0.011679357702368));
#11292=CARTESIAN_POINT('',(-0.0282847393213157,0.0197682291666667,-0.011679357702368));
#11293=CARTESIAN_POINT('',(-0.0282847393213157,0.0199505208333333,-0.011679357702368));
#11294=CARTESIAN_POINT('',(-0.0282847393213157,0.0201089409722222,-0.0118325695079236));
#11295=CARTESIAN_POINT('',(-0.0282847393213157,0.0197504424395338,-0.0121242987934282));
#11296=CARTESIAN_POINT('',(-0.0292847393213157,0.0197504424395338,-0.0121242987934282));
#11297=CARTESIAN_POINT('',(-0.0292847393213157,0.0194144965277778,-0.0118338715912569));
#11298=CARTESIAN_POINT('',(-0.0282847393213157,0.0194144965277778,-0.0118338715912569));
#11299=CARTESIAN_POINT('',(-0.0282847393213157,0.0194144965277778,-0.0118338715912569));
#11300=CARTESIAN_POINT('',(-0.0282847393213157,0.0197504424395338,-0.0121242987934282));
#11301=CARTESIAN_POINT('',(-0.0282847393213157,0.0192803819444444,-0.0123000174245902));
#11302=CARTESIAN_POINT('',(-0.0292847393213157,0.0192803819444444,-0.0123000174245902));
#11303=CARTESIAN_POINT('',(-0.0282847393213157,0.0192803819444444,-0.0120922627949606));
#11304=CARTESIAN_POINT('',(-0.0292847393213157,0.0192803819444444,-0.0120922627949606));
#11305=CARTESIAN_POINT('',(-0.0282847393213157,0.0193250868055555,-0.0119368808505162));
#11306=CARTESIAN_POINT('',(-0.0292847393213157,0.0193250868055555,-0.0119368808505162));
#11307=CARTESIAN_POINT('',(-0.0282847393213157,0.0194144965277778,-0.0118338715912569));
#11308=CARTESIAN_POINT('',(-0.0292847393213157,0.0194144965277778,-0.0118338715912569));
#11309=CARTESIAN_POINT('',(-0.0292847393213157,0.0192803819444444,-0.0123000174245902));
#11310=CARTESIAN_POINT('',(-0.0292847393213157,0.0192803819444444,-0.0119883854801458));
#11311=CARTESIAN_POINT('',(-0.0292847393213157,0.0194144965277778,-0.0118338715912569));
#11312=CARTESIAN_POINT('',(-0.0292847393213157,0.0192803819444444,-0.0123000174245902));
#11313=CARTESIAN_POINT('',(-0.0282847393213157,0.0192803819444444,-0.0123000174245902));
#11314=CARTESIAN_POINT('',(-0.0282847393213157,0.0192803819444444,-0.0123000174245902));
#11315=CARTESIAN_POINT('',(-0.0282847393213157,0.0192803819444444,-0.0123000174245902));
#11316=CARTESIAN_POINT('',(-0.0282847393213157,0.0192803819444444,-0.0119883854801458));
#11317=CARTESIAN_POINT('',(-0.0282847393213157,0.0194144965277778,-0.0118338715912569));
#11318=CARTESIAN_POINT('',(-0.0282847393213157,0.0227361111111111,-0.0122896007579236));
#11319=CARTESIAN_POINT('',(-0.0292847393213157,0.0227361111111111,-0.0122896007579236));
#11320=CARTESIAN_POINT('',(-0.0282847393213157,0.0227361111111111,-0.0119093924245902));
#11321=CARTESIAN_POINT('',(-0.0292847393213157,0.0227361111111111,-0.0119093924245902));
#11322=CARTESIAN_POINT('',(-0.0282847393213157,0.0226497395833333,-0.011603113489405));
#11323=CARTESIAN_POINT('',(-0.0292847393213157,0.0226497395833333,-0.011603113489405));
#11324=CARTESIAN_POINT('',(-0.0282847393213157,0.0224769965277777,-0.011370763952368));
#11325=CARTESIAN_POINT('',(-0.0292847393213157,0.0224769965277777,-0.011370763952368));
#11326=CARTESIAN_POINT('',(-0.0282847393213157,0.0227361111111111,-0.0122896007579236));
#11327=CARTESIAN_POINT('',(-0.0282847393213157,0.0227361111111111,-0.0122896007579236));
#11328=CARTESIAN_POINT('',(-0.0282847393213157,0.0227361111111111,-0.0122896007579236));
#11329=CARTESIAN_POINT('',(-0.0282847393213157,0.0227361111111111,-0.0117192882579236));
#11330=CARTESIAN_POINT('',(-0.0282847393213157,0.0224769965277777,-0.011370763952368));
#11331=CARTESIAN_POINT('',(-0.0282847393213157,0.0224769965277777,-0.011370763952368));
#11332=CARTESIAN_POINT('',(-0.0282847393213157,0.0224769965277777,-0.011370763952368));
#11333=CARTESIAN_POINT('',(-0.0282847393213157,0.0224730902777778,-0.0132088715912569));
#11334=CARTESIAN_POINT('',(-0.0292847393213157,0.0224730902777778,-0.0132088715912569));
#11335=CARTESIAN_POINT('',(-0.0282847393213157,0.0226484375,-0.0129739178875532));
#11336=CARTESIAN_POINT('',(-0.0292847393213157,0.0226484375,-0.0129739178875532));
#11337=CARTESIAN_POINT('',(-0.0282847393213157,0.0227361111111111,-0.0126674942764421));
#11338=CARTESIAN_POINT('',(-0.0292847393213157,0.0227361111111111,-0.0126674942764421));
#11339=CARTESIAN_POINT('',(-0.0282847393213157,0.0227361111111111,-0.0122896007579236));
#11340=CARTESIAN_POINT('',(-0.0292847393213157,0.0227361111111111,-0.0122896007579236));
#11341=CARTESIAN_POINT('',(-0.0282847393213157,0.0224730902777778,-0.0132088715912569));
#11342=CARTESIAN_POINT('',(-0.0282847393213157,0.0224730902777778,-0.0132088715912569));
#11343=CARTESIAN_POINT('',(-0.0282847393213157,0.0224730902777778,-0.0132088715912569));
#11344=CARTESIAN_POINT('',(-0.0282847393213157,0.0227361111111111,-0.0128564410357013));
#11345=CARTESIAN_POINT('',(-0.0282847393213157,0.0227361111111111,-0.0122896007579236));
#11346=CARTESIAN_POINT('',(-0.0282847393213157,0.0217838541666667,-0.0135613021468125));
#11347=CARTESIAN_POINT('',(-0.0292847393213157,0.0217838541666667,-0.0135613021468125));
#11348=CARTESIAN_POINT('',(-0.0282847393213157,0.0220679976851852,-0.0135613021468125));
#11349=CARTESIAN_POINT('',(-0.0292847393213157,0.0220679976851852,-0.0135613021468125));
#11350=CARTESIAN_POINT('',(-0.0282847393213157,0.0222977430555556,-0.0134438252949606));
#11351=CARTESIAN_POINT('',(-0.0292847393213157,0.0222977430555556,-0.0134438252949606));
#11352=CARTESIAN_POINT('',(-0.0282847393213157,0.0224730902777778,-0.0132088715912569));
#11353=CARTESIAN_POINT('',(-0.0292847393213157,0.0224730902777778,-0.0132088715912569));
#11354=CARTESIAN_POINT('',(-0.0282847393213157,0.0217838541666667,-0.0135613021468125));
#11355=CARTESIAN_POINT('',(-0.0282847393213157,0.0217838541666667,-0.0135613021468125));
#11356=CARTESIAN_POINT('',(-0.0282847393213157,0.0217838541666667,-0.0135613021468125));
#11357=CARTESIAN_POINT('',(-0.0282847393213157,0.0222100694444445,-0.0135613021468125));
#11358=CARTESIAN_POINT('',(-0.0282847393213157,0.0224730902777778,-0.0132088715912569));
#11359=CARTESIAN_POINT('',(-0.0282847393213157,0.0217761186066469,-0.0125546245016667));
#11360=CARTESIAN_POINT('',(-0.0282847393213157,0.0212495659722222,-0.0134124306190347));
#11361=CARTESIAN_POINT('',(-0.0282847393213157,0.0212495659722222,-0.0134124306190347));
#11362=CARTESIAN_POINT('',(-0.0282847393213157,0.0217761186066469,-0.0125546245016667));
#11363=CARTESIAN_POINT('',(-0.0282847393213157,0.0207916666666666,-0.0129241493690347));
#11364=CARTESIAN_POINT('',(-0.0292847393213157,0.0207916666666666,-0.0129241493690347));
#11365=CARTESIAN_POINT('',(-0.0282847393213157,0.0209340277777778,-0.0131504225171828));
#11366=CARTESIAN_POINT('',(-0.0292847393213157,0.0209340277777778,-0.0131504225171828));
#11367=CARTESIAN_POINT('',(-0.0282847393213157,0.0210866608796296,-0.0133131829338495));
#11368=CARTESIAN_POINT('',(-0.0292847393213157,0.0210866608796296,-0.0133131829338495));
#11369=CARTESIAN_POINT('',(-0.0282847393213157,0.0212495659722222,-0.0134124306190347));
#11370=CARTESIAN_POINT('',(-0.0292847393213157,0.0212495659722222,-0.0134124306190347));
#11371=CARTESIAN_POINT('',(-0.0282847393213157,0.0207916666666666,-0.0129241493690347));
#11372=CARTESIAN_POINT('',(-0.0282847393213157,0.0207916666666666,-0.0129241493690347));
#11373=CARTESIAN_POINT('',(-0.0282847393213157,0.0207916666666666,-0.0129241493690347));
#11374=CARTESIAN_POINT('',(-0.0282847393213157,0.0210052083333334,-0.0132635590912569));
#11375=CARTESIAN_POINT('',(-0.0282847393213157,0.0212495659722222,-0.0134124306190347));
#11376=CARTESIAN_POINT('',(-0.0282847393213157,0.0203272569444444,-0.0135031424245902));
#11377=CARTESIAN_POINT('',(-0.0292847393213157,0.0203272569444444,-0.0135031424245902));
#11378=CARTESIAN_POINT('',(-0.0282847393213157,0.0205026041666666,-0.0133827720542199));
#11379=CARTESIAN_POINT('',(-0.0292847393213157,0.0205026041666666,-0.0133827720542199));
#11380=CARTESIAN_POINT('',(-0.0282847393213157,0.0206574074074074,-0.0131897743690347));
#11381=CARTESIAN_POINT('',(-0.0292847393213157,0.0206574074074074,-0.0131897743690347));
#11382=CARTESIAN_POINT('',(-0.0282847393213157,0.0207916666666666,-0.0129241493690347));
#11383=CARTESIAN_POINT('',(-0.0292847393213157,0.0207916666666666,-0.0129241493690347));
#11384=CARTESIAN_POINT('',(-0.0282847393213157,0.0203272569444444,-0.0135031424245902));
#11385=CARTESIAN_POINT('',(-0.0282847393213157,0.0203272569444444,-0.0135031424245902));
#11386=CARTESIAN_POINT('',(-0.0282847393213157,0.0203272569444444,-0.0135031424245902));
#11387=CARTESIAN_POINT('',(-0.0282847393213157,0.0205902777777777,-0.0133225868690347));
#11388=CARTESIAN_POINT('',(-0.0282847393213157,0.0207916666666666,-0.0129241493690347));
#11389=CARTESIAN_POINT('',(-0.0282847393213157,0.0197437916865501,-0.0126453804446455));
#11390=CARTESIAN_POINT('',(-0.0282847393213157,0.0197248263888889,-0.0136836979801458));
#11391=CARTESIAN_POINT('',(-0.0282847393213157,0.0197248263888889,-0.0136836979801458));
#11392=CARTESIAN_POINT('',(-0.0282847393213157,0.0197437916865501,-0.0126453804446455));
#11393=CARTESIAN_POINT('',(-0.0282847393213157,0.0189409722222222,-0.013312170202368));
#11394=CARTESIAN_POINT('',(-0.0292847393213157,0.0189409722222222,-0.013312170202368));
#11395=CARTESIAN_POINT('',(-0.0282847393213157,0.0191255787037037,-0.0135598553875532));
#11396=CARTESIAN_POINT('',(-0.0292847393213157,0.0191255787037037,-0.0135598553875532));
#11397=CARTESIAN_POINT('',(-0.0282847393213157,0.0193868634259259,-0.0136836979801458));
#11398=CARTESIAN_POINT('',(-0.0292847393213157,0.0193868634259259,-0.0136836979801458));
#11399=CARTESIAN_POINT('',(-0.0282847393213157,0.0197248263888889,-0.0136836979801458));
#11400=CARTESIAN_POINT('',(-0.0292847393213157,0.0197248263888889,-0.0136836979801458));
#11401=CARTESIAN_POINT('',(-0.0282847393213157,0.0189409722222222,-0.013312170202368));
#11402=CARTESIAN_POINT('',(-0.0282847393213157,0.0189409722222222,-0.013312170202368));
#11403=CARTESIAN_POINT('',(-0.0282847393213157,0.0189409722222222,-0.013312170202368));
#11404=CARTESIAN_POINT('',(-0.0282847393213157,0.0192178819444444,-0.0136836979801458));
#11405=CARTESIAN_POINT('',(-0.0282847393213157,0.0197248263888889,-0.0136836979801458));
#11406=CARTESIAN_POINT('',(-0.0282847393213157,0.0186640625,-0.0122896007579236));
#11407=CARTESIAN_POINT('',(-0.0292847393213157,0.0186640625,-0.0122896007579236));
#11408=CARTESIAN_POINT('',(-0.0282847393213157,0.0186640625,-0.0127236285357013));
#11409=CARTESIAN_POINT('',(-0.0292847393213157,0.0186640625,-0.0127236285357013));
#11410=CARTESIAN_POINT('',(-0.0282847393213157,0.0187563657407407,-0.0130644850171828));
#11411=CARTESIAN_POINT('',(-0.0292847393213157,0.0187563657407407,-0.0130644850171828));
#11412=CARTESIAN_POINT('',(-0.0282847393213157,0.0189409722222222,-0.013312170202368));
#11413=CARTESIAN_POINT('',(-0.0292847393213157,0.0189409722222222,-0.013312170202368));
#11414=CARTESIAN_POINT('',(-0.0282847393213157,0.0186640625,-0.0122896007579236));
#11415=CARTESIAN_POINT('',(-0.0282847393213157,0.0186640625,-0.0122896007579236));
#11416=CARTESIAN_POINT('',(-0.0282847393213157,0.0186640625,-0.0122896007579236));
#11417=CARTESIAN_POINT('',(-0.0282847393213157,0.0186640625,-0.0129406424245902));
#11418=CARTESIAN_POINT('',(-0.0282847393213157,0.0189409722222222,-0.013312170202368));
#11419=CARTESIAN_POINT('',(-0.0282847393213157,0.0189613715277777,-0.0112830903412569));
#11420=CARTESIAN_POINT('',(-0.0292847393213157,0.0189613715277777,-0.0112830903412569));
#11421=CARTESIAN_POINT('',(-0.0282847393213157,0.0187631655092592,-0.0115380093227384));
#11422=CARTESIAN_POINT('',(-0.0292847393213157,0.0187631655092592,-0.0115380093227384));
#11423=CARTESIAN_POINT('',(-0.0282847393213157,0.0186640625,-0.0118735127949606));
#11424=CARTESIAN_POINT('',(-0.0292847393213157,0.0186640625,-0.0118735127949606));
#11425=CARTESIAN_POINT('',(-0.0282847393213157,0.0186640625,-0.0122896007579236));
#11426=CARTESIAN_POINT('',(-0.0292847393213157,0.0186640625,-0.0122896007579236));
#11427=CARTESIAN_POINT('',(-0.0282847393213157,0.0189613715277777,-0.0112830903412569));
#11428=CARTESIAN_POINT('',(-0.0282847393213157,0.0189613715277777,-0.0112830903412569));
#11429=CARTESIAN_POINT('',(-0.0282847393213157,0.0189613715277777,-0.0112830903412569));
#11430=CARTESIAN_POINT('',(-0.0282847393213157,0.0186640625,-0.0116654688134791));
#11431=CARTESIAN_POINT('',(-0.0282847393213157,0.0186640625,-0.0122896007579236));
#11432=CARTESIAN_POINT('',(-0.0282847393213157,0.0197465277777778,-0.0109007118690347));
#11433=CARTESIAN_POINT('',(-0.0292847393213157,0.0197465277777778,-0.0109007118690347));
#11434=CARTESIAN_POINT('',(-0.0282847393213157,0.0194212962962963,-0.0109007118690347));
#11435=CARTESIAN_POINT('',(-0.0292847393213157,0.0194212962962963,-0.0109007118690347));
#11436=CARTESIAN_POINT('',(-0.0282847393213157,0.0191595775462963,-0.0110281713597754));
#11437=CARTESIAN_POINT('',(-0.0292847393213157,0.0191595775462963,-0.0110281713597754));
#11438=CARTESIAN_POINT('',(-0.0282847393213157,0.0189613715277777,-0.0112830903412569));
#11439=CARTESIAN_POINT('',(-0.0292847393213157,0.0189613715277777,-0.0112830903412569));
#11440=CARTESIAN_POINT('',(-0.0282847393213157,0.0197465277777778,-0.0109007118690347));
#11441=CARTESIAN_POINT('',(-0.0282847393213157,0.0197465277777778,-0.0109007118690347));
#11442=CARTESIAN_POINT('',(-0.0282847393213157,0.0197465277777778,-0.0109007118690347));
#11443=CARTESIAN_POINT('',(-0.0282847393213157,0.0192586805555555,-0.0109007118690347));
#11444=CARTESIAN_POINT('',(-0.0282847393213157,0.0189613715277777,-0.0112830903412569));
#11445=CARTESIAN_POINT('',(-0.0282847393213157,0.0197468182694864,-0.011827464268445));
#11446=CARTESIAN_POINT('',(-0.0282847393213157,0.0203155381944444,-0.0110947222857013));
#11447=CARTESIAN_POINT('',(-0.0282847393213157,0.0203155381944444,-0.0110947222857013));
#11448=CARTESIAN_POINT('',(-0.0282847393213157,0.0197468182694864,-0.011827464268445));
#11449=CARTESIAN_POINT('',(-0.0282847393213157,0.0208133680555555,-0.0117331771468125));
#11450=CARTESIAN_POINT('',(-0.0292847393213157,0.0208133680555555,-0.0117331771468125));
#11451=CARTESIAN_POINT('',(-0.0282847393213157,0.020654224537037,-0.0114368808505162));
#11452=CARTESIAN_POINT('',(-0.0292847393213157,0.020654224537037,-0.0114368808505162));
#11453=CARTESIAN_POINT('',(-0.0282847393213157,0.02048828125,-0.0112240625634791));
#11454=CARTESIAN_POINT('',(-0.0292847393213157,0.02048828125,-0.0112240625634791));
#11455=CARTESIAN_POINT('',(-0.0282847393213157,0.0203155381944444,-0.0110947222857013));
#11456=CARTESIAN_POINT('',(-0.0292847393213157,0.0203155381944444,-0.0110947222857013));
#11457=CARTESIAN_POINT('',(-0.0282847393213157,0.0208133680555555,-0.0117331771468125));
#11458=CARTESIAN_POINT('',(-0.0282847393213157,0.0208133680555555,-0.0117331771468125));
#11459=CARTESIAN_POINT('',(-0.0282847393213157,0.0208133680555555,-0.0117331771468125));
#11460=CARTESIAN_POINT('',(-0.0282847393213157,0.0205746527777778,-0.011288732702368));
#11461=CARTESIAN_POINT('',(-0.0282847393213157,0.0203155381944444,-0.0110947222857013));
#11462=CARTESIAN_POINT('',(-0.0282847393213157,0.0212374131944444,-0.0111906424245902));
#11463=CARTESIAN_POINT('',(-0.0292847393213157,0.0212374131944444,-0.0111906424245902));
#11464=CARTESIAN_POINT('',(-0.0282847393213157,0.0210791377314815,-0.0113029109431088));
#11465=CARTESIAN_POINT('',(-0.0292847393213157,0.0210791377314815,-0.0113029109431088));
#11466=CARTESIAN_POINT('',(-0.0282847393213157,0.0209377893518519,-0.0114837558505162));
#11467=CARTESIAN_POINT('',(-0.0292847393213157,0.0209377893518519,-0.0114837558505162));
#11468=CARTESIAN_POINT('',(-0.0282847393213157,0.0208133680555555,-0.0117331771468125));
#11469=CARTESIAN_POINT('',(-0.0292847393213157,0.0208133680555555,-0.0117331771468125));
#11470=CARTESIAN_POINT('',(-0.0282847393213157,0.0212374131944444,-0.0111906424245902));
#11471=CARTESIAN_POINT('',(-0.0282847393213157,0.0212374131944444,-0.0111906424245902));
#11472=CARTESIAN_POINT('',(-0.0282847393213157,0.0212374131944444,-0.0111906424245902));
#11473=CARTESIAN_POINT('',(-0.0282847393213157,0.021,-0.011359045202368));
#11474=CARTESIAN_POINT('',(-0.0282847393213157,0.0208133680555555,-0.0117331771468125));
#11475=CARTESIAN_POINT('',(-0.0282847393213157,0.0217642509632403,-0.0119337330714095));
#11476=CARTESIAN_POINT('',(-0.0282847393213157,0.0217786458333333,-0.0110222396468125));
#11477=CARTESIAN_POINT('',(-0.0282847393213157,0.0217786458333333,-0.0110222396468125));
#11478=CARTESIAN_POINT('',(-0.0282847393213157,0.0217642509632403,-0.0119337330714095));
#11479=CARTESIAN_POINT('',(-0.0282847393213157,0.0194105902777778,-0.0127448958968125));
#11480=CARTESIAN_POINT('',(-0.0292847393213157,0.0194105902777778,-0.0127448958968125));
#11481=CARTESIAN_POINT('',(-0.0282847393213157,0.0193237847222222,-0.012636388952368));
#11482=CARTESIAN_POINT('',(-0.0292847393213157,0.0193237847222222,-0.012636388952368));
#11483=CARTESIAN_POINT('',(-0.0282847393213157,0.0192803819444444,-0.0124880961282939));
#11484=CARTESIAN_POINT('',(-0.0292847393213157,0.0192803819444444,-0.0124880961282939));
#11485=CARTESIAN_POINT('',(-0.0282847393213157,0.0192803819444444,-0.0123000174245902));
#11486=CARTESIAN_POINT('',(-0.0292847393213157,0.0192803819444444,-0.0123000174245902));
#11487=CARTESIAN_POINT('',(-0.0292847393213157,0.0194105902777778,-0.0127448958968125));
#11488=CARTESIAN_POINT('',(-0.0292847393213157,0.0192803819444444,-0.0125821354801458));
#11489=CARTESIAN_POINT('',(-0.0292847393213157,0.0192803819444444,-0.0123000174245902));
#11490=CARTESIAN_POINT('',(-0.0282847393213157,0.0194105902777778,-0.0127448958968125));
#11491=CARTESIAN_POINT('',(-0.0282847393213157,0.0192803819444444,-0.0125821354801458));
#11492=CARTESIAN_POINT('',(-0.0282847393213157,0.0192803819444444,-0.0123000174245902));
#11493=CARTESIAN_POINT('',(-0.0282847393213157,0.0224769965277777,-0.011370763952368));
#11494=CARTESIAN_POINT('',(-0.0292847393213157,0.0224769965277777,-0.011370763952368));
#11495=CARTESIAN_POINT('',(-0.0282847393213157,0.0223042534722222,-0.011138414415331));
#11496=CARTESIAN_POINT('',(-0.0292847393213157,0.0223042534722222,-0.011138414415331));
#11497=CARTESIAN_POINT('',(-0.0282847393213157,0.0220714699074074,-0.0110222396468125));
#11498=CARTESIAN_POINT('',(-0.0292847393213157,0.0220714699074074,-0.0110222396468125));
#11499=CARTESIAN_POINT('',(-0.0282847393213157,0.0217786458333333,-0.0110222396468125));
#11500=CARTESIAN_POINT('',(-0.0292847393213157,0.0217786458333333,-0.0110222396468125));
#11501=CARTESIAN_POINT('',(-0.0282847393213157,0.0224769965277777,-0.011370763952368));
#11502=CARTESIAN_POINT('',(-0.0282847393213157,0.0222178819444445,-0.0110222396468125));
#11503=CARTESIAN_POINT('',(-0.0282847393213157,0.0217786458333333,-0.0110222396468125));
#11504=CARTESIAN_POINT('',(-0.0282847393213157,0.0220134548611111,-0.0126407292301458));
#11505=CARTESIAN_POINT('',(-0.0292847393213157,0.0220134548611111,-0.0126407292301458));
#11506=CARTESIAN_POINT('',(-0.0282847393213157,0.0219402488425926,-0.0127284028412569));
#11507=CARTESIAN_POINT('',(-0.0292847393213157,0.0219402488425926,-0.0127284028412569));
#11508=CARTESIAN_POINT('',(-0.0282847393213157,0.0218420138888889,-0.0127722396468125));
#11509=CARTESIAN_POINT('',(-0.0292847393213157,0.0218420138888889,-0.0127722396468125));
#11510=CARTESIAN_POINT('',(-0.0282847393213157,0.02171875,-0.0127722396468125));
#11511=CARTESIAN_POINT('',(-0.0292847393213157,0.02171875,-0.0127722396468125));
#11512=CARTESIAN_POINT('',(-0.0292847393213157,0.0220134548611111,-0.0126407292301458));
#11513=CARTESIAN_POINT('',(-0.0292847393213157,0.0219036458333333,-0.0127722396468125));
#11514=CARTESIAN_POINT('',(-0.0292847393213157,0.02171875,-0.0127722396468125));
#11515=CARTESIAN_POINT('',(-0.0282847393213157,0.0220134548611111,-0.0126407292301458));
#11516=CARTESIAN_POINT('',(-0.0282847393213157,0.0219036458333333,-0.0127722396468125));
#11517=CARTESIAN_POINT('',(-0.0282847393213157,0.02171875,-0.0127722396468125));
#11518=CARTESIAN_POINT('',(-0.0282847393213157,0.02071875,-0.0122097396468125));
#11519=CARTESIAN_POINT('',(-0.0292847393213157,0.02321875,-0.0122097399723091));
#11520=CARTESIAN_POINT('',(-0.0292847393213157,0.02321875,-0.0122097399723091));
#11521=MECHANICAL_DESIGN_GEOMETRIC_PRESENTATION_REPRESENTATION('',(#6142),
#11522);
#11522=(
GEOMETRIC_REPRESENTATION_CONTEXT(3)
GLOBAL_UNCERTAINTY_ASSIGNED_CONTEXT((#11523))
GLOBAL_UNIT_ASSIGNED_CONTEXT((#11526,#11525,#11524))
REPRESENTATION_CONTEXT('Mast','TOP_LEVEL_ASSEMBLY_PART')
);
#11523=UNCERTAINTY_MEASURE_WITH_UNIT(LENGTH_MEASURE(2.E-5),#11526,
'DISTANCE_ACCURACY_VALUE','Maximum Tolerance applied to model');
#11524=(
NAMED_UNIT(*)
SI_UNIT($,.STERADIAN.)
SOLID_ANGLE_UNIT()
);
#11525=(
NAMED_UNIT(*)
PLANE_ANGLE_UNIT()
SI_UNIT($,.RADIAN.)
);
#11526=(
LENGTH_UNIT()
NAMED_UNIT(*)
SI_UNIT($,.METRE.)
);
#11527=PRODUCT_DEFINITION_SHAPE('','',#11528);
#11528=PRODUCT_DEFINITION('','',#11530,#11529);
#11529=PRODUCT_DEFINITION_CONTEXT('',#11536,'design');
#11530=PRODUCT_DEFINITION_FORMATION_WITH_SPECIFIED_SOURCE('','',#11532,
 .NOT_KNOWN.);
#11531=PRODUCT_RELATED_PRODUCT_CATEGORY('','',(#11532));
#11532=PRODUCT('Mast','Mast','Mast',(#11534));
#11533=PRODUCT_CATEGORY('','');
#11534=PRODUCT_CONTEXT('',#11536,'mechanical');
#11535=APPLICATION_PROTOCOL_DEFINITION('international standard',
'ap242_managed_model_based_3d_engineering',2020,#11536);
#11536=APPLICATION_CONTEXT('managed model based 3d engineering');
ENDSEC;
END-ISO-10303-21;
