ISO-10303-21;
HEADER;
FILE_DESCRIPTION (( 'STEP AP214' ),
    '1' );
FILE_NAME ('FXL4TD245UMX.STEP',
    '2018-09-13T01:40:10',
    ( '' ),
    ( '' ),
    'SwSTEP 2.0',
    'SolidWorks 2017',
    '' );
FILE_SCHEMA (( 'AUTOMOTIVE_DESIGN' ));
ENDSEC;

DATA;
#1 = FACE_OUTER_BOUND ( 'NONE', #3043, .T. ) ;
#2 = AXIS2_PLACEMENT_3D ( 'NONE', #2277, #1419, #3779 ) ;
#3 = CLOSED_SHELL ( 'NONE', ( #680, #977, #3388, #1425, #3094, #4082 ) ) ;
#4 = VECTOR ( 'NONE', #1019, 1000.000000000000000 ) ;
#5 = EDGE_CURVE ( 'NONE', #4426, #4033, #455, .T. ) ;
#6 = CARTESIAN_POINT ( 'NONE',  ( -0.1000000000000001000, -0.05000000000000012800, 0.9000000000000001300 ) ) ;
#7 = DIRECTION ( 'NONE',  ( 0.0000000000000000000, -0.0000000000000000000, 1.000000000000000000 ) ) ;
#8 = MANIFOLD_SOLID_BREP ( 'Boss-Extrude2[6]', #4895 ) ;
#9 = FACE_OUTER_BOUND ( 'NONE', #4748, .T. ) ;
#10 = DIRECTION ( 'NONE',  ( 0.0000000000000000000, 0.0000000000000000000, -1.000000000000000000 ) ) ;
#11 = EDGE_LOOP ( 'NONE', ( #4816, #831, #2160, #4125 ) ) ;
#12 = EDGE_CURVE ( 'NONE', #2089, #713, #430, .T. ) ;
#13 = FACE_OUTER_BOUND ( 'NONE', #1204, .T. ) ;
#14 = DIRECTION ( 'NONE',  ( 0.0000000000000000000, 0.0000000000000000000, 1.000000000000000000 ) ) ;
#15 = DIRECTION ( 'NONE',  ( -0.0000000000000000000, 1.000000000000000000, -0.0000000000000000000 ) ) ;
#16 = VECTOR ( 'NONE', #1000, 1000.000000000000000 ) ;
#17 = VERTEX_POINT ( 'NONE', #1035 ) ;
#18 = ORIENTED_EDGE ( 'NONE', *, *, #4003, .F. ) ;
#19 = PRESENTATION_LAYER_ASSIGNMENT (  '', '', ( #461 ) ) ;
#20 = VERTEX_POINT ( 'NONE', #5023 ) ;
#21 = ORIENTED_EDGE ( 'NONE', *, *, #228, .T. ) ;
#22 = PLANE ( 'NONE',  #2346 ) ;
#23 = ORIENTED_EDGE ( 'NONE', *, *, #4876, .F. ) ;
#24 = DIRECTION ( 'NONE',  ( 0.0000000000000000000, 0.0000000000000000000, -1.000000000000000000 ) ) ;
#25 = EDGE_CURVE ( 'NONE', #2432, #3008, #4344, .T. ) ;
#26 = DIRECTION ( 'NONE',  ( 0.0000000000000000000, 0.0000000000000000000, -1.000000000000000000 ) ) ;
#27 = EDGE_CURVE ( 'NONE', #4729, #940, #2374, .T. ) ;
#28 = VERTEX_POINT ( 'NONE', #258 ) ;
#29 = ORIENTED_EDGE ( 'NONE', *, *, #2333, .F. ) ;
#30 = CARTESIAN_POINT ( 'NONE',  ( -0.8999999999999955800, 0.1019999999999999900, 0.3000000000000001000 ) ) ;
#31 = ORIENTED_EDGE ( 'NONE', *, *, #4804, .T. ) ;
#32 = PLANE ( 'NONE',  #848 ) ;
#33 = PLANE ( 'NONE',  #3394 ) ;
#34 = VERTEX_POINT ( 'NONE', #2210 ) ;
#35 = FACE_OUTER_BOUND ( 'NONE', #2361, .T. ) ;
#36 = SURFACE_STYLE_FILL_AREA ( #1932 ) ;
#37 = CLOSED_SHELL ( 'NONE', ( #4488, #1797, #181, #2618, #1001, #542 ) ) ;
#38 = EDGE_LOOP ( 'NONE', ( #4040, #1861, #1744, #3325 ) ) ;
#39 = CARTESIAN_POINT ( 'NONE',  ( -0.4999999999999996700, -0.0000000000000000000, -1.300000000000000000 ) ) ;
#40 = AXIS2_PLACEMENT_3D ( 'NONE', #4546, #2176, #1413 ) ;
#41 = LINE ( 'NONE', #316, #3848 ) ;
#42 = PLANE ( 'NONE',  #510 ) ;
#43 = ORIENTED_EDGE ( 'NONE', *, *, #4414, .T. ) ;
#44 = LINE ( 'NONE', #3063, #3058 ) ;
#45 = EDGE_CURVE ( 'NONE', #4109, #1628, #4458, .T. ) ;
#46 = ORIENTED_EDGE ( 'NONE', *, *, #651, .F. ) ;
#47 = VECTOR ( 'NONE', #628, 1000.000000000000000 ) ;
#48 = PLANE ( 'NONE',  #336 ) ;
#49 = ORIENTED_EDGE ( 'NONE', *, *, #1971, .F. ) ;
#50 = LINE ( 'NONE', #2601, #746 ) ;
#51 = EDGE_LOOP ( 'NONE', ( #546, #55, #3138, #1950, #3416 ) ) ;
#52 = DIRECTION ( 'NONE',  ( -0.0000000000000000000, 1.000000000000000000, -0.0000000000000000000 ) ) ;
#53 = DIRECTION ( 'NONE',  ( 0.0000000000000000000, 0.0000000000000000000, -1.000000000000000000 ) ) ;
#54 = VECTOR ( 'NONE', #2229, 1000.000000000000000 ) ;
#55 = ORIENTED_EDGE ( 'NONE', *, *, #4420, .F. ) ;
#56 = DIRECTION ( 'NONE',  ( 0.0000000000000000000, 0.0000000000000000000, 1.000000000000000000 ) ) ;
#57 = FACE_OUTER_BOUND ( 'NONE', #4541, .T. ) ;
#58 = EDGE_CURVE ( 'NONE', #2445, #1599, #1341, .T. ) ;
#59 = VECTOR ( 'NONE', #3659, 1000.000000000000000 ) ;
#60 = DIRECTION ( 'NONE',  ( -1.000000000000000000, 0.0000000000000000000, 0.0000000000000000000 ) ) ;
#61 = ORIENTED_EDGE ( 'NONE', *, *, #1626, .T. ) ;
#62 = DIRECTION ( 'NONE',  ( -0.0000000000000000000, -1.000000000000000000, -0.0000000000000000000 ) ) ;
#63 = VECTOR ( 'NONE', #4627, 1000.000000000000000 ) ;
#64 = DIRECTION ( 'NONE',  ( 0.0000000000000000000, 0.0000000000000000000, -1.000000000000000000 ) ) ;
#65 = ORIENTED_EDGE ( 'NONE', *, *, #3308, .T. ) ;
#66 = CARTESIAN_POINT ( 'NONE',  ( 0.6999999999999995100, 0.0000000000000000000, -0.9000000000000001300 ) ) ;
#67 = DIRECTION ( 'NONE',  ( 0.0000000000000000000, 0.0000000000000000000, 1.000000000000000000 ) ) ;
#68 = FACE_OUTER_BOUND ( 'NONE', #3547, .T. ) ;
#69 = AXIS2_PLACEMENT_3D ( 'NONE', #4983, #707, #2633 ) ;
#70 = UNCERTAINTY_MEASURE_WITH_UNIT (LENGTH_MEASURE( 1.000000000000000100E-005 ), #573, 'distance_accuracy_value', 'NONE');
#71 = EDGE_CURVE ( 'NONE', #472, #1743, #3549, .T. ) ;
#72 = LINE ( 'NONE', #1160, #1007 ) ;
#73 = ORIENTED_EDGE ( 'NONE', *, *, #3908, .T. ) ;
#74 = ORIENTED_EDGE ( 'NONE', *, *, #95, .T. ) ;
#75 = ORIENTED_EDGE ( 'NONE', *, *, #1045, .F. ) ;
#76 = ORIENTED_EDGE ( 'NONE', *, *, #1741, .T. ) ;
#77 = MECHANICAL_DESIGN_GEOMETRIC_PRESENTATION_REPRESENTATION (  '', ( #4767 ), #4229 ) ;
#78 = EDGE_LOOP ( 'NONE', ( #1978, #2888, #2187, #2246 ) ) ;
#79 = DIRECTION ( 'NONE',  ( -1.000000000000000000, 0.0000000000000000000, 5.421010862427523200E-016 ) ) ;
#80 = DIRECTION ( 'NONE',  ( -0.0000000000000000000, -1.000000000000000000, -0.0000000000000000000 ) ) ;
#81 = DIRECTION ( 'NONE',  ( 1.000000000000000000, 0.0000000000000000000, 2.710505431213761600E-016 ) ) ;
#82 = EDGE_LOOP ( 'NONE', ( #3829, #3236, #2629, #1713 ) ) ;
#83 = AXIS2_PLACEMENT_3D ( 'NONE', #2024, #4877, #2127 ) ;
#84 = CARTESIAN_POINT ( 'NONE',  ( -0.1000000000000001000, 0.0000000000000000000, 0.9000000000000001300 ) ) ;
#85 = CARTESIAN_POINT ( 'NONE',  ( -0.4999999999999914500, 0.1019999999999999900, -0.1000000000000001600 ) ) ;
#86 = ORIENTED_EDGE ( 'NONE', *, *, #1536, .F. ) ;
#87 = ORIENTED_EDGE ( 'NONE', *, *, #3555, .T. ) ;
#88 = VECTOR ( 'NONE', #4491, 1000.000000000000000 ) ;
#89 = LINE ( 'NONE', #4667, #2842 ) ;
#90 = VECTOR ( 'NONE', #1801, 1000.000000000000000 ) ;
#91 = LINE ( 'NONE', #1355, #2480 ) ;
#92 = AXIS2_PLACEMENT_3D ( 'NONE', #545, #578, #934 ) ;
#93 = LINE ( 'NONE', #3726, #4148 ) ;
#94 = VERTEX_POINT ( 'NONE', #2621 ) ;
#95 = EDGE_CURVE ( 'NONE', #4325, #3433, #1042, .T. ) ;
#96 = VECTOR ( 'NONE', #196, 1000.000000000000000 ) ;
#97 = EDGE_LOOP ( 'NONE', ( #1749, #188, #4822, #5027 ) ) ;
#98 = LINE ( 'NONE', #2283, #1224 ) ;
#99 = CARTESIAN_POINT ( 'NONE',  ( -0.7000000000000000700, -1.138516480713438700, 1.300000000000000000 ) ) ;
#100 = CLOSED_SHELL ( 'NONE', ( #2221, #2580, #3603, #2554, #3302, #1449 ) ) ;
#101 = CARTESIAN_POINT ( 'NONE',  ( -0.8999999999999998000, 0.1019999999999999900, 0.7000000000000000700 ) ) ;
#102 = DIRECTION ( 'NONE',  ( 1.000000000000000000, -0.0000000000000000000, -2.409338161078899200E-016 ) ) ;
#103 = EDGE_CURVE ( 'NONE', #3954, #3200, #3056, .T. ) ;
#104 = FACE_OUTER_BOUND ( 'NONE', #4162, .T. ) ;
#105 = VERTEX_POINT ( 'NONE', #4624 ) ;
#106 = DIRECTION ( 'NONE',  ( -5.421010862427523200E-016, 0.0000000000000000000, 1.000000000000000000 ) ) ;
#107 = VECTOR ( 'NONE', #678, 1000.000000000000000 ) ;
#108 = AXIS2_PLACEMENT_3D ( 'NONE', #2220, #2648, #1469 ) ;
#109 = DIRECTION ( 'NONE',  ( 0.0000000000000000000, -0.0000000000000000000, -1.000000000000000000 ) ) ;
#110 = CARTESIAN_POINT ( 'NONE',  ( 0.0000000000000000000, 0.1019999999999999900, 0.0000000000000000000 ) ) ;
#111 = VECTOR ( 'NONE', #4815, 1000.000000000000000 ) ;
#112 = ORIENTED_EDGE ( 'NONE', *, *, #1583, .F. ) ;
#113 = CARTESIAN_POINT ( 'NONE',  ( -0.8999999999999913600, -1.138516480713438700, -0.09999999999999993600 ) ) ;
#114 = DIRECTION ( 'NONE',  ( -0.0000000000000000000, -1.000000000000000000, -0.0000000000000000000 ) ) ;
#115 = AXIS2_PLACEMENT_3D ( 'NONE', #3623, #2075, #2876 ) ;
#116 = EDGE_CURVE ( 'NONE', #1440, #2010, #847, .T. ) ;
#117 = DIRECTION ( 'NONE',  ( -0.0000000000000000000, -1.000000000000000000, -0.0000000000000000000 ) ) ;
#118 = EDGE_CURVE ( 'NONE', #105, #786, #799, .T. ) ;
#119 = FACE_OUTER_BOUND ( 'NONE', #419, .T. ) ;
#120 = ORIENTED_EDGE ( 'NONE', *, *, #1194, .T. ) ;
#121 = VERTEX_POINT ( 'NONE', #298 ) ;
#122 = CARTESIAN_POINT ( 'NONE',  ( 0.8999999999999913600, 0.0000000000000000000, -0.3000000000000001600 ) ) ;
#123 = LINE ( 'NONE', #4267, #2947 ) ;
#124 = PLANE ( 'NONE',  #2100 ) ;
#125 = CARTESIAN_POINT ( 'NONE',  ( -0.8999999999999913600, -0.05000000000000012800, -0.3000000000000001600 ) ) ;
#126 = ORIENTED_EDGE ( 'NONE', *, *, #2129, .F. ) ;
#127 = ORIENTED_EDGE ( 'NONE', *, *, #1061, .F. ) ;
#128 = VECTOR ( 'NONE', #593, 1000.000000000000000 ) ;
#129 = ORIENTED_EDGE ( 'NONE', *, *, #2318, .T. ) ;
#130 = DIRECTION ( 'NONE',  ( -0.0000000000000000000, -1.000000000000000000, -0.0000000000000000000 ) ) ;
#131 = ORIENTED_EDGE ( 'NONE', *, *, #5, .F. ) ;
#132 = ORIENTED_EDGE ( 'NONE', *, *, #1973, .T. ) ;
#133 = CARTESIAN_POINT ( 'NONE',  ( 0.5000000000000000000, -0.05000000000000012800, 0.9000000000000000200 ) ) ;
#134 = FACE_OUTER_BOUND ( 'NONE', #2782, .T. ) ;
#135 = CARTESIAN_POINT ( 'NONE',  ( 0.4999999999999955600, 0.1019999999999999900, 0.09999999999999999200 ) ) ;
#136 = EDGE_LOOP ( 'NONE', ( #4439, #4443, #4692, #4644 ) ) ;
#137 = ORIENTED_EDGE ( 'NONE', *, *, #1130, .T. ) ;
#138 = LINE ( 'NONE', #2783, #3196 ) ;
#139 = DIRECTION ( 'NONE',  ( -5.421010862427527100E-016, 0.0000000000000000000, -1.000000000000000000 ) ) ;
#140 = DIRECTION ( 'NONE',  ( -0.0000000000000000000, -0.0000000000000000000, 1.000000000000000000 ) ) ;
#141 = DIRECTION ( 'NONE',  ( -0.0000000000000000000, -0.0000000000000000000, 1.000000000000000000 ) ) ;
#142 = VERTEX_POINT ( 'NONE', #4606 ) ;
#143 = ADVANCED_FACE ( 'NONE', ( #5081 ), #683, .F. ) ;
#144 = CARTESIAN_POINT ( 'NONE',  ( 0.4999999999999914500, 0.0000000000000000000, -0.1000000000000001600 ) ) ;
#145 = EDGE_LOOP ( 'NONE', ( #3258, #1887, #4544, #4370 ) ) ;
#146 = VERTEX_POINT ( 'NONE', #3425 ) ;
#147 = STYLED_ITEM ( 'NONE', ( #1677 ), #1370 ) ;
#148 = PRESENTATION_STYLE_ASSIGNMENT (( #4923 ) ) ;
#149 = DIRECTION ( 'NONE',  ( 1.000000000000000000, 0.0000000000000000000, -5.421010862427527100E-016 ) ) ;
#150 = FILL_AREA_STYLE ('',( #2077 ) ) ;
#151 = EDGE_LOOP ( 'NONE', ( #4630, #2043, #3097, #3883 ) ) ;
#152 = DIRECTION ( 'NONE',  ( -0.0000000000000000000, -0.0000000000000000000, 1.000000000000000000 ) ) ;
#153 = CARTESIAN_POINT ( 'NONE',  ( 0.8999999999999913600, 0.1019999999999999900, -0.3000000000000001600 ) ) ;
#154 = DIRECTION ( 'NONE',  ( 0.0000000000000000000, -1.000000000000000000, 0.0000000000000000000 ) ) ;
#155 = LINE ( 'NONE', #2079, #2971 ) ;
#156 = EDGE_CURVE ( 'NONE', #489, #346, #4733, .T. ) ;
#157 = EDGE_CURVE ( 'NONE', #3968, #1322, #41, .T. ) ;
#158 = ORIENTED_EDGE ( 'NONE', *, *, #2680, .F. ) ;
#159 = CARTESIAN_POINT ( 'NONE',  ( -0.4999999999999872300, 0.0000000000000000000, -0.7000000000000000700 ) ) ;
#160 = VECTOR ( 'NONE', #2107, 1000.000000000000000 ) ;
#161 = LINE ( 'NONE', #3660, #1805 ) ;
#162 = ORIENTED_EDGE ( 'NONE', *, *, #1945, .F. ) ;
#163 = DIRECTION ( 'NONE',  ( 0.0000000000000000000, -1.000000000000000000, 0.0000000000000000000 ) ) ;
#164 = PLANE ( 'NONE',  #2984 ) ;
#165 = FACE_OUTER_BOUND ( 'NONE', #235, .T. ) ;
#166 = DIRECTION ( 'NONE',  ( -1.000000000000000000, 0.0000000000000000000, -2.710505431213761600E-016 ) ) ;
#167 = DIRECTION ( 'NONE',  ( 5.421010862427523200E-016, -0.0000000000000000000, 1.000000000000000000 ) ) ;
#168 = LINE ( 'NONE', #4714, #3120 ) ;
#169 = EDGE_LOOP ( 'NONE', ( #238, #3277, #2859, #3838 ) ) ;
#170 = VERTEX_POINT ( 'NONE', #334 ) ;
#171 = ADVANCED_FACE ( 'NONE', ( #3598 ), #3445, .F. ) ;
#172 = EDGE_LOOP ( 'NONE', ( #629, #3808, #2631, #4710 ) ) ;
#173 = VECTOR ( 'NONE', #3028, 1000.000000000000000 ) ;
#174 = EDGE_CURVE ( 'NONE', #1082, #2590, #2546, .T. ) ;
#175 = CLOSED_SHELL ( 'NONE', ( #3732, #3836, #1072, #2821, #630, #2929 ) ) ;
#176 = DIRECTION ( 'NONE',  ( -1.000000000000000000, 0.0000000000000000000, 0.0000000000000000000 ) ) ;
#177 = FACE_OUTER_BOUND ( 'NONE', #1564, .T. ) ;
#178 = DIRECTION ( 'NONE',  ( 0.0000000000000000000, -0.0000000000000000000, 1.000000000000000000 ) ) ;
#179 = ORIENTED_EDGE ( 'NONE', *, *, #3538, .F. ) ;
#180 = AXIS2_PLACEMENT_3D ( 'NONE', #1180, #3925, #3118 ) ;
#181 = ADVANCED_FACE ( 'NONE', ( #4836 ), #5057, .F. ) ;
#182 = CARTESIAN_POINT ( 'NONE',  ( -0.4999999999999914500, -1.138516480713438700, -0.1000000000000001600 ) ) ;
#183 = CARTESIAN_POINT ( 'NONE',  ( 0.8999999999999955800, 0.1019999999999999900, 0.3000000000000001000 ) ) ;
#184 = ORIENTED_EDGE ( 'NONE', *, *, #2197, .T. ) ;
#185 = SURFACE_SIDE_STYLE ('',( #1126 ) ) ;
#186 = CARTESIAN_POINT ( 'NONE',  ( -0.5000000000000001100, 0.1019999999999999900, 1.300000000000000000 ) ) ;
#187 = PLANE ( 'NONE',  #2539 ) ;
#188 = ORIENTED_EDGE ( 'NONE', *, *, #3743, .F. ) ;
#189 = CARTESIAN_POINT ( 'NONE',  ( 0.4999999999999914500, 0.0000000000000000000, -0.3000000000000000400 ) ) ;
#190 = LINE ( 'NONE', #3014, #2818 ) ;
#191 = VERTEX_POINT ( 'NONE', #2712 ) ;
#192 = DIRECTION ( 'NONE',  ( -1.000000000000000000, 0.0000000000000000000, 5.421010862427527100E-016 ) ) ;
#193 = ORIENTED_EDGE ( 'NONE', *, *, #3959, .T. ) ;
#194 = LINE ( 'NONE', #383, #4246 ) ;
#195 = AXIS2_PLACEMENT_3D ( 'NONE', #3246, #139, #192 ) ;
#196 = DIRECTION ( 'NONE',  ( 0.0000000000000000000, 0.0000000000000000000, -1.000000000000000000 ) ) ;
#197 = EDGE_CURVE ( 'NONE', #2511, #719, #4088, .T. ) ;
#198 = ADVANCED_FACE ( 'NONE', ( #611 ), #3852, .F. ) ;
#199 = DIRECTION ( 'NONE',  ( 0.0000000000000000000, 0.0000000000000000000, 1.000000000000000000 ) ) ;
#200 = FACE_OUTER_BOUND ( 'NONE', #4523, .T. ) ;
#201 = PLANE ( 'NONE',  #1297 ) ;
#202 = DIRECTION ( 'NONE',  ( 2.710505431213761600E-016, 0.0000000000000000000, -1.000000000000000000 ) ) ;
#203 = VERTEX_POINT ( 'NONE', #2313 ) ;
#204 = EDGE_LOOP ( 'NONE', ( #1722, #749, #1308, #777 ) ) ;
#205 = EDGE_LOOP ( 'NONE', ( #2092, #278, #137, #2830 ) ) ;
#206 = DIRECTION ( 'NONE',  ( 1.000000000000000000, 0.0000000000000000000, -2.710505431213761600E-016 ) ) ;
#207 = ORIENTED_EDGE ( 'NONE', *, *, #453, .T. ) ;
#208 = DIRECTION ( 'NONE',  ( -1.000000000000000000, 0.0000000000000000000, 0.0000000000000000000 ) ) ;
#209 = ORIENTED_EDGE ( 'NONE', *, *, #2822, .F. ) ;
#210 = ADVANCED_FACE ( 'NONE', ( #3724 ), #1584, .F. ) ;
#211 = VECTOR ( 'NONE', #4164, 1000.000000000000000 ) ;
#212 = EDGE_CURVE ( 'NONE', #3310, #5058, #2261, .T. ) ;
#213 = CARTESIAN_POINT ( 'NONE',  ( 0.4999999999999872300, -0.05000000000000012800, -0.5000000000000002200 ) ) ;
#214 = CARTESIAN_POINT ( 'NONE',  ( 0.6999999999999999600, 0.1019999999999999900, 0.9000000000000001300 ) ) ;
#215 = ORIENTED_EDGE ( 'NONE', *, *, #2243, .T. ) ;
#216 = VERTEX_POINT ( 'NONE', #1141 ) ;
#217 = EDGE_LOOP ( 'NONE', ( #4882, #4891, #4155, #649 ) ) ;
#218 = DIRECTION ( 'NONE',  ( -1.000000000000000000, 0.0000000000000000000, 0.0000000000000000000 ) ) ;
#219 = ORIENTED_EDGE ( 'NONE', *, *, #5088, .F. ) ;
#220 = DIRECTION ( 'NONE',  ( -2.710505431213761600E-016, 0.0000000000000000000, 1.000000000000000000 ) ) ;
#221 = CARTESIAN_POINT ( 'NONE',  ( 0.5000000000000000000, -1.138516480713438700, 0.9000000000000000200 ) ) ;
#222 = ADVANCED_FACE ( 'NONE', ( #3418 ), #370, .T. ) ;
#223 = FACE_OUTER_BOUND ( 'NONE', #1654, .T. ) ;
#224 = CARTESIAN_POINT ( 'NONE',  ( 0.8999999999999871400, -1.138516480713438700, -0.5000000000000000000 ) ) ;
#225 = VECTOR ( 'NONE', #1400, 1000.000000000000000 ) ;
#226 = PLANE ( 'NONE',  #3145 ) ;
#227 = PRESENTATION_LAYER_ASSIGNMENT (  '', '', ( #5060 ) ) ;
#228 = EDGE_CURVE ( 'NONE', #532, #4317, #909, .T. ) ;
#229 = EDGE_CURVE ( 'NONE', #3276, #1038, #2058, .T. ) ;
#230 = CARTESIAN_POINT ( 'NONE',  ( 0.6999999999999999600, 0.1019999999999999900, 1.300000000000000000 ) ) ;
#231 = ORIENTED_EDGE ( 'NONE', *, *, #3160, .T. ) ;
#232 = PLANE ( 'NONE',  #4135 ) ;
#233 = ORIENTED_EDGE ( 'NONE', *, *, #2082, .T. ) ;
#234 = CARTESIAN_POINT ( 'NONE',  ( -0.4999999999999997800, 0.1019999999999999900, 0.6999999999999998400 ) ) ;
#235 = EDGE_LOOP ( 'NONE', ( #4187, #1736, #3631, #4268 ) ) ;
#236 = UNCERTAINTY_MEASURE_WITH_UNIT (LENGTH_MEASURE( 1.000000000000000100E-005 ), #3385, 'distance_accuracy_value', 'NONE');
#237 = VECTOR ( 'NONE', #540, 1000.000000000000000 ) ;
#238 = ORIENTED_EDGE ( 'NONE', *, *, #2610, .F. ) ;
#239 = ADVANCED_FACE ( 'NONE', ( #165 ), #1548, .F. ) ;
#240 = VECTOR ( 'NONE', #1893, 1000.000000000000000 ) ;
#241 = CARTESIAN_POINT ( 'NONE',  ( -0.4999999999999997800, 0.1019999999999999900, 0.6999999999999998400 ) ) ;
#242 = AXIS2_PLACEMENT_3D ( 'NONE', #1747, #202, #2952 ) ;
#243 = CARTESIAN_POINT ( 'NONE',  ( -0.1000000000000000500, -1.138516480713438700, -1.300000000000000000 ) ) ;
#244 = EDGE_CURVE ( 'NONE', #1562, #682, #2124, .T. ) ;
#245 = DIRECTION ( 'NONE',  ( -0.0000000000000000000, -1.000000000000000000, -0.0000000000000000000 ) ) ;
#246 = LINE ( 'NONE', #2467, #4039 ) ;
#247 = ORIENTED_EDGE ( 'NONE', *, *, #2070, .F. ) ;
#248 = DIRECTION ( 'NONE',  ( 0.0000000000000000000, 0.0000000000000000000, 1.000000000000000000 ) ) ;
#249 = CARTESIAN_POINT ( 'NONE',  ( 0.4999999999999914500, -1.138516480713438700, -0.1000000000000001600 ) ) ;
#250 = CARTESIAN_POINT ( 'NONE',  ( -0.4999999999999996700, 0.1019999999999999900, -1.300000000000000000 ) ) ;
#251 =( NAMED_UNIT ( * ) PLANE_ANGLE_UNIT ( ) SI_UNIT ( $, .RADIAN. ) );
#252 = ADVANCED_FACE ( 'NONE', ( #4669 ), #5073, .F. ) ;
#253 = ADVANCED_FACE ( 'NONE', ( #1948 ), #2364, .F. ) ;
#254 = VECTOR ( 'NONE', #4385, 1000.000000000000000 ) ;
#255 = AXIS2_PLACEMENT_3D ( 'NONE', #4152, #2552, #1012 ) ;
#256 = VECTOR ( 'NONE', #3312, 1000.000000000000000 ) ;
#257 = CARTESIAN_POINT ( 'NONE',  ( 0.09999999999999993600, 0.1019999999999999900, 1.300000000000000000 ) ) ;
#258 = CARTESIAN_POINT ( 'NONE',  ( -0.8999999999999955800, 0.1019999999999999900, 0.3000000000000001000 ) ) ;
#259 = CARTESIAN_POINT ( 'NONE',  ( 0.8999999999999871400, -0.05000000000000012800, -0.5000000000000000000 ) ) ;
#260 = EDGE_CURVE ( 'NONE', #3639, #3318, #3223, .T. ) ;
#261 = DIRECTION ( 'NONE',  ( 1.000000000000000000, 0.0000000000000000000, 0.0000000000000000000 ) ) ;
#262 = DIRECTION ( 'NONE',  ( 1.000000000000000000, -0.0000000000000000000, 5.421010862427523200E-016 ) ) ;
#263 = ORIENTED_EDGE ( 'NONE', *, *, #4894, .F. ) ;
#264 = CLOSED_SHELL ( 'NONE', ( #3143, #2913, #1016, #2090, #2237, #2422 ) ) ;
#265 = LINE ( 'NONE', #4545, #3250 ) ;
#266 = ADVANCED_FACE ( 'NONE', ( #3914 ), #3535, .F. ) ;
#267 = CARTESIAN_POINT ( 'NONE',  ( -0.3000000000000001000, 0.0000000000000000000, 0.9000000000000000200 ) ) ;
#268 = ORIENTED_EDGE ( 'NONE', *, *, #2944, .T. ) ;
#269 = PLANE ( 'NONE',  #274 ) ;
#270 = ORIENTED_EDGE ( 'NONE', *, *, #2680, .T. ) ;
#271 = DIRECTION ( 'NONE',  ( -1.000000000000000000, 0.0000000000000000000, 2.409338161078899200E-016 ) ) ;
#272 = ORIENTED_EDGE ( 'NONE', *, *, #3773, .F. ) ;
#273 = FACE_OUTER_BOUND ( 'NONE', #2693, .T. ) ;
#274 = AXIS2_PLACEMENT_3D ( 'NONE', #4537, #2185, #4593 ) ;
#275 = DIRECTION ( 'NONE',  ( 0.0000000000000000000, -0.0000000000000000000, 1.000000000000000000 ) ) ;
#276 = VERTEX_POINT ( 'NONE', #2696 ) ;
#277 = VECTOR ( 'NONE', #4526, 1000.000000000000000 ) ;
#278 = ORIENTED_EDGE ( 'NONE', *, *, #2040, .T. ) ;
#279 = EDGE_LOOP ( 'NONE', ( #691, #4557, #331, #345 ) ) ;
#280 = EDGE_LOOP ( 'NONE', ( #1815, #4474, #1507, #1225 ) ) ;
#281 = DIRECTION ( 'NONE',  ( 0.0000000000000000000, 0.0000000000000000000, -1.000000000000000000 ) ) ;
#282 = AXIS2_PLACEMENT_3D ( 'NONE', #721, #3453, #1119 ) ;
#283 = EDGE_LOOP ( 'NONE', ( #4055, #4881, #661, #1378 ) ) ;
#284 = EDGE_CURVE ( 'NONE', #918, #2829, #4400, .T. ) ;
#285 = CARTESIAN_POINT ( 'NONE',  ( 0.8999999999999955800, 0.1019999999999999900, 0.09999999999999988100 ) ) ;
#286 = ORIENTED_EDGE ( 'NONE', *, *, #2347, .T. ) ;
#287 = ADVANCED_FACE ( 'NONE', ( #1587 ), #3618, .F. ) ;
#288 = DIRECTION ( 'NONE',  ( 0.7071067811865914300, 0.0000000000000000000, -0.7071067811865037200 ) ) ;
#289 =( NAMED_UNIT ( * ) SI_UNIT ( $, .STERADIAN. ) SOLID_ANGLE_UNIT ( ) );
#290 = DIRECTION ( 'NONE',  ( 1.000000000000000000, 0.0000000000000000000, 5.421010862427523200E-016 ) ) ;
#291 = DIRECTION ( 'NONE',  ( 0.0000000000000000000, 0.0000000000000000000, 1.000000000000000000 ) ) ;
#292 = EDGE_CURVE ( 'NONE', #3855, #494, #485, .T. ) ;
#293 = FILL_AREA_STYLE ('',( #311 ) ) ;
#294 = ADVANCED_FACE ( 'NONE', ( #2116 ), #4864, .F. ) ;
#295 = LINE ( 'NONE', #4961, #1275 ) ;
#296 = VECTOR ( 'NONE', #3690, 1000.000000000000000 ) ;
#297 = CARTESIAN_POINT ( 'NONE',  ( -0.8999999999999998000, 0.5000000000000000000, -1.300000000000000000 ) ) ;
#298 = CARTESIAN_POINT ( 'NONE',  ( 0.2999999999999997100, 0.0000000000000000000, -0.9000000000000002400 ) ) ;
#299 = FACE_OUTER_BOUND ( 'NONE', #2600, .T. ) ;
#300 = EDGE_LOOP ( 'NONE', ( #2774, #1485, #620, #5003 ) ) ;
#301 = ORIENTED_EDGE ( 'NONE', *, *, #3617, .T. ) ;
#302 = VECTOR ( 'NONE', #4201, 1000.000000000000000 ) ;
#303 = ORIENTED_EDGE ( 'NONE', *, *, #2796, .F. ) ;
#304 = LINE ( 'NONE', #1877, #911 ) ;
#305 = CARTESIAN_POINT ( 'NONE',  ( -0.4999999999999914500, -1.138516480713438700, -0.1000000000000001600 ) ) ;
#306 = ORIENTED_EDGE ( 'NONE', *, *, #382, .T. ) ;
#307 = AXIS2_PLACEMENT_3D ( 'NONE', #2772, #3939, #4334 ) ;
#308 = EDGE_CURVE ( 'NONE', #4008, #4602, #901, .T. ) ;
#309 = EDGE_CURVE ( 'NONE', #367, #3759, #91, .T. ) ;
#310 = DIRECTION ( 'NONE',  ( 1.000000000000000000, -0.0000000000000000000, 5.421010862427526100E-016 ) ) ;
#311 = FILL_AREA_STYLE_COLOUR ( '', #1962 ) ;
#312 = VECTOR ( 'NONE', #695, 1000.000000000000000 ) ;
#313 = CARTESIAN_POINT ( 'NONE',  ( -0.8999999999999998000, 0.1019999999999999900, 0.7000000000000000700 ) ) ;
#314 = ORIENTED_EDGE ( 'NONE', *, *, #2461, .T. ) ;
#315 = FACE_OUTER_BOUND ( 'NONE', #3383, .T. ) ;
#316 = CARTESIAN_POINT ( 'NONE',  ( -0.4999999999999914500, -0.0000000000000000000, -0.3000000000000000400 ) ) ;
#317 = ORIENTED_EDGE ( 'NONE', *, *, #4567, .F. ) ;
#318 = CARTESIAN_POINT ( 'NONE',  ( 0.4999999999999914500, -1.138516480713438700, -0.1000000000000001600 ) ) ;
#319 = DIRECTION ( 'NONE',  ( -1.000000000000000000, 0.0000000000000000000, 2.710505431213761600E-016 ) ) ;
#320 = VECTOR ( 'NONE', #1227, 1000.000000000000000 ) ;
#321 = ORIENTED_EDGE ( 'NONE', *, *, #529, .F. ) ;
#322 = EDGE_CURVE ( 'NONE', #4171, #2722, #4774, .T. ) ;
#323 = DIRECTION ( 'NONE',  ( -0.0000000000000000000, -0.0000000000000000000, -1.000000000000000000 ) ) ;
#324 = CARTESIAN_POINT ( 'NONE',  ( -0.3999999999999996900, 0.1019999999999999900, -0.6000000000000002000 ) ) ;
#325 = CARTESIAN_POINT ( 'NONE',  ( 0.09999999999999988100, 0.1019999999999999900, -1.300000000000000000 ) ) ;
#326 = CARTESIAN_POINT ( 'NONE',  ( 0.4999999999999872300, 0.0000000000000000000, -0.7000000000000000700 ) ) ;
#327 = DIRECTION ( 'NONE',  ( 0.0000000000000000000, 1.000000000000000000, 0.0000000000000000000 ) ) ;
#328 = DIRECTION ( 'NONE',  ( -0.0000000000000000000, -0.0000000000000000000, 1.000000000000000000 ) ) ;
#329 = LINE ( 'NONE', #1708, #1552 ) ;
#330 = AXIS2_PLACEMENT_3D ( 'NONE', #443, #833, #391 ) ;
#331 = ORIENTED_EDGE ( 'NONE', *, *, #4802, .T. ) ;
#332 = VECTOR ( 'NONE', #4681, 1000.000000000000000 ) ;
#333 = DIRECTION ( 'NONE',  ( -0.0000000000000000000, -0.0000000000000000000, 1.000000000000000000 ) ) ;
#334 = CARTESIAN_POINT ( 'NONE',  ( -0.8999999999999998000, 0.1019999999999999900, 0.7000000000000000700 ) ) ;
#335 = DIRECTION ( 'NONE',  ( 1.000000000000000000, 0.0000000000000000000, -2.710505431213761600E-016 ) ) ;
#336 = AXIS2_PLACEMENT_3D ( 'NONE', #1253, #832, #454 ) ;
#337 = EDGE_CURVE ( 'NONE', #607, #2831, #963, .T. ) ;
#338 = LINE ( 'NONE', #3213, #3579 ) ;
#339 = ORIENTED_EDGE ( 'NONE', *, *, #4612, .F. ) ;
#340 = CARTESIAN_POINT ( 'NONE',  ( -0.4999999999999872300, -1.138516480713438700, -0.7000000000000000700 ) ) ;
#341 = DIRECTION ( 'NONE',  ( -1.000000000000000000, 0.0000000000000000000, -5.421010862427523200E-016 ) ) ;
#342 = DIRECTION ( 'NONE',  ( -0.0000000000000000000, -1.000000000000000000, -0.0000000000000000000 ) ) ;
#343 = VERTEX_POINT ( 'NONE', #942 ) ;
#344 = CARTESIAN_POINT ( 'NONE',  ( 0.8999999999999955800, 0.1019999999999999900, 0.3000000000000001000 ) ) ;
#345 = ORIENTED_EDGE ( 'NONE', *, *, #1307, .T. ) ;
#346 = VERTEX_POINT ( 'NONE', #2130 ) ;
#347 = DIRECTION ( 'NONE',  ( -0.0000000000000000000, -1.000000000000000000, -0.0000000000000000000 ) ) ;
#348 = ORIENTED_EDGE ( 'NONE', *, *, #4100, .F. ) ;
#349 = CARTESIAN_POINT ( 'NONE',  ( 0.4999999999999997800, 0.1019999999999999900, 0.5000000000000000000 ) ) ;
#350 = CARTESIAN_POINT ( 'NONE',  ( 0.2999999999999999300, 0.1019999999999999900, 0.9000000000000001300 ) ) ;
#351 = VECTOR ( 'NONE', #3376, 1000.000000000000000 ) ;
#352 = LINE ( 'NONE', #4922, #2308 ) ;
#353 = DIRECTION ( 'NONE',  ( 0.0000000000000000000, 0.0000000000000000000, -1.000000000000000000 ) ) ;
#354 = VERTEX_POINT ( 'NONE', #886 ) ;
#355 = DIRECTION ( 'NONE',  ( -0.0000000000000000000, -1.000000000000000000, -0.0000000000000000000 ) ) ;
#356 = FILL_AREA_STYLE_COLOUR ( '', #4056 ) ;
#357 = CARTESIAN_POINT ( 'NONE',  ( -0.8999999999999871400, -0.05000000000000012800, -0.7000000000000001800 ) ) ;
#358 = VECTOR ( 'NONE', #548, 1000.000000000000000 ) ;
#359 = LINE ( 'NONE', #1133, #4395 ) ;
#360 = AXIS2_PLACEMENT_3D ( 'NONE', #2727, #4288, #7 ) ;
#361 = DIRECTION ( 'NONE',  ( 0.0000000000000000000, 0.0000000000000000000, 1.000000000000000000 ) ) ;
#362 = CARTESIAN_POINT ( 'NONE',  ( -0.5000000000000001100, 0.1019999999999999900, 0.9000000000000001300 ) ) ;
#363 = DIRECTION ( 'NONE',  ( 1.000000000000000000, 0.0000000000000000000, 0.0000000000000000000 ) ) ;
#364 = ORIENTED_EDGE ( 'NONE', *, *, #599, .T. ) ;
#365 = LINE ( 'NONE', #1299, #1525 ) ;
#366 = ORIENTED_EDGE ( 'NONE', *, *, #4631, .F. ) ;
#367 = VERTEX_POINT ( 'NONE', #1331 ) ;
#368 = AXIS2_PLACEMENT_3D ( 'NONE', #4651, #388, #784 ) ;
#369 = SURFACE_SIDE_STYLE ('',( #2133 ) ) ;
#370 = PLANE ( 'NONE',  #1501 ) ;
#371 = VERTEX_POINT ( 'NONE', #1286 ) ;
#372 = PLANE ( 'NONE',  #4857 ) ;
#373 = LINE ( 'NONE', #4898, #4739 ) ;
#374 = AXIS2_PLACEMENT_3D ( 'NONE', #3736, #4107, #997 ) ;
#375 = LINE ( 'NONE', #1455, #4413 ) ;
#376 = VERTEX_POINT ( 'NONE', #1706 ) ;
#377 = DIRECTION ( 'NONE',  ( -0.7071067811865914300, 0.0000000000000000000, 0.7071067811865037200 ) ) ;
#378 = DIRECTION ( 'NONE',  ( -0.0000000000000000000, -1.000000000000000000, -0.0000000000000000000 ) ) ;
#379 = FACE_OUTER_BOUND ( 'NONE', #2966, .T. ) ;
#380 = AXIS2_PLACEMENT_3D ( 'NONE', #4652, #3842, #5032 ) ;
#381 = ORIENTED_EDGE ( 'NONE', *, *, #3669, .F. ) ;
#382 = EDGE_CURVE ( 'NONE', #2533, #170, #3481, .T. ) ;
#383 = CARTESIAN_POINT ( 'NONE',  ( -0.8999999999999955800, -1.138516480713438700, 0.3000000000000001000 ) ) ;
#384 = CARTESIAN_POINT ( 'NONE',  ( -0.7000000000000000700, 0.1019999999999999900, 1.300000000000000000 ) ) ;
#385 = CARTESIAN_POINT ( 'NONE',  ( -0.5000000000000001100, 0.1019999999999999900, 0.9000000000000001300 ) ) ;
#386 = VECTOR ( 'NONE', #3038, 1000.000000000000000 ) ;
#387 = EDGE_CURVE ( 'NONE', #3874, #679, #2914, .T. ) ;
#388 = DIRECTION ( 'NONE',  ( 1.000000000000000000, 0.0000000000000000000, 0.0000000000000000000 ) ) ;
#389 = LINE ( 'NONE', #1262, #2342 ) ;
#390 = DIRECTION ( 'NONE',  ( 1.000000000000000000, 0.0000000000000000000, 0.0000000000000000000 ) ) ;
#391 = DIRECTION ( 'NONE',  ( -1.000000000000000000, 0.0000000000000000000, 2.710505431213761600E-016 ) ) ;
#392 = DIRECTION ( 'NONE',  ( -0.0000000000000000000, 0.0000000000000000000, 1.000000000000000000 ) ) ;
#393 = ORIENTED_EDGE ( 'NONE', *, *, #4430, .T. ) ;
#394 = DIRECTION ( 'NONE',  ( 0.0000000000000000000, -0.0000000000000000000, -1.000000000000000000 ) ) ;
#395 = VECTOR ( 'NONE', #2504, 1000.000000000000000 ) ;
#396 = AXIS2_PLACEMENT_3D ( 'NONE', #3090, #5043, #353 ) ;
#397 = ORIENTED_EDGE ( 'NONE', *, *, #2443, .T. ) ;
#398 = LINE ( 'NONE', #4706, #1795 ) ;
#399 = CARTESIAN_POINT ( 'NONE',  ( 0.2999999999999999300, 0.1019999999999999900, 1.300000000000000000 ) ) ;
#400 = CARTESIAN_POINT ( 'NONE',  ( -0.4999999999999872300, -1.138516480713438700, -0.5000000000000002200 ) ) ;
#401 = UNCERTAINTY_MEASURE_WITH_UNIT (LENGTH_MEASURE( 1.000000000000000100E-005 ), #3488, 'distance_accuracy_value', 'NONE');
#402 = FACE_OUTER_BOUND ( 'NONE', #169, .T. ) ;
#403 = ORIENTED_EDGE ( 'NONE', *, *, #260, .T. ) ;
#404 = VERTEX_POINT ( 'NONE', #568 ) ;
#405 = CARTESIAN_POINT ( 'NONE',  ( -0.3999999999999996900, 0.1019999999999999900, -0.6000000000000002000 ) ) ;
#406 = EDGE_CURVE ( 'NONE', #3859, #4641, #4278, .T. ) ;
#407 = DIRECTION ( 'NONE',  ( -0.0000000000000000000, -1.000000000000000000, -0.0000000000000000000 ) ) ;
#408 = EDGE_CURVE ( 'NONE', #3957, #4119, #3496, .T. ) ;
#409 = ORIENTED_EDGE ( 'NONE', *, *, #4773, .F. ) ;
#410 = CARTESIAN_POINT ( 'NONE',  ( -0.4999999999999914500, -0.05000000000000012800, -0.3000000000000000400 ) ) ;
#411 =( LENGTH_UNIT ( ) NAMED_UNIT ( * ) SI_UNIT ( .MILLI., .METRE. ) );
#412 = FILL_AREA_STYLE ('',( #356 ) ) ;
#413 = FACE_OUTER_BOUND ( 'NONE', #3723, .T. ) ;
#414 = ORIENTED_EDGE ( 'NONE', *, *, #4115, .T. ) ;
#415 = LINE ( 'NONE', #4095, #1326 ) ;
#416 = ORIENTED_EDGE ( 'NONE', *, *, #2748, .F. ) ;
#417 = DIRECTION ( 'NONE',  ( 1.000000000000000000, 0.0000000000000000000, -2.710505431213761600E-016 ) ) ;
#418 = VECTOR ( 'NONE', #988, 1000.000000000000000 ) ;
#419 = EDGE_LOOP ( 'NONE', ( #2376, #421, #4197, #3228 ) ) ;
#420 = DIRECTION ( 'NONE',  ( 0.0000000000000000000, 1.000000000000000000, 0.0000000000000000000 ) ) ;
#421 = ORIENTED_EDGE ( 'NONE', *, *, #1646, .F. ) ;
#422 = EDGE_CURVE ( 'NONE', #4428, #2533, #373, .T. ) ;
#423 = CARTESIAN_POINT ( 'NONE',  ( 0.09999999999999993600, -1.138516480713438700, 0.9000000000000000200 ) ) ;
#424 = DIRECTION ( 'NONE',  ( -2.409338161078899200E-016, 0.0000000000000000000, -1.000000000000000000 ) ) ;
#425 = COLOUR_RGB ( '',1.000000000000000000, 1.000000000000000000, 1.000000000000000000 ) ;
#426 = LINE ( 'NONE', #4967, #3356 ) ;
#427 = EDGE_LOOP ( 'NONE', ( #86, #1517, #4013, #306 ) ) ;
#428 = SURFACE_STYLE_USAGE ( .BOTH. , #1134 ) ;
#429 = CLOSED_SHELL ( 'NONE', ( #4071, #4945, #3735, #4001, #3162, #4463 ) ) ;
#430 = LINE ( 'NONE', #1074, #4601 ) ;
#431 = LINE ( 'NONE', #724, #4461 ) ;
#432 = PLANE ( 'NONE',  #3195 ) ;
#433 = VERTEX_POINT ( 'NONE', #3783 ) ;
#434 = LINE ( 'NONE', #2186, #4464 ) ;
#435 = VECTOR ( 'NONE', #1325, 1000.000000000000000 ) ;
#436 = APPLICATION_PROTOCOL_DEFINITION ( 'draft international standard', 'automotive_design', 1998, #4353 ) ;
#437 = EDGE_LOOP ( 'NONE', ( #2558, #783, #1173, #1930 ) ) ;
#438 = EDGE_CURVE ( 'NONE', #3171, #1392, #3738, .T. ) ;
#439 = DIRECTION ( 'NONE',  ( -0.0000000000000000000, -1.000000000000000000, -0.0000000000000000000 ) ) ;
#440 = DIRECTION ( 'NONE',  ( 1.000000000000000000, 0.0000000000000000000, 0.0000000000000000000 ) ) ;
#441 = LINE ( 'NONE', #3969, #4685 ) ;
#442 = ORIENTED_EDGE ( 'NONE', *, *, #4567, .T. ) ;
#443 = CARTESIAN_POINT ( 'NONE',  ( 0.4999999999999955600, 0.1019999999999999900, 0.09999999999999999200 ) ) ;
#444 = VECTOR ( 'NONE', #3885, 1000.000000000000000 ) ;
#445 = ORIENTED_EDGE ( 'NONE', *, *, #4792, .F. ) ;
#446 = DIRECTION ( 'NONE',  ( -0.0000000000000000000, 1.000000000000000000, -0.0000000000000000000 ) ) ;
#447 = VECTOR ( 'NONE', #496, 1000.000000000000000 ) ;
#448 = AXIS2_PLACEMENT_3D ( 'NONE', #4470, #2113, #149 ) ;
#449 = ORIENTED_EDGE ( 'NONE', *, *, #103, .T. ) ;
#450 = VERTEX_POINT ( 'NONE', #2052 ) ;
#451 = EDGE_CURVE ( 'NONE', #4531, #3954, #2808, .T. ) ;
#452 = VECTOR ( 'NONE', #1099, 1000.000000000000000 ) ;
#453 = EDGE_CURVE ( 'NONE', #1691, #4565, #2142, .T. ) ;
#454 = DIRECTION ( 'NONE',  ( 0.0000000000000000000, 0.0000000000000000000, -1.000000000000000000 ) ) ;
#455 = LINE ( 'NONE', #1778, #2293 ) ;
#456 = VECTOR ( 'NONE', #1864, 1000.000000000000000 ) ;
#457 = DIRECTION ( 'NONE',  ( -0.0000000000000000000, -1.000000000000000000, -0.0000000000000000000 ) ) ;
#458 = VERTEX_POINT ( 'NONE', #4576 ) ;
#459 = EDGE_LOOP ( 'NONE', ( #1236, #393, #950, #2031 ) ) ;
#460 = CARTESIAN_POINT ( 'NONE',  ( 0.5000000000000000000, 0.1019999999999999900, 0.9000000000000000200 ) ) ;
#461 = STYLED_ITEM ( 'NONE', ( #2525 ), #1822 ) ;
#462 = MANIFOLD_SOLID_BREP ( 'Boss-Extrude2[15]', #264 ) ;
#463 = ORIENTED_EDGE ( 'NONE', *, *, #4648, .T. ) ;
#464 = ORIENTED_EDGE ( 'NONE', *, *, #1865, .T. ) ;
#465 = VERTEX_POINT ( 'NONE', #1759 ) ;
#466 = DIRECTION ( 'NONE',  ( 0.0000000000000000000, 0.0000000000000000000, 1.000000000000000000 ) ) ;
#467 = EDGE_LOOP ( 'NONE', ( #2172, #1873, #1724, #4503 ) ) ;
#468 = ORIENTED_EDGE ( 'NONE', *, *, #3790, .F. ) ;
#469 = ORIENTED_EDGE ( 'NONE', *, *, #1098, .T. ) ;
#470 = VECTOR ( 'NONE', #1798, 1000.000000000000000 ) ;
#471 = PRESENTATION_STYLE_ASSIGNMENT (( #1367 ) ) ;
#472 = VERTEX_POINT ( 'NONE', #1028 ) ;
#473 = DIRECTION ( 'NONE',  ( -0.0000000000000000000, 0.0000000000000000000, -1.000000000000000000 ) ) ;
#474 = CARTESIAN_POINT ( 'NONE',  ( -0.8999999999999998000, 0.1019999999999999900, 0.4999999999999998900 ) ) ;
#475 = EDGE_LOOP ( 'NONE', ( #1037, #339, #1251, #4764 ) ) ;
#476 = EDGE_LOOP ( 'NONE', ( #1344, #3987, #2014, #3531 ) ) ;
#477 = CARTESIAN_POINT ( 'NONE',  ( -0.7000000000000000700, -0.05000000000000012800, 1.300000000000000000 ) ) ;
#478 = VECTOR ( 'NONE', #1593, 1000.000000000000000 ) ;
#479 = FACE_OUTER_BOUND ( 'NONE', #2576, .T. ) ;
#480 = VECTOR ( 'NONE', #1259, 1000.000000000000000 ) ;
#481 = VECTOR ( 'NONE', #2289, 1000.000000000000000 ) ;
#482 = CARTESIAN_POINT ( 'NONE',  ( 0.8999999999999955800, -1.138516480713438700, 0.09999999999999988100 ) ) ;
#483 = FACE_OUTER_BOUND ( 'NONE', #4785, .T. ) ;
#484 = AXIS2_PLACEMENT_3D ( 'NONE', #4287, #3879, #1926 ) ;
#485 = LINE ( 'NONE', #1303, #296 ) ;
#486 = VERTEX_POINT ( 'NONE', #3006 ) ;
#487 = LINE ( 'NONE', #2615, #3491 ) ;
#488 = EDGE_CURVE ( 'NONE', #1408, #697, #5024, .T. ) ;
#489 = VERTEX_POINT ( 'NONE', #1809 ) ;
#490 = PLANE ( 'NONE',  #3699 ) ;
#491 = EDGE_LOOP ( 'NONE', ( #819, #1106, #1879, #4009 ) ) ;
#492 = CARTESIAN_POINT ( 'NONE',  ( 0.5000000000000000000, 0.0000000000000000000, 0.9000000000000000200 ) ) ;
#493 = ORIENTED_EDGE ( 'NONE', *, *, #3452, .F. ) ;
#494 = VERTEX_POINT ( 'NONE', #4136 ) ;
#495 = CARTESIAN_POINT ( 'NONE',  ( -0.4999999999999955600, 0.0000000000000000000, 0.09999999999999999200 ) ) ;
#496 = DIRECTION ( 'NONE',  ( 0.0000000000000000000, 0.0000000000000000000, 1.000000000000000000 ) ) ;
#497 = CARTESIAN_POINT ( 'NONE',  ( -0.6842896944760923400, 0.4500000000000000100, -1.011263624377534100 ) ) ;
#498 = FACE_OUTER_BOUND ( 'NONE', #3296, .T. ) ;
#499 = EDGE_LOOP ( 'NONE', ( #314, #2495, #2980, #4323 ) ) ;
#500 = DIRECTION ( 'NONE',  ( 1.000000000000000000, 0.0000000000000000000, -2.710505431213761600E-016 ) ) ;
#501 = VECTOR ( 'NONE', #1871, 1000.000000000000000 ) ;
#502 = EDGE_CURVE ( 'NONE', #343, #1038, #4787, .T. ) ;
#503 = EDGE_CURVE ( 'NONE', #146, #2893, #2697, .T. ) ;
#504 = LINE ( 'NONE', #1339, #59 ) ;
#505 = DIRECTION ( 'NONE',  ( 0.0000000000000000000, 0.0000000000000000000, 1.000000000000000000 ) ) ;
#506 = VECTOR ( 'NONE', #1850, 1000.000000000000000 ) ;
#507 = ORIENTED_EDGE ( 'NONE', *, *, #3489, .T. ) ;
#508 = CARTESIAN_POINT ( 'NONE',  ( 0.6999999999999999600, 0.1019999999999999900, 1.300000000000000000 ) ) ;
#509 = FACE_OUTER_BOUND ( 'NONE', #475, .T. ) ;
#510 = AXIS2_PLACEMENT_3D ( 'NONE', #3592, #1266, #2038 ) ;
#511 = ORIENTED_EDGE ( 'NONE', *, *, #815, .F. ) ;
#512 = EDGE_CURVE ( 'NONE', #4258, #2112, #2555, .T. ) ;
#513 = CARTESIAN_POINT ( 'NONE',  ( 0.4999999999999997800, -0.05000000000000012800, 0.5000000000000000000 ) ) ;
#514 = ORIENTED_EDGE ( 'NONE', *, *, #569, .F. ) ;
#515 = VECTOR ( 'NONE', #4725, 1000.000000000000000 ) ;
#516 = ORIENTED_EDGE ( 'NONE', *, *, #1770, .T. ) ;
#517 = VERTEX_POINT ( 'NONE', #2933 ) ;
#518 = CARTESIAN_POINT ( 'NONE',  ( -0.6999999999999996200, -0.05000000000000012800, -0.9000000000000000200 ) ) ;
#519 = AXIS2_PLACEMENT_3D ( 'NONE', #3516, #2300, #1567 ) ;
#520 = DIRECTION ( 'NONE',  ( 1.000000000000000000, 0.0000000000000000000, -5.421010862427523200E-016 ) ) ;
#521 = VECTOR ( 'NONE', #3596, 1000.000000000000000 ) ;
#522 = ORIENTED_EDGE ( 'NONE', *, *, #4865, .T. ) ;
#523 = ORIENTED_EDGE ( 'NONE', *, *, #25, .T. ) ;
#524 = CARTESIAN_POINT ( 'NONE',  ( -0.7000000000000000700, -0.05000000000000012800, 1.300000000000000000 ) ) ;
#525 = VERTEX_POINT ( 'NONE', #645 ) ;
#526 = CARTESIAN_POINT ( 'NONE',  ( -0.3000000000000001000, 0.1019999999999999900, 0.9000000000000000200 ) ) ;
#527 = DIRECTION ( 'NONE',  ( 1.000000000000000000, 0.0000000000000000000, -5.421010862427523200E-016 ) ) ;
#528 =( LENGTH_UNIT ( ) NAMED_UNIT ( * ) SI_UNIT ( .MILLI., .METRE. ) );
#529 = EDGE_CURVE ( 'NONE', #3882, #3965, #2634, .T. ) ;
#530 = LINE ( 'NONE', #2490, #1669 ) ;
#531 = DIRECTION ( 'NONE',  ( 1.000000000000000000, -0.0000000000000000000, 5.421010862427523200E-016 ) ) ;
#532 = VERTEX_POINT ( 'NONE', #214 ) ;
#533 = ORIENTED_EDGE ( 'NONE', *, *, #1240, .T. ) ;
#534 = AXIS2_PLACEMENT_3D ( 'NONE', #556, #3281, #3320 ) ;
#535 = VECTOR ( 'NONE', #81, 1000.000000000000000 ) ;
#536 = DIRECTION ( 'NONE',  ( 0.0000000000000000000, -0.0000000000000000000, -1.000000000000000000 ) ) ;
#537 = CARTESIAN_POINT ( 'NONE',  ( 0.8999999999999955800, 0.1019999999999999900, 0.3000000000000001000 ) ) ;
#538 = ORIENTED_EDGE ( 'NONE', *, *, #1336, .T. ) ;
#539 = LINE ( 'NONE', #4755, #1937 ) ;
#540 = DIRECTION ( 'NONE',  ( 0.0000000000000000000, 0.0000000000000000000, -1.000000000000000000 ) ) ;
#541 = CARTESIAN_POINT ( 'NONE',  ( 0.8999999999999955800, -1.138516480713438700, 0.3000000000000001000 ) ) ;
#542 = ADVANCED_FACE ( 'NONE', ( #2321 ), #2986, .F. ) ;
#543 = DIRECTION ( 'NONE',  ( 0.0000000000000000000, 0.0000000000000000000, -1.000000000000000000 ) ) ;
#544 = LINE ( 'NONE', #3297, #3413 ) ;
#545 = CARTESIAN_POINT ( 'NONE',  ( 0.0000000000000000000, 0.1019999999999999900, 0.0000000000000000000 ) ) ;
#546 = ORIENTED_EDGE ( 'NONE', *, *, #1484, .F. ) ;
#547 = EDGE_CURVE ( 'NONE', #3119, #346, #2268, .T. ) ;
#548 = DIRECTION ( 'NONE',  ( -0.0000000000000000000, -1.000000000000000000, -0.0000000000000000000 ) ) ;
#549 = ORIENTED_EDGE ( 'NONE', *, *, #3799, .F. ) ;
#550 = ORIENTED_EDGE ( 'NONE', *, *, #3034, .F. ) ;
#551 = EDGE_LOOP ( 'NONE', ( #1420, #3929, #2865, #1223 ) ) ;
#552 = EDGE_CURVE ( 'NONE', #4502, #2425, #434, .T. ) ;
#553 = VECTOR ( 'NONE', #2209, 1000.000000000000000 ) ;
#554 = DIRECTION ( 'NONE',  ( 0.0000000000000000000, -0.0000000000000000000, 1.000000000000000000 ) ) ;
#555 = ORIENTED_EDGE ( 'NONE', *, *, #1569, .T. ) ;
#556 = CARTESIAN_POINT ( 'NONE',  ( 0.0000000000000000000, -0.05000000000000002400, 0.0000000000000000000 ) ) ;
#557 = FILL_AREA_STYLE ('',( #4091 ) ) ;
#558 = CARTESIAN_POINT ( 'NONE',  ( -0.5000000000000001100, -0.05000000000000012800, 0.9000000000000001300 ) ) ;
#559 = ORIENTED_EDGE ( 'NONE', *, *, #1987, .F. ) ;
#560 = DIRECTION ( 'NONE',  ( -0.0000000000000000000, 1.000000000000000000, -0.0000000000000000000 ) ) ;
#561 = CARTESIAN_POINT ( 'NONE',  ( 0.4999999999999955600, 0.1019999999999999900, 0.09999999999999999200 ) ) ;
#562 = PLANE ( 'NONE',  #3112 ) ;
#563 = LINE ( 'NONE', #2048, #694 ) ;
#564 = DIRECTION ( 'NONE',  ( 1.000000000000000000, 0.0000000000000000000, 0.0000000000000000000 ) ) ;
#565 = CARTESIAN_POINT ( 'NONE',  ( -0.6999999999999996200, -0.05000000000000012800, -1.300000000000000000 ) ) ;
#566 = AXIS2_PLACEMENT_3D ( 'NONE', #2587, #625, #4572 ) ;
#567 = EDGE_CURVE ( 'NONE', #532, #2423, #1167, .T. ) ;
#568 = CARTESIAN_POINT ( 'NONE',  ( 0.6999999999999995100, 0.1019999999999999900, -0.9000000000000001300 ) ) ;
#569 = EDGE_CURVE ( 'NONE', #2946, #4428, #3427, .T. ) ;
#570 = ADVANCED_FACE ( 'NONE', ( #978 ), #2672, .F. ) ;
#571 = ORIENTED_EDGE ( 'NONE', *, *, #1196, .F. ) ;
#572 = ORIENTED_EDGE ( 'NONE', *, *, #2286, .F. ) ;
#573 =( LENGTH_UNIT ( ) NAMED_UNIT ( * ) SI_UNIT ( .MILLI., .METRE. ) );
#574 = VECTOR ( 'NONE', #67, 1000.000000000000000 ) ;
#575 = ORIENTED_EDGE ( 'NONE', *, *, #1770, .F. ) ;
#576 = CARTESIAN_POINT ( 'NONE',  ( -0.2999999999999998800, -1.138516480713438700, -0.9000000000000000200 ) ) ;
#577 = CARTESIAN_POINT ( 'NONE',  ( 0.8999999999999955800, -0.05000000000000012800, 0.3000000000000001000 ) ) ;
#578 = DIRECTION ( 'NONE',  ( 0.0000000000000000000, 1.000000000000000000, 0.0000000000000000000 ) ) ;
#579 = ADVANCED_FACE ( 'NONE', ( #2199 ), #3457, .T. ) ;
#580 = AXIS2_PLACEMENT_3D ( 'NONE', #1845, #3060, #4964 ) ;
#581 = ORIENTED_EDGE ( 'NONE', *, *, #512, .F. ) ;
#582 = CARTESIAN_POINT ( 'NONE',  ( -0.4999999999999955600, -1.138516480713438700, 0.2999999999999998800 ) ) ;
#583 = EDGE_CURVE ( 'NONE', #3957, #34, #3974, .T. ) ;
#584 = EDGE_LOOP ( 'NONE', ( #3517, #2642, #4006, #4897 ) ) ;
#585 = VERTEX_POINT ( 'NONE', #1522 ) ;
#586 = CARTESIAN_POINT ( 'NONE',  ( 0.6999999999999995100, 0.1019999999999999900, -0.9000000000000001300 ) ) ;
#587 = EDGE_LOOP ( 'NONE', ( #2788, #4682, #3218, #3355, #43 ) ) ;
#588 = CARTESIAN_POINT ( 'NONE',  ( -0.3000000000000001000, -1.138516480713438700, 0.9000000000000000200 ) ) ;
#589 = CARTESIAN_POINT ( 'NONE',  ( -0.8999999999999913600, 0.1019999999999999900, -0.3000000000000001600 ) ) ;
#590 = AXIS2_PLACEMENT_3D ( 'NONE', #2409, #473, #2816 ) ;
#591 = LINE ( 'NONE', #671, #4650 ) ;
#592 = DIRECTION ( 'NONE',  ( 0.0000000000000000000, -1.000000000000000000, 0.0000000000000000000 ) ) ;
#593 = DIRECTION ( 'NONE',  ( 1.000000000000000000, 0.0000000000000000000, -5.421010862427527100E-016 ) ) ;
#594 = ORIENTED_EDGE ( 'NONE', *, *, #1821, .F. ) ;
#595 = ADVANCED_FACE ( 'NONE', ( #4154 ), #3476, .F. ) ;
#596 = DIRECTION ( 'NONE',  ( -1.000000000000000000, 0.0000000000000000000, 0.0000000000000000000 ) ) ;
#597 = DIRECTION ( 'NONE',  ( 0.0000000000000000000, 0.0000000000000000000, 1.000000000000000000 ) ) ;
#598 = LINE ( 'NONE', #916, #418 ) ;
#599 = EDGE_CURVE ( 'NONE', #1120, #105, #1281, .T. ) ;
#600 = ORIENTED_EDGE ( 'NONE', *, *, #4078, .F. ) ;
#601 = ORIENTED_EDGE ( 'NONE', *, *, #2861, .F. ) ;
#602 = DIRECTION ( 'NONE',  ( 0.0000000000000000000, 0.0000000000000000000, -1.000000000000000000 ) ) ;
#603 = PLANE ( 'NONE',  #4166 ) ;
#604 = VECTOR ( 'NONE', #4010, 1000.000000000000000 ) ;
#605 = DIRECTION ( 'NONE',  ( -0.0000000000000000000, 1.000000000000000000, -0.0000000000000000000 ) ) ;
#606 = VECTOR ( 'NONE', #1953, 1000.000000000000000 ) ;
#607 = VERTEX_POINT ( 'NONE', #1559 ) ;
#608 = ADVANCED_FACE ( 'NONE', ( #1531 ), #3897, .F. ) ;
#609 = VECTOR ( 'NONE', #4442, 1000.000000000000000 ) ;
#610 = CARTESIAN_POINT ( 'NONE',  ( -0.6842896944760923400, 0.5000000000000000000, -0.9007876477401423100 ) ) ;
#611 = FACE_OUTER_BOUND ( 'NONE', #3878, .T. ) ;
#612 = CARTESIAN_POINT ( 'NONE',  ( -0.6999999999999996200, 0.1019999999999999900, -0.9000000000000000200 ) ) ;
#613 = ORIENTED_EDGE ( 'NONE', *, *, #923, .F. ) ;
#614 = VECTOR ( 'NONE', #2860, 1000.000000000000000 ) ;
#615 = DIRECTION ( 'NONE',  ( 0.0000000000000000000, 1.000000000000000000, -0.0000000000000000000 ) ) ;
#616 = STYLED_ITEM ( 'NONE', ( #1364 ), #4094 ) ;
#617 = CARTESIAN_POINT ( 'NONE',  ( -0.3000000000000001000, 0.1019999999999999900, 1.300000000000000000 ) ) ;
#618 = VECTOR ( 'NONE', #2280, 1000.000000000000000 ) ;
#619 = DIRECTION ( 'NONE',  ( -1.000000000000000000, 0.0000000000000000000, 0.0000000000000000000 ) ) ;
#620 = ORIENTED_EDGE ( 'NONE', *, *, #1719, .F. ) ;
#621 = VECTOR ( 'NONE', #4237, 1000.000000000000000 ) ;
#622 = EDGE_CURVE ( 'NONE', #1366, #4811, #2002, .T. ) ;
#623 = ORIENTED_EDGE ( 'NONE', *, *, #3054, .T. ) ;
#624 = VERTEX_POINT ( 'NONE', #2769 ) ;
#625 = DIRECTION ( 'NONE',  ( -5.421010862427523200E-016, 0.0000000000000000000, -1.000000000000000000 ) ) ;
#626 = PLANE ( 'NONE',  #3207 ) ;
#627 = VECTOR ( 'NONE', #1209, 1000.000000000000000 ) ;
#628 = DIRECTION ( 'NONE',  ( -0.0000000000000000000, 1.000000000000000000, -0.0000000000000000000 ) ) ;
#629 = ORIENTED_EDGE ( 'NONE', *, *, #2669, .F. ) ;
#630 = ADVANCED_FACE ( 'NONE', ( #479 ), #1215, .F. ) ;
#631 = ADVANCED_BREP_SHAPE_REPRESENTATION ( 'FXL4TD245UMX', ( #2958, #1157, #4949, #4027, #2661, #8, #1370, #930, #4800, #2218, #838, #2802, #4194, #4094, #462, #1822, #3650, #1006 ), #3986 ) ;
#632 = LINE ( 'NONE', #4831, #3615 ) ;
#633 = CARTESIAN_POINT ( 'NONE',  ( -0.6842896944760923400, 0.5000000000000000000, -1.011263624377534100 ) ) ;
#634 = FACE_OUTER_BOUND ( 'NONE', #3003, .T. ) ;
#635 = DIRECTION ( 'NONE',  ( 1.000000000000000000, 0.0000000000000000000, -5.421010862427523200E-016 ) ) ;
#636 = SURFACE_SIDE_STYLE ('',( #2247 ) ) ;
#637 = CARTESIAN_POINT ( 'NONE',  ( -0.5000000000000001100, 0.1019999999999999900, 0.9000000000000001300 ) ) ;
#638 = ADVANCED_FACE ( 'NONE', ( #3351 ), #432, .F. ) ;
#639 = LINE ( 'NONE', #113, #4482 ) ;
#640 = CARTESIAN_POINT ( 'NONE',  ( -0.5000000000000001100, -1.138516480713438700, 0.9000000000000001300 ) ) ;
#641 = DIRECTION ( 'NONE',  ( 5.421010862427523200E-016, 0.0000000000000000000, -1.000000000000000000 ) ) ;
#642 = VECTOR ( 'NONE', #1529, 1000.000000000000000 ) ;
#643 = AXIS2_PLACEMENT_3D ( 'NONE', #770, #3095, #390 ) ;
#644 = CARTESIAN_POINT ( 'NONE',  ( -0.4999999999999996700, 0.1019999999999999900, -0.9000000000000001300 ) ) ;
#645 = CARTESIAN_POINT ( 'NONE',  ( 0.5000000000000000000, 0.0000000000000000000, 0.9000000000000000200 ) ) ;
#646 = LINE ( 'NONE', #344, #2456 ) ;
#647 = DIRECTION ( 'NONE',  ( -0.0000000000000000000, -1.000000000000000000, -0.0000000000000000000 ) ) ;
#648 = AXIS2_PLACEMENT_3D ( 'NONE', #4147, #2223, #1848 ) ;
#649 = ORIENTED_EDGE ( 'NONE', *, *, #1888, .T. ) ;
#650 = ORIENTED_EDGE ( 'NONE', *, *, #2509, .F. ) ;
#651 = EDGE_CURVE ( 'NONE', #2627, #1794, #1810, .T. ) ;
#652 = CARTESIAN_POINT ( 'NONE',  ( 0.6999999999999999600, -0.05000000000000012800, 0.9000000000000001300 ) ) ;
#653 = EDGE_LOOP ( 'NONE', ( #3977, #129, #959, #1633 ) ) ;
#654 = ADVANCED_FACE ( 'NONE', ( #1473 ), #3512, .F. ) ;
#655 = CARTESIAN_POINT ( 'NONE',  ( 0.4999999999999872300, 0.0000000000000000000, -0.5000000000000002200 ) ) ;
#656 = ORIENTED_EDGE ( 'NONE', *, *, #512, .T. ) ;
#657 = LINE ( 'NONE', #1935, #1663 ) ;
#658 = ORIENTED_EDGE ( 'NONE', *, *, #4319, .F. ) ;
#659 = CARTESIAN_POINT ( 'NONE',  ( 0.2999999999999999300, 0.1019999999999999900, 0.9000000000000001300 ) ) ;
#660 = DIRECTION ( 'NONE',  ( 0.0000000000000000000, 0.0000000000000000000, -1.000000000000000000 ) ) ;
#661 = ORIENTED_EDGE ( 'NONE', *, *, #408, .T. ) ;
#662 = EDGE_CURVE ( 'NONE', #682, #1641, #2064, .T. ) ;
#663 = CARTESIAN_POINT ( 'NONE',  ( -0.4999999999999955600, -0.05000000000000012800, 0.09999999999999999200 ) ) ;
#664 = VECTOR ( 'NONE', #3646, 1000.000000000000000 ) ;
#665 = ORIENTED_EDGE ( 'NONE', *, *, #5045, .T. ) ;
#666 = ADVANCED_FACE ( 'NONE', ( #1634 ), #2737, .F. ) ;
#667 = DIRECTION ( 'NONE',  ( -1.000000000000000000, 0.0000000000000000000, 0.0000000000000000000 ) ) ;
#668 = EDGE_LOOP ( 'NONE', ( #76, #1329, #4734, #132 ) ) ;
#669 = CARTESIAN_POINT ( 'NONE',  ( 0.4999999999999997800, 0.1019999999999999900, 0.6999999999999998400 ) ) ;
#670 = LINE ( 'NONE', #4292, #4018 ) ;
#671 = CARTESIAN_POINT ( 'NONE',  ( 0.6999999999999999600, 0.1019999999999999900, 0.9000000000000001300 ) ) ;
#672 = CARTESIAN_POINT ( 'NONE',  ( -0.8999999999999871400, 0.1019999999999999900, -0.5000000000000000000 ) ) ;
#673 = EDGE_CURVE ( 'NONE', #343, #5053, #2745, .T. ) ;
#674 = EDGE_CURVE ( 'NONE', #2754, #2410, #3595, .T. ) ;
#675 = VECTOR ( 'NONE', #2000, 1000.000000000000000 ) ;
#676 = CARTESIAN_POINT ( 'NONE',  ( 0.4999999999999913400, -0.05000000000000012800, -0.1000000000000001600 ) ) ;
#677 = VECTOR ( 'NONE', #2890, 1000.000000000000000 ) ;
#678 = DIRECTION ( 'NONE',  ( -0.0000000000000000000, -1.000000000000000000, -0.0000000000000000000 ) ) ;
#679 = VERTEX_POINT ( 'NONE', #1666 ) ;
#680 = ADVANCED_FACE ( 'NONE', ( #1033 ), #1655, .F. ) ;
#681 = ORIENTED_EDGE ( 'NONE', *, *, #2586, .T. ) ;
#682 = VERTEX_POINT ( 'NONE', #3626 ) ;
#683 = PLANE ( 'NONE',  #4388 ) ;
#684 = EDGE_LOOP ( 'NONE', ( #2450, #3461, #523, #4075 ) ) ;
#685 = STYLED_ITEM ( 'NONE', ( #3015 ), #4949 ) ;
#686 = DIRECTION ( 'NONE',  ( -5.421010862427523200E-016, 0.0000000000000000000, 1.000000000000000000 ) ) ;
#687 = EDGE_CURVE ( 'NONE', #4771, #3697, #3967, .T. ) ;
#688 = CARTESIAN_POINT ( 'NONE',  ( -0.4999999999999914500, 0.0000000000000000000, -0.3000000000000000400 ) ) ;
#689 = ADVANCED_FACE ( 'NONE', ( #483 ), #3586, .T. ) ;
#690 = VECTOR ( 'NONE', #2440, 1000.000000000000000 ) ;
#691 = ORIENTED_EDGE ( 'NONE', *, *, #3952, .F. ) ;
#692 = DIRECTION ( 'NONE',  ( 0.0000000000000000000, 1.000000000000000000, 0.0000000000000000000 ) ) ;
#693 = PLANE ( 'NONE',  #4064 ) ;
#694 = VECTOR ( 'NONE', #2812, 1000.000000000000000 ) ;
#695 = DIRECTION ( 'NONE',  ( 1.000000000000000000, -0.0000000000000000000, 5.421010862427523200E-016 ) ) ;
#696 =( NAMED_UNIT ( * ) SI_UNIT ( $, .STERADIAN. ) SOLID_ANGLE_UNIT ( ) );
#697 = VERTEX_POINT ( 'NONE', #3169 ) ;
#698 = PLANE ( 'NONE',  #891 ) ;
#699 = DIRECTION ( 'NONE',  ( 0.0000000000000000000, 0.0000000000000000000, -1.000000000000000000 ) ) ;
#700 = EDGE_CURVE ( 'NONE', #1975, #2754, #4021, .T. ) ;
#701 = DIRECTION ( 'NONE',  ( 1.000000000000000000, 0.0000000000000000000, -2.710505431213761600E-016 ) ) ;
#702 = EDGE_CURVE ( 'NONE', #5082, #852, #1941, .T. ) ;
#703 = ORIENTED_EDGE ( 'NONE', *, *, #2381, .T. ) ;
#704 = ORIENTED_EDGE ( 'NONE', *, *, #5063, .T. ) ;
#705 = VERTEX_POINT ( 'NONE', #3979 ) ;
#706 = DIRECTION ( 'NONE',  ( -1.000000000000000000, 0.0000000000000000000, -2.710505431213761600E-016 ) ) ;
#707 = DIRECTION ( 'NONE',  ( 5.421010862427523200E-016, -0.0000000000000000000, 1.000000000000000000 ) ) ;
#708 =( NAMED_UNIT ( * ) SI_UNIT ( $, .STERADIAN. ) SOLID_ANGLE_UNIT ( ) );
#709 = LINE ( 'NONE', #2687, #3253 ) ;
#710 = CARTESIAN_POINT ( 'NONE',  ( -0.6842896944760923400, 0.5000000000000000000, -1.011263624377534100 ) ) ;
#711 = ORIENTED_EDGE ( 'NONE', *, *, #2944, .F. ) ;
#712 = LINE ( 'NONE', #2354, #1855 ) ;
#713 = VERTEX_POINT ( 'NONE', #4362 ) ;
#714 = STYLED_ITEM ( 'NONE', ( #995 ), #4027 ) ;
#715 = ORIENTED_EDGE ( 'NONE', *, *, #1646, .T. ) ;
#716 = DIRECTION ( 'NONE',  ( 0.0000000000000000000, -0.0000000000000000000, 1.000000000000000000 ) ) ;
#717 = EDGE_CURVE ( 'NONE', #203, #3433, #899, .T. ) ;
#718 = LINE ( 'NONE', #1003, #4769 ) ;
#719 = VERTEX_POINT ( 'NONE', #4770 ) ;
#720 = PLANE ( 'NONE',  #1422 ) ;
#721 = CARTESIAN_POINT ( 'NONE',  ( 0.4999999999999914500, 0.1019999999999999900, -0.3000000000000000400 ) ) ;
#722 = VERTEX_POINT ( 'NONE', #2401 ) ;
#723 = PLANE ( 'NONE',  #1885 ) ;
#724 = CARTESIAN_POINT ( 'NONE',  ( -0.8999999999999955800, -0.05000000000000012800, 0.09999999999999988100 ) ) ;
#725 = EDGE_CURVE ( 'NONE', #142, #3710, #3053, .T. ) ;
#726 = CARTESIAN_POINT ( 'NONE',  ( -0.1000000000000000500, 0.1019999999999999900, -1.300000000000000000 ) ) ;
#727 = DIRECTION ( 'NONE',  ( 1.000000000000000000, 0.0000000000000000000, -2.409338161078899200E-016 ) ) ;
#728 = VERTEX_POINT ( 'NONE', #2021 ) ;
#729 = CARTESIAN_POINT ( 'NONE',  ( -0.3000000000000001000, 0.1019999999999999900, 1.300000000000000000 ) ) ;
#730 = AXIS2_PLACEMENT_3D ( 'NONE', #3893, #5048, #4313 ) ;
#731 = CARTESIAN_POINT ( 'NONE',  ( 0.09999999999999993600, 0.1019999999999999900, 0.9000000000000000200 ) ) ;
#732 = FACE_OUTER_BOUND ( 'NONE', #3105, .T. ) ;
#733 = DIRECTION ( 'NONE',  ( 0.0000000000000000000, -1.000000000000000000, 0.0000000000000000000 ) ) ;
#734 = DIRECTION ( 'NONE',  ( 0.0000000000000000000, -1.000000000000000000, 0.0000000000000000000 ) ) ;
#735 = VERTEX_POINT ( 'NONE', #4784 ) ;
#736 = ORIENTED_EDGE ( 'NONE', *, *, #4649, .T. ) ;
#737 = DIRECTION ( 'NONE',  ( 1.000000000000000000, 0.0000000000000000000, 2.710505431213761600E-016 ) ) ;
#738 = LINE ( 'NONE', #2083, #1343 ) ;
#739 = VERTEX_POINT ( 'NONE', #2836 ) ;
#740 = CARTESIAN_POINT ( 'NONE',  ( -0.1000000000000001000, -1.138516480713438700, 0.9000000000000001300 ) ) ;
#741 = AXIS2_PLACEMENT_3D ( 'NONE', #1990, #3161, #4335 ) ;
#742 = DIRECTION ( 'NONE',  ( -0.0000000000000000000, -1.000000000000000000, -0.0000000000000000000 ) ) ;
#743 = CARTESIAN_POINT ( 'NONE',  ( 0.0000000000000000000, -0.05000000000000002400, 0.0000000000000000000 ) ) ;
#744 = VECTOR ( 'NONE', #1774, 1000.000000000000000 ) ;
#745 = EDGE_LOOP ( 'NONE', ( #4932, #4674, #3395, #2355 ) ) ;
#746 = VECTOR ( 'NONE', #1816, 1000.000000000000000 ) ;
#747 = CARTESIAN_POINT ( 'NONE',  ( 0.8999999999999871400, -0.05000000000000012800, -0.7000000000000001800 ) ) ;
#748 = DIRECTION ( 'NONE',  ( 1.000000000000000000, 0.0000000000000000000, 5.421010862427523200E-016 ) ) ;
#749 = ORIENTED_EDGE ( 'NONE', *, *, #292, .F. ) ;
#750 = VECTOR ( 'NONE', #1521, 1000.000000000000000 ) ;
#751 = CARTESIAN_POINT ( 'NONE',  ( 0.8999999999999871400, -0.05000000000000012800, -0.7000000000000001800 ) ) ;
#752 = DIRECTION ( 'NONE',  ( -5.421010862427523200E-016, 0.0000000000000000000, -1.000000000000000000 ) ) ;
#753 = VECTOR ( 'NONE', #4984, 1000.000000000000000 ) ;
#754 = EDGE_CURVE ( 'NONE', #2348, #4368, #4520, .T. ) ;
#755 = CARTESIAN_POINT ( 'NONE',  ( -0.7000000000000000700, 0.0000000000000000000, 1.300000000000000000 ) ) ;
#756 = FACE_OUTER_BOUND ( 'NONE', #3102, .T. ) ;
#757 = AXIS2_PLACEMENT_3D ( 'NONE', #1940, #4300, #1541 ) ;
#758 = LINE ( 'NONE', #3514, #2717 ) ;
#759 = DIRECTION ( 'NONE',  ( 0.0000000000000000000, 0.0000000000000000000, -1.000000000000000000 ) ) ;
#760 = DIRECTION ( 'NONE',  ( 0.0000000000000000000, -0.0000000000000000000, 1.000000000000000000 ) ) ;
#761 = DIRECTION ( 'NONE',  ( 0.0000000000000000000, 0.0000000000000000000, -1.000000000000000000 ) ) ;
#762 = PLANE ( 'NONE',  #3926 ) ;
#763 = FACE_OUTER_BOUND ( 'NONE', #3898, .T. ) ;
#764 = AXIS2_PLACEMENT_3D ( 'NONE', #710, #1872, #808 ) ;
#765 = EDGE_CURVE ( 'NONE', #5053, #2902, #4892, .T. ) ;
#766 = SURFACE_SIDE_STYLE ('',( #4656 ) ) ;
#767 = EDGE_CURVE ( 'NONE', #4757, #735, #1581, .T. ) ;
#768 = ORIENTED_EDGE ( 'NONE', *, *, #1998, .F. ) ;
#769 = ORIENTED_EDGE ( 'NONE', *, *, #3273, .F. ) ;
#770 = CARTESIAN_POINT ( 'NONE',  ( 0.4999999999999995600, -1.138516480713438700, -1.300000000000000000 ) ) ;
#771 = CARTESIAN_POINT ( 'NONE',  ( 0.8999999999999871400, -1.138516480713438700, -0.7000000000000001800 ) ) ;
#772 = ORIENTED_EDGE ( 'NONE', *, *, #2702, .T. ) ;
#773 = DIRECTION ( 'NONE',  ( 0.0000000000000000000, 0.0000000000000000000, -1.000000000000000000 ) ) ;
#774 = CARTESIAN_POINT ( 'NONE',  ( -0.8999999999999998000, 0.5000000000000000000, -1.300000000000000000 ) ) ;
#775 = ORIENTED_EDGE ( 'NONE', *, *, #5009, .T. ) ;
#776 = VERTEX_POINT ( 'NONE', #3996 ) ;
#777 = ORIENTED_EDGE ( 'NONE', *, *, #3910, .F. ) ;
#778 =( NAMED_UNIT ( * ) SI_UNIT ( $, .STERADIAN. ) SOLID_ANGLE_UNIT ( ) );
#779 = CARTESIAN_POINT ( 'NONE',  ( -0.4999999999999997800, -0.05000000000000012800, 0.6999999999999998400 ) ) ;
#780 = ORIENTED_EDGE ( 'NONE', *, *, #3208, .T. ) ;
#781 = EDGE_CURVE ( 'NONE', #1628, #1642, #5070, .T. ) ;
#782 = CARTESIAN_POINT ( 'NONE',  ( -0.4999999999999872300, -0.05000000000000012800, -0.7000000000000000700 ) ) ;
#783 = ORIENTED_EDGE ( 'NONE', *, *, #2610, .T. ) ;
#784 = DIRECTION ( 'NONE',  ( 0.0000000000000000000, 0.0000000000000000000, -1.000000000000000000 ) ) ;
#785 = EDGE_LOOP ( 'NONE', ( #4231, #4986, #1504, #4508 ) ) ;
#786 = VERTEX_POINT ( 'NONE', #508 ) ;
#787 = ORIENTED_EDGE ( 'NONE', *, *, #4551, .F. ) ;
#788 = COLOUR_RGB ( '',1.000000000000000000, 1.000000000000000000, 1.000000000000000000 ) ;
#789 = AXIS2_PLACEMENT_3D ( 'NONE', #4660, #2760, #5040 ) ;
#790 = DIRECTION ( 'NONE',  ( -1.000000000000000000, 0.0000000000000000000, 2.409338161078899200E-016 ) ) ;
#791 = CARTESIAN_POINT ( 'NONE',  ( 0.4999999999999955600, -0.05000000000000012800, 0.09999999999999999200 ) ) ;
#792 = COLOUR_RGB ( '',1.000000000000000000, 1.000000000000000000, 1.000000000000000000 ) ;
#793 = VECTOR ( 'NONE', #3997, 1000.000000000000000 ) ;
#794 = LINE ( 'NONE', #931, #2369 ) ;
#795 = DIRECTION ( 'NONE',  ( 0.0000000000000000000, 0.0000000000000000000, -1.000000000000000000 ) ) ;
#796 = EDGE_CURVE ( 'NONE', #4502, #2432, #1092, .T. ) ;
#797 = DIRECTION ( 'NONE',  ( 0.0000000000000000000, 1.000000000000000000, 0.0000000000000000000 ) ) ;
#798 = DIRECTION ( 'NONE',  ( -1.000000000000000000, 0.0000000000000000000, -5.421010862427523200E-016 ) ) ;
#799 = LINE ( 'NONE', #1481, #1222 ) ;
#800 = ORIENTED_EDGE ( 'NONE', *, *, #952, .T. ) ;
#801 = LINE ( 'NONE', #3151, #850 ) ;
#802 = ORIENTED_EDGE ( 'NONE', *, *, #3578, .T. ) ;
#803 = DIRECTION ( 'NONE',  ( -0.0000000000000000000, -1.000000000000000000, -0.0000000000000000000 ) ) ;
#804 = CARTESIAN_POINT ( 'NONE',  ( 0.2999999999999999300, 0.1019999999999999900, 0.9000000000000001300 ) ) ;
#805 = AXIS2_PLACEMENT_3D ( 'NONE', #5091, #3103, #4700 ) ;
#806 = FACE_OUTER_BOUND ( 'NONE', #3856, .T. ) ;
#807 = CARTESIAN_POINT ( 'NONE',  ( -0.1000000000000001000, -1.138516480713438700, 0.9000000000000001300 ) ) ;
#808 = DIRECTION ( 'NONE',  ( 0.0000000000000000000, 0.0000000000000000000, 1.000000000000000000 ) ) ;
#809 = EDGE_CURVE ( 'NONE', #3642, #3276, #1996, .T. ) ;
#810 = CARTESIAN_POINT ( 'NONE',  ( -0.2999999999999998800, -0.05000000000000012800, -0.9000000000000000200 ) ) ;
#811 = VECTOR ( 'NONE', #3234, 1000.000000000000000 ) ;
#812 = EDGE_LOOP ( 'NONE', ( #3518, #2039, #3346, #2909 ) ) ;
#813 = DIRECTION ( 'NONE',  ( 0.0000000000000000000, 0.0000000000000000000, 1.000000000000000000 ) ) ;
#814 = COLOUR_RGB ( '',1.000000000000000000, 1.000000000000000000, 1.000000000000000000 ) ;
#815 = EDGE_CURVE ( 'NONE', #3793, #203, #893, .T. ) ;
#816 = FACE_OUTER_BOUND ( 'NONE', #4766, .T. ) ;
#817 = DIRECTION ( 'NONE',  ( -1.000000000000000000, 0.0000000000000000000, 0.0000000000000000000 ) ) ;
#818 = DIRECTION ( 'NONE',  ( -1.000000000000000000, 0.0000000000000000000, 0.0000000000000000000 ) ) ;
#819 = ORIENTED_EDGE ( 'NONE', *, *, #1494, .T. ) ;
#820 = VECTOR ( 'NONE', #1693, 1000.000000000000000 ) ;
#821 = ORIENTED_EDGE ( 'NONE', *, *, #3178, .T. ) ;
#822 = AXIS2_PLACEMENT_3D ( 'NONE', #2292, #1891, #3860 ) ;
#823 = LINE ( 'NONE', #2705, #3523 ) ;
#824 = SURFACE_SIDE_STYLE ('',( #1243 ) ) ;
#825 = CARTESIAN_POINT ( 'NONE',  ( 0.2999999999999997100, 0.0000000000000000000, -0.9000000000000001300 ) ) ;
#826 = CARTESIAN_POINT ( 'NONE',  ( 0.09999999999999993600, -1.138516480713438700, 1.300000000000000000 ) ) ;
#827 = LINE ( 'NONE', #474, #521 ) ;
#828 = ORIENTED_EDGE ( 'NONE', *, *, #4947, .T. ) ;
#829 = EDGE_CURVE ( 'NONE', #3806, #1601, #598, .T. ) ;
#830 = EDGE_CURVE ( 'NONE', #2112, #3077, #4215, .T. ) ;
#831 = ORIENTED_EDGE ( 'NONE', *, *, #1399, .F. ) ;
#832 = DIRECTION ( 'NONE',  ( 1.000000000000000000, 0.0000000000000000000, 0.0000000000000000000 ) ) ;
#833 = DIRECTION ( 'NONE',  ( -2.710505431213761600E-016, 0.0000000000000000000, -1.000000000000000000 ) ) ;
#834 = ORIENTED_EDGE ( 'NONE', *, *, #3451, .F. ) ;
#835 = VECTOR ( 'NONE', #2540, 1000.000000000000000 ) ;
#836 = VERTEX_POINT ( 'NONE', #1733 ) ;
#837 = CARTESIAN_POINT ( 'NONE',  ( 0.4999999999999914500, 0.1019999999999999900, -0.3000000000000000400 ) ) ;
#838 = MANIFOLD_SOLID_BREP ( 'Boss-Extrude2[11]', #2954 ) ;
#839 = EDGE_LOOP ( 'NONE', ( #2758, #2739, #3764, #2301 ) ) ;
#840 = ORIENTED_EDGE ( 'NONE', *, *, #4536, .T. ) ;
#841 = EDGE_CURVE ( 'NONE', #142, #849, #155, .T. ) ;
#842 = VECTOR ( 'NONE', #4736, 1000.000000000000000 ) ;
#843 = PLANE ( 'NONE',  #4533 ) ;
#844 = ORIENTED_EDGE ( 'NONE', *, *, #829, .F. ) ;
#845 = ORIENTED_EDGE ( 'NONE', *, *, #4380, .T. ) ;
#846 = VECTOR ( 'NONE', #892, 1000.000000000000000 ) ;
#847 = LINE ( 'NONE', #4643, #2921 ) ;
#848 = AXIS2_PLACEMENT_3D ( 'NONE', #2398, #4371, #1309 ) ;
#849 = VERTEX_POINT ( 'NONE', #577 ) ;
#850 = VECTOR ( 'NONE', #439, 1000.000000000000000 ) ;
#851 = CARTESIAN_POINT ( 'NONE',  ( -0.3999999999999996900, -1.138516480713438700, -0.6000000000000002000 ) ) ;
#852 = VERTEX_POINT ( 'NONE', #153 ) ;
#853 = DIRECTION ( 'NONE',  ( 1.000000000000000000, -0.0000000000000000000, 2.710505431213761600E-016 ) ) ;
#854 = ORIENTED_EDGE ( 'NONE', *, *, #4965, .T. ) ;
#855 = ORIENTED_EDGE ( 'NONE', *, *, #809, .T. ) ;
#856 = CARTESIAN_POINT ( 'NONE',  ( 0.8999999999999955800, 0.0000000000000000000, 0.09999999999999988100 ) ) ;
#857 =( NAMED_UNIT ( * ) SI_UNIT ( $, .STERADIAN. ) SOLID_ANGLE_UNIT ( ) );
#858 = VERTEX_POINT ( 'NONE', #4858 ) ;
#859 = EDGE_CURVE ( 'NONE', #4991, #1264, #530, .T. ) ;
#860 = VECTOR ( 'NONE', #4540, 1000.000000000000000 ) ;
#861 = FACE_OUTER_BOUND ( 'NONE', #2937, .T. ) ;
#862 =( NAMED_UNIT ( * ) PLANE_ANGLE_UNIT ( ) SI_UNIT ( $, .RADIAN. ) );
#863 = CARTESIAN_POINT ( 'NONE',  ( -0.4999999999999996700, 0.1019999999999999900, -1.300000000000000000 ) ) ;
#864 = LINE ( 'NONE', #1627, #320 ) ;
#865 = DIRECTION ( 'NONE',  ( -0.0000000000000000000, 1.000000000000000000, -0.0000000000000000000 ) ) ;
#866 = DIRECTION ( 'NONE',  ( -1.000000000000000000, 0.0000000000000000000, 5.421010862427523200E-016 ) ) ;
#867 = LINE ( 'NONE', #4455, #3863 ) ;
#868 = AXIS2_PLACEMENT_3D ( 'NONE', #633, #4161, #4141 ) ;
#869 = EDGE_CURVE ( 'NONE', #371, #28, #888, .T. ) ;
#870 = DIRECTION ( 'NONE',  ( -1.000000000000000000, 0.0000000000000000000, 2.710505431213761600E-016 ) ) ;
#871 = DIRECTION ( 'NONE',  ( 1.000000000000000000, 0.0000000000000000000, 0.0000000000000000000 ) ) ;
#872 = FACE_OUTER_BOUND ( 'NONE', #684, .T. ) ;
#873 = LINE ( 'NONE', #3462, #642 ) ;
#874 = CARTESIAN_POINT ( 'NONE',  ( -0.5000000000000001100, 0.1019999999999999900, 0.9000000000000001300 ) ) ;
#875 = LINE ( 'NONE', #3402, #3625 ) ;
#876 = CARTESIAN_POINT ( 'NONE',  ( -0.4999999999999997800, 0.0000000000000000000, 0.6999999999999998400 ) ) ;
#877 = ORIENTED_EDGE ( 'NONE', *, *, #725, .T. ) ;
#878 = LINE ( 'NONE', #2773, #1138 ) ;
#879 = DIRECTION ( 'NONE',  ( 0.0000000000000000000, 0.0000000000000000000, 1.000000000000000000 ) ) ;
#880 = ORIENTED_EDGE ( 'NONE', *, *, #5076, .T. ) ;
#881 = ORIENTED_EDGE ( 'NONE', *, *, #2053, .T. ) ;
#882 = AXIS2_PLACEMENT_3D ( 'NONE', #4382, #2465, #500 ) ;
#883 = EDGE_LOOP ( 'NONE', ( #247, #2604, #4416, #2383 ) ) ;
#884 = ORIENTED_EDGE ( 'NONE', *, *, #3275, .T. ) ;
#885 = DIRECTION ( 'NONE',  ( -1.000000000000000000, 0.0000000000000000000, -0.0000000000000000000 ) ) ;
#886 = CARTESIAN_POINT ( 'NONE',  ( 0.2999999999999999300, 0.0000000000000000000, 0.9000000000000001300 ) ) ;
#887 = AXIS2_PLACEMENT_3D ( 'NONE', #4819, #1763, #4902 ) ;
#888 = LINE ( 'NONE', #4513, #4943 ) ;
#889 = ORIENTED_EDGE ( 'NONE', *, *, #3358, .F. ) ;
#890 = ORIENTED_EDGE ( 'NONE', *, *, #3034, .T. ) ;
#891 = AXIS2_PLACEMENT_3D ( 'NONE', #1862, #2920, #716 ) ;
#892 = DIRECTION ( 'NONE',  ( 1.000000000000000000, 0.0000000000000000000, -2.710505431213761600E-016 ) ) ;
#893 = LINE ( 'NONE', #3262, #3899 ) ;
#894 = EDGE_CURVE ( 'NONE', #4788, #2181, #4821, .T. ) ;
#895 = DIRECTION ( 'NONE',  ( -1.000000000000000000, 0.0000000000000000000, 2.710505431213761600E-016 ) ) ;
#896 = LINE ( 'NONE', #405, #2189 ) ;
#897 = DIRECTION ( 'NONE',  ( 0.0000000000000000000, -1.000000000000000000, 0.0000000000000000000 ) ) ;
#898 = CARTESIAN_POINT ( 'NONE',  ( 0.4999999999999995600, -0.05000000000000012800, -1.300000000000000000 ) ) ;
#899 = LINE ( 'NONE', #1630, #4726 ) ;
#900 = DIRECTION ( 'NONE',  ( -0.0000000000000000000, 1.000000000000000000, -0.0000000000000000000 ) ) ;
#901 = LINE ( 'NONE', #2088, #160 ) ;
#902 = ORIENTED_EDGE ( 'NONE', *, *, #25, .F. ) ;
#903 = LINE ( 'NONE', #3935, #1804 ) ;
#904 = LINE ( 'NONE', #4867, #4339 ) ;
#905 = EDGE_CURVE ( 'NONE', #4260, #2434, #1579, .T. ) ;
#906 = ORIENTED_EDGE ( 'NONE', *, *, #1865, .F. ) ;
#907 = EDGE_LOOP ( 'NONE', ( #4177, #4827, #3166, #1379 ) ) ;
#908 = DIRECTION ( 'NONE',  ( 0.0000000000000000000, 0.0000000000000000000, 1.000000000000000000 ) ) ;
#909 = LINE ( 'NONE', #1156, #1105 ) ;
#910 = VERTEX_POINT ( 'NONE', #4871 ) ;
#911 = VECTOR ( 'NONE', #3406, 1000.000000000000000 ) ;
#912 = VERTEX_POINT ( 'NONE', #3702 ) ;
#913 = CARTESIAN_POINT ( 'NONE',  ( 0.2999999999999999300, 0.1019999999999999900, 0.9000000000000001300 ) ) ;
#914 = ORIENTED_EDGE ( 'NONE', *, *, #651, .T. ) ;
#915 = DIRECTION ( 'NONE',  ( 0.0000000000000000000, -1.000000000000000000, 0.0000000000000000000 ) ) ;
#916 = CARTESIAN_POINT ( 'NONE',  ( -0.2999999999999998800, -0.0000000000000000000, -0.9000000000000000200 ) ) ;
#917 = VECTOR ( 'NONE', #2501, 1000.000000000000000 ) ;
#918 = VERTEX_POINT ( 'NONE', #2522 ) ;
#919 = CARTESIAN_POINT ( 'NONE',  ( 0.4999999999999914500, 0.1019999999999999900, -0.1000000000000001600 ) ) ;
#920 = CARTESIAN_POINT ( 'NONE',  ( -0.8999999999999998000, 0.0000000000000000000, 0.5000000000000000000 ) ) ;
#921 = MECHANICAL_DESIGN_GEOMETRIC_PRESENTATION_REPRESENTATION (  '', ( #5060 ), #3378 ) ;
#922 = VECTOR ( 'NONE', #531, 1000.000000000000000 ) ;
#923 = EDGE_CURVE ( 'NONE', #624, #376, #3894, .T. ) ;
#924 = CARTESIAN_POINT ( 'NONE',  ( 0.0000000000000000000, 0.1019999999999999900, 0.0000000000000000000 ) ) ;
#925 = EDGE_CURVE ( 'NONE', #5067, #371, #415, .T. ) ;
#926 = CARTESIAN_POINT ( 'NONE',  ( 0.4999999999999997800, -1.138516480713438700, 0.5000000000000000000 ) ) ;
#927 = ORIENTED_EDGE ( 'NONE', *, *, #830, .F. ) ;
#928 = DIRECTION ( 'NONE',  ( 1.000000000000000000, -0.0000000000000000000, -0.0000000000000000000 ) ) ;
#929 = VECTOR ( 'NONE', #3520, 1000.000000000000000 ) ;
#930 = MANIFOLD_SOLID_BREP ( 'Boss-Extrude2[8]', #3 ) ;
#931 = CARTESIAN_POINT ( 'NONE',  ( 0.4999999999999995600, 0.1019999999999999900, -0.9000000000000000200 ) ) ;
#932 = CARTESIAN_POINT ( 'NONE',  ( -0.6999999999999996200, 0.1019999999999999900, -1.300000000000000000 ) ) ;
#933 = FACE_OUTER_BOUND ( 'NONE', #1477, .T. ) ;
#934 = DIRECTION ( 'NONE',  ( 0.0000000000000000000, -0.0000000000000000000, 1.000000000000000000 ) ) ;
#935 = COLOUR_RGB ( '',1.000000000000000000, 1.000000000000000000, 1.000000000000000000 ) ;
#936 = PRESENTATION_LAYER_ASSIGNMENT (  '', '', ( #685 ) ) ;
#937 = ADVANCED_FACE ( 'NONE', ( #4580 ), #4441, .F. ) ;
#938 = ORIENTED_EDGE ( 'NONE', *, *, #547, .T. ) ;
#939 = CARTESIAN_POINT ( 'NONE',  ( 0.9000000000000000200, 0.0000000000000000000, -1.300000000000000300 ) ) ;
#940 = VERTEX_POINT ( 'NONE', #4145 ) ;
#941 = EDGE_CURVE ( 'NONE', #1293, #3171, #718, .T. ) ;
#942 = CARTESIAN_POINT ( 'NONE',  ( -0.1000000000000001000, -0.05000000000000012800, 1.300000000000000000 ) ) ;
#943 = ORIENTED_EDGE ( 'NONE', *, *, #3638, .T. ) ;
#944 = CARTESIAN_POINT ( 'NONE',  ( -0.7000000000000000700, 0.1019999999999999900, 0.9000000000000000200 ) ) ;
#945 = PLANE ( 'NONE',  #3272 ) ;
#946 = VECTOR ( 'NONE', #1781, 1000.000000000000000 ) ;
#947 = ADVANCED_FACE ( 'NONE', ( #3469 ), #3016, .F. ) ;
#948 =( NAMED_UNIT ( * ) SI_UNIT ( $, .STERADIAN. ) SOLID_ANGLE_UNIT ( ) );
#949 = CARTESIAN_POINT ( 'NONE',  ( -0.1000000000000000500, 0.1019999999999999900, -0.9000000000000001300 ) ) ;
#950 = ORIENTED_EDGE ( 'NONE', *, *, #1651, .T. ) ;
#951 = LINE ( 'NONE', #1002, #835 ) ;
#952 = EDGE_CURVE ( 'NONE', #4991, #607, #3209, .T. ) ;
#953 = VECTOR ( 'NONE', #3108, 1000.000000000000000 ) ;
#954 = CARTESIAN_POINT ( 'NONE',  ( 0.5000000000000000000, 0.1019999999999999900, 1.300000000000000000 ) ) ;
#955 = CARTESIAN_POINT ( 'NONE',  ( 0.4999999999999914500, 0.1019999999999999900, -0.1000000000000001600 ) ) ;
#956 = ORIENTED_EDGE ( 'NONE', *, *, #1220, .T. ) ;
#957 = ORIENTED_EDGE ( 'NONE', *, *, #765, .T. ) ;
#958 = SURFACE_STYLE_USAGE ( .BOTH. , #4880 ) ;
#959 = ORIENTED_EDGE ( 'NONE', *, *, #2762, .T. ) ;
#960 = ORIENTED_EDGE ( 'NONE', *, *, #2702, .F. ) ;
#961 = DIRECTION ( 'NONE',  ( -5.421010862427526100E-016, -0.0000000000000000000, 1.000000000000000000 ) ) ;
#962 = CARTESIAN_POINT ( 'NONE',  ( 0.0000000000000000000, 0.1019999999999999900, 0.0000000000000000000 ) ) ;
#963 = LINE ( 'NONE', #4079, #2538 ) ;
#964 = CARTESIAN_POINT ( 'NONE',  ( 0.4999999999999872300, 0.1019999999999999900, -0.5000000000000002200 ) ) ;
#965 = LINE ( 'NONE', #2777, #842 ) ;
#966 = EDGE_LOOP ( 'NONE', ( #4342, #3900, #2638, #1791 ) ) ;
#967 = EDGE_CURVE ( 'NONE', #1111, #532, #591, .T. ) ;
#968 = DIRECTION ( 'NONE',  ( 5.421010862427523200E-016, -0.0000000000000000000, 1.000000000000000000 ) ) ;
#969 = CLOSED_SHELL ( 'NONE', ( #3747, #1963, #198, #4704, #2163, #1725 ) ) ;
#970 = VECTOR ( 'NONE', #1643, 1000.000000000000000 ) ;
#971 = ORIENTED_EDGE ( 'NONE', *, *, #3122, .F. ) ;
#972 = ORIENTED_EDGE ( 'NONE', *, *, #1667, .T. ) ;
#973 = LINE ( 'NONE', #3499, #3168 ) ;
#974 = ORIENTED_EDGE ( 'NONE', *, *, #3532, .F. ) ;
#975 = DIRECTION ( 'NONE',  ( 0.0000000000000000000, 0.0000000000000000000, -1.000000000000000000 ) ) ;
#976 =( LENGTH_UNIT ( ) NAMED_UNIT ( * ) SI_UNIT ( .MILLI., .METRE. ) );
#977 = ADVANCED_FACE ( 'NONE', ( #3585 ), #3742, .F. ) ;
#978 = FACE_OUTER_BOUND ( 'NONE', #3591, .T. ) ;
#979 = ORIENTED_EDGE ( 'NONE', *, *, #4206, .T. ) ;
#980 = VECTOR ( 'NONE', #3821, 1000.000000000000000 ) ;
#981 = EDGE_LOOP ( 'NONE', ( #321, #4405, #3801, #2928 ) ) ;
#982 = DIRECTION ( 'NONE',  ( -1.000000000000000000, 0.0000000000000000000, 0.0000000000000000000 ) ) ;
#983 = DIRECTION ( 'NONE',  ( -0.0000000000000000000, -1.000000000000000000, -0.0000000000000000000 ) ) ;
#984 = PLANE ( 'NONE',  #242 ) ;
#985 = LINE ( 'NONE', #1705, #3366 ) ;
#986 = ORIENTED_EDGE ( 'NONE', *, *, #2082, .F. ) ;
#987 = CARTESIAN_POINT ( 'NONE',  ( 0.4999999999999997800, 0.1019999999999999900, 0.6999999999999998400 ) ) ;
#988 = DIRECTION ( 'NONE',  ( 0.0000000000000000000, 0.0000000000000000000, -1.000000000000000000 ) ) ;
#989 = ADVANCED_FACE ( 'NONE', ( #1505 ), #226, .F. ) ;
#990 = LINE ( 'NONE', #2302, #929 ) ;
#991 = ORIENTED_EDGE ( 'NONE', *, *, #4220, .F. ) ;
#992 = DIRECTION ( 'NONE',  ( 1.000000000000000000, -0.0000000000000000000, 0.0000000000000000000 ) ) ;
#993 = DIRECTION ( 'NONE',  ( -1.000000000000000000, 0.0000000000000000000, -5.421010862427526100E-016 ) ) ;
#994 = SURFACE_SIDE_STYLE ('',( #3666 ) ) ;
#995 = PRESENTATION_STYLE_ASSIGNMENT (( #2114 ) ) ;
#996 = UNCERTAINTY_MEASURE_WITH_UNIT (LENGTH_MEASURE( 1.000000000000000100E-005 ), #3753, 'distance_accuracy_value', 'NONE');
#997 = DIRECTION ( 'NONE',  ( 0.0000000000000000000, -0.0000000000000000000, 1.000000000000000000 ) ) ;
#998 = LINE ( 'NONE', #2285, #63 ) ;
#999 = LINE ( 'NONE', #318, #4 ) ;
#1000 = DIRECTION ( 'NONE',  ( 0.0000000000000000000, 0.0000000000000000000, -1.000000000000000000 ) ) ;
#1001 = ADVANCED_FACE ( 'NONE', ( #4384 ), #1823, .F. ) ;
#1002 = CARTESIAN_POINT ( 'NONE',  ( -0.4999999999999955600, -1.138516480713438700, 0.09999999999999999200 ) ) ;
#1003 = CARTESIAN_POINT ( 'NONE',  ( -0.4999999999999955600, -0.05000000000000012800, 0.2999999999999998800 ) ) ;
#1004 = CARTESIAN_POINT ( 'NONE',  ( 0.09999999999999993600, 0.1019999999999999900, 1.300000000000000000 ) ) ;
#1005 = ORIENTED_EDGE ( 'NONE', *, *, #116, .F. ) ;
#1006 = AXIS2_PLACEMENT_3D ( 'NONE', #4000, #2798, #871 ) ;
#1007 = VECTOR ( 'NONE', #2329, 1000.000000000000000 ) ;
#1008 = DIRECTION ( 'NONE',  ( -1.000000000000000000, 0.0000000000000000000, -0.0000000000000000000 ) ) ;
#1009 = EDGE_CURVE ( 'NONE', #3710, #4157, #3345, .T. ) ;
#1010 = CARTESIAN_POINT ( 'NONE',  ( -0.6999999999999996200, 0.1019999999999999900, -0.9000000000000000200 ) ) ;
#1011 = ORIENTED_EDGE ( 'NONE', *, *, #1987, .T. ) ;
#1012 = DIRECTION ( 'NONE',  ( 0.0000000000000000000, -0.0000000000000000000, 1.000000000000000000 ) ) ;
#1013 = ORIENTED_EDGE ( 'NONE', *, *, #4019, .F. ) ;
#1014 = ORIENTED_EDGE ( 'NONE', *, *, #2790, .T. ) ;
#1015 = ORIENTED_EDGE ( 'NONE', *, *, #3273, .T. ) ;
#1016 = ADVANCED_FACE ( 'NONE', ( #3705 ), #2978, .F. ) ;
#1017 = DIRECTION ( 'NONE',  ( 1.000000000000000000, 0.0000000000000000000, 2.710505431213761600E-016 ) ) ;
#1018 = AXIS2_PLACEMENT_3D ( 'NONE', #1417, #686, #1465 ) ;
#1019 = DIRECTION ( 'NONE',  ( -0.0000000000000000000, 1.000000000000000000, -0.0000000000000000000 ) ) ;
#1020 = DIRECTION ( 'NONE',  ( 0.0000000000000000000, 0.0000000000000000000, -1.000000000000000000 ) ) ;
#1021 = CARTESIAN_POINT ( 'NONE',  ( -0.4999999999999955600, 0.0000000000000000000, 0.2999999999999998800 ) ) ;
#1022 = ORIENTED_EDGE ( 'NONE', *, *, #3489, .F. ) ;
#1023 = EDGE_CURVE ( 'NONE', #1544, #679, #2673, .T. ) ;
#1024 = CARTESIAN_POINT ( 'NONE',  ( 0.4999999999999872300, 0.0000000000000000000, -0.5000000000000002200 ) ) ;
#1025 = EDGE_CURVE ( 'NONE', #1894, #4492, #1994, .T. ) ;
#1026 = CLOSED_SHELL ( 'NONE', ( #2681, #3717, #1876, #4893, #570, #3369, #1831, #3278, #1814, #171, #1582, #252, #4130, #3802, #689, #3504, #2178, #4916, #1097, #4957, #3359, #4547, #3876, #4387, #595, #4086, #3810, #5095, #1371, #1048, #4578, #3319, #2630, #3692, #579, #608, #1363, #1333, #2882, #3115, #2248, #3936, #2392, #666, #1735, #4970, #222, #4820, #253, #2496, #3704, #1060, #2599, #3756, #1785, #4153, #4590, #2950, #638, #4517, #266, #937, #1478, #654, #3772, #2115, #2564, #4357, #1226, #2969, #1924, #4137, #4275, #1439 ) ) ;
#1027 = PLANE ( 'NONE',  #4002 ) ;
#1028 = CARTESIAN_POINT ( 'NONE',  ( -0.1000000000000001000, 0.1019999999999999900, 1.300000000000000000 ) ) ;
#1029 = ADVANCED_FACE ( 'NONE', ( #3956 ), #1211, .F. ) ;
#1030 = ORIENTED_EDGE ( 'NONE', *, *, #3331, .T. ) ;
#1031 = LINE ( 'NONE', #2543, #2426 ) ;
#1032 = FACE_OUTER_BOUND ( 'NONE', #1205, .T. ) ;
#1033 = FACE_OUTER_BOUND ( 'NONE', #3210, .T. ) ;
#1034 = VECTOR ( 'NONE', #4978, 1000.000000000000000 ) ;
#1035 = CARTESIAN_POINT ( 'NONE',  ( 0.8999999999999998000, 0.1019999999999999900, 0.7000000000000000700 ) ) ;
#1036 = LINE ( 'NONE', #125, #2622 ) ;
#1037 = ORIENTED_EDGE ( 'NONE', *, *, #1183, .F. ) ;
#1038 = VERTEX_POINT ( 'NONE', #4341 ) ;
#1039 = PLANE ( 'NONE',  #1984 ) ;
#1040 = AXIS2_PLACEMENT_3D ( 'NONE', #4252, #4664, #2250 ) ;
#1041 = DIRECTION ( 'NONE',  ( 1.000000000000000000, -0.0000000000000000000, 5.421010862427523200E-016 ) ) ;
#1042 = LINE ( 'NONE', #2660, #302 ) ;
#1043 = ORIENTED_EDGE ( 'NONE', *, *, #212, .F. ) ;
#1044 = FACE_OUTER_BOUND ( 'NONE', #459, .T. ) ;
#1045 = EDGE_CURVE ( 'NONE', #2219, #450, #2474, .T. ) ;
#1046 = DIRECTION ( 'NONE',  ( -5.421010862427523200E-016, 0.0000000000000000000, 1.000000000000000000 ) ) ;
#1047 = ORIENTED_EDGE ( 'NONE', *, *, #1927, .F. ) ;
#1048 = ADVANCED_FACE ( 'NONE', ( #4223 ), #2781, .F. ) ;
#1049 = CARTESIAN_POINT ( 'NONE',  ( -0.6842896944760923400, 0.4500000000000000100, -1.121739601014925900 ) ) ;
#1050 = ORIENTED_EDGE ( 'NONE', *, *, #3177, .T. ) ;
#1051 = CARTESIAN_POINT ( 'NONE',  ( 0.4999999999999997800, 0.1019999999999999900, 0.6999999999999998400 ) ) ;
#1052 = DIRECTION ( 'NONE',  ( 0.7071067811865037200, -0.0000000000000000000, 0.7071067811865914300 ) ) ;
#1053 =( NAMED_UNIT ( * ) PLANE_ANGLE_UNIT ( ) SI_UNIT ( $, .RADIAN. ) );
#1054 = LINE ( 'NONE', #30, #4036 ) ;
#1055 = SURFACE_STYLE_USAGE ( .BOTH. , #994 ) ;
#1056 = ORIENTED_EDGE ( 'NONE', *, *, #2803, .F. ) ;
#1057 = AXIS2_PLACEMENT_3D ( 'NONE', #350, #4365, #4753 ) ;
#1058 = LINE ( 'NONE', #4791, #690 ) ;
#1059 = FILL_AREA_STYLE_COLOUR ( '', #4121 ) ;
#1060 = ADVANCED_FACE ( 'NONE', ( #1257 ), #32, .F. ) ;
#1061 = EDGE_CURVE ( 'NONE', #2590, #5087, #4594, .T. ) ;
#1062 = CARTESIAN_POINT ( 'NONE',  ( 0.4999999999999872300, 0.1019999999999999900, -0.5000000000000002200 ) ) ;
#1063 = CARTESIAN_POINT ( 'NONE',  ( 0.8999999999999913600, -1.138516480713438700, -0.3000000000000001600 ) ) ;
#1064 = ORIENTED_EDGE ( 'NONE', *, *, #4613, .F. ) ;
#1065 = CARTESIAN_POINT ( 'NONE',  ( -0.4999999999999997800, -0.05000000000000012800, 0.6999999999999998400 ) ) ;
#1066 = LINE ( 'NONE', #2270, #1304 ) ;
#1067 = CARTESIAN_POINT ( 'NONE',  ( -0.2999999999999998800, 0.1019999999999999900, -0.9000000000000000200 ) ) ;
#1068 = CARTESIAN_POINT ( 'NONE',  ( 0.6999999999999999600, 0.1019999999999999900, 0.9000000000000001300 ) ) ;
#1069 = CARTESIAN_POINT ( 'NONE',  ( 0.6999999999999999600, 0.1019999999999999900, 1.300000000000000000 ) ) ;
#1070 = VECTOR ( 'NONE', #4859, 1000.000000000000000 ) ;
#1071 = DIRECTION ( 'NONE',  ( 0.0000000000000000000, -0.0000000000000000000, -1.000000000000000000 ) ) ;
#1072 = ADVANCED_FACE ( 'NONE', ( #3048 ), #3582, .F. ) ;
#1073 = DIRECTION ( 'NONE',  ( 0.0000000000000000000, 0.0000000000000000000, -1.000000000000000000 ) ) ;
#1074 = CARTESIAN_POINT ( 'NONE',  ( 0.2999999999999997100, 0.1019999999999999900, -0.9000000000000001300 ) ) ;
#1075 = AXIS2_PLACEMENT_3D ( 'NONE', #4872, #1316, #2073 ) ;
#1076 = CARTESIAN_POINT ( 'NONE',  ( 0.6999999999999999600, 0.0000000000000000000, 0.9000000000000001300 ) ) ;
#1077 = LINE ( 'NONE', #1540, #1981 ) ;
#1078 = CARTESIAN_POINT ( 'NONE',  ( 0.8999999999999871400, 0.0000000000000000000, -0.7000000000000001800 ) ) ;
#1079 = CARTESIAN_POINT ( 'NONE',  ( -0.8999999999999871400, 0.1019999999999999900, -0.5000000000000000000 ) ) ;
#1080 = FILL_AREA_STYLE_COLOUR ( '', #3643 ) ;
#1081 = LINE ( 'NONE', #1084, #1495 ) ;
#1082 = VERTEX_POINT ( 'NONE', #1640 ) ;
#1083 = CARTESIAN_POINT ( 'NONE',  ( -0.7000000000000000700, -1.138516480713438700, 0.9000000000000000200 ) ) ;
#1084 = CARTESIAN_POINT ( 'NONE',  ( -0.8999999999999998000, 0.1019999999999999900, 0.7000000000000000700 ) ) ;
#1085 = CARTESIAN_POINT ( 'NONE',  ( -0.5000000000000001100, -1.138516480713438700, 1.300000000000000000 ) ) ;
#1086 = EDGE_CURVE ( 'NONE', #216, #3337, #2541, .T. ) ;
#1087 = PLANE ( 'NONE',  #1285 ) ;
#1088 = VECTOR ( 'NONE', #2957, 1000.000000000000000 ) ;
#1089 = LINE ( 'NONE', #4942, #5002 ) ;
#1090 = FILL_AREA_STYLE_COLOUR ( '', #3558 ) ;
#1091 = CARTESIAN_POINT ( 'NONE',  ( -0.4999999999999996700, -1.138516480713438700, -1.300000000000000000 ) ) ;
#1092 = LINE ( 'NONE', #1278, #3107 ) ;
#1093 = DIRECTION ( 'NONE',  ( -0.0000000000000000000, -1.000000000000000000, -0.0000000000000000000 ) ) ;
#1094 = ORIENTED_EDGE ( 'NONE', *, *, #1667, .F. ) ;
#1095 = VERTEX_POINT ( 'NONE', #2863 ) ;
#1096 = DIRECTION ( 'NONE',  ( -1.000000000000000000, 0.0000000000000000000, 0.0000000000000000000 ) ) ;
#1097 = ADVANCED_FACE ( 'NONE', ( #2793 ), #3417, .F. ) ;
#1098 = EDGE_CURVE ( 'NONE', #1975, #3934, #4662, .T. ) ;
#1099 = DIRECTION ( 'NONE',  ( -0.0000000000000000000, 1.000000000000000000, -0.0000000000000000000 ) ) ;
#1100 = EDGE_CURVE ( 'NONE', #2001, #2319, #903, .T. ) ;
#1101 = DIRECTION ( 'NONE',  ( 0.0000000000000000000, 0.0000000000000000000, -1.000000000000000000 ) ) ;
#1102 = VECTOR ( 'NONE', #4469, 1000.000000000000000 ) ;
#1103 = CARTESIAN_POINT ( 'NONE',  ( 0.0000000000000000000, 0.1019999999999999900, 0.0000000000000000000 ) ) ;
#1104 = ORIENTED_EDGE ( 'NONE', *, *, #2131, .F. ) ;
#1105 = VECTOR ( 'NONE', #2345, 1000.000000000000000 ) ;
#1106 = ORIENTED_EDGE ( 'NONE', *, *, #3430, .F. ) ;
#1107 = VECTOR ( 'NONE', #1897, 1000.000000000000000 ) ;
#1108 = ORIENTED_EDGE ( 'NONE', *, *, #4290, .F. ) ;
#1109 = CARTESIAN_POINT ( 'NONE',  ( -0.8999999999999913600, 0.1019999999999999900, -0.3000000000000001600 ) ) ;
#1110 = DIRECTION ( 'NONE',  ( 1.000000000000000000, -0.0000000000000000000, -2.409338161078899200E-016 ) ) ;
#1111 = VERTEX_POINT ( 'NONE', #460 ) ;
#1112 = CARTESIAN_POINT ( 'NONE',  ( 0.4999999999999997800, 0.1019999999999999900, 0.5000000000000000000 ) ) ;
#1113 = LINE ( 'NONE', #4422, #237 ) ;
#1114 = VERTEX_POINT ( 'NONE', #4391 ) ;
#1115 = AXIS2_PLACEMENT_3D ( 'NONE', #926, #3279, #417 ) ;
#1116 = EDGE_CURVE ( 'NONE', #494, #910, #4518, .T. ) ;
#1117 = DIRECTION ( 'NONE',  ( -0.0000000000000000000, -1.000000000000000000, -0.0000000000000000000 ) ) ;
#1118 = LINE ( 'NONE', #250, #1288 ) ;
#1119 = DIRECTION ( 'NONE',  ( -1.000000000000000000, 0.0000000000000000000, 2.710505431213761600E-016 ) ) ;
#1120 = VERTEX_POINT ( 'NONE', #2435 ) ;
#1121 =( NAMED_UNIT ( * ) SI_UNIT ( $, .STERADIAN. ) SOLID_ANGLE_UNIT ( ) );
#1122 = DIRECTION ( 'NONE',  ( 0.0000000000000000000, 0.0000000000000000000, -1.000000000000000000 ) ) ;
#1123 = VECTOR ( 'NONE', #4801, 1000.000000000000000 ) ;
#1124 = STYLED_ITEM ( 'NONE', ( #1334 ), #1157 ) ;
#1125 = PLANE ( 'NONE',  #4732 ) ;
#1126 = SURFACE_STYLE_FILL_AREA ( #1730 ) ;
#1127 = CARTESIAN_POINT ( 'NONE',  ( -0.4999999999999955600, 0.1019999999999999900, 0.2999999999999998800 ) ) ;
#1128 = EDGE_CURVE ( 'NONE', #713, #4260, #3545, .T. ) ;
#1129 = DIRECTION ( 'NONE',  ( 0.0000000000000000000, 0.0000000000000000000, -1.000000000000000000 ) ) ;
#1130 = EDGE_CURVE ( 'NONE', #1362, #2841, #3283, .T. ) ;
#1131 = FACE_OUTER_BOUND ( 'NONE', #1687, .T. ) ;
#1132 = FACE_OUTER_BOUND ( 'NONE', #3070, .T. ) ;
#1133 = CARTESIAN_POINT ( 'NONE',  ( 0.8999999999999871400, 0.1019999999999999900, -0.5000000000000000000 ) ) ;
#1134 = SURFACE_SIDE_STYLE ('',( #2232 ) ) ;
#1135 = DIRECTION ( 'NONE',  ( 1.000000000000000000, 0.0000000000000000000, -5.421010862427527100E-016 ) ) ;
#1136 = ORIENTED_EDGE ( 'NONE', *, *, #2417, .F. ) ;
#1137 = ORIENTED_EDGE ( 'NONE', *, *, #2242, .T. ) ;
#1138 = VECTOR ( 'NONE', #102, 1000.000000000000000 ) ;
#1139 = ORIENTED_EDGE ( 'NONE', *, *, #3959, .F. ) ;
#1140 = ORIENTED_EDGE ( 'NONE', *, *, #673, .T. ) ;
#1141 = CARTESIAN_POINT ( 'NONE',  ( 0.09999999999999988100, -0.05000000000000012800, -0.9000000000000000200 ) ) ;
#1142 = PRESENTATION_LAYER_ASSIGNMENT (  '', '', ( #3033 ) ) ;
#1143 = VERTEX_POINT ( 'NONE', #4415 ) ;
#1144 = EDGE_CURVE ( 'NONE', #722, #1229, #2368, .T. ) ;
#1145 = DIRECTION ( 'NONE',  ( -0.0000000000000000000, 1.000000000000000000, -0.0000000000000000000 ) ) ;
#1146 = CARTESIAN_POINT ( 'NONE',  ( 0.8999999999999871400, 0.1019999999999999900, -0.7000000000000001800 ) ) ;
#1147 = STYLED_ITEM ( 'NONE', ( #4411 ), #462 ) ;
#1148 = PLANE ( 'NONE',  #4489 ) ;
#1149 = ORIENTED_EDGE ( 'NONE', *, *, #1921, .T. ) ;
#1150 = VECTOR ( 'NONE', #3943, 1000.000000000000000 ) ;
#1151 = DIRECTION ( 'NONE',  ( 0.0000000000000000000, 0.0000000000000000000, 1.000000000000000000 ) ) ;
#1152 = ORIENTED_EDGE ( 'NONE', *, *, #2762, .F. ) ;
#1153 = VECTOR ( 'NONE', #3762, 1000.000000000000000 ) ;
#1154 = EDGE_CURVE ( 'NONE', #2502, #3841, #1880, .T. ) ;
#1155 = DIRECTION ( 'NONE',  ( 0.0000000000000000000, -0.0000000000000000000, -1.000000000000000000 ) ) ;
#1156 = CARTESIAN_POINT ( 'NONE',  ( 0.6999999999999999600, 0.1019999999999999900, 0.9000000000000001300 ) ) ;
#1157 = MANIFOLD_SOLID_BREP ( 'Boss-Extrude2[2]', #969 ) ;
#1158 = VECTOR ( 'NONE', #4116, 1000.000000000000000 ) ;
#1159 = VECTOR ( 'NONE', #3552, 1000.000000000000000 ) ;
#1160 = CARTESIAN_POINT ( 'NONE',  ( 0.4999999999999955600, 0.1019999999999999900, 0.09999999999999999200 ) ) ;
#1161 = DIRECTION ( 'NONE',  ( -0.0000000000000000000, -0.0000000000000000000, -1.000000000000000000 ) ) ;
#1162 = VECTOR ( 'NONE', #900, 1000.000000000000000 ) ;
#1163 = FACE_OUTER_BOUND ( 'NONE', #4199, .T. ) ;
#1164 = EDGE_LOOP ( 'NONE', ( #681, #4271, #1269, #938 ) ) ;
#1165 = CARTESIAN_POINT ( 'NONE',  ( -0.6999999999999996200, 0.1019999999999999900, -1.300000000000000000 ) ) ;
#1166 = AXIS2_PLACEMENT_3D ( 'NONE', #3074, #3866, #4647 ) ;
#1167 = LINE ( 'NONE', #4233, #3064 ) ;
#1168 = DIRECTION ( 'NONE',  ( 0.0000000000000000000, 0.0000000000000000000, -1.000000000000000000 ) ) ;
#1169 = ORIENTED_EDGE ( 'NONE', *, *, #2213, .F. ) ;
#1170 = LINE ( 'NONE', #3564, #1813 ) ;
#1171 = CARTESIAN_POINT ( 'NONE',  ( -0.4999999999999914500, -0.0000000000000000000, -0.1000000000000001600 ) ) ;
#1172 = CARTESIAN_POINT ( 'NONE',  ( 0.0000000000000000000, 0.1019999999999999900, 0.0000000000000000000 ) ) ;
#1173 = ORIENTED_EDGE ( 'NONE', *, *, #2509, .T. ) ;
#1174 = VECTOR ( 'NONE', #4516, 1000.000000000000000 ) ;
#1175 = ADVANCED_FACE ( 'NONE', ( #2845 ), #2104, .F. ) ;
#1176 = LINE ( 'NONE', #5035, #4159 ) ;
#1177 = EDGE_CURVE ( 'NONE', #4345, #4641, #1272, .T. ) ;
#1178 = CARTESIAN_POINT ( 'NONE',  ( -0.1000000000000000500, 0.1019999999999999900, -0.9000000000000001300 ) ) ;
#1179 = ORIENTED_EDGE ( 'NONE', *, *, #569, .T. ) ;
#1180 = CARTESIAN_POINT ( 'NONE',  ( -0.8999999999999998000, -1.138516480713438700, 0.7000000000000000700 ) ) ;
#1181 = CARTESIAN_POINT ( 'NONE',  ( 0.2999999999999997100, 0.0000000000000000000, -1.300000000000000000 ) ) ;
#1182 = VECTOR ( 'NONE', #4968, 1000.000000000000000 ) ;
#1183 = EDGE_CURVE ( 'NONE', #3965, #1889, #3219, .T. ) ;
#1184 = CARTESIAN_POINT ( 'NONE',  ( -0.4999999999999872300, -0.0000000000000000000, -0.5000000000000002200 ) ) ;
#1185 =( LENGTH_UNIT ( ) NAMED_UNIT ( * ) SI_UNIT ( .MILLI., .METRE. ) );
#1186 = VERTEX_POINT ( 'NONE', #2887 ) ;
#1187 = DIRECTION ( 'NONE',  ( -1.000000000000000000, 0.0000000000000000000, 5.421010862427523200E-016 ) ) ;
#1188 = FACE_OUTER_BOUND ( 'NONE', #5036, .T. ) ;
#1189 = VERTEX_POINT ( 'NONE', #1717 ) ;
#1190 = VECTOR ( 'NONE', #2212, 1000.000000000000000 ) ;
#1191 = EDGE_LOOP ( 'NONE', ( #3719, #3641, #3581, #4835 ) ) ;
#1192 = LINE ( 'NONE', #4927, #4926 ) ;
#1193 = AXIS2_PLACEMENT_3D ( 'NONE', #1463, #2570, #466 ) ;
#1194 = EDGE_CURVE ( 'NONE', #2089, #3459, #2188, .T. ) ;
#1195 = DIRECTION ( 'NONE',  ( 1.000000000000000000, 0.0000000000000000000, 0.0000000000000000000 ) ) ;
#1196 = EDGE_CURVE ( 'NONE', #450, #624, #4279, .T. ) ;
#1197 = ORIENTED_EDGE ( 'NONE', *, *, #3638, .F. ) ;
#1198 = VECTOR ( 'NONE', #1938, 1000.000000000000000 ) ;
#1199 = PLANE ( 'NONE',  #5098 ) ;
#1200 = LINE ( 'NONE', #3180, #4196 ) ;
#1201 = DIRECTION ( 'NONE',  ( 1.000000000000000000, 0.0000000000000000000, 0.0000000000000000000 ) ) ;
#1202 = CLOSED_SHELL ( 'NONE', ( #4622, #4165, #1695, #3347, #1527, #3422 ) ) ;
#1203 = ORIENTED_EDGE ( 'NONE', *, *, #308, .F. ) ;
#1204 = EDGE_LOOP ( 'NONE', ( #2468, #4497, #1931, #3583 ) ) ;
#1205 = EDGE_LOOP ( 'NONE', ( #1737, #1570, #3391, #3114 ) ) ;
#1206 = CARTESIAN_POINT ( 'NONE',  ( -0.5000000000000001100, 0.1019999999999999900, 1.300000000000000000 ) ) ;
#1207 = AXIS2_PLACEMENT_3D ( 'NONE', #2259, #615, #2996 ) ;
#1208 = PLANE ( 'NONE',  #4289 ) ;
#1209 = DIRECTION ( 'NONE',  ( -0.0000000000000000000, -0.0000000000000000000, -1.000000000000000000 ) ) ;
#1210 = DIRECTION ( 'NONE',  ( -0.0000000000000000000, -1.000000000000000000, -0.0000000000000000000 ) ) ;
#1211 = PLANE ( 'NONE',  #2575 ) ;
#1212 = CARTESIAN_POINT ( 'NONE',  ( -0.8999999999999998000, 0.5000000000000000000, 1.300000000000000000 ) ) ;
#1213 = VERTEX_POINT ( 'NONE', #2081 ) ;
#1214 = AXIS2_PLACEMENT_3D ( 'NONE', #4193, #3067, #727 ) ;
#1215 = PLANE ( 'NONE',  #3044 ) ;
#1216 = FACE_OUTER_BOUND ( 'NONE', #1589, .T. ) ;
#1217 = VECTOR ( 'NONE', #2068, 1000.000000000000000 ) ;
#1218 = ORIENTED_EDGE ( 'NONE', *, *, #2478, .F. ) ;
#1219 =( LENGTH_UNIT ( ) NAMED_UNIT ( * ) SI_UNIT ( .MILLI., .METRE. ) );
#1220 = EDGE_CURVE ( 'NONE', #940, #3874, #1031, .T. ) ;
#1221 = DIRECTION ( 'NONE',  ( 1.000000000000000000, 0.0000000000000000000, -5.421010862427523200E-016 ) ) ;
#1222 = VECTOR ( 'NONE', #4582, 1000.000000000000000 ) ;
#1223 = ORIENTED_EDGE ( 'NONE', *, *, #422, .T. ) ;
#1224 = VECTOR ( 'NONE', #1221, 1000.000000000000000 ) ;
#1225 = ORIENTED_EDGE ( 'NONE', *, *, #4584, .F. ) ;
#1226 = ADVANCED_FACE ( 'NONE', ( #4143 ), #562, .F. ) ;
#1227 = DIRECTION ( 'NONE',  ( -0.0000000000000000000, 1.000000000000000000, -0.0000000000000000000 ) ) ;
#1228 = LINE ( 'NONE', #1456, #980 ) ;
#1229 = VERTEX_POINT ( 'NONE', #189 ) ;
#1230 = CARTESIAN_POINT ( 'NONE',  ( -0.4999999999999997800, 0.0000000000000000000, 0.5000000000000000000 ) ) ;
#1231 = CARTESIAN_POINT ( 'NONE',  ( 0.5000000000000000000, -0.05000000000000012800, 1.300000000000000000 ) ) ;
#1232 = DIRECTION ( 'NONE',  ( -0.0000000000000000000, 1.000000000000000000, -0.0000000000000000000 ) ) ;
#1233 = VECTOR ( 'NONE', #3833, 1000.000000000000000 ) ;
#1234 = ORIENTED_EDGE ( 'NONE', *, *, #4048, .F. ) ;
#1235 =( GEOMETRIC_REPRESENTATION_CONTEXT ( 3 ) GLOBAL_UNCERTAINTY_ASSIGNED_CONTEXT ( ( #70 ) ) GLOBAL_UNIT_ASSIGNED_CONTEXT ( ( #573, #1377, #1745 ) ) REPRESENTATION_CONTEXT ( 'NONE', 'WORKASPACE' ) );
#1236 = ORIENTED_EDGE ( 'NONE', *, *, #1811, .T. ) ;
#1237 = EDGE_CURVE ( 'NONE', #4203, #3194, #4394, .T. ) ;
#1238 = FACE_OUTER_BOUND ( 'NONE', #3068, .T. ) ;
#1239 = ORIENTED_EDGE ( 'NONE', *, *, #4042, .T. ) ;
#1240 = EDGE_CURVE ( 'NONE', #4211, #912, #1396, .T. ) ;
#1241 = CARTESIAN_POINT ( 'NONE',  ( -0.4999999999999914500, -1.138516480713438700, -0.3000000000000000400 ) ) ;
#1242 = ORIENTED_EDGE ( 'NONE', *, *, #2197, .F. ) ;
#1243 = SURFACE_STYLE_FILL_AREA ( #2757 ) ;
#1244 = VECTOR ( 'NONE', #1488, 1000.000000000000000 ) ;
#1245 = CARTESIAN_POINT ( 'NONE',  ( 0.0000000000000000000, 0.1019999999999999900, 0.0000000000000000000 ) ) ;
#1246 = ORIENTED_EDGE ( 'NONE', *, *, #1821, .T. ) ;
#1247 = LINE ( 'NONE', #5072, #4425 ) ;
#1248 = FILL_AREA_STYLE_COLOUR ( '', #1424 ) ;
#1249 = LINE ( 'NONE', #3393, #946 ) ;
#1250 = ORIENTED_EDGE ( 'NONE', *, *, #3290, .F. ) ;
#1251 = ORIENTED_EDGE ( 'NONE', *, *, #2839, .F. ) ;
#1252 = ORIENTED_EDGE ( 'NONE', *, *, #3409, .F. ) ;
#1253 = CARTESIAN_POINT ( 'NONE',  ( -0.8999999999999913600, -1.138516480713438700, -0.09999999999999993600 ) ) ;
#1254 = ORIENTED_EDGE ( 'NONE', *, *, #2363, .T. ) ;
#1255 = ORIENTED_EDGE ( 'NONE', *, *, #1786, .T. ) ;
#1256 = CARTESIAN_POINT ( 'NONE',  ( -0.4999999999999955600, 0.0000000000000000000, 0.2999999999999998800 ) ) ;
#1257 = FACE_OUTER_BOUND ( 'NONE', #3327, .T. ) ;
#1258 = ORIENTED_EDGE ( 'NONE', *, *, #3054, .F. ) ;
#1259 = DIRECTION ( 'NONE',  ( -0.0000000000000000000, 1.000000000000000000, -0.0000000000000000000 ) ) ;
#1260 = VECTOR ( 'NONE', #2102, 1000.000000000000000 ) ;
#1261 = FACE_OUTER_BOUND ( 'NONE', #2076, .T. ) ;
#1262 = CARTESIAN_POINT ( 'NONE',  ( -0.7000000000000000700, 0.0000000000000000000, 0.9000000000000000200 ) ) ;
#1263 = PRODUCT_DEFINITION_FORMATION_WITH_SPECIFIED_SOURCE ( 'ANY', '', #1611, .NOT_KNOWN. ) ;
#1264 = VERTEX_POINT ( 'NONE', #2867 ) ;
#1265 = ORIENTED_EDGE ( 'NONE', *, *, #1945, .T. ) ;
#1266 = DIRECTION ( 'NONE',  ( 5.421010862427527100E-016, -0.0000000000000000000, 1.000000000000000000 ) ) ;
#1267 = EDGE_CURVE ( 'NONE', #3052, #3957, #4521, .T. ) ;
#1268 = CARTESIAN_POINT ( 'NONE',  ( -0.2999999999999998800, 0.1019999999999999900, -1.300000000000000000 ) ) ;
#1269 = ORIENTED_EDGE ( 'NONE', *, *, #4380, .F. ) ;
#1270 = VECTOR ( 'NONE', #2477, 1000.000000000000000 ) ;
#1271 = ORIENTED_EDGE ( 'NONE', *, *, #4319, .T. ) ;
#1272 = LINE ( 'NONE', #4860, #225 ) ;
#1273 = PRESENTATION_STYLE_ASSIGNMENT (( #4329 ) ) ;
#1274 = CARTESIAN_POINT ( 'NONE',  ( -0.8999999999999998000, 0.0000000000000000000, -1.300000000000000000 ) ) ;
#1275 = VECTOR ( 'NONE', #4209, 1000.000000000000000 ) ;
#1276 = CARTESIAN_POINT ( 'NONE',  ( -0.8999999999999955800, 0.1019999999999999900, 0.3000000000000001000 ) ) ;
#1277 = LINE ( 'NONE', #3677, #4727 ) ;
#1278 = CARTESIAN_POINT ( 'NONE',  ( -0.4999999999999996700, -0.05000000000000012800, -1.300000000000000000 ) ) ;
#1279 = ORIENTED_EDGE ( 'NONE', *, *, #309, .T. ) ;
#1280 = CARTESIAN_POINT ( 'NONE',  ( 0.4999999999999997800, -1.138516480713438700, 0.5000000000000000000 ) ) ;
#1281 = LINE ( 'NONE', #4759, #2489 ) ;
#1282 = ORIENTED_EDGE ( 'NONE', *, *, #2827, .F. ) ;
#1283 = DIRECTION ( 'NONE',  ( 1.000000000000000000, 0.0000000000000000000, 0.0000000000000000000 ) ) ;
#1284 = ORIENTED_EDGE ( 'NONE', *, *, #2620, .F. ) ;
#1285 = AXIS2_PLACEMENT_3D ( 'NONE', #3404, #3816, #1853 ) ;
#1286 = CARTESIAN_POINT ( 'NONE',  ( -0.4999999999999955600, 0.1019999999999999900, 0.2999999999999998800 ) ) ;
#1287 = EDGE_CURVE ( 'NONE', #2319, #367, #4399, .T. ) ;
#1288 = VECTOR ( 'NONE', #4985, 1000.000000000000000 ) ;
#1289 = ORIENTED_EDGE ( 'NONE', *, *, #1353, .F. ) ;
#1290 = CARTESIAN_POINT ( 'NONE',  ( 0.4999999999999914500, 0.1019999999999999900, -0.1000000000000001600 ) ) ;
#1291 = DIRECTION ( 'NONE',  ( -1.000000000000000000, 0.0000000000000000000, 5.421010862427523200E-016 ) ) ;
#1292 = LINE ( 'NONE', #1806, #107 ) ;
#1293 = VERTEX_POINT ( 'NONE', #1348 ) ;
#1294 = CARTESIAN_POINT ( 'NONE',  ( -0.3000000000000001000, -0.05000000000000012800, 0.9000000000000000200 ) ) ;
#1295 = CARTESIAN_POINT ( 'NONE',  ( 0.2999999999999997100, 0.1019999999999999900, -1.300000000000000000 ) ) ;
#1296 = VECTOR ( 'NONE', #813, 1000.000000000000000 ) ;
#1297 = AXIS2_PLACEMENT_3D ( 'NONE', #3099, #4067, #1291 ) ;
#1298 = ORIENTED_EDGE ( 'NONE', *, *, #1330, .F. ) ;
#1299 = CARTESIAN_POINT ( 'NONE',  ( -0.4999999999999872300, 0.1019999999999999900, -0.7000000000000000700 ) ) ;
#1300 = CARTESIAN_POINT ( 'NONE',  ( -0.1000000000000000500, -0.05000000000000012800, -1.300000000000000000 ) ) ;
#1301 = EDGE_CURVE ( 'NONE', #1264, #3101, #4668, .T. ) ;
#1302 = DIRECTION ( 'NONE',  ( -0.0000000000000000000, 1.000000000000000000, -0.0000000000000000000 ) ) ;
#1303 = CARTESIAN_POINT ( 'NONE',  ( 0.5000000000000000000, 0.1019999999999999900, 1.300000000000000000 ) ) ;
#1304 = VECTOR ( 'NONE', #335, 1000.000000000000000 ) ;
#1305 = ORIENTED_EDGE ( 'NONE', *, *, #1353, .T. ) ;
#1306 = VECTOR ( 'NONE', #333, 1000.000000000000000 ) ;
#1307 = EDGE_CURVE ( 'NONE', #5087, #2491, #3543, .T. ) ;
#1308 = ORIENTED_EDGE ( 'NONE', *, *, #2243, .F. ) ;
#1309 = DIRECTION ( 'NONE',  ( -1.000000000000000000, 0.0000000000000000000, -2.710505431213761600E-016 ) ) ;
#1310 = EDGE_LOOP ( 'NONE', ( #3763, #4127, #1337, #2699 ) ) ;
#1311 = EDGE_LOOP ( 'NONE', ( #972, #4221, #1936, #2497 ) ) ;
#1312 = VECTOR ( 'NONE', #2612, 1000.000000000000000 ) ;
#1313 = CARTESIAN_POINT ( 'NONE',  ( 0.6999999999999995100, 0.1019999999999999900, -0.9000000000000001300 ) ) ;
#1314 = CARTESIAN_POINT ( 'NONE',  ( -0.2999999999999998800, -0.05000000000000012800, -1.300000000000000000 ) ) ;
#1315 = VERTEX_POINT ( 'NONE', #4530 ) ;
#1316 = DIRECTION ( 'NONE',  ( 5.421010862427523200E-016, 0.0000000000000000000, -1.000000000000000000 ) ) ;
#1317 = LINE ( 'NONE', #3111, #4866 ) ;
#1318 = EDGE_CURVE ( 'NONE', #2423, #4406, #1332, .T. ) ;
#1319 = LINE ( 'NONE', #863, #2358 ) ;
#1320 = CLOSED_SHELL ( 'NONE', ( #3785, #2519, #2207, #4934, #3665, #3339 ) ) ;
#1321 = ORIENTED_EDGE ( 'NONE', *, *, #4337, .T. ) ;
#1322 = VERTEX_POINT ( 'NONE', #688 ) ;
#1323 = EDGE_LOOP ( 'NONE', ( #4657, #881, #3188, #5019 ) ) ;
#1324 = DIRECTION ( 'NONE',  ( -1.000000000000000000, 0.0000000000000000000, 0.0000000000000000000 ) ) ;
#1325 = DIRECTION ( 'NONE',  ( 1.000000000000000000, 0.0000000000000000000, 0.0000000000000000000 ) ) ;
#1326 = VECTOR ( 'NONE', #597, 1000.000000000000000 ) ;
#1327 = AXIS2_PLACEMENT_3D ( 'NONE', #2152, #3557, #3930 ) ;
#1328 = DIRECTION ( 'NONE',  ( 0.0000000000000000000, 0.0000000000000000000, -1.000000000000000000 ) ) ;
#1329 = ORIENTED_EDGE ( 'NONE', *, *, #3684, .F. ) ;
#1330 = EDGE_CURVE ( 'NONE', #2724, #1794, #1802, .T. ) ;
#1331 = CARTESIAN_POINT ( 'NONE',  ( -0.4999999999999914500, 0.1019999999999999900, -0.1000000000000001600 ) ) ;
#1332 = LINE ( 'NONE', #2905, #3655 ) ;
#1333 = ADVANCED_FACE ( 'NONE', ( #2479 ), #2183, .F. ) ;
#1334 = PRESENTATION_STYLE_ASSIGNMENT (( #4012 ) ) ;
#1335 = FACE_OUTER_BOUND ( 'NONE', #2177, .T. ) ;
#1336 = EDGE_CURVE ( 'NONE', #2893, #1894, #3490, .T. ) ;
#1337 = ORIENTED_EDGE ( 'NONE', *, *, #4716, .T. ) ;
#1338 = ORIENTED_EDGE ( 'NONE', *, *, #1177, .F. ) ;
#1339 = CARTESIAN_POINT ( 'NONE',  ( -0.3000000000000001000, -1.138516480713438700, 0.9000000000000000200 ) ) ;
#1340 = CARTESIAN_POINT ( 'NONE',  ( 0.9000000000000000200, 0.0000000000000000000, -1.300000000000000300 ) ) ;
#1341 = LINE ( 'NONE', #4989, #3287 ) ;
#1342 = CARTESIAN_POINT ( 'NONE',  ( -0.4999999999999997800, 0.1019999999999999900, 0.5000000000000000000 ) ) ;
#1343 = VECTOR ( 'NONE', #3652, 1000.000000000000000 ) ;
#1344 = ORIENTED_EDGE ( 'NONE', *, *, #3251, .F. ) ;
#1345 = EDGE_LOOP ( 'NONE', ( #1289, #2486, #986, #1925 ) ) ;
#1346 = CARTESIAN_POINT ( 'NONE',  ( 0.8999999999999955800, 0.1019999999999999900, 0.3000000000000001000 ) ) ;
#1347 = DIRECTION ( 'NONE',  ( -5.421010862427523200E-016, 0.0000000000000000000, 1.000000000000000000 ) ) ;
#1348 = CARTESIAN_POINT ( 'NONE',  ( -0.8999999999999955800, -0.05000000000000012800, 0.3000000000000001000 ) ) ;
#1349 = ORIENTED_EDGE ( 'NONE', *, *, #2493, .F. ) ;
#1350 = DIRECTION ( 'NONE',  ( 0.0000000000000000000, -0.0000000000000000000, 1.000000000000000000 ) ) ;
#1351 =( GEOMETRIC_REPRESENTATION_CONTEXT ( 3 ) GLOBAL_UNCERTAINTY_ASSIGNED_CONTEXT ( ( #1661 ) ) GLOBAL_UNIT_ASSIGNED_CONTEXT ( ( #3023, #4227, #1121 ) ) REPRESENTATION_CONTEXT ( 'NONE', 'WORKASPACE' ) );
#1352 = VECTOR ( 'NONE', #1771, 1000.000000000000000 ) ;
#1353 = EDGE_CURVE ( 'NONE', #3793, #4361, #295, .T. ) ;
#1354 = CARTESIAN_POINT ( 'NONE',  ( -0.8999999999999913600, 0.1019999999999999900, -0.3000000000000001600 ) ) ;
#1355 = CARTESIAN_POINT ( 'NONE',  ( -0.4999999999999914500, 0.1019999999999999900, -0.1000000000000001600 ) ) ;
#1356 = EDGE_CURVE ( 'NONE', #858, #4345, #4283, .T. ) ;
#1357 = ORIENTED_EDGE ( 'NONE', *, *, #796, .F. ) ;
#1358 =( NAMED_UNIT ( * ) SI_UNIT ( $, .STERADIAN. ) SOLID_ANGLE_UNIT ( ) );
#1359 = LINE ( 'NONE', #3537, #3985 ) ;
#1360 = CARTESIAN_POINT ( 'NONE',  ( 0.8999999999999913600, 0.1019999999999999900, -0.3000000000000001600 ) ) ;
#1361 = CARTESIAN_POINT ( 'NONE',  ( -0.4999999999999872300, 0.1019999999999999900, -0.5000000000000002200 ) ) ;
#1362 = VERTEX_POINT ( 'NONE', #4146 ) ;
#1363 = ADVANCED_FACE ( 'NONE', ( #4952 ), #2255, .F. ) ;
#1364 = PRESENTATION_STYLE_ASSIGNMENT (( #4886 ) ) ;
#1365 = CARTESIAN_POINT ( 'NONE',  ( 0.4999999999999955600, 0.1019999999999999900, 0.09999999999999999200 ) ) ;
#1366 = VERTEX_POINT ( 'NONE', #3018 ) ;
#1367 = SURFACE_STYLE_USAGE ( .BOTH. , #1698 ) ;
#1368 = LINE ( 'NONE', #4875, #1653 ) ;
#1369 = EDGE_CURVE ( 'NONE', #3818, #2219, #2054, .T. ) ;
#1370 = MANIFOLD_SOLID_BREP ( 'Boss-Extrude2[7]', #100 ) ;
#1371 = ADVANCED_FACE ( 'NONE', ( #35 ), #3809, .F. ) ;
#1372 = ORIENTED_EDGE ( 'NONE', *, *, #869, .T. ) ;
#1373 = CARTESIAN_POINT ( 'NONE',  ( 0.09999999999999988100, 0.1019999999999999900, -0.9000000000000000200 ) ) ;
#1374 = CARTESIAN_POINT ( 'NONE',  ( 0.0000000000000000000, 0.1019999999999999900, 0.0000000000000000000 ) ) ;
#1375 = MECHANICAL_DESIGN_GEOMETRIC_PRESENTATION_REPRESENTATION (  '', ( #1124 ), #4744 ) ;
#1376 = VECTOR ( 'NONE', #2605, 1000.000000000000000 ) ;
#1377 =( NAMED_UNIT ( * ) PLANE_ANGLE_UNIT ( ) SI_UNIT ( $, .RADIAN. ) );
#1378 = ORIENTED_EDGE ( 'NONE', *, *, #2775, .T. ) ;
#1379 = ORIENTED_EDGE ( 'NONE', *, *, #2790, .F. ) ;
#1380 = ORIENTED_EDGE ( 'NONE', *, *, #156, .T. ) ;
#1381 = CARTESIAN_POINT ( 'NONE',  ( -0.4999999999999914500, 0.1019999999999999900, -0.1000000000000001600 ) ) ;
#1382 = ORIENTED_EDGE ( 'NONE', *, *, #3022, .T. ) ;
#1383 = EDGE_CURVE ( 'NONE', #728, #3968, #3045, .T. ) ;
#1384 = ORIENTED_EDGE ( 'NONE', *, *, #3636, .F. ) ;
#1385 = CARTESIAN_POINT ( 'NONE',  ( 0.8999999999999913600, -0.05000000000000012800, -0.3000000000000001600 ) ) ;
#1386 = ORIENTED_EDGE ( 'NONE', *, *, #1301, .T. ) ;
#1387 = DIRECTION ( 'NONE',  ( -1.000000000000000000, 0.0000000000000000000, 0.0000000000000000000 ) ) ;
#1388 = ORIENTED_EDGE ( 'NONE', *, *, #2840, .T. ) ;
#1389 = ADVANCED_FACE ( 'NONE', ( #4023 ), #1842, .F. ) ;
#1390 = VECTOR ( 'NONE', #4887, 1000.000000000000000 ) ;
#1391 = CARTESIAN_POINT ( 'NONE',  ( -0.8999999999999998000, -0.05000000000000012800, 0.4999999999999998900 ) ) ;
#1392 = VERTEX_POINT ( 'NONE', #4552 ) ;
#1393 = DIRECTION ( 'NONE',  ( 0.0000000000000000000, -0.0000000000000000000, 1.000000000000000000 ) ) ;
#1394 = VECTOR ( 'NONE', #3674, 1000.000000000000000 ) ;
#1395 = CARTESIAN_POINT ( 'NONE',  ( 0.2999999999999997100, -0.05000000000000012800, -0.9000000000000001300 ) ) ;
#1396 = LINE ( 'NONE', #135, #609 ) ;
#1397 = VECTOR ( 'NONE', #1537, 1000.000000000000000 ) ;
#1398 = FILL_AREA_STYLE ('',( #1080 ) ) ;
#1399 = EDGE_CURVE ( 'NONE', #4729, #3147, #4990, .T. ) ;
#1400 = DIRECTION ( 'NONE',  ( -0.0000000000000000000, -0.0000000000000000000, 1.000000000000000000 ) ) ;
#1401 = ADVANCED_FACE ( 'NONE', ( #13 ), #1783, .F. ) ;
#1402 = VECTOR ( 'NONE', #2628, 1000.000000000000000 ) ;
#1403 = CARTESIAN_POINT ( 'NONE',  ( 0.6999999999999995100, 0.1019999999999999900, -0.9000000000000001300 ) ) ;
#1404 = LINE ( 'NONE', #2568, #3163 ) ;
#1405 = CARTESIAN_POINT ( 'NONE',  ( -0.1000000000000001000, -1.138516480713438700, 1.300000000000000000 ) ) ;
#1406 = ORIENTED_EDGE ( 'NONE', *, *, #3515, .F. ) ;
#1407 = PRESENTATION_LAYER_ASSIGNMENT (  '', '', ( #1147 ) ) ;
#1408 = VERTEX_POINT ( 'NONE', #672 ) ;
#1409 = VECTOR ( 'NONE', #281, 1000.000000000000000 ) ;
#1410 = VERTEX_POINT ( 'NONE', #410 ) ;
#1411 = ORIENTED_EDGE ( 'NONE', *, *, #3379, .F. ) ;
#1412 = VECTOR ( 'NONE', #4499, 1000.000000000000000 ) ;
#1413 = DIRECTION ( 'NONE',  ( 0.0000000000000000000, -0.0000000000000000000, -1.000000000000000000 ) ) ;
#1414 = ADVANCED_FACE ( 'NONE', ( #1852 ), #5094, .F. ) ;
#1415 = EDGE_CURVE ( 'NONE', #4119, #3200, #2352, .T. ) ;
#1416 = CARTESIAN_POINT ( 'NONE',  ( -0.4999999999999955600, 0.0000000000000000000, 0.09999999999999999200 ) ) ;
#1417 = CARTESIAN_POINT ( 'NONE',  ( 0.5000000000000000000, -1.138516480713438700, 0.9000000000000000200 ) ) ;
#1418 = LINE ( 'NONE', #1648, #4167 ) ;
#1419 = DIRECTION ( 'NONE',  ( 0.0000000000000000000, -1.000000000000000000, 0.0000000000000000000 ) ) ;
#1420 = ORIENTED_EDGE ( 'NONE', *, *, #3654, .F. ) ;
#1421 = PLANE ( 'NONE',  #2164 ) ;
#1422 = AXIS2_PLACEMENT_3D ( 'NONE', #4259, #3524, #5079 ) ;
#1423 = CARTESIAN_POINT ( 'NONE',  ( 0.09999999999999988100, 0.0000000000000000000, -0.9000000000000000200 ) ) ;
#1424 = COLOUR_RGB ( '',0.7921568627450980000, 0.8196078431372548800, 0.9333333333333333500 ) ;
#1425 = ADVANCED_FACE ( 'NONE', ( #4059 ), #187, .F. ) ;
#1426 = VECTOR ( 'NONE', #4180, 1000.000000000000000 ) ;
#1427 = CARTESIAN_POINT ( 'NONE',  ( -0.3000000000000001000, 0.1019999999999999900, 1.300000000000000000 ) ) ;
#1428 = DIRECTION ( 'NONE',  ( -1.000000000000000000, 0.0000000000000000000, -5.421010862427523200E-016 ) ) ;
#1429 = MECHANICAL_DESIGN_GEOMETRIC_PRESENTATION_REPRESENTATION (  '', ( #714 ), #2211 ) ;
#1430 = VECTOR ( 'NONE', #1565, 1000.000000000000000 ) ;
#1431 = EDGE_CURVE ( 'NONE', #3337, #3194, #4318, .T. ) ;
#1432 = LINE ( 'NONE', #541, #395 ) ;
#1433 = CARTESIAN_POINT ( 'NONE',  ( 0.5000000000000000000, 0.1019999999999999900, 1.300000000000000000 ) ) ;
#1434 = EDGE_CURVE ( 'NONE', #3433, #3834, #709, .T. ) ;
#1435 = PLANE ( 'NONE',  #3486 ) ;
#1436 = ORIENTED_EDGE ( 'NONE', *, *, #2476, .T. ) ;
#1437 = CARTESIAN_POINT ( 'NONE',  ( 0.2999999999999997100, -1.138516480713438700, -0.9000000000000001300 ) ) ;
#1438 = ORIENTED_EDGE ( 'NONE', *, *, #2822, .T. ) ;
#1439 = ADVANCED_FACE ( 'NONE', ( #3149 ), #5034, .T. ) ;
#1440 = VERTEX_POINT ( 'NONE', #1960 ) ;
#1441 = VECTOR ( 'NONE', #3408, 1000.000000000000000 ) ;
#1442 = EDGE_LOOP ( 'NONE', ( #4638, #555, #2041, #4083 ) ) ;
#1443 = ORIENTED_EDGE ( 'NONE', *, *, #2404, .T. ) ;
#1444 = ORIENTED_EDGE ( 'NONE', *, *, #2854, .F. ) ;
#1445 = CARTESIAN_POINT ( 'NONE',  ( -0.4999999999999996700, -0.05000000000000012800, -0.9000000000000001300 ) ) ;
#1446 = DIRECTION ( 'NONE',  ( 1.000000000000000000, 0.0000000000000000000, -5.421010862427523200E-016 ) ) ;
#1447 = VERTEX_POINT ( 'NONE', #1502 ) ;
#1448 = DIRECTION ( 'NONE',  ( -1.000000000000000000, 0.0000000000000000000, 2.710505431213761600E-016 ) ) ;
#1449 = ADVANCED_FACE ( 'NONE', ( #4564 ), #1148, .F. ) ;
#1450 = AXIS2_PLACEMENT_3D ( 'NONE', #3672, #1387, #1704 ) ;
#1451 = EDGE_CURVE ( 'NONE', #4351, #2800, #2235, .T. ) ;
#1452 = CARTESIAN_POINT ( 'NONE',  ( 0.5000000000000000000, -0.05000000000000012800, 0.9000000000000000200 ) ) ;
#1453 = EDGE_CURVE ( 'NONE', #216, #1691, #1317, .T. ) ;
#1454 = VERTEX_POINT ( 'NONE', #3844 ) ;
#1455 = CARTESIAN_POINT ( 'NONE',  ( -0.1000000000000001000, 0.1019999999999999900, 0.9000000000000001300 ) ) ;
#1456 = CARTESIAN_POINT ( 'NONE',  ( -0.8999999999999998000, -1.138516480713438700, 0.4999999999999998900 ) ) ;
#1457 = VECTOR ( 'NONE', #4786, 1000.000000000000000 ) ;
#1458 = LINE ( 'NONE', #2965, #4671 ) ;
#1459 = PLANE ( 'NONE',  #4908 ) ;
#1460 = ORIENTED_EDGE ( 'NONE', *, *, #4863, .T. ) ;
#1461 = CARTESIAN_POINT ( 'NONE',  ( 0.2999999999999997100, 0.1019999999999999900, -0.9000000000000001300 ) ) ;
#1462 = CARTESIAN_POINT ( 'NONE',  ( -0.8999999999999871400, -0.05000000000000012800, -0.7000000000000001800 ) ) ;
#1463 = CARTESIAN_POINT ( 'NONE',  ( 0.4999999999999995600, 0.1019999999999999900, -0.9000000000000000200 ) ) ;
#1464 = VECTOR ( 'NONE', #2602, 1000.000000000000000 ) ;
#1465 = DIRECTION ( 'NONE',  ( 1.000000000000000000, 0.0000000000000000000, 5.421010862427523200E-016 ) ) ;
#1466 = ORIENTED_EDGE ( 'NONE', *, *, #2713, .T. ) ;
#1467 = VECTOR ( 'NONE', #4642, 1000.000000000000000 ) ;
#1468 = EDGE_CURVE ( 'NONE', #713, #121, #1077, .T. ) ;
#1469 = DIRECTION ( 'NONE',  ( 1.000000000000000000, 0.0000000000000000000, 5.421010862427523200E-016 ) ) ;
#1470 = ORIENTED_EDGE ( 'NONE', *, *, #12, .F. ) ;
#1471 = CARTESIAN_POINT ( 'NONE',  ( 0.8999999999999955800, -0.05000000000000012800, 0.09999999999999988100 ) ) ;
#1472 = DIRECTION ( 'NONE',  ( 0.0000000000000000000, -0.0000000000000000000, 1.000000000000000000 ) ) ;
#1473 = FACE_OUTER_BOUND ( 'NONE', #1712, .T. ) ;
#1474 = SURFACE_STYLE_USAGE ( .BOTH. , #3041 ) ;
#1475 = VECTOR ( 'NONE', #3695, 1000.000000000000000 ) ;
#1476 = EDGE_LOOP ( 'NONE', ( #3098, #960, #3644, #381 ) ) ;
#1477 = EDGE_LOOP ( 'NONE', ( #2195, #514, #2852, #2746 ) ) ;
#1478 = ADVANCED_FACE ( 'NONE', ( #3824 ), #4244, .F. ) ;
#1479 = FACE_OUTER_BOUND ( 'NONE', #3725, .T. ) ;
#1480 = VERTEX_POINT ( 'NONE', #1520 ) ;
#1481 = CARTESIAN_POINT ( 'NONE',  ( 0.6999999999999999600, -1.138516480713438700, 1.300000000000000000 ) ) ;
#1482 = CARTESIAN_POINT ( 'NONE',  ( -0.1000000000000001000, 0.1019999999999999900, 0.9000000000000001300 ) ) ;
#1483 = CARTESIAN_POINT ( 'NONE',  ( 0.6999999999999999600, 0.0000000000000000000, 1.300000000000000000 ) ) ;
#1484 = EDGE_CURVE ( 'NONE', #4376, #3698, #823, .T. ) ;
#1485 = ORIENTED_EDGE ( 'NONE', *, *, #2050, .F. ) ;
#1486 = FILL_AREA_STYLE ('',( #4570 ) ) ;
#1487 = SURFACE_STYLE_FILL_AREA ( #150 ) ;
#1488 = DIRECTION ( 'NONE',  ( -0.0000000000000000000, -1.000000000000000000, -0.0000000000000000000 ) ) ;
#1489 = VERTEX_POINT ( 'NONE', #4655 ) ;
#1490 = LINE ( 'NONE', #3037, #452 ) ;
#1491 = DIRECTION ( 'NONE',  ( 1.000000000000000000, -0.0000000000000000000, 2.710505431213761600E-016 ) ) ;
#1492 = PLANE ( 'NONE',  #3649 ) ;
#1493 = CARTESIAN_POINT ( 'NONE',  ( -0.8999999999999998000, -0.05000000000000012800, 0.4999999999999998900 ) ) ;
#1494 = EDGE_CURVE ( 'NONE', #3528, #3781, #3945, .T. ) ;
#1495 = VECTOR ( 'NONE', #4675, 1000.000000000000000 ) ;
#1496 = EDGE_LOOP ( 'NONE', ( #1015, #1197, #2577, #73 ) ) ;
#1497 = ORIENTED_EDGE ( 'NONE', *, *, #3331, .F. ) ;
#1498 = ORIENTED_EDGE ( 'NONE', *, *, #2625, .T. ) ;
#1499 = FILL_AREA_STYLE ('',( #5000 ) ) ;
#1500 = EDGE_LOOP ( 'NONE', ( #821, #3679, #493, #623 ) ) ;
#1501 = AXIS2_PLACEMENT_3D ( 'NONE', #3903, #1530, #3136 ) ;
#1502 = CARTESIAN_POINT ( 'NONE',  ( 0.8999999999999871400, 0.1019999999999999900, -0.7000000000000001800 ) ) ;
#1503 = CARTESIAN_POINT ( 'NONE',  ( 0.0000000000000000000, 0.1019999999999999900, 0.0000000000000000000 ) ) ;
#1504 = ORIENTED_EDGE ( 'NONE', *, *, #4149, .F. ) ;
#1505 = FACE_OUTER_BOUND ( 'NONE', #3691, .T. ) ;
#1506 = CARTESIAN_POINT ( 'NONE',  ( -0.1000000000000000500, 0.1019999999999999900, -1.300000000000000000 ) ) ;
#1507 = ORIENTED_EDGE ( 'NONE', *, *, #1888, .F. ) ;
#1508 = AXIS2_PLACEMENT_3D ( 'NONE', #3343, #220, #1017 ) ;
#1509 = CARTESIAN_POINT ( 'NONE',  ( -0.1000000000000000500, 0.0000000000000000000, -0.9000000000000002400 ) ) ;
#1510 = DIRECTION ( 'NONE',  ( -0.0000000000000000000, -0.0000000000000000000, 1.000000000000000000 ) ) ;
#1511 = LINE ( 'NONE', #1732, #470 ) ;
#1512 = DIRECTION ( 'NONE',  ( -0.0000000000000000000, -0.0000000000000000000, 1.000000000000000000 ) ) ;
#1513 = EDGE_LOOP ( 'NONE', ( #3438, #4735, #1623, #2230 ) ) ;
#1514 = PRESENTATION_LAYER_ASSIGNMENT (  '', '', ( #2453 ) ) ;
#1515 = CARTESIAN_POINT ( 'NONE',  ( -0.8999999999999871400, -1.138516480713438700, -0.7000000000000001800 ) ) ;
#1516 = DIRECTION ( 'NONE',  ( 0.0000000000000000000, 1.000000000000000000, -0.0000000000000000000 ) ) ;
#1517 = ORIENTED_EDGE ( 'NONE', *, *, #3744, .T. ) ;
#1518 = VECTOR ( 'NONE', #3201, 1000.000000000000000 ) ;
#1519 = LINE ( 'NONE', #2532, #4776 ) ;
#1520 = CARTESIAN_POINT ( 'NONE',  ( -0.6842896944760923400, 0.5000000000000000000, -1.121739601014925900 ) ) ;
#1521 = DIRECTION ( 'NONE',  ( 1.000000000000000000, -0.0000000000000000000, -0.0000000000000000000 ) ) ;
#1522 = CARTESIAN_POINT ( 'NONE',  ( -0.4999999999999914500, -0.0000000000000000000, -0.1000000000000001600 ) ) ;
#1523 = DIRECTION ( 'NONE',  ( 0.0000000000000000000, 0.0000000000000000000, -1.000000000000000000 ) ) ;
#1524 = ORIENTED_EDGE ( 'NONE', *, *, #4065, .T. ) ;
#1525 = VECTOR ( 'NONE', #3311, 1000.000000000000000 ) ;
#1526 = ORIENTED_EDGE ( 'NONE', *, *, #2050, .T. ) ;
#1527 = ADVANCED_FACE ( 'NONE', ( #273 ), #4691, .F. ) ;
#1528 = ORIENTED_EDGE ( 'NONE', *, *, #3079, .F. ) ;
#1529 = DIRECTION ( 'NONE',  ( 0.0000000000000000000, 0.0000000000000000000, -1.000000000000000000 ) ) ;
#1530 = DIRECTION ( 'NONE',  ( 0.0000000000000000000, -1.000000000000000000, 0.0000000000000000000 ) ) ;
#1531 = FACE_OUTER_BOUND ( 'NONE', #3550, .T. ) ;
#1532 = ORIENTED_EDGE ( 'NONE', *, *, #4303, .T. ) ;
#1533 = CARTESIAN_POINT ( 'NONE',  ( -0.3999999999999996900, 0.1019999999999999900, -0.6000000000000002000 ) ) ;
#1534 = PRESENTATION_STYLE_ASSIGNMENT (( #2659 ) ) ;
#1535 = MECHANICAL_DESIGN_GEOMETRIC_PRESENTATION_REPRESENTATION (  '', ( #1954 ), #2892 ) ;
#1536 = EDGE_CURVE ( 'NONE', #1988, #170, #4433, .T. ) ;
#1537 = DIRECTION ( 'NONE',  ( 0.0000000000000000000, 0.0000000000000000000, -1.000000000000000000 ) ) ;
#1538 = LINE ( 'NONE', #183, #917 ) ;
#1539 = ORIENTED_EDGE ( 'NONE', *, *, #1811, .F. ) ;
#1540 = CARTESIAN_POINT ( 'NONE',  ( 0.2999999999999997100, 0.1019999999999999900, -0.9000000000000001300 ) ) ;
#1541 = DIRECTION ( 'NONE',  ( 0.0000000000000000000, 0.0000000000000000000, 1.000000000000000000 ) ) ;
#1542 = LINE ( 'NONE', #3688, #3927 ) ;
#1543 = AXIS2_PLACEMENT_3D ( 'NONE', #1063, #4588, #2239 ) ;
#1544 = VERTEX_POINT ( 'NONE', #1907 ) ;
#1545 = DIRECTION ( 'NONE',  ( 0.0000000000000000000, 0.0000000000000000000, -1.000000000000000000 ) ) ;
#1546 = LINE ( 'NONE', #4808, #3566 ) ;
#1547 = PLANE ( 'NONE',  #4240 ) ;
#1548 = PLANE ( 'NONE',  #360 ) ;
#1549 = CARTESIAN_POINT ( 'NONE',  ( 0.4999999999999995600, 0.1019999999999999900, -1.300000000000000000 ) ) ;
#1550 = EDGE_CURVE ( 'NONE', #3200, #486, #398, .T. ) ;
#1551 = EDGE_CURVE ( 'NONE', #735, #3372, #4390, .T. ) ;
#1552 = VECTOR ( 'NONE', #4475, 1000.000000000000000 ) ;
#1553 = CLOSED_SHELL ( 'NONE', ( #4328, #1775, #1844, #2998, #4855, #2981 ) ) ;
#1554 = DIRECTION ( 'NONE',  ( -2.710505431213761600E-016, 0.0000000000000000000, 1.000000000000000000 ) ) ;
#1555 = LINE ( 'NONE', #2743, #2288 ) ;
#1556 = ADVANCED_FACE ( 'NONE', ( #3782 ), #3947, .F. ) ;
#1557 = CARTESIAN_POINT ( 'NONE',  ( -0.4999999999999914500, 0.1019999999999999900, -0.3000000000000000400 ) ) ;
#1558 = CARTESIAN_POINT ( 'NONE',  ( 0.8999999999999913600, 0.0000000000000000000, -0.09999999999999993600 ) ) ;
#1559 = CARTESIAN_POINT ( 'NONE',  ( -0.1000000000000000500, -0.0000000000000000000, -1.300000000000000000 ) ) ;
#1560 = EDGE_LOOP ( 'NONE', ( #2729, #991, #3431, #533 ) ) ;
#1561 = LINE ( 'NONE', #340, #2402 ) ;
#1562 = VERTEX_POINT ( 'NONE', #3128 ) ;
#1563 = VERTEX_POINT ( 'NONE', #3525 ) ;
#1564 = EDGE_LOOP ( 'NONE', ( #2171, #2805, #1637, #802 ) ) ;
#1565 = DIRECTION ( 'NONE',  ( -1.000000000000000000, 0.0000000000000000000, 2.409338161078899200E-016 ) ) ;
#1566 = PLANE ( 'NONE',  #4099 ) ;
#1567 = DIRECTION ( 'NONE',  ( 0.0000000000000000000, 0.0000000000000000000, 1.000000000000000000 ) ) ;
#1568 = ORIENTED_EDGE ( 'NONE', *, *, #3532, .T. ) ;
#1569 = EDGE_CURVE ( 'NONE', #1691, #1788, #2536, .T. ) ;
#1570 = ORIENTED_EDGE ( 'NONE', *, *, #4168, .F. ) ;
#1571 = EDGE_LOOP ( 'NONE', ( #1660, #272, #2528, #1684 ) ) ;
#1572 = DIRECTION ( 'NONE',  ( -0.0000000000000000000, -0.0000000000000000000, 1.000000000000000000 ) ) ;
#1573 = VERTEX_POINT ( 'NONE', #3182 ) ;
#1574 = CARTESIAN_POINT ( 'NONE',  ( 0.09999999999999993600, -0.05000000000000012800, 1.300000000000000000 ) ) ;
#1575 = LINE ( 'NONE', #1314, #664 ) ;
#1576 = EDGE_LOOP ( 'NONE', ( #2720, #1702, #1279, #4718 ) ) ;
#1577 = EDGE_CURVE ( 'NONE', #4138, #1120, #3109, .T. ) ;
#1578 = DIRECTION ( 'NONE',  ( 1.000000000000000000, 0.0000000000000000000, 0.0000000000000000000 ) ) ;
#1579 = LINE ( 'NONE', #2904, #3268 ) ;
#1580 = PLANE ( 'NONE',  #1685 ) ;
#1581 = CIRCLE ( 'NONE', #3570, 0.1104759766373918000 ) ;
#1582 = ADVANCED_FACE ( 'NONE', ( #5071 ), #4809, .T. ) ;
#1583 = EDGE_CURVE ( 'NONE', #697, #2623, #3648, .T. ) ;
#1584 = PLANE ( 'NONE',  #4297 ) ;
#1585 = LINE ( 'NONE', #2287, #2977 ) ;
#1586 = DIRECTION ( 'NONE',  ( 0.0000000000000000000, 0.0000000000000000000, -1.000000000000000000 ) ) ;
#1587 = FACE_OUTER_BOUND ( 'NONE', #981, .T. ) ;
#1588 = VECTOR ( 'NONE', #2930, 1000.000000000000000 ) ;
#1589 = EDGE_LOOP ( 'NONE', ( #184, #416, #2959, #1321 ) ) ;
#1590 = DIRECTION ( 'NONE',  ( -1.000000000000000000, 0.0000000000000000000, 0.0000000000000000000 ) ) ;
#1591 = DIRECTION ( 'NONE',  ( 0.0000000000000000000, 0.0000000000000000000, -1.000000000000000000 ) ) ;
#1592 = EDGE_LOOP ( 'NONE', ( #442, #469, #4348, #2455 ) ) ;
#1593 = DIRECTION ( 'NONE',  ( 0.0000000000000000000, 0.0000000000000000000, 1.000000000000000000 ) ) ;
#1594 = LINE ( 'NONE', #825, #5020 ) ;
#1595 = ORIENTED_EDGE ( 'NONE', *, *, #3554, .F. ) ;
#1596 = LINE ( 'NONE', #932, #435 ) ;
#1597 = EDGE_CURVE ( 'NONE', #28, #4925, #1934, .T. ) ;
#1598 = DIRECTION ( 'NONE',  ( 0.0000000000000000000, 0.0000000000000000000, 1.000000000000000000 ) ) ;
#1599 = VERTEX_POINT ( 'NONE', #2844 ) ;
#1600 = LINE ( 'NONE', #4574, #2813 ) ;
#1601 = VERTEX_POINT ( 'NONE', #3241 ) ;
#1602 = EDGE_CURVE ( 'NONE', #3194, #4559, #2421, .T. ) ;
#1603 = CARTESIAN_POINT ( 'NONE',  ( -0.8999999999999955800, -1.138516480713438700, 0.3000000000000001000 ) ) ;
#1604 = CARTESIAN_POINT ( 'NONE',  ( 0.8999999999999998000, 0.1019999999999999900, 0.7000000000000000700 ) ) ;
#1605 = LINE ( 'NONE', #513, #3237 ) ;
#1606 = DIRECTION ( 'NONE',  ( -1.000000000000000000, 0.0000000000000000000, 0.0000000000000000000 ) ) ;
#1607 = ORIENTED_EDGE ( 'NONE', *, *, #2803, .T. ) ;
#1608 = ORIENTED_EDGE ( 'NONE', *, *, #2443, .F. ) ;
#1609 =( NAMED_UNIT ( * ) SI_UNIT ( $, .STERADIAN. ) SOLID_ANGLE_UNIT ( ) );
#1610 = ORIENTED_EDGE ( 'NONE', *, *, #4501, .T. ) ;
#1611 = PRODUCT ( 'FXL4TD245UMX', 'FXL4TD245UMX', '', ( #4749 ) ) ;
#1612 = ORIENTED_EDGE ( 'NONE', *, *, #2970, .F. ) ;
#1613 = LINE ( 'NONE', #4946, #1312 ) ;
#1614 = AXIS2_PLACEMENT_3D ( 'NONE', #1403, #992, #4172 ) ;
#1615 = EDGE_CURVE ( 'NONE', #3765, #4687, #4772, .T. ) ;
#1616 = EDGE_CURVE ( 'NONE', #3639, #94, #2366, .T. ) ;
#1617 = FACE_OUTER_BOUND ( 'NONE', #653, .T. ) ;
#1618 = CARTESIAN_POINT ( 'NONE',  ( -0.6842896944760923400, 0.4500000000000000100, -1.011263624377534100 ) ) ;
#1619 = LINE ( 'NONE', #2215, #1441 ) ;
#1620 = EDGE_LOOP ( 'NONE', ( #3663, #3891, #31, #4955 ) ) ;
#1621 = ORIENTED_EDGE ( 'NONE', *, *, #1955, .T. ) ;
#1622 = DIRECTION ( 'NONE',  ( -0.0000000000000000000, -1.000000000000000000, -0.0000000000000000000 ) ) ;
#1623 = ORIENTED_EDGE ( 'NONE', *, *, #1369, .F. ) ;
#1624 = DIRECTION ( 'NONE',  ( 1.000000000000000000, -0.0000000000000000000, 5.421010862427523200E-016 ) ) ;
#1625 = AXIS2_PLACEMENT_3D ( 'NONE', #771, #818, #3560 ) ;
#1626 = EDGE_CURVE ( 'NONE', #4794, #1293, #2837, .T. ) ;
#1627 = CARTESIAN_POINT ( 'NONE',  ( 0.8999999999999871400, -1.138516480713438700, -0.5000000000000000000 ) ) ;
#1628 = VERTEX_POINT ( 'NONE', #2473 ) ;
#1629 = EDGE_LOOP ( 'NONE', ( #4640, #61, #665, #3869 ) ) ;
#1630 = CARTESIAN_POINT ( 'NONE',  ( 0.4999999999999995600, 0.1019999999999999900, -0.9000000000000000200 ) ) ;
#1631 = CARTESIAN_POINT ( 'NONE',  ( -0.4999999999999997800, 0.0000000000000000000, 0.6999999999999998400 ) ) ;
#1632 = VECTOR ( 'NONE', #1572, 1000.000000000000000 ) ;
#1633 = ORIENTED_EDGE ( 'NONE', *, *, #2839, .T. ) ;
#1634 = FACE_OUTER_BOUND ( 'NONE', #668, .T. ) ;
#1635 = AXIS2_PLACEMENT_3D ( 'NONE', #1290, #106, #2899 ) ;
#1636 = EDGE_CURVE ( 'NONE', #3882, #2445, #1575, .T. ) ;
#1637 = ORIENTED_EDGE ( 'NONE', *, *, #3840, .T. ) ;
#1638 = FACE_OUTER_BOUND ( 'NONE', #172, .T. ) ;
#1639 = VERTEX_POINT ( 'NONE', #1346 ) ;
#1640 = CARTESIAN_POINT ( 'NONE',  ( -0.7000000000000000700, 0.1019999999999999900, 1.300000000000000000 ) ) ;
#1641 = VERTEX_POINT ( 'NONE', #1276 ) ;
#1642 = VERTEX_POINT ( 'NONE', #524 ) ;
#1643 = DIRECTION ( 'NONE',  ( -1.000000000000000000, 0.0000000000000000000, -5.421010862427523200E-016 ) ) ;
#1644 = LINE ( 'NONE', #2791, #3126 ) ;
#1645 =( GEOMETRIC_REPRESENTATION_CONTEXT ( 3 ) GLOBAL_UNCERTAINTY_ASSIGNED_CONTEXT ( ( #4262 ) ) GLOBAL_UNIT_ASSIGNED_CONTEXT ( ( #3193, #862, #4389 ) ) REPRESENTATION_CONTEXT ( 'NONE', 'WORKASPACE' ) );
#1646 = EDGE_CURVE ( 'NONE', #705, #4368, #3892, .T. ) ;
#1647 = DIRECTION ( 'NONE',  ( -0.0000000000000000000, -0.0000000000000000000, -1.000000000000000000 ) ) ;
#1648 = CARTESIAN_POINT ( 'NONE',  ( -0.6999999999999996200, 0.1019999999999999900, -0.9000000000000000200 ) ) ;
#1649 = ORIENTED_EDGE ( 'NONE', *, *, #1453, .T. ) ;
#1650 = COLOUR_RGB ( '',1.000000000000000000, 1.000000000000000000, 1.000000000000000000 ) ;
#1651 = EDGE_CURVE ( 'NONE', #3703, #4426, #2606, .T. ) ;
#1652 = PLANE ( 'NONE',  #2331 ) ;
#1653 = VECTOR ( 'NONE', #4031, 1000.000000000000000 ) ;
#1654 = EDGE_LOOP ( 'NONE', ( #2056, #2175, #3175, #4191 ) ) ;
#1655 = PLANE ( 'NONE',  #5051 ) ;
#1656 = CARTESIAN_POINT ( 'NONE',  ( 0.2999999999999997100, 0.1019999999999999900, -0.9000000000000001300 ) ) ;
#1657 = EDGE_CURVE ( 'NONE', #376, #354, #4205, .T. ) ;
#1658 = LINE ( 'NONE', #4377, #574 ) ;
#1659 = ORIENTED_EDGE ( 'NONE', *, *, #4947, .F. ) ;
#1660 = ORIENTED_EDGE ( 'NONE', *, *, #923, .T. ) ;
#1661 = UNCERTAINTY_MEASURE_WITH_UNIT (LENGTH_MEASURE( 1.000000000000000100E-005 ), #3023, 'distance_accuracy_value', 'NONE');
#1662 = CARTESIAN_POINT ( 'NONE',  ( 0.4999999999999872300, 0.1019999999999999900, -0.7000000000000000700 ) ) ;
#1663 = VECTOR ( 'NONE', #2336, 1000.000000000000000 ) ;
#1664 = EDGE_LOOP ( 'NONE', ( #4639, #3495, #1218, #4973 ) ) ;
#1665 = VERTEX_POINT ( 'NONE', #964 ) ;
#1666 = CARTESIAN_POINT ( 'NONE',  ( 0.4999999999999914500, 0.1019999999999999900, -0.3000000000000000400 ) ) ;
#1667 = EDGE_CURVE ( 'NONE', #4033, #4687, #2105, .T. ) ;
#1668 = CARTESIAN_POINT ( 'NONE',  ( 0.4999999999999872300, -1.138516480713438700, -0.5000000000000002200 ) ) ;
#1669 = VECTOR ( 'NONE', #2884, 1000.000000000000000 ) ;
#1670 = CARTESIAN_POINT ( 'NONE',  ( -0.2999999999999998800, 0.1019999999999999900, -0.9000000000000000200 ) ) ;
#1671 = ORIENTED_EDGE ( 'NONE', *, *, #2827, .T. ) ;
#1672 = ORIENTED_EDGE ( 'NONE', *, *, #1415, .F. ) ;
#1673 = EDGE_CURVE ( 'NONE', #4157, #3437, #3157, .T. ) ;
#1674 = ORIENTED_EDGE ( 'NONE', *, *, #2404, .F. ) ;
#1675 = LINE ( 'NONE', #2730, #3905 ) ;
#1676 = VECTOR ( 'NONE', #446, 1000.000000000000000 ) ;
#1677 = PRESENTATION_STYLE_ASSIGNMENT (( #4186 ) ) ;
#1678 = CARTESIAN_POINT ( 'NONE',  ( 0.2999999999999999300, 0.0000000000000000000, 0.9000000000000001300 ) ) ;
#1679 = VECTOR ( 'NONE', #4849, 1000.000000000000000 ) ;
#1680 = DIRECTION ( 'NONE',  ( 0.0000000000000000000, 0.0000000000000000000, -1.000000000000000000 ) ) ;
#1681 = EDGE_LOOP ( 'NONE', ( #3124, #4679, #1607, #3183, #1411, #1436, #1985, #581, #3030, #780, #2062, #209, #1047, #854, #2436, #3259, #4554, #3148, #1833, #1108 ) ) ;
#1682 = VECTOR ( 'NONE', #4347, 1000.000000000000000 ) ;
#1683 = SURFACE_STYLE_FILL_AREA ( #1499 ) ;
#1684 = ORIENTED_EDGE ( 'NONE', *, *, #1196, .T. ) ;
#1685 = AXIS2_PLACEMENT_3D ( 'NONE', #2716, #1554, #1903 ) ;
#1686 = EDGE_CURVE ( 'NONE', #1392, #5067, #951, .T. ) ;
#1688 = EDGE_CURVE ( 'NONE', #3995, #910, #2415, .T. ) ;
#1687 = EDGE_LOOP ( 'NONE', ( #1136, #2004, #1298, #1169 ) ) ;
#1689 = VECTOR ( 'NONE', #961, 1000.000000000000000 ) ;
#1690 = CARTESIAN_POINT ( 'NONE',  ( -0.6842896944760923400, 0.4500000000000000100, -1.011263624377534100 ) ) ;
#1691 = VERTEX_POINT ( 'NONE', #1395 ) ;
#1692 = DIRECTION ( 'NONE',  ( -0.0000000000000000000, 1.000000000000000000, -0.0000000000000000000 ) ) ;
#1693 = DIRECTION ( 'NONE',  ( -0.0000000000000000000, 1.000000000000000000, -0.0000000000000000000 ) ) ;
#1694 = LINE ( 'NONE', #2967, #4471 ) ;
#1695 = ADVANCED_FACE ( 'NONE', ( #1261 ), #2975, .F. ) ;
#1696 = CARTESIAN_POINT ( 'NONE',  ( -0.8999999999999955800, -0.05000000000000012800, 0.3000000000000001000 ) ) ;
#1697 = EDGE_LOOP ( 'NONE', ( #1874, #2106, #2872, #3291 ) ) ;
#1698 = SURFACE_SIDE_STYLE ('',( #4014 ) ) ;
#1699 = DIRECTION ( 'NONE',  ( 1.000000000000000000, 0.0000000000000000000, 5.421010862427523200E-016 ) ) ;
#1700 = LINE ( 'NONE', #2139, #4173 ) ;
#1701 = AXIS2_PLACEMENT_3D ( 'NONE', #4628, #1839, #2644 ) ;
#1702 = ORIENTED_EDGE ( 'NONE', *, *, #1287, .T. ) ;
#1703 = EDGE_CURVE ( 'NONE', #4258, #1114, #2676, .T. ) ;
#1704 = DIRECTION ( 'NONE',  ( 0.0000000000000000000, 0.0000000000000000000, 1.000000000000000000 ) ) ;
#1705 = CARTESIAN_POINT ( 'NONE',  ( 0.9000000000000000200, 0.0000000000000000000, 1.299999999999999600 ) ) ;
#1706 = CARTESIAN_POINT ( 'NONE',  ( 0.09999999999999993600, 0.0000000000000000000, 0.9000000000000000200 ) ) ;
#1707 = FACE_OUTER_BOUND ( 'NONE', #2458, .T. ) ;
#1708 = CARTESIAN_POINT ( 'NONE',  ( -0.4999999999999872300, 0.1019999999999999900, -0.5000000000000002200 ) ) ;
#1709 = DIRECTION ( 'NONE',  ( 0.0000000000000000000, 0.0000000000000000000, 1.000000000000000000 ) ) ;
#1710 = PLANE ( 'NONE',  #4834 ) ;
#1711 =( NAMED_UNIT ( * ) SI_UNIT ( $, .STERADIAN. ) SOLID_ANGLE_UNIT ( ) );
#1712 = EDGE_LOOP ( 'NONE', ( #2464, #1952, #4626, #2379 ) ) ;
#1713 = ORIENTED_EDGE ( 'NONE', *, *, #1431, .T. ) ;
#1714 = DIRECTION ( 'NONE',  ( -1.000000000000000000, 0.0000000000000000000, 5.421010862427523200E-016 ) ) ;
#1715 = SURFACE_STYLE_FILL_AREA ( #4561 ) ;
#1716 = VECTOR ( 'NONE', #3377, 1000.000000000000000 ) ;
#1717 = CARTESIAN_POINT ( 'NONE',  ( -0.6999999999999996200, -0.05000000000000012800, -0.9000000000000000200 ) ) ;
#1718 = EDGE_CURVE ( 'NONE', #17, #1454, #1511, .T. ) ;
#1719 = EDGE_CURVE ( 'NONE', #2902, #918, #1089, .T. ) ;
#1720 = VECTOR ( 'NONE', #3992, 1000.000000000000000 ) ;
#1721 = CARTESIAN_POINT ( 'NONE',  ( -0.6999999999999996200, 0.1019999999999999900, -0.9000000000000000200 ) ) ;
#1722 = ORIENTED_EDGE ( 'NONE', *, *, #1116, .F. ) ;
#1723 = CARTESIAN_POINT ( 'NONE',  ( -0.2999999999999998800, -1.138516480713438700, -1.300000000000000000 ) ) ;
#1724 = ORIENTED_EDGE ( 'NONE', *, *, #438, .F. ) ;
#1725 = ADVANCED_FACE ( 'NONE', ( #4084 ), #4869, .F. ) ;
#1726 = UNCERTAINTY_MEASURE_WITH_UNIT (LENGTH_MEASURE( 1.000000000000000100E-005 ), #528, 'distance_accuracy_value', 'NONE');
#1727 = ORIENTED_EDGE ( 'NONE', *, *, #228, .F. ) ;
#1728 = PLANE ( 'NONE',  #887 ) ;
#1729 = VERTEX_POINT ( 'NONE', #987 ) ;
#1730 = FILL_AREA_STYLE ('',( #2878 ) ) ;
#1731 = ORIENTED_EDGE ( 'NONE', *, *, #1786, .F. ) ;
#1732 = CARTESIAN_POINT ( 'NONE',  ( 0.8999999999999998000, 0.1019999999999999900, 0.7000000000000000700 ) ) ;
#1733 = CARTESIAN_POINT ( 'NONE',  ( -0.4999999999999997800, -0.05000000000000012800, 0.5000000000000000000 ) ) ;
#1734 = EDGE_CURVE ( 'NONE', #1563, #1868, #352, .T. ) ;
#1735 = ADVANCED_FACE ( 'NONE', ( #413 ), #2506, .F. ) ;
#1736 = ORIENTED_EDGE ( 'NONE', *, *, #2318, .F. ) ;
#1737 = ORIENTED_EDGE ( 'NONE', *, *, #829, .T. ) ;
#1738 = DIRECTION ( 'NONE',  ( -0.0000000000000000000, 1.000000000000000000, -0.0000000000000000000 ) ) ;
#1739 = CARTESIAN_POINT ( 'NONE',  ( -0.1000000000000000500, -1.138516480713438700, -1.300000000000000000 ) ) ;
#1740 = LINE ( 'NONE', #423, #1159 ) ;
#1741 = EDGE_CURVE ( 'NONE', #1868, #4340, #2460, .T. ) ;
#1742 = VERTEX_POINT ( 'NONE', #4490 ) ;
#1743 = VERTEX_POINT ( 'NONE', #617 ) ;
#1744 = ORIENTED_EDGE ( 'NONE', *, *, #2074, .T. ) ;
#1745 =( NAMED_UNIT ( * ) SI_UNIT ( $, .STERADIAN. ) SOLID_ANGLE_UNIT ( ) );
#1746 = LINE ( 'NONE', #3851, #1107 ) ;
#1747 = CARTESIAN_POINT ( 'NONE',  ( -0.4999999999999914500, 0.1019999999999999900, -0.3000000000000000400 ) ) ;
#1748 = ORIENTED_EDGE ( 'NONE', *, *, #4846, .T. ) ;
#1749 = ORIENTED_EDGE ( 'NONE', *, *, #2040, .F. ) ;
#1750 = ADVANCED_FACE ( 'NONE', ( #134 ), #3741, .F. ) ;
#1751 = AXIS2_PLACEMENT_3D ( 'NONE', #224, #4142, #4549 ) ;
#1752 = DIRECTION ( 'NONE',  ( 0.0000000000000000000, 0.0000000000000000000, 1.000000000000000000 ) ) ;
#1753 = FILL_AREA_STYLE ('',( #4114 ) ) ;
#1754 = ORIENTED_EDGE ( 'NONE', *, *, #502, .T. ) ;
#1755 = LINE ( 'NONE', #3299, #4607 ) ;
#1756 = CARTESIAN_POINT ( 'NONE',  ( 0.09999999999999988100, -1.138516480713438700, -1.300000000000000000 ) ) ;
#1757 = ORIENTED_EDGE ( 'NONE', *, *, #4826, .F. ) ;
#1758 = LINE ( 'NONE', #4678, #1819 ) ;
#1759 = CARTESIAN_POINT ( 'NONE',  ( 0.4999999999999997800, -0.05000000000000012800, 0.6999999999999998400 ) ) ;
#1760 = ORIENTED_EDGE ( 'NONE', *, *, #1451, .T. ) ;
#1761 = ADVANCED_FACE ( 'NONE', ( #1617 ), #2903, .F. ) ;
#1762 = LINE ( 'NONE', #3815, #753 ) ;
#1763 = DIRECTION ( 'NONE',  ( 2.710505431213761600E-016, 0.0000000000000000000, 1.000000000000000000 ) ) ;
#1764 = ORIENTED_EDGE ( 'NONE', *, *, #2508, .T. ) ;
#1765 = VECTOR ( 'NONE', #4467, 1000.000000000000000 ) ;
#1766 = DIRECTION ( 'NONE',  ( 0.0000000000000000000, -0.0000000000000000000, 1.000000000000000000 ) ) ;
#1767 =( NAMED_UNIT ( * ) PLANE_ANGLE_UNIT ( ) SI_UNIT ( $, .RADIAN. ) );
#1768 = LINE ( 'NONE', #1670, #4980 ) ;
#1769 = DIRECTION ( 'NONE',  ( -0.0000000000000000000, -1.000000000000000000, -0.0000000000000000000 ) ) ;
#1770 = EDGE_CURVE ( 'NONE', #4340, #4818, #2870, .T. ) ;
#1771 = DIRECTION ( 'NONE',  ( -5.421010862427526100E-016, -0.0000000000000000000, 1.000000000000000000 ) ) ;
#1772 = FACE_OUTER_BOUND ( 'NONE', #2917, .T. ) ;
#1773 = CARTESIAN_POINT ( 'NONE',  ( 0.6999999999999999600, -0.05000000000000012800, 0.9000000000000001300 ) ) ;
#1774 = DIRECTION ( 'NONE',  ( -0.0000000000000000000, -1.000000000000000000, -0.0000000000000000000 ) ) ;
#1775 = ADVANCED_FACE ( 'NONE', ( #4444 ), #4994, .F. ) ;
#1776 = VECTOR ( 'NONE', #1622, 1000.000000000000000 ) ;
#1777 = CARTESIAN_POINT ( 'NONE',  ( -0.7000000000000000700, 0.0000000000000000000, 0.9000000000000001300 ) ) ;
#1778 = CARTESIAN_POINT ( 'NONE',  ( 0.8999999999999871400, 0.1019999999999999900, -0.5000000000000000000 ) ) ;
#1779 = ORIENTED_EDGE ( 'NONE', *, *, #2643, .F. ) ;
#1780 = ORIENTED_EDGE ( 'NONE', *, *, #3177, .F. ) ;
#1781 = DIRECTION ( 'NONE',  ( -0.0000000000000000000, 1.000000000000000000, -0.0000000000000000000 ) ) ;
#1782 = DIRECTION ( 'NONE',  ( 0.0000000000000000000, -0.0000000000000000000, 1.000000000000000000 ) ) ;
#1783 = PLANE ( 'NONE',  #368 ) ;
#1784 = EDGE_LOOP ( 'NONE', ( #902, #2597, #914, #2679 ) ) ;
#1785 = ADVANCED_FACE ( 'NONE', ( #2881 ), #4568, .F. ) ;
#1786 = EDGE_CURVE ( 'NONE', #4563, #3310, #2305, .T. ) ;
#1787 = EDGE_CURVE ( 'NONE', #2623, #3697, #4449, .T. ) ;
#1788 = VERTEX_POINT ( 'NONE', #2664 ) ;
#1789 = CARTESIAN_POINT ( 'NONE',  ( -0.8999999999999913600, 0.1019999999999999900, -0.09999999999999993600 ) ) ;
#1790 = DIRECTION ( 'NONE',  ( 0.0000000000000000000, 0.0000000000000000000, 1.000000000000000000 ) ) ;
#1791 = ORIENTED_EDGE ( 'NONE', *, *, #3021, .T. ) ;
#1792 = VECTOR ( 'NONE', #3229, 1000.000000000000000 ) ;
#1793 = ORIENTED_EDGE ( 'NONE', *, *, #4273, .T. ) ;
#1794 = VERTEX_POINT ( 'NONE', #2646 ) ;
#1795 = VECTOR ( 'NONE', #790, 1000.000000000000000 ) ;
#1796 = CARTESIAN_POINT ( 'NONE',  ( 0.9000000000000000200, 0.5000000000000000000, 1.299999999999999600 ) ) ;
#1797 = ADVANCED_FACE ( 'NONE', ( #223 ), #3826, .F. ) ;
#1798 = DIRECTION ( 'NONE',  ( -1.000000000000000000, 0.0000000000000000000, -5.421010862427523200E-016 ) ) ;
#1799 = FACE_OUTER_BOUND ( 'NONE', #2005, .T. ) ;
#1800 = EDGE_CURVE ( 'NONE', #2319, #1322, #4646, .T. ) ;
#1801 = DIRECTION ( 'NONE',  ( -0.0000000000000000000, -0.0000000000000000000, 1.000000000000000000 ) ) ;
#1802 = LINE ( 'NONE', #3795, #2545 ) ;
#1803 = PLANE ( 'NONE',  #4762 ) ;
#1804 = VECTOR ( 'NONE', #853, 1000.000000000000000 ) ;
#1805 = VECTOR ( 'NONE', #2919, 1000.000000000000000 ) ;
#1806 = CARTESIAN_POINT ( 'NONE',  ( -0.3999999999999996900, 0.1019999999999999900, -0.6000000000000002000 ) ) ;
#1807 = ORIENTED_EDGE ( 'NONE', *, *, #3578, .F. ) ;
#1808 = CARTESIAN_POINT ( 'NONE',  ( -0.6999999999999996200, -0.0000000000000000000, -0.9000000000000000200 ) ) ;
#1809 = CARTESIAN_POINT ( 'NONE',  ( 0.2999999999999999300, 0.0000000000000000000, 1.300000000000000000 ) ) ;
#1810 = LINE ( 'NONE', #3949, #1682 ) ;
#1811 = EDGE_CURVE ( 'NONE', #3765, #4219, #4737, .T. ) ;
#1812 = ORIENTED_EDGE ( 'NONE', *, *, #1484, .T. ) ;
#1813 = VECTOR ( 'NONE', #2344, 1000.000000000000000 ) ;
#1814 = ADVANCED_FACE ( 'NONE', ( #1216 ), #372, .F. ) ;
#1815 = ORIENTED_EDGE ( 'NONE', *, *, #4431, .F. ) ;
#1816 = DIRECTION ( 'NONE',  ( 1.000000000000000000, 0.0000000000000000000, -2.710505431213761600E-016 ) ) ;
#1817 = SURFACE_SIDE_STYLE ('',( #1715 ) ) ;
#1818 = VECTOR ( 'NONE', #3338, 1000.000000000000000 ) ;
#1819 = VECTOR ( 'NONE', #1909, 1000.000000000000000 ) ;
#1820 = CARTESIAN_POINT ( 'NONE',  ( 0.8999999999999998000, -1.138516480713438700, 0.4999999999999998900 ) ) ;
#1821 = EDGE_CURVE ( 'NONE', #517, #2390, #4192, .T. ) ;
#1822 = MANIFOLD_SOLID_BREP ( 'Boss-Extrude2[16]', #1202 ) ;
#1823 = PLANE ( 'NONE',  #1018 ) ;
#1824 = CARTESIAN_POINT ( 'NONE',  ( 0.4999999999999872300, 0.1019999999999999900, -0.7000000000000000700 ) ) ;
#1825 = LINE ( 'NONE', #4015, #2565 ) ;
#1826 = CARTESIAN_POINT ( 'NONE',  ( -0.8999999999999998000, 0.5000000000000000000, 1.300000000000000000 ) ) ;
#1827 = CARTESIAN_POINT ( 'NONE',  ( -0.4999999999999996700, 0.1019999999999999900, -0.9000000000000001300 ) ) ;
#1828 = ORIENTED_EDGE ( 'NONE', *, *, #1494, .F. ) ;
#1829 = DIRECTION ( 'NONE',  ( 0.0000000000000000000, 0.0000000000000000000, 1.000000000000000000 ) ) ;
#1830 = CARTESIAN_POINT ( 'NONE',  ( 0.9000000000000000200, 0.5000000000000000000, 1.299999999999999600 ) ) ;
#1831 = ADVANCED_FACE ( 'NONE', ( #4043 ), #3123, .F. ) ;
#1832 = VECTOR ( 'NONE', #1283, 1000.000000000000000 ) ;
#1833 = ORIENTED_EDGE ( 'NONE', *, *, #116, .T. ) ;
#1834 = FACE_OUTER_BOUND ( 'NONE', #280, .T. ) ;
#1835 = AXIS2_PLACEMENT_3D ( 'NONE', #962, #3713, #4110 ) ;
#1836 = DIRECTION ( 'NONE',  ( 1.000000000000000000, -0.0000000000000000000, 5.421010862427523200E-016 ) ) ;
#1837 = SURFACE_STYLE_FILL_AREA ( #3901 ) ;
#1838 = EDGE_CURVE ( 'NONE', #1889, #458, #990, .T. ) ;
#1839 = DIRECTION ( 'NONE',  ( 0.0000000000000000000, -1.000000000000000000, -0.0000000000000000000 ) ) ;
#1840 = ORIENTED_EDGE ( 'NONE', *, *, #3309, .T. ) ;
#1841 = EDGE_LOOP ( 'NONE', ( #2521, #522, #5049, #5080 ) ) ;
#1842 = PLANE ( 'NONE',  #3963 ) ;
#1843 = EDGE_LOOP ( 'NONE', ( #516, #4063, #2298, #2184 ) ) ;
#1844 = ADVANCED_FACE ( 'NONE', ( #5099 ), #3909, .F. ) ;
#1845 = CARTESIAN_POINT ( 'NONE',  ( -0.4999999999999997800, -1.138516480713438700, 0.6999999999999998400 ) ) ;
#1846 = PRODUCT_RELATED_PRODUCT_CATEGORY ( 'part', '', ( #1611 ) ) ;
#1847 = ORIENTED_EDGE ( 'NONE', *, *, #1431, .F. ) ;
#1848 = DIRECTION ( 'NONE',  ( 0.0000000000000000000, -0.0000000000000000000, -1.000000000000000000 ) ) ;
#1849 = CARTESIAN_POINT ( 'NONE',  ( 0.4999999999999914500, 0.0000000000000000000, -0.3000000000000000400 ) ) ;
#1850 = DIRECTION ( 'NONE',  ( -0.0000000000000000000, 1.000000000000000000, -0.0000000000000000000 ) ) ;
#1851 = EDGE_CURVE ( 'NONE', #4696, #203, #1359, .T. ) ;
#1852 = FACE_OUTER_BOUND ( 'NONE', #51, .T. ) ;
#1853 = DIRECTION ( 'NONE',  ( 0.0000000000000000000, -0.0000000000000000000, 1.000000000000000000 ) ) ;
#1854 = ORIENTED_EDGE ( 'NONE', *, *, #103, .F. ) ;
#1855 = VECTOR ( 'NONE', #3978, 1000.000000000000000 ) ;
#1856 = EDGE_LOOP ( 'NONE', ( #2462, #4054, #1916, #366 ) ) ;
#1857 = ORIENTED_EDGE ( 'NONE', *, *, #3004, .F. ) ;
#1858 = AXIS2_PLACEMENT_3D ( 'NONE', #2027, #3047, #178 ) ;
#1859 = FILL_AREA_STYLE ('',( #1090 ) ) ;
#1860 = DIRECTION ( 'NONE',  ( 0.0000000000000000000, -0.0000000000000000000, 1.000000000000000000 ) ) ;
#1861 = ORIENTED_EDGE ( 'NONE', *, *, #1399, .T. ) ;
#1862 = CARTESIAN_POINT ( 'NONE',  ( 0.0000000000000000000, 0.1019999999999999900, 0.0000000000000000000 ) ) ;
#1863 = CLOSED_SHELL ( 'NONE', ( #3036, #1750, #4198, #4181, #1029, #143 ) ) ;
#1864 = DIRECTION ( 'NONE',  ( -0.0000000000000000000, -0.0000000000000000000, -1.000000000000000000 ) ) ;
#1865 = EDGE_CURVE ( 'NONE', #3703, #3954, #2337, .T. ) ;
#1866 = EDGE_CURVE ( 'NONE', #4361, #4696, #3007, .T. ) ;
#1867 = EDGE_LOOP ( 'NONE', ( #4783, #4495, #4617, #2749 ) ) ;
#1868 = VERTEX_POINT ( 'NONE', #1915 ) ;
#1869 = CARTESIAN_POINT ( 'NONE',  ( -0.4999999999999997800, 0.1019999999999999900, 0.6999999999999998400 ) ) ;
#1870 = DIRECTION ( 'NONE',  ( 1.000000000000000000, 0.0000000000000000000, -5.421010862427523200E-016 ) ) ;
#1871 = DIRECTION ( 'NONE',  ( 1.000000000000000000, 0.0000000000000000000, 0.0000000000000000000 ) ) ;
#1872 = DIRECTION ( 'NONE',  ( 0.0000000000000000000, 1.000000000000000000, 0.0000000000000000000 ) ) ;
#1873 = ORIENTED_EDGE ( 'NONE', *, *, #2961, .F. ) ;
#1874 = ORIENTED_EDGE ( 'NONE', *, *, #4274, .T. ) ;
#1875 = ORIENTED_EDGE ( 'NONE', *, *, #4241, .F. ) ;
#1876 = ADVANCED_FACE ( 'NONE', ( #3861 ), #4686, .F. ) ;
#1877 = CARTESIAN_POINT ( 'NONE',  ( -0.8999999999999998000, 0.0000000000000000000, 1.300000000000000000 ) ) ;
#1878 = CARTESIAN_POINT ( 'NONE',  ( -0.5000000000000001100, 0.1019999999999999900, 0.9000000000000001300 ) ) ;
#1879 = ORIENTED_EDGE ( 'NONE', *, *, #3728, .F. ) ;
#1880 = LINE ( 'NONE', #2034, #4953 ) ;
#1881 = LINE ( 'NONE', #4272, #1632 ) ;
#1882 = CARTESIAN_POINT ( 'NONE',  ( 0.0000000000000000000, 0.1019999999999999900, 0.0000000000000000000 ) ) ;
#1883 = CARTESIAN_POINT ( 'NONE',  ( 0.4999999999999997800, 0.0000000000000000000, 0.5000000000000000000 ) ) ;
#1884 = ORIENTED_EDGE ( 'NONE', *, *, #2748, .T. ) ;
#1885 = AXIS2_PLACEMENT_3D ( 'NONE', #4188, #1516, #4261 ) ;
#1886 = DIRECTION ( 'NONE',  ( 0.7071067811865037200, 0.0000000000000000000, 0.7071067811865914300 ) ) ;
#1887 = ORIENTED_EDGE ( 'NONE', *, *, #5031, .T. ) ;
#1888 = EDGE_CURVE ( 'NONE', #2181, #17, #4239, .T. ) ;
#1889 = VERTEX_POINT ( 'NONE', #3989 ) ;
#1890 = PLANE ( 'NONE',  #380 ) ;
#1891 = DIRECTION ( 'NONE',  ( -1.000000000000000000, 0.0000000000000000000, 0.0000000000000000000 ) ) ;
#1892 = ORIENTED_EDGE ( 'NONE', *, *, #451, .F. ) ;
#1893 = DIRECTION ( 'NONE',  ( 0.0000000000000000000, 0.0000000000000000000, -1.000000000000000000 ) ) ;
#1894 = VERTEX_POINT ( 'NONE', #3140 ) ;
#1895 = AXIS2_PLACEMENT_3D ( 'NONE', #1824, #4610, #1448 ) ;
#1896 = LINE ( 'NONE', #1171, #2560 ) ;
#1897 = DIRECTION ( 'NONE',  ( 1.000000000000000000, -0.0000000000000000000, 5.421010862427523200E-016 ) ) ;
#1898 = DIRECTION ( 'NONE',  ( -0.0000000000000000000, 0.0000000000000000000, -1.000000000000000000 ) ) ;
#1899 = UNCERTAINTY_MEASURE_WITH_UNIT (LENGTH_MEASURE( 1.000000000000000100E-005 ), #411, 'distance_accuracy_value', 'NONE');
#1900 = CARTESIAN_POINT ( 'NONE',  ( 0.4999999999999997800, 0.1019999999999999900, 0.5000000000000000000 ) ) ;
#1901 = EDGE_CURVE ( 'NONE', #4462, #4603, #864, .T. ) ;
#1902 = ORIENTED_EDGE ( 'NONE', *, *, #1787, .F. ) ;
#1903 = DIRECTION ( 'NONE',  ( 1.000000000000000000, 0.0000000000000000000, 2.710505431213761600E-016 ) ) ;
#1904 = CARTESIAN_POINT ( 'NONE',  ( -0.3999999999999997400, 0.1019999999999999900, -0.5000000000000002200 ) ) ;
#1905 = CARTESIAN_POINT ( 'NONE',  ( 0.8999999999999998000, -1.138516480713438700, 0.7000000000000000700 ) ) ;
#1906 = FACE_OUTER_BOUND ( 'NONE', #587, .T. ) ;
#1907 = CARTESIAN_POINT ( 'NONE',  ( 0.4999999999999914500, -0.05000000000000012800, -0.3000000000000000400 ) ) ;
#1908 = SHAPE_DEFINITION_REPRESENTATION ( #2263, #631 ) ;
#1909 = DIRECTION ( 'NONE',  ( -1.000000000000000000, 0.0000000000000000000, 5.421010862427523200E-016 ) ) ;
#1910 = FACE_OUTER_BOUND ( 'NONE', #4226, .T. ) ;
#1911 = FILL_AREA_STYLE_COLOUR ( '', #935 ) ;
#1912 = AXIS2_PLACEMENT_3D ( 'NONE', #1618, #52, #2792 ) ;
#1913 = LINE ( 'NONE', #4311, #820 ) ;
#1914 = DIRECTION ( 'NONE',  ( 0.7071067811865037200, -0.0000000000000000000, 0.7071067811865914300 ) ) ;
#1915 = CARTESIAN_POINT ( 'NONE',  ( -0.8999999999999955800, 0.0000000000000000000, 0.09999999999999988100 ) ) ;
#1916 = ORIENTED_EDGE ( 'NONE', *, *, #3365, .F. ) ;
#1917 = ORIENTED_EDGE ( 'NONE', *, *, #2478, .T. ) ;
#1918 = ORIENTED_EDGE ( 'NONE', *, *, #5045, .F. ) ;
#1919 =( NAMED_UNIT ( * ) PLANE_ANGLE_UNIT ( ) SI_UNIT ( $, .RADIAN. ) );
#1920 = ORIENTED_EDGE ( 'NONE', *, *, #337, .T. ) ;
#1921 = EDGE_CURVE ( 'NONE', #1742, #4824, #3375, .T. ) ;
#1922 = ORIENTED_EDGE ( 'NONE', *, *, #4851, .T. ) ;
#1923 = CARTESIAN_POINT ( 'NONE',  ( -0.2999999999999998800, 0.1019999999999999900, -1.300000000000000000 ) ) ;
#1924 = ADVANCED_FACE ( 'NONE', ( #57 ), #490, .F. ) ;
#1925 = ORIENTED_EDGE ( 'NONE', *, *, #2561, .F. ) ;
#1926 = DIRECTION ( 'NONE',  ( -1.000000000000000000, 0.0000000000000000000, 5.421010862427527100E-016 ) ) ;
#1927 = EDGE_CURVE ( 'NONE', #3759, #2001, #3807, .T. ) ;
#1928 = DIRECTION ( 'NONE',  ( -2.710505431213761600E-016, 0.0000000000000000000, 1.000000000000000000 ) ) ;
#1929 = DIRECTION ( 'NONE',  ( -1.000000000000000000, 0.0000000000000000000, 2.409338161078899200E-016 ) ) ;
#1930 = ORIENTED_EDGE ( 'NONE', *, *, #1551, .F. ) ;
#1931 = ORIENTED_EDGE ( 'NONE', *, *, #4478, .T. ) ;
#1932 = FILL_AREA_STYLE ('',( #4309 ) ) ;
#1933 = AXIS2_PLACEMENT_3D ( 'NONE', #2373, #797, #3955 ) ;
#1934 = LINE ( 'NONE', #3683, #4585 ) ;
#1935 = CARTESIAN_POINT ( 'NONE',  ( -0.3000000000000001000, 0.1019999999999999900, 0.9000000000000000200 ) ) ;
#1936 = ORIENTED_EDGE ( 'NONE', *, *, #4697, .F. ) ;
#1937 = VECTOR ( 'NONE', #24, 1000.000000000000000 ) ;
#1938 = DIRECTION ( 'NONE',  ( -0.0000000000000000000, 1.000000000000000000, -0.0000000000000000000 ) ) ;
#1939 = CARTESIAN_POINT ( 'NONE',  ( -0.4999999999999997800, 0.1019999999999999900, 0.6999999999999998400 ) ) ;
#1940 = CARTESIAN_POINT ( 'NONE',  ( 0.4999999999999872300, 0.1019999999999999900, -0.5000000000000002200 ) ) ;
#1941 = LINE ( 'NONE', #837, #846 ) ;
#1942 = VECTOR ( 'NONE', #3399, 1000.000000000000000 ) ;
#1943 = VECTOR ( 'NONE', #3714, 1000.000000000000000 ) ;
#1944 = LINE ( 'NONE', #589, #1102 ) ;
#1945 = EDGE_CURVE ( 'NONE', #852, #4906, #3181, .T. ) ;
#1946 = CARTESIAN_POINT ( 'NONE',  ( 0.8999999999999913600, 0.1019999999999999900, -0.09999999999999993600 ) ) ;
#1947 = DIRECTION ( 'NONE',  ( 0.0000000000000000000, -1.000000000000000000, 0.0000000000000000000 ) ) ;
#1948 = FACE_OUTER_BOUND ( 'NONE', #499, .T. ) ;
#1949 = DIRECTION ( 'NONE',  ( 0.0000000000000000000, -0.0000000000000000000, -1.000000000000000000 ) ) ;
#1950 = ORIENTED_EDGE ( 'NONE', *, *, #4865, .F. ) ;
#1951 = FACE_OUTER_BOUND ( 'NONE', #1867, .T. ) ;
#1952 = ORIENTED_EDGE ( 'NONE', *, *, #4701, .T. ) ;
#1953 = DIRECTION ( 'NONE',  ( -1.000000000000000000, -0.0000000000000000000, -5.421010862427523200E-016 ) ) ;
#1954 = STYLED_ITEM ( 'NONE', ( #3991 ), #631 ) ;
#1955 = EDGE_CURVE ( 'NONE', #3147, #1544, #1965, .T. ) ;
#1956 = ADVANCED_FACE ( 'NONE', ( #1238 ), #4481, .F. ) ;
#1957 = LINE ( 'NONE', #362, #1233 ) ;
#1958 = ORIENTED_EDGE ( 'NONE', *, *, #2943, .T. ) ;
#1959 = CARTESIAN_POINT ( 'NONE',  ( 0.09999999999999988100, -0.05000000000000012800, -1.300000000000000000 ) ) ;
#1960 = CARTESIAN_POINT ( 'NONE',  ( -0.8999999999999955800, 0.0000000000000000000, 0.3000000000000001000 ) ) ;
#1961 = CARTESIAN_POINT ( 'NONE',  ( -0.4999999999999955600, 0.1019999999999999900, 0.2999999999999998800 ) ) ;
#1962 = COLOUR_RGB ( '',1.000000000000000000, 1.000000000000000000, 1.000000000000000000 ) ;
#1963 = ADVANCED_FACE ( 'NONE', ( #3932 ), #2155, .F. ) ;
#1964 = AXIS2_PLACEMENT_3D ( 'NONE', #3321, #4917, #4108 ) ;
#1965 = LINE ( 'NONE', #2393, #3676 ) ;
#1966 = DIRECTION ( 'NONE',  ( -1.000000000000000000, 0.0000000000000000000, 0.0000000000000000000 ) ) ;
#1967 = CARTESIAN_POINT ( 'NONE',  ( 0.8999999999999998000, 0.1019999999999999900, 0.4999999999999998900 ) ) ;
#1968 = ORIENTED_EDGE ( 'NONE', *, *, #781, .T. ) ;
#1969 = CARTESIAN_POINT ( 'NONE',  ( 0.4999999999999955600, 0.0000000000000000000, 0.2999999999999998800 ) ) ;
#1970 = MECHANICAL_DESIGN_GEOMETRIC_PRESENTATION_REPRESENTATION (  '', ( #3635 ), #4429 ) ;
#1971 = EDGE_CURVE ( 'NONE', #4317, #3119, #4302, .T. ) ;
#1972 = FILL_AREA_STYLE_COLOUR ( '', #2380 ) ;
#1973 = EDGE_CURVE ( 'NONE', #4504, #1868, #4975, .T. ) ;
#1974 = LINE ( 'NONE', #3247, #256 ) ;
#1975 = VERTEX_POINT ( 'NONE', #2174 ) ;
#1976 = VECTOR ( 'NONE', #3013, 1000.000000000000000 ) ;
#1977 = DIRECTION ( 'NONE',  ( -0.0000000000000000000, 1.000000000000000000, -0.0000000000000000000 ) ) ;
#1978 = ORIENTED_EDGE ( 'NONE', *, *, #3021, .F. ) ;
#1979 = CARTESIAN_POINT ( 'NONE',  ( 0.5000000000000000000, 0.1019999999999999900, 0.9000000000000000200 ) ) ;
#1980 = FACE_OUTER_BOUND ( 'NONE', #427, .T. ) ;
#1981 = VECTOR ( 'NONE', #342, 1000.000000000000000 ) ;
#1982 =( NAMED_UNIT ( * ) PLANE_ANGLE_UNIT ( ) SI_UNIT ( $, .RADIAN. ) );
#1983 = PLANE ( 'NONE',  #307 ) ;
#1984 = AXIS2_PLACEMENT_3D ( 'NONE', #2196, #3770, #1393 ) ;
#1985 = ORIENTED_EDGE ( 'NONE', *, *, #2469, .T. ) ;
#1986 = LINE ( 'NONE', #241, #1376 ) ;
#1987 = EDGE_CURVE ( 'NONE', #1743, #3492, #1700, .T. ) ;
#1988 = VERTEX_POINT ( 'NONE', #3204 ) ;
#1989 = ORIENTED_EDGE ( 'NONE', *, *, #2931, .F. ) ;
#1990 = CARTESIAN_POINT ( 'NONE',  ( -0.4999999999999996700, 0.1019999999999999900, -0.9000000000000001300 ) ) ;
#1991 = EDGE_LOOP ( 'NONE', ( #1252, #1968, #2741, #3336 ) ) ;
#1992 = ORIENTED_EDGE ( 'NONE', *, *, #4813, .T. ) ;
#1993 = PRESENTATION_LAYER_ASSIGNMENT (  '', '', ( #147 ) ) ;
#1994 = LINE ( 'NONE', #3411, #953 ) ;
#1995 = DIRECTION ( 'NONE',  ( -5.421010862427523200E-016, 0.0000000000000000000, 1.000000000000000000 ) ) ;
#1996 = LINE ( 'NONE', #526, #2973 ) ;
#1997 = ORIENTED_EDGE ( 'NONE', *, *, #3079, .T. ) ;
#1998 = EDGE_CURVE ( 'NONE', #3709, #3437, #2216, .T. ) ;
#1999 = CARTESIAN_POINT ( 'NONE',  ( -0.3000000000000001000, -0.05000000000000012800, 0.9000000000000000200 ) ) ;
#2000 = DIRECTION ( 'NONE',  ( -0.0000000000000000000, 1.000000000000000000, -0.0000000000000000000 ) ) ;
#2001 = VERTEX_POINT ( 'NONE', #2838 ) ;
#2002 = LINE ( 'NONE', #2786, #3353 ) ;
#2003 = LINE ( 'NONE', #2349, #2686 ) ;
#2004 = ORIENTED_EDGE ( 'NONE', *, *, #2654, .F. ) ;
#2005 = EDGE_LOOP ( 'NONE', ( #1460, #5065, #317, #463 ) ) ;
#2006 = VECTOR ( 'NONE', #1232, 1000.000000000000000 ) ;
#2007 = VECTOR ( 'NONE', #667, 1000.000000000000000 ) ;
#2008 = LINE ( 'NONE', #399, #4156 ) ;
#2009 = CARTESIAN_POINT ( 'NONE',  ( -0.1000000000000001000, -0.05000000000000012800, 0.9000000000000001300 ) ) ;
#2010 = VERTEX_POINT ( 'NONE', #920 ) ;
#2011 = VERTEX_POINT ( 'NONE', #2036 ) ;
#2012 = EDGE_LOOP ( 'NONE', ( #1793, #1989, #2963, #507 ) ) ;
#2013 = APPLICATION_PROTOCOL_DEFINITION ( 'draft international standard', 'automotive_design', 1998, #4397 ) ;
#2014 = ORIENTED_EDGE ( 'NONE', *, *, #552, .T. ) ;
#2015 = CARTESIAN_POINT ( 'NONE',  ( 0.8999999999999913600, 0.1019999999999999900, -0.09999999999999993600 ) ) ;
#2016 = ORIENTED_EDGE ( 'NONE', *, *, #2764, .F. ) ;
#2017 = VECTOR ( 'NONE', #4745, 1000.000000000000000 ) ;
#2018 = CARTESIAN_POINT ( 'NONE',  ( 0.4999999999999995600, -0.05000000000000012800, -1.300000000000000000 ) ) ;
#2019 = VECTOR ( 'NONE', #3185, 1000.000000000000000 ) ;
#2020 = CARTESIAN_POINT ( 'NONE',  ( -0.5000000000000001100, -1.138516480713438700, 1.300000000000000000 ) ) ;
#2021 = CARTESIAN_POINT ( 'NONE',  ( -0.8999999999999871400, -0.0000000000000000000, -0.5000000000000000000 ) ) ;
#2022 = CARTESIAN_POINT ( 'NONE',  ( -0.4999999999999996700, 0.1019999999999999900, -0.9000000000000001300 ) ) ;
#2023 = FACE_OUTER_BOUND ( 'NONE', #467, .T. ) ;
#2024 = CARTESIAN_POINT ( 'NONE',  ( -0.1000000000000001000, 0.1019999999999999900, 0.9000000000000001300 ) ) ;
#2025 = VECTOR ( 'NONE', #2766, 1000.000000000000000 ) ;
#2026 = LINE ( 'NONE', #2698, #1976 ) ;
#2027 = CARTESIAN_POINT ( 'NONE',  ( 0.0000000000000000000, -0.05000000000000002400, 0.0000000000000000000 ) ) ;
#2028 = CARTESIAN_POINT ( 'NONE',  ( -0.7000000000000000700, 0.1019999999999999900, 0.9000000000000000200 ) ) ;
#2029 = CARTESIAN_POINT ( 'NONE',  ( -0.8999999999999871400, 0.1019999999999999900, -0.7000000000000001800 ) ) ;
#2030 = LINE ( 'NONE', #144, #4005 ) ;
#2031 = ORIENTED_EDGE ( 'NONE', *, *, #4697, .T. ) ;
#2032 = ORIENTED_EDGE ( 'NONE', *, *, #4366, .T. ) ;
#2033 = EDGE_CURVE ( 'NONE', #404, #705, #4473, .T. ) ;
#2034 = CARTESIAN_POINT ( 'NONE',  ( 0.4999999999999872300, -0.05000000000000012800, -0.7000000000000000700 ) ) ;
#2035 = ORIENTED_EDGE ( 'NONE', *, *, #387, .F. ) ;
#2036 = CARTESIAN_POINT ( 'NONE',  ( 0.4999999999999955600, 0.1019999999999999900, 0.2999999999999998800 ) ) ;
#2037 = EDGE_LOOP ( 'NONE', ( #3950, #845, #2472, #21 ) ) ;
#2038 = DIRECTION ( 'NONE',  ( 1.000000000000000000, 0.0000000000000000000, -5.421010862427527100E-016 ) ) ;
#2039 = ORIENTED_EDGE ( 'NONE', *, *, #4140, .T. ) ;
#2040 = EDGE_CURVE ( 'NONE', #4788, #1362, #1605, .T. ) ;
#2041 = ORIENTED_EDGE ( 'NONE', *, *, #2371, .T. ) ;
#2042 = ORIENTED_EDGE ( 'NONE', *, *, #1128, .T. ) ;
#2043 = ORIENTED_EDGE ( 'NONE', *, *, #2569, .T. ) ;
#2044 = CARTESIAN_POINT ( 'NONE',  ( -0.8999999999999871400, 0.1019999999999999900, -0.7000000000000001800 ) ) ;
#2045 = ORIENTED_EDGE ( 'NONE', *, *, #4666, .F. ) ;
#2046 = VECTOR ( 'NONE', #701, 1000.000000000000000 ) ;
#2047 = VECTOR ( 'NONE', #3884, 1000.000000000000000 ) ;
#2048 = CARTESIAN_POINT ( 'NONE',  ( 0.4999999999999914500, -0.05000000000000012800, -0.1000000000000001600 ) ) ;
#2049 = AXIS2_PLACEMENT_3D ( 'NONE', #2736, #392, #3129 ) ;
#2050 = EDGE_CURVE ( 'NONE', #918, #343, #2145, .T. ) ;
#2051 = DIRECTION ( 'NONE',  ( 0.0000000000000000000, 0.0000000000000000000, 1.000000000000000000 ) ) ;
#2052 = CARTESIAN_POINT ( 'NONE',  ( 0.09999999999999993600, 0.1019999999999999900, 1.300000000000000000 ) ) ;
#2053 = EDGE_CURVE ( 'NONE', #1544, #3173, #563, .T. ) ;
#2054 = LINE ( 'NONE', #2611, #1034 ) ;
#2055 = LINE ( 'NONE', #1668, #1217 ) ;
#2056 = ORIENTED_EDGE ( 'NONE', *, *, #4501, .F. ) ;
#2057 = CARTESIAN_POINT ( 'NONE',  ( -0.8999999999999955800, 0.1019999999999999900, 0.09999999999999988100 ) ) ;
#2058 = LINE ( 'NONE', #3880, #4028 ) ;
#2059 = DIRECTION ( 'NONE',  ( -0.0000000000000000000, -1.000000000000000000, -0.0000000000000000000 ) ) ;
#2060 = ORIENTED_EDGE ( 'NONE', *, *, #3812, .F. ) ;
#2061 = VECTOR ( 'NONE', #3902, 1000.000000000000000 ) ;
#2062 = ORIENTED_EDGE ( 'NONE', *, *, #1383, .T. ) ;
#2063 = ORIENTED_EDGE ( 'NONE', *, *, #3139, .F. ) ;
#2064 = LINE ( 'NONE', #1961, #2441 ) ;
#2065 = DIRECTION ( 'NONE',  ( 0.0000000000000000000, 0.0000000000000000000, -1.000000000000000000 ) ) ;
#2066 = LINE ( 'NONE', #2397, #4793 ) ;
#2067 = ORIENTED_EDGE ( 'NONE', *, *, #4274, .F. ) ;
#2068 = DIRECTION ( 'NONE',  ( -0.0000000000000000000, 1.000000000000000000, -0.0000000000000000000 ) ) ;
#2069 = PLANE ( 'NONE',  #2740 ) ;
#2070 = EDGE_CURVE ( 'NONE', #1642, #1082, #2868, .T. ) ;
#2071 = CARTESIAN_POINT ( 'NONE',  ( 0.4999999999999914500, 0.1019999999999999900, -0.1000000000000001600 ) ) ;
#2072 = CARTESIAN_POINT ( 'NONE',  ( -0.3000000000000001000, -1.138516480713438700, 1.300000000000000000 ) ) ;
#2073 = DIRECTION ( 'NONE',  ( -1.000000000000000000, 0.0000000000000000000, -5.421010862427523200E-016 ) ) ;
#2074 = EDGE_CURVE ( 'NONE', #3147, #3332, #2645, .T. ) ;
#2075 = DIRECTION ( 'NONE',  ( -1.000000000000000000, 0.0000000000000000000, 0.0000000000000000000 ) ) ;
#2076 = EDGE_LOOP ( 'NONE', ( #2828, #87, #3206, #2765 ) ) ;
#2077 = FILL_AREA_STYLE_COLOUR ( '', #814 ) ;
#2078 = LINE ( 'NONE', #2579, #3513 ) ;
#2079 = CARTESIAN_POINT ( 'NONE',  ( 0.8999999999999955800, -0.05000000000000012800, 0.3000000000000001000 ) ) ;
#2080 = VERTEX_POINT ( 'NONE', #856 ) ;
#2081 = CARTESIAN_POINT ( 'NONE',  ( -0.8999999999999998000, 0.0000000000000000000, 0.7000000000000000700 ) ) ;
#2082 = EDGE_CURVE ( 'NONE', #1315, #4325, #4621, .T. ) ;
#2083 = CARTESIAN_POINT ( 'NONE',  ( 0.09999999999999988100, -0.05000000000000012800, -0.9000000000000000200 ) ) ;
#2084 = ORIENTED_EDGE ( 'NONE', *, *, #2335, .F. ) ;
#2085 = ORIENTED_EDGE ( 'NONE', *, *, #4995, .T. ) ;
#2086 = VECTOR ( 'NONE', #3573, 1000.000000000000000 ) ;
#2087 = DIRECTION ( 'NONE',  ( -0.0000000000000000000, -0.0000000000000000000, 1.000000000000000000 ) ) ;
#2088 = CARTESIAN_POINT ( 'NONE',  ( -0.7000000000000000700, 0.1019999999999999900, 1.300000000000000000 ) ) ;
#2089 = VERTEX_POINT ( 'NONE', #3608 ) ;
#2090 = ADVANCED_FACE ( 'NONE', ( #3563 ), #4850, .F. ) ;
#2091 = DIRECTION ( 'NONE',  ( -1.000000000000000000, -0.0000000000000000000, -5.421010862427523200E-016 ) ) ;
#2092 = ORIENTED_EDGE ( 'NONE', *, *, #894, .F. ) ;
#2093 = CARTESIAN_POINT ( 'NONE',  ( 0.2999999999999997100, 0.1019999999999999900, -1.300000000000000000 ) ) ;
#2094 = CARTESIAN_POINT ( 'NONE',  ( 0.4999999999999955600, 0.1019999999999999900, 0.2999999999999998800 ) ) ;
#2095 =( NAMED_UNIT ( * ) PLANE_ANGLE_UNIT ( ) SI_UNIT ( $, .RADIAN. ) );
#2096 = LINE ( 'NONE', #3961, #3632 ) ;
#2097 = ORIENTED_EDGE ( 'NONE', *, *, #1686, .T. ) ;
#2098 = ORIENTED_EDGE ( 'NONE', *, *, #4939, .F. ) ;
#2099 = EDGE_LOOP ( 'NONE', ( #2896, #1649, #207, #193 ) ) ;
#2100 = AXIS2_PLACEMENT_3D ( 'NONE', #2498, #163, #536 ) ;
#2101 = ORIENTED_EDGE ( 'NONE', *, *, #4596, .F. ) ;
#2102 = DIRECTION ( 'NONE',  ( 1.000000000000000000, -0.0000000000000000000, 2.710505431213761600E-016 ) ) ;
#2103 = EDGE_CURVE ( 'NONE', #3761, #722, #4360, .T. ) ;
#2104 = PLANE ( 'NONE',  #2834 ) ;
#2105 = LINE ( 'NONE', #655, #1088 ) ;
#2106 = ORIENTED_EDGE ( 'NONE', *, *, #3973, .F. ) ;
#2107 = DIRECTION ( 'NONE',  ( -0.0000000000000000000, -1.000000000000000000, -0.0000000000000000000 ) ) ;
#2108 = EDGE_CURVE ( 'NONE', #191, #1095, #2281, .T. ) ;
#2109 = DIRECTION ( 'NONE',  ( -5.421010862427523200E-016, 0.0000000000000000000, 1.000000000000000000 ) ) ;
#2110 = ORIENTED_EDGE ( 'NONE', *, *, #1901, .F. ) ;
#2111 = CARTESIAN_POINT ( 'NONE',  ( -0.5000000000000001100, 0.0000000000000000000, 0.9000000000000001300 ) ) ;
#2112 = VERTEX_POINT ( 'NONE', #4396 ) ;
#2113 = DIRECTION ( 'NONE',  ( 5.421010862427527100E-016, -0.0000000000000000000, 1.000000000000000000 ) ) ;
#2114 = SURFACE_STYLE_USAGE ( .BOTH. , #2144 ) ;
#2115 = ADVANCED_FACE ( 'NONE', ( #3803 ), #4418, .F. ) ;
#2116 = FACE_OUTER_BOUND ( 'NONE', #839, .T. ) ;
#2117 = CARTESIAN_POINT ( 'NONE',  ( 0.6999999999999999600, -1.138516480713438700, 0.9000000000000001300 ) ) ;
#2118 = LINE ( 'NONE', #2492, #1679 ) ;
#2119 = PLANE ( 'NONE',  #1075 ) ;
#2120 = ORIENTED_EDGE ( 'NONE', *, *, #4963, .T. ) ;
#2121 = DIRECTION ( 'NONE',  ( -1.000000000000000000, 0.0000000000000000000, -5.421010862427523200E-016 ) ) ;
#2122 = ORIENTED_EDGE ( 'NONE', *, *, #952, .F. ) ;
#2123 = VECTOR ( 'NONE', #457, 1000.000000000000000 ) ;
#2124 = LINE ( 'NONE', #1127, #4958 ) ;
#2125 = DIRECTION ( 'NONE',  ( -1.000000000000000000, 0.0000000000000000000, 5.421010862427523200E-016 ) ) ;
#2126 = VECTOR ( 'NONE', #3832, 1000.000000000000000 ) ;
#2127 = DIRECTION ( 'NONE',  ( -1.000000000000000000, 0.0000000000000000000, -5.421010862427523200E-016 ) ) ;
#2128 = ORIENTED_EDGE ( 'NONE', *, *, #2585, .T. ) ;
#2129 = EDGE_CURVE ( 'NONE', #4722, #1095, #4747, .T. ) ;
#2130 = CARTESIAN_POINT ( 'NONE',  ( 0.5000000000000000000, 0.0000000000000000000, 1.299999999999999600 ) ) ;
#2131 = EDGE_CURVE ( 'NONE', #4824, #4008, #1542, .T. ) ;
#2132 = VECTOR ( 'NONE', #605, 1000.000000000000000 ) ;
#2133 = SURFACE_STYLE_FILL_AREA ( #1859 ) ;
#2134 = CARTESIAN_POINT ( 'NONE',  ( -0.1000000000000000500, 0.1019999999999999900, -0.9000000000000001300 ) ) ;
#2135 = VERTEX_POINT ( 'NONE', #213 ) ;
#2136 = ADVANCED_FACE ( 'NONE', ( #379 ), #4102, .F. ) ;
#2137 = CARTESIAN_POINT ( 'NONE',  ( -0.8999999999999871400, 0.1019999999999999900, -0.5000000000000000000 ) ) ;
#2138 = PLANE ( 'NONE',  #5006 ) ;
#2139 = CARTESIAN_POINT ( 'NONE',  ( -0.3000000000000001000, 0.1019999999999999900, 0.9000000000000000200 ) ) ;
#2140 = CARTESIAN_POINT ( 'NONE',  ( 0.0000000000000000000, 0.1019999999999999900, 0.0000000000000000000 ) ) ;
#2141 = CARTESIAN_POINT ( 'NONE',  ( -0.6842896944760923400, 0.4500000000000000100, -1.011263624377534100 ) ) ;
#2142 = LINE ( 'NONE', #1437, #2703 ) ;
#2143 = LINE ( 'NONE', #2169, #1412 ) ;
#2144 = SURFACE_SIDE_STYLE ('',( #1487 ) ) ;
#2145 = LINE ( 'NONE', #4032, #1832 ) ;
#2146 = ORIENTED_EDGE ( 'NONE', *, *, #2446, .F. ) ;
#2147 = CARTESIAN_POINT ( 'NONE',  ( -0.2999999999999998800, 0.1019999999999999900, -1.300000000000000000 ) ) ;
#2148 = EDGE_CURVE ( 'NONE', #2432, #2627, #4542, .T. ) ;
#2149 = DIRECTION ( 'NONE',  ( 0.0000000000000000000, 0.0000000000000000000, 1.000000000000000000 ) ) ;
#2150 = ADVANCED_FACE ( 'NONE', ( #3435 ), #603, .F. ) ;
#2151 = PRESENTATION_STYLE_ASSIGNMENT (( #958 ) ) ;
#2152 = CARTESIAN_POINT ( 'NONE',  ( 0.4999999999999872300, -1.138516480713438700, -0.7000000000000000700 ) ) ;
#2153 = DIRECTION ( 'NONE',  ( -1.000000000000000000, 0.0000000000000000000, -2.710505431213761600E-016 ) ) ;
#2154 = DIRECTION ( 'NONE',  ( 0.0000000000000000000, 0.0000000000000000000, -1.000000000000000000 ) ) ;
#2155 = PLANE ( 'NONE',  #1508 ) ;
#2156 = FACE_OUTER_BOUND ( 'NONE', #1576, .T. ) ;
#2157 = CARTESIAN_POINT ( 'NONE',  ( 0.2999999999999997100, 0.1019999999999999900, -0.9000000000000001300 ) ) ;
#2158 = DIRECTION ( 'NONE',  ( 0.0000000000000000000, 0.0000000000000000000, 1.000000000000000000 ) ) ;
#2159 = DIRECTION ( 'NONE',  ( 0.0000000000000000000, -0.0000000000000000000, -1.000000000000000000 ) ) ;
#2160 = ORIENTED_EDGE ( 'NONE', *, *, #2347, .F. ) ;
#2161 = VECTOR ( 'NONE', #983, 1000.000000000000000 ) ;
#2162 = CARTESIAN_POINT ( 'NONE',  ( 0.9000000000000000200, 0.5000000000000000000, 1.299999999999999600 ) ) ;
#2163 = ADVANCED_FACE ( 'NONE', ( #4971 ), #3729, .F. ) ;
#2164 = AXIS2_PLACEMENT_3D ( 'NONE', #4150, #641, #4619 ) ;
#2165 = EDGE_CURVE ( 'NONE', #3819, #276, #3300, .T. ) ;
#2166 = VECTOR ( 'NONE', #4129, 1000.000000000000000 ) ;
#2167 = EDGE_LOOP ( 'NONE', ( #4587, #4438, #2359, #2128 ) ) ;
#2168 = EDGE_LOOP ( 'NONE', ( #2420, #906, #4331, #231 ) ) ;
#2169 = CARTESIAN_POINT ( 'NONE',  ( -0.4999999999999872300, -0.05000000000000012800, -0.7000000000000000700 ) ) ;
#2170 = DIRECTION ( 'NONE',  ( -0.0000000000000000000, 1.000000000000000000, -0.0000000000000000000 ) ) ;
#2171 = ORIENTED_EDGE ( 'NONE', *, *, #1336, .F. ) ;
#2172 = ORIENTED_EDGE ( 'NONE', *, *, #1626, .F. ) ;
#2173 = PLANE ( 'NONE',  #3450 ) ;
#2174 = CARTESIAN_POINT ( 'NONE',  ( -0.4999999999999996700, 0.1019999999999999900, -0.9000000000000001300 ) ) ;
#2175 = ORIENTED_EDGE ( 'NONE', *, *, #1577, .T. ) ;
#2176 = DIRECTION ( 'NONE',  ( 0.0000000000000000000, -1.000000000000000000, 0.0000000000000000000 ) ) ;
#2177 = EDGE_LOOP ( 'NONE', ( #3153, #23, #158, #2801 ) ) ;
#2178 = ADVANCED_FACE ( 'NONE', ( #4611 ), #626, .F. ) ;
#2179 = AXIS2_PLACEMENT_3D ( 'NONE', #4780, #2411, #2817 ) ;
#2180 = CARTESIAN_POINT ( 'NONE',  ( -0.1000000000000000500, 0.1019999999999999900, -1.300000000000000000 ) ) ;
#2181 = VERTEX_POINT ( 'NONE', #4214 ) ;
#2182 = EDGE_CURVE ( 'NONE', #776, #1889, #2761, .T. ) ;
#2183 = PLANE ( 'NONE',  #1895 ) ;
#2184 = ORIENTED_EDGE ( 'NONE', *, *, #3684, .T. ) ;
#2185 = DIRECTION ( 'NONE',  ( 0.0000000000000000000, -1.000000000000000000, 0.0000000000000000000 ) ) ;
#2186 = CARTESIAN_POINT ( 'NONE',  ( -0.4999999999999996700, -1.138516480713438700, -0.9000000000000001300 ) ) ;
#2187 = ORIENTED_EDGE ( 'NONE', *, *, #717, .F. ) ;
#2188 = LINE ( 'NONE', #1295, #1158 ) ;
#2189 = VECTOR ( 'NONE', #1914, 1000.000000000000000 ) ;
#2190 = EDGE_CURVE ( 'NONE', #1601, #2879, #1694, .T. ) ;
#2191 = VERTEX_POINT ( 'NONE', #4597 ) ;
#2192 = ADVANCED_FACE ( 'NONE', ( #2385 ), #1421, .F. ) ;
#2193 = CARTESIAN_POINT ( 'NONE',  ( -0.4999999999999997800, -0.05000000000000012800, 0.5000000000000000000 ) ) ;
#2194 = LINE ( 'NONE', #582, #3656 ) ;
#2195 = ORIENTED_EDGE ( 'NONE', *, *, #422, .F. ) ;
#2196 = CARTESIAN_POINT ( 'NONE',  ( 0.0000000000000000000, -0.05000000000000002400, 0.0000000000000000000 ) ) ;
#2197 = EDGE_CURVE ( 'NONE', #3255, #2511, #1600, .T. ) ;
#2198 = DIRECTION ( 'NONE',  ( 1.000000000000000000, -0.0000000000000000000, 2.710505431213761600E-016 ) ) ;
#2199 = FACE_OUTER_BOUND ( 'NONE', #3982, .T. ) ;
#2200 = DIRECTION ( 'NONE',  ( -1.000000000000000000, 0.0000000000000000000, -5.421010862427523200E-016 ) ) ;
#2201 = ORIENTED_EDGE ( 'NONE', *, *, #3022, .F. ) ;
#2202 = VECTOR ( 'NONE', #5022, 1000.000000000000000 ) ;
#2203 = ORIENTED_EDGE ( 'NONE', *, *, #503, .F. ) ;
#2204 = COLOUR_RGB ( '',1.000000000000000000, 1.000000000000000000, 1.000000000000000000 ) ;
#2205 = FACE_OUTER_BOUND ( 'NONE', #1784, .T. ) ;
#2206 = FILL_AREA_STYLE_COLOUR ( '', #2204 ) ;
#2207 = ADVANCED_FACE ( 'NONE', ( #315 ), #2655, .F. ) ;
#2208 = PLANE ( 'NONE',  #3500 ) ;
#2209 = DIRECTION ( 'NONE',  ( 0.0000000000000000000, 0.0000000000000000000, -1.000000000000000000 ) ) ;
#2210 = CARTESIAN_POINT ( 'NONE',  ( 0.9000000000000000200, 0.0000000000000000000, 1.299999999999999600 ) ) ;
#2211 =( GEOMETRIC_REPRESENTATION_CONTEXT ( 3 ) GLOBAL_UNCERTAINTY_ASSIGNED_CONTEXT ( ( #2424 ) ) GLOBAL_UNIT_ASSIGNED_CONTEXT ( ( #3715, #4510, #1358 ) ) REPRESENTATION_CONTEXT ( 'NONE', 'WORKASPACE' ) );
#2212 = DIRECTION ( 'NONE',  ( 1.000000000000000000, -0.0000000000000000000, 2.710505431213761600E-016 ) ) ;
#2213 = EDGE_CURVE ( 'NONE', #2425, #2724, #1762, .T. ) ;
#2214 = DIRECTION ( 'NONE',  ( -0.0000000000000000000, -1.000000000000000000, -0.0000000000000000000 ) ) ;
#2215 = CARTESIAN_POINT ( 'NONE',  ( 0.4999999999999997800, -1.138516480713438700, 0.6999999999999998400 ) ) ;
#2216 = LINE ( 'NONE', #482, #3134 ) ;
#2217 = CARTESIAN_POINT ( 'NONE',  ( -0.3999999999999996900, 0.1019999999999999900, -0.6000000000000002000 ) ) ;
#2218 = MANIFOLD_SOLID_BREP ( 'Boss-Extrude2[10]', #1320 ) ;
#2219 = VERTEX_POINT ( 'NONE', #3403 ) ;
#2220 = CARTESIAN_POINT ( 'NONE',  ( 0.4999999999999955600, 0.1019999999999999900, 0.2999999999999998800 ) ) ;
#2221 = ADVANCED_FACE ( 'NONE', ( #2864 ), #1435, .F. ) ;
#2222 = PLANE ( 'NONE',  #580 ) ;
#2223 = DIRECTION ( 'NONE',  ( 0.0000000000000000000, -1.000000000000000000, 0.0000000000000000000 ) ) ;
#2224 = VECTOR ( 'NONE', #1977, 1000.000000000000000 ) ;
#2225 = DIRECTION ( 'NONE',  ( -0.0000000000000000000, 1.000000000000000000, -0.0000000000000000000 ) ) ;
#2226 = EDGE_CURVE ( 'NONE', #1642, #1186, #2332, .T. ) ;
#2227 = ORIENTED_EDGE ( 'NONE', *, *, #925, .T. ) ;
#2228 = FACE_OUTER_BOUND ( 'NONE', #1442, .T. ) ;
#2229 = DIRECTION ( 'NONE',  ( -0.0000000000000000000, 1.000000000000000000, -0.0000000000000000000 ) ) ;
#2230 = ORIENTED_EDGE ( 'NONE', *, *, #3451, .T. ) ;
#2231 = ORIENTED_EDGE ( 'NONE', *, *, #3938, .F. ) ;
#2232 = SURFACE_STYLE_FILL_AREA ( #412 ) ;
#2233 = DIRECTION ( 'NONE',  ( -0.0000000000000000000, 1.000000000000000000, -0.0000000000000000000 ) ) ;
#2234 = EDGE_LOOP ( 'NONE', ( #2527, #2084, #2949, #2418 ) ) ;
#2235 = LINE ( 'NONE', #3473, #3392 ) ;
#2236 = ORIENTED_EDGE ( 'NONE', *, *, #2311, .F. ) ;
#2237 = ADVANCED_FACE ( 'NONE', ( #2707 ), #1027, .F. ) ;
#2238 = DIRECTION ( 'NONE',  ( 0.0000000000000000000, 0.0000000000000000000, -1.000000000000000000 ) ) ;
#2239 = DIRECTION ( 'NONE',  ( 0.0000000000000000000, 0.0000000000000000000, 1.000000000000000000 ) ) ;
#2240 = CIRCLE ( 'NONE', #868, 0.1104759766373918000 ) ;
#2241 = DIRECTION ( 'NONE',  ( 0.0000000000000000000, 0.0000000000000000000, -1.000000000000000000 ) ) ;
#2242 = EDGE_CURVE ( 'NONE', #3819, #4381, #1292, .T. ) ;
#2243 = EDGE_CURVE ( 'NONE', #786, #3855, #3562, .T. ) ;
#2244 = PLANE ( 'NONE',  #2 ) ;
#2245 = DIRECTION ( 'NONE',  ( 0.0000000000000000000, 0.0000000000000000000, 1.000000000000000000 ) ) ;
#2246 = ORIENTED_EDGE ( 'NONE', *, *, #1851, .F. ) ;
#2247 = SURFACE_STYLE_FILL_AREA ( #1398 ) ;
#2248 = ADVANCED_FACE ( 'NONE', ( #1479 ), #3541, .F. ) ;
#2249 = CARTESIAN_POINT ( 'NONE',  ( -0.3000000000000001000, 0.1019999999999999900, 1.300000000000000000 ) ) ;
#2250 = DIRECTION ( 'NONE',  ( 0.0000000000000000000, 0.0000000000000000000, 1.000000000000000000 ) ) ;
#2251 = DIRECTION ( 'NONE',  ( 0.0000000000000000000, -0.0000000000000000000, -1.000000000000000000 ) ) ;
#2252 = CARTESIAN_POINT ( 'NONE',  ( 0.2999999999999997100, 0.1019999999999999900, -0.9000000000000001300 ) ) ;
#2253 = ORIENTED_EDGE ( 'NONE', *, *, #4751, .T. ) ;
#2254 = DIRECTION ( 'NONE',  ( 0.0000000000000000000, 0.0000000000000000000, 1.000000000000000000 ) ) ;
#2255 = PLANE ( 'NONE',  #4424 ) ;
#2256 = CARTESIAN_POINT ( 'NONE',  ( 0.4999999999999914500, 0.1019999999999999900, -0.1000000000000001600 ) ) ;
#2257 = CARTESIAN_POINT ( 'NONE',  ( 0.6999999999999995100, 0.1019999999999999900, -1.300000000000000000 ) ) ;
#2258 = LINE ( 'NONE', #939, #1588 ) ;
#2259 = CARTESIAN_POINT ( 'NONE',  ( 0.0000000000000000000, 0.1019999999999999900, 0.0000000000000000000 ) ) ;
#2260 = ORIENTED_EDGE ( 'NONE', *, *, #1356, .T. ) ;
#2261 = LINE ( 'NONE', #1967, #4224 ) ;
#2262 = PRESENTATION_LAYER_ASSIGNMENT (  '', '', ( #4637 ) ) ;
#2263 = PRODUCT_DEFINITION_SHAPE ( 'NONE', 'NONE',  #2566 ) ;
#2264 = LINE ( 'NONE', #4250, #4960 ) ;
#2265 = VERTEX_POINT ( 'NONE', #2015 ) ;
#2266 =( LENGTH_UNIT ( ) NAMED_UNIT ( * ) SI_UNIT ( .MILLI., .METRE. ) );
#2267 = DIRECTION ( 'NONE',  ( -0.0000000000000000000, -0.0000000000000000000, 1.000000000000000000 ) ) ;
#2268 = LINE ( 'NONE', #3350, #744 ) ;
#2269 = ORIENTED_EDGE ( 'NONE', *, *, #1468, .F. ) ;
#2270 = CARTESIAN_POINT ( 'NONE',  ( 0.4999999999999997800, 0.0000000000000000000, 0.5000000000000000000 ) ) ;
#2271 = LINE ( 'NONE', #3805, #173 ) ;
#2272 = CARTESIAN_POINT ( 'NONE',  ( 0.8999999999999871400, 0.1019999999999999900, -0.5000000000000000000 ) ) ;
#2273 = ORIENTED_EDGE ( 'NONE', *, *, #2912, .T. ) ;
#2274 = EDGE_CURVE ( 'NONE', #3934, #2553, #1418, .T. ) ;
#2275 = DIRECTION ( 'NONE',  ( -0.0000000000000000000, 0.0000000000000000000, 1.000000000000000000 ) ) ;
#2276 = VECTOR ( 'NONE', #2059, 1000.000000000000000 ) ;
#2277 = CARTESIAN_POINT ( 'NONE',  ( 0.0000000000000000000, 0.1019999999999999900, 0.0000000000000000000 ) ) ;
#2278 = EDGE_LOOP ( 'NONE', ( #1056, #658, #1338, #4354, #1005, #3976, #575, #3248, #2512, #4600, #1349, #2304, #3057, #4320, #3419, #3789, #927, #2405, #3904, #769, #3640, #2700, #2674, #844, #2652, #4037, #2201, #1384, #889, #711, #2146, #1064, #2594, #3645, #4326, #1854, #1892, #1406, #1094, #3521, #1612, #4068, #787, #3198, #3745, #974, #3941, #971, #2918, #1828, #4765, #1780, #4284, #3466, #549, #3092, #2691, #2848, #2976, #613, #3771, #2067, #126, #4930, #2310, #1242, #2016, #219, #1659 ) ) ;
#2279 = PLANE ( 'NONE',  #3612 ) ;
#2280 = DIRECTION ( 'NONE',  ( 1.000000000000000000, 0.0000000000000000000, 2.710505431213761600E-016 ) ) ;
#2281 = LINE ( 'NONE', #2855, #1123 ) ;
#2282 = ORIENTED_EDGE ( 'NONE', *, *, #2165, .F. ) ;
#2283 = CARTESIAN_POINT ( 'NONE',  ( -0.4999999999999996700, -0.05000000000000012800, -0.9000000000000001300 ) ) ;
#2284 = VERTEX_POINT ( 'NONE', #4419 ) ;
#2285 = CARTESIAN_POINT ( 'NONE',  ( -0.8999999999999955800, 0.1019999999999999900, 0.3000000000000001000 ) ) ;
#2286 = EDGE_CURVE ( 'NONE', #4925, #5067, #1825, .T. ) ;
#2287 = CARTESIAN_POINT ( 'NONE',  ( 0.2999999999999999300, 0.1019999999999999900, 0.9000000000000001300 ) ) ;
#2288 = VECTOR ( 'NONE', #4698, 1000.000000000000000 ) ;
#2289 = DIRECTION ( 'NONE',  ( 0.0000000000000000000, 0.0000000000000000000, -1.000000000000000000 ) ) ;
#2290 = PLANE ( 'NONE',  #195 ) ;
#2291 = EDGE_CURVE ( 'NONE', #354, #489, #1058, .T. ) ;
#2292 = CARTESIAN_POINT ( 'NONE',  ( 0.09999999999999993600, 0.1019999999999999900, 0.9000000000000000200 ) ) ;
#2293 = VECTOR ( 'NONE', #4938, 1000.000000000000000 ) ;
#2294 = EDGE_LOOP ( 'NONE', ( #3990, #1857, #2063, #4743 ) ) ;
#2295 = EDGE_LOOP ( 'NONE', ( #3628, #3448, #3575, #2531 ) ) ;
#2296 = LINE ( 'NONE', #221, #2166 ) ;
#2297 = ORIENTED_EDGE ( 'NONE', *, *, #3590, .T. ) ;
#2298 = ORIENTED_EDGE ( 'NONE', *, *, #244, .F. ) ;
#2299 = CARTESIAN_POINT ( 'NONE',  ( 0.9000000000000000200, 0.5000000000000000000, -1.300000000000000300 ) ) ;
#2300 = DIRECTION ( 'NONE',  ( -1.000000000000000000, 0.0000000000000000000, 0.0000000000000000000 ) ) ;
#2301 = ORIENTED_EDGE ( 'NONE', *, *, #229, .F. ) ;
#2302 = CARTESIAN_POINT ( 'NONE',  ( -0.1000000000000000500, 0.1019999999999999900, -0.9000000000000001300 ) ) ;
#2303 = MECHANICAL_DESIGN_GEOMETRIC_PRESENTATION_REPRESENTATION (  '', ( #2453 ), #2551 ) ;
#2304 = ORIENTED_EDGE ( 'NONE', *, *, #157, .F. ) ;
#2305 = LINE ( 'NONE', #3076, #2046 ) ;
#2306 = ORIENTED_EDGE ( 'NONE', *, *, #3773, .T. ) ;
#2307 = DIRECTION ( 'NONE',  ( -1.000000000000000000, 0.0000000000000000000, 2.409338161078899200E-016 ) ) ;
#2308 = VECTOR ( 'NONE', #4512, 1000.000000000000000 ) ;
#2309 = ORIENTED_EDGE ( 'NONE', *, *, #3565, .T. ) ;
#2310 = ORIENTED_EDGE ( 'NONE', *, *, #197, .F. ) ;
#2311 = EDGE_CURVE ( 'NONE', #1120, #3855, #246, .T. ) ;
#2312 =( NAMED_UNIT ( * ) PLANE_ANGLE_UNIT ( ) SI_UNIT ( $, .RADIAN. ) );
#2313 = CARTESIAN_POINT ( 'NONE',  ( 0.4999999999999995600, 0.1019999999999999900, -0.9000000000000000200 ) ) ;
#2314 = VECTOR ( 'NONE', #2942, 1000.000000000000000 ) ;
#2315 = COLOUR_RGB ( '',0.2509803921568627400, 0.2509803921568627400, 0.2509803921568627400 ) ;
#2316 = AXIS2_PLACEMENT_3D ( 'NONE', #2372, #3984, #1598 ) ;
#2317 = VECTOR ( 'NONE', #660, 1000.000000000000000 ) ;
#2318 = EDGE_CURVE ( 'NONE', #2445, #5078, #632, .T. ) ;
#2319 = VERTEX_POINT ( 'NONE', #4398 ) ;
#2320 = ORIENTED_EDGE ( 'NONE', *, *, #529, .T. ) ;
#2321 = FACE_OUTER_BOUND ( 'NONE', #3536, .T. ) ;
#2322 = ORIENTED_EDGE ( 'NONE', *, *, #3100, .T. ) ;
#2323 = LINE ( 'NONE', #3444, #2557 ) ;
#2324 = CARTESIAN_POINT ( 'NONE',  ( -0.4999999999999996700, -0.0000000000000000000, -0.9000000000000001300 ) ) ;
#2325 = ORIENTED_EDGE ( 'NONE', *, *, #2033, .T. ) ;
#2326 = AXIS2_PLACEMENT_3D ( 'NONE', #3042, #4235, #3542 ) ;
#2327 = VECTOR ( 'NONE', #140, 1000.000000000000000 ) ;
#2328 = CARTESIAN_POINT ( 'NONE',  ( -0.4999999999999914500, -0.05000000000000012800, -0.1000000000000001600 ) ) ;
#2329 = DIRECTION ( 'NONE',  ( 1.000000000000000000, 0.0000000000000000000, -2.710505431213761600E-016 ) ) ;
#2330 = CARTESIAN_POINT ( 'NONE',  ( -0.3000000000000001000, 0.1019999999999999900, 0.9000000000000000200 ) ) ;
#2331 = AXIS2_PLACEMENT_3D ( 'NONE', #4777, #60, #505 ) ;
#2332 = LINE ( 'NONE', #4230, #501 ) ;
#2333 = EDGE_CURVE ( 'NONE', #2447, #1213, #3502, .T. ) ;
#2334 = CARTESIAN_POINT ( 'NONE',  ( 0.0000000000000000000, 0.0000000000000000000, 0.0000000000000000000 ) ) ;
#2335 = EDGE_CURVE ( 'NONE', #367, #585, #3001, .T. ) ;
#2336 = DIRECTION ( 'NONE',  ( -0.0000000000000000000, -1.000000000000000000, -0.0000000000000000000 ) ) ;
#2337 = LINE ( 'NONE', #1146, #4912 ) ;
#2338 = CARTESIAN_POINT ( 'NONE',  ( -0.5000000000000001100, 0.0000000000000000000, 1.300000000000000000 ) ) ;
#2339 = CARTESIAN_POINT ( 'NONE',  ( 0.4999999999999997800, 0.1019999999999999900, 0.5000000000000000000 ) ) ;
#2340 = FACE_OUTER_BOUND ( 'NONE', #3701, .T. ) ;
#2341 = EDGE_LOOP ( 'NONE', ( #3875, #4373, #538, #4383 ) ) ;
#2342 = VECTOR ( 'NONE', #1647, 1000.000000000000000 ) ;
#2343 = CARTESIAN_POINT ( 'NONE',  ( -0.1000000000000001000, 0.1019999999999999900, 0.9000000000000001300 ) ) ;
#2344 = DIRECTION ( 'NONE',  ( 1.000000000000000000, -0.0000000000000000000, 2.710505431213761600E-016 ) ) ;
#2345 = DIRECTION ( 'NONE',  ( 0.0000000000000000000, 0.0000000000000000000, 1.000000000000000000 ) ) ;
#2346 = AXIS2_PLACEMENT_3D ( 'NONE', #3881, #440, #761 ) ;
#2347 = EDGE_CURVE ( 'NONE', #3173, #4729, #441, .T. ) ;
#2348 = VERTEX_POINT ( 'NONE', #3637 ) ;
#2349 = CARTESIAN_POINT ( 'NONE',  ( -0.7000000000000000700, -1.138516480713438700, 0.9000000000000000200 ) ) ;
#2350 =( NAMED_UNIT ( * ) SI_UNIT ( $, .STERADIAN. ) SOLID_ANGLE_UNIT ( ) );
#2351 = ORIENTED_EDGE ( 'NONE', *, *, #2523, .T. ) ;
#2352 = LINE ( 'NONE', #4823, #2885 ) ;
#2353 = ORIENTED_EDGE ( 'NONE', *, *, #3430, .T. ) ;
#2354 = CARTESIAN_POINT ( 'NONE',  ( 0.4999999999999997800, 0.0000000000000000000, 0.6999999999999998400 ) ) ;
#2355 = ORIENTED_EDGE ( 'NONE', *, *, #2869, .T. ) ;
#2356 = EDGE_CURVE ( 'NONE', #4906, #4033, #985, .T. ) ;
#2357 = DIRECTION ( 'NONE',  ( 0.0000000000000000000, 0.0000000000000000000, 1.000000000000000000 ) ) ;
#2358 = VECTOR ( 'NONE', #4979, 1000.000000000000000 ) ;
#2359 = ORIENTED_EDGE ( 'NONE', *, *, #662, .T. ) ;
#2360 = VERTEX_POINT ( 'NONE', #1354 ) ;
#2361 = EDGE_LOOP ( 'NONE', ( #4257, #1282, #2835, #2351 ) ) ;
#2362 = DIRECTION ( 'NONE',  ( 1.000000000000000000, -0.0000000000000000000, 0.0000000000000000000 ) ) ;
#2363 = EDGE_CURVE ( 'NONE', #4771, #3423, #2143, .T. ) ;
#2364 = PLANE ( 'NONE',  #789 ) ;
#2365 = SURFACE_STYLE_USAGE ( .BOTH. , #766 ) ;
#2366 = LINE ( 'NONE', #4410, #2733 ) ;
#2367 = STYLED_ITEM ( 'NONE', ( #2151 ), #4194 ) ;
#2368 = LINE ( 'NONE', #2413, #793 ) ;
#2369 = VECTOR ( 'NONE', #2482, 1000.000000000000000 ) ;
#2370 = ORIENTED_EDGE ( 'NONE', *, *, #2437, .F. ) ;
#2371 = EDGE_CURVE ( 'NONE', #1788, #4559, #3858, .T. ) ;
#2372 = CARTESIAN_POINT ( 'NONE',  ( 0.4999999999999955600, 0.1019999999999999900, 0.2999999999999998800 ) ) ;
#2373 = CARTESIAN_POINT ( 'NONE',  ( 0.0000000000000000000, -0.05000000000000002400, 0.0000000000000000000 ) ) ;
#2374 = LINE ( 'NONE', #4176, #1464 ) ;
#2375 = FACE_OUTER_BOUND ( 'NONE', #2294, .T. ) ;
#2376 = ORIENTED_EDGE ( 'NONE', *, *, #754, .T. ) ;
#2377 = CARTESIAN_POINT ( 'NONE',  ( 0.4999999999999997800, 0.0000000000000000000, 0.6999999999999998400 ) ) ;
#2378 = DIRECTION ( 'NONE',  ( -0.0000000000000000000, -1.000000000000000000, -0.0000000000000000000 ) ) ;
#2379 = ORIENTED_EDGE ( 'NONE', *, *, #1369, .T. ) ;
#2380 = COLOUR_RGB ( '',1.000000000000000000, 1.000000000000000000, 1.000000000000000000 ) ;
#2381 = EDGE_CURVE ( 'NONE', #2390, #404, #3800, .T. ) ;
#2382 = VECTOR ( 'NONE', #647, 1000.000000000000000 ) ;
#2383 = ORIENTED_EDGE ( 'NONE', *, *, #2861, .T. ) ;
#2384 = CARTESIAN_POINT ( 'NONE',  ( 0.4999999999999955600, 0.1019999999999999900, 0.09999999999999999200 ) ) ;
#2385 = FACE_OUTER_BOUND ( 'NONE', #4581, .T. ) ;
#2386 = EDGE_LOOP ( 'NONE', ( #3170, #131, #4790, #464, #449, #1672, #3203, #3664, #1050, #1022, #1608, #2972, #2755, #4754, #2101, #2732, #2688, #4719, #4981, #1265 ) ) ;
#2387 = AXIS2_PLACEMENT_3D ( 'NONE', #3455, #3510, #1168 ) ;
#2388 = FACE_OUTER_BOUND ( 'NONE', #4615, .T. ) ;
#2389 = DIRECTION ( 'NONE',  ( 5.421010862427523200E-016, 0.0000000000000000000, -1.000000000000000000 ) ) ;
#2390 = VERTEX_POINT ( 'NONE', #2871 ) ;
#2391 = EDGE_CURVE ( 'NONE', #1315, #3834, #3176, .T. ) ;
#2392 = ADVANCED_FACE ( 'NONE', ( #861 ), #693, .F. ) ;
#2393 = CARTESIAN_POINT ( 'NONE',  ( 0.4999999999999914500, -0.05000000000000012800, -0.3000000000000000400 ) ) ;
#2394 = EDGE_CURVE ( 'NONE', #4504, #1562, #3739, .T. ) ;
#2395 = VECTOR ( 'NONE', #928, 1000.000000000000000 ) ;
#2396 = ORIENTED_EDGE ( 'NONE', *, *, #2182, .T. ) ;
#2397 = CARTESIAN_POINT ( 'NONE',  ( 0.6999999999999995100, -0.05000000000000012800, -1.300000000000000000 ) ) ;
#2398 = CARTESIAN_POINT ( 'NONE',  ( -0.4999999999999872300, 0.1019999999999999900, -0.7000000000000000700 ) ) ;
#2399 = CARTESIAN_POINT ( 'NONE',  ( 0.09999999999999988100, 0.1019999999999999900, -0.9000000000000000200 ) ) ;
#2400 = LINE ( 'NONE', #1051, #386 ) ;
#2401 = CARTESIAN_POINT ( 'NONE',  ( 0.4999999999999914500, 0.0000000000000000000, -0.1000000000000001600 ) ) ;
#2402 = VECTOR ( 'NONE', #15, 1000.000000000000000 ) ;
#2403 = LINE ( 'NONE', #669, #16 ) ;
#2404 = EDGE_CURVE ( 'NONE', #3492, #191, #375, .T. ) ;
#2405 = ORIENTED_EDGE ( 'NONE', *, *, #2469, .F. ) ;
#2406 = ORIENTED_EDGE ( 'NONE', *, *, #1023, .T. ) ;
#2407 = ORIENTED_EDGE ( 'NONE', *, *, #2886, .T. ) ;
#2408 = VERTEX_POINT ( 'NONE', #2592 ) ;
#2409 = CARTESIAN_POINT ( 'NONE',  ( 0.2999999999999999300, -1.138516480713438700, 1.300000000000000000 ) ) ;
#2410 = VERTEX_POINT ( 'NONE', #1808 ) ;
#2411 = DIRECTION ( 'NONE',  ( 0.0000000000000000000, -1.000000000000000000, 0.0000000000000000000 ) ) ;
#2412 = EDGE_LOOP ( 'NONE', ( #3368, #1254, #4234, #5069 ) ) ;
#2413 = CARTESIAN_POINT ( 'NONE',  ( 0.4999999999999914500, 0.0000000000000000000, -0.1000000000000001600 ) ) ;
#2414 = ORIENTED_EDGE ( 'NONE', *, *, #2995, .F. ) ;
#2415 = LINE ( 'NONE', #2117, #1390 ) ;
#2416 = PRESENTATION_LAYER_ASSIGNMENT (  '', '', ( #4336 ) ) ;
#2417 = EDGE_CURVE ( 'NONE', #3008, #2425, #1118, .T. ) ;
#2418 = ORIENTED_EDGE ( 'NONE', *, *, #1800, .T. ) ;
#2419 = EDGE_LOOP ( 'NONE', ( #511, #1305, #2953, #2517 ) ) ;
#2420 = ORIENTED_EDGE ( 'NONE', *, *, #451, .T. ) ;
#2421 = LINE ( 'NONE', #4453, #3540 ) ;
#2422 = ADVANCED_FACE ( 'NONE', ( #2810 ), #1087, .F. ) ;
#2423 = VERTEX_POINT ( 'NONE', #2985 ) ;
#2424 = UNCERTAINTY_MEASURE_WITH_UNIT (LENGTH_MEASURE( 1.000000000000000100E-005 ), #3715, 'distance_accuracy_value', 'NONE');
#2425 = VERTEX_POINT ( 'NONE', #644 ) ;
#2426 = VECTOR ( 'NONE', #2121, 1000.000000000000000 ) ;
#2427 = FACE_OUTER_BOUND ( 'NONE', #2694, .T. ) ;
#2428 = VECTOR ( 'NONE', #866, 1000.000000000000000 ) ;
#2429 = CARTESIAN_POINT ( 'NONE',  ( 0.09999999999999988100, 0.1019999999999999900, -1.300000000000000000 ) ) ;
#2430 = DIRECTION ( 'NONE',  ( -1.000000000000000000, 0.0000000000000000000, 0.0000000000000000000 ) ) ;
#2431 = VECTOR ( 'NONE', #4911, 1000.000000000000000 ) ;
#2432 = VERTEX_POINT ( 'NONE', #4216 ) ;
#2433 = FACE_OUTER_BOUND ( 'NONE', #3252, .T. ) ;
#2434 = VERTEX_POINT ( 'NONE', #1423 ) ;
#2435 = CARTESIAN_POINT ( 'NONE',  ( 0.5000000000000000000, -0.05000000000000012800, 1.300000000000000000 ) ) ;
#2436 = ORIENTED_EDGE ( 'NONE', *, *, #1734, .T. ) ;
#2437 = EDGE_CURVE ( 'NONE', #105, #3995, #5030, .T. ) ;
#2438 = DIRECTION ( 'NONE',  ( -0.0000000000000000000, -1.000000000000000000, -0.0000000000000000000 ) ) ;
#2439 = ORIENTED_EDGE ( 'NONE', *, *, #1673, .T. ) ;
#2440 = DIRECTION ( 'NONE',  ( 0.0000000000000000000, 0.0000000000000000000, 1.000000000000000000 ) ) ;
#2441 = VECTOR ( 'NONE', #1187, 1000.000000000000000 ) ;
#2442 = CIRCLE ( 'NONE', #764, 0.1104759766373918000 ) ;
#2443 = EDGE_CURVE ( 'NONE', #3310, #4254, #4103, .T. ) ;
#2444 = VECTOR ( 'NONE', #4803, 1000.000000000000000 ) ;
#2445 = VERTEX_POINT ( 'NONE', #3005 ) ;
#2446 = EDGE_CURVE ( 'NONE', #20, #3459, #1176, .T. ) ;
#2447 = VERTEX_POINT ( 'NONE', #313 ) ;
#2448 = DIRECTION ( 'NONE',  ( -1.000000000000000000, 0.0000000000000000000, 5.421010862427523200E-016 ) ) ;
#2449 = LINE ( 'NONE', #1461, #1426 ) ;
#2450 = ORIENTED_EDGE ( 'NONE', *, *, #552, .F. ) ;
#2451 = ORIENTED_EDGE ( 'NONE', *, *, #4826, .T. ) ;
#2452 = FACE_OUTER_BOUND ( 'NONE', #1843, .T. ) ;
#2453 = STYLED_ITEM ( 'NONE', ( #1273 ), #3650 ) ;
#2454 = CARTESIAN_POINT ( 'NONE',  ( -0.6999999999999996200, -0.05000000000000012800, -1.300000000000000000 ) ) ;
#2455 = ORIENTED_EDGE ( 'NONE', *, *, #4355, .T. ) ;
#2456 = VECTOR ( 'NONE', #5050, 1000.000000000000000 ) ;
#2457 = DIRECTION ( 'NONE',  ( 1.000000000000000000, 0.0000000000000000000, 0.0000000000000000000 ) ) ;
#2458 = EDGE_LOOP ( 'NONE', ( #4812, #127, #2927, #601 ) ) ;
#2459 = VERTEX_POINT ( 'NONE', #1558 ) ;
#2460 = LINE ( 'NONE', #1416, #4080 ) ;
#2461 = EDGE_CURVE ( 'NONE', #585, #1563, #1758, .T. ) ;
#2462 = ORIENTED_EDGE ( 'NONE', *, *, #3744, .F. ) ;
#2463 = FACE_OUTER_BOUND ( 'NONE', #204, .T. ) ;
#2464 = ORIENTED_EDGE ( 'NONE', *, *, #1045, .T. ) ;
#2465 = DIRECTION ( 'NONE',  ( 2.710505431213761600E-016, 0.0000000000000000000, 1.000000000000000000 ) ) ;
#2466 = ORIENTED_EDGE ( 'NONE', *, *, #3150, .T. ) ;
#2467 = CARTESIAN_POINT ( 'NONE',  ( 0.5000000000000000000, -1.138516480713438700, 1.300000000000000000 ) ) ;
#2468 = ORIENTED_EDGE ( 'NONE', *, *, #1130, .F. ) ;
#2469 = EDGE_CURVE ( 'NONE', #2598, #2112, #3497, .T. ) ;
#2470 = VECTOR ( 'NONE', #1041, 1000.000000000000000 ) ;
#2471 = DIRECTION ( 'NONE',  ( 0.0000000000000000000, 1.000000000000000000, 0.0000000000000000000 ) ) ;
#2472 = ORIENTED_EDGE ( 'NONE', *, *, #967, .T. ) ;
#2473 = CARTESIAN_POINT ( 'NONE',  ( -0.7000000000000000700, -0.05000000000000012800, 0.9000000000000000200 ) ) ;
#2474 = LINE ( 'NONE', #3396, #4330 ) ;
#2475 = VECTOR ( 'NONE', #64, 1000.000000000000000 ) ;
#2476 = EDGE_CURVE ( 'NONE', #2795, #2598, #4904, .T. ) ;
#2477 = DIRECTION ( 'NONE',  ( -1.000000000000000000, 0.0000000000000000000, -5.421010862427523200E-016 ) ) ;
#2478 = EDGE_CURVE ( 'NONE', #4658, #1742, #1957, .T. ) ;
#2479 = FACE_OUTER_BOUND ( 'NONE', #2168, .T. ) ;
#2480 = VECTOR ( 'NONE', #2857, 1000.000000000000000 ) ;
#2481 = LINE ( 'NONE', #4555, #2846 ) ;
#2482 = DIRECTION ( 'NONE',  ( 0.0000000000000000000, 0.0000000000000000000, -1.000000000000000000 ) ) ;
#2483 = EDGE_LOOP ( 'NONE', ( #4525, #263, #1727, #3850 ) ) ;
#2484 = CARTESIAN_POINT ( 'NONE',  ( 0.0000000000000000000, 0.1019999999999999900, 0.0000000000000000000 ) ) ;
#2485 = LINE ( 'NONE', #4988, #3794 ) ;
#2486 = ORIENTED_EDGE ( 'NONE', *, *, #5031, .F. ) ;
#2487 = ORIENTED_EDGE ( 'NONE', *, *, #3251, .T. ) ;
#2488 = CARTESIAN_POINT ( 'NONE',  ( 0.8999999999999871400, 0.1019999999999999900, -0.5000000000000000000 ) ) ;
#2489 = VECTOR ( 'NONE', #1201, 1000.000000000000000 ) ;
#2490 = CARTESIAN_POINT ( 'NONE',  ( -0.1000000000000000500, 0.1019999999999999900, -0.9000000000000001300 ) ) ;
#2491 = VERTEX_POINT ( 'NONE', #4282 ) ;
#2492 = CARTESIAN_POINT ( 'NONE',  ( 0.6999999999999995100, 0.1019999999999999900, -1.300000000000000000 ) ) ;
#2493 = EDGE_CURVE ( 'NONE', #1322, #585, #1896, .T. ) ;
#2494 = DIRECTION ( 'NONE',  ( -0.0000000000000000000, 0.0000000000000000000, 1.000000000000000000 ) ) ;
#2495 = ORIENTED_EDGE ( 'NONE', *, *, #4965, .F. ) ;
#2496 = ADVANCED_FACE ( 'NONE', ( #4293 ), #3511, .F. ) ;
#2497 = ORIENTED_EDGE ( 'NONE', *, *, #5, .T. ) ;
#2498 = CARTESIAN_POINT ( 'NONE',  ( 0.0000000000000000000, 0.1019999999999999900, 0.0000000000000000000 ) ) ;
#2499 = VECTOR ( 'NONE', #2448, 1000.000000000000000 ) ;
#2500 = PLANE ( 'NONE',  #2814 ) ;
#2501 = DIRECTION ( 'NONE',  ( -1.000000000000000000, 0.0000000000000000000, -5.421010862427523200E-016 ) ) ;
#2502 = VERTEX_POINT ( 'NONE', #747 ) ;
#2503 = DIRECTION ( 'NONE',  ( -1.000000000000000000, -0.0000000000000000000, -0.0000000000000000000 ) ) ;
#2504 = DIRECTION ( 'NONE',  ( -0.0000000000000000000, 1.000000000000000000, -0.0000000000000000000 ) ) ;
#2505 = FACE_OUTER_BOUND ( 'NONE', #883, .T. ) ;
#2506 = PLANE ( 'NONE',  #3604 ) ;
#2507 = CARTESIAN_POINT ( 'NONE',  ( 0.4999999999999997800, 0.1019999999999999900, 0.6999999999999998400 ) ) ;
#2508 = EDGE_CURVE ( 'NONE', #3031, #4991, #5086, .T. ) ;
#2509 = EDGE_CURVE ( 'NONE', #1480, #3372, #2442, .T. ) ;
#2510 = VECTOR ( 'NONE', #4158, 1000.000000000000000 ) ;
#2511 = VERTEX_POINT ( 'NONE', #2338 ) ;
#2512 = ORIENTED_EDGE ( 'NONE', *, *, #1734, .F. ) ;
#2513 = DIRECTION ( 'NONE',  ( 0.0000000000000000000, 0.0000000000000000000, -1.000000000000000000 ) ) ;
#2514 = PLANE ( 'NONE',  #3072 ) ;
#2515 = LINE ( 'NONE', #1905, #2665 ) ;
#2516 = DIRECTION ( 'NONE',  ( 0.0000000000000000000, 0.0000000000000000000, 1.000000000000000000 ) ) ;
#2517 = ORIENTED_EDGE ( 'NONE', *, *, #1851, .T. ) ;
#2518 = ORIENTED_EDGE ( 'NONE', *, *, #3150, .F. ) ;
#2519 = ADVANCED_FACE ( 'NONE', ( #2205 ), #4758, .F. ) ;
#2520 = AXIS2_PLACEMENT_3D ( 'NONE', #1690, #2471, #1709 ) ;
#2521 = ORIENTED_EDGE ( 'NONE', *, *, #4066, .F. ) ;
#2522 = CARTESIAN_POINT ( 'NONE',  ( -0.3000000000000001000, -0.05000000000000012800, 1.300000000000000000 ) ) ;
#2523 = EDGE_CURVE ( 'NONE', #1639, #1366, #2756, .T. ) ;
#2524 = EDGE_LOOP ( 'NONE', ( #2708, #4163, #3960, #1524 ) ) ;
#2525 = PRESENTATION_STYLE_ASSIGNMENT (( #2365 ) ) ;
#2526 = CARTESIAN_POINT ( 'NONE',  ( -0.8999999999999871400, 0.1019999999999999900, -0.5000000000000000000 ) ) ;
#2527 = ORIENTED_EDGE ( 'NONE', *, *, #2493, .T. ) ;
#2528 = ORIENTED_EDGE ( 'NONE', *, *, #4701, .F. ) ;
#2529 = VECTOR ( 'NONE', #1093, 1000.000000000000000 ) ;
#2530 = ADVANCED_FACE ( 'NONE', ( #104 ), #1580, .F. ) ;
#2531 = ORIENTED_EDGE ( 'NONE', *, *, #1061, .T. ) ;
#2532 = CARTESIAN_POINT ( 'NONE',  ( 0.2999999999999997100, 0.0000000000000000000, -0.9000000000000001300 ) ) ;
#2533 = VERTEX_POINT ( 'NONE', #1939 ) ;
#2534 = CARTESIAN_POINT ( 'NONE',  ( -0.5000000000000001100, 0.1019999999999999900, 1.300000000000000000 ) ) ;
#2535 = PLANE ( 'NONE',  #448 ) ;
#2536 = LINE ( 'NONE', #4782, #2475 ) ;
#2537 = DIRECTION ( 'NONE',  ( -1.000000000000000000, 0.0000000000000000000, 0.0000000000000000000 ) ) ;
#2538 = VECTOR ( 'NONE', #141, 1000.000000000000000 ) ;
#2539 = AXIS2_PLACEMENT_3D ( 'NONE', #1603, #5066, #1122 ) ;
#2540 = DIRECTION ( 'NONE',  ( -0.0000000000000000000, 1.000000000000000000, -0.0000000000000000000 ) ) ;
#2541 = LINE ( 'NONE', #4741, #1943 ) ;
#2542 = LINE ( 'NONE', #1184, #4519 ) ;
#2543 = CARTESIAN_POINT ( 'NONE',  ( 0.8999999999999913600, 0.1019999999999999900, -0.09999999999999993600 ) ) ;
#2544 = VECTOR ( 'NONE', #53, 1000.000000000000000 ) ;
#2545 = VECTOR ( 'NONE', #2241, 1000.000000000000000 ) ;
#2546 = LINE ( 'NONE', #384, #3167 ) ;
#2547 = EDGE_LOOP ( 'NONE', ( #3946, #834, #1013, #2306 ) ) ;
#2548 = CARTESIAN_POINT ( 'NONE',  ( 0.4999999999999872300, 0.1019999999999999900, -0.7000000000000000700 ) ) ;
#2549 = VECTOR ( 'NONE', #2632, 1000.000000000000000 ) ;
#2550 = ORIENTED_EDGE ( 'NONE', *, *, #4915, .T. ) ;
#2551 =( GEOMETRIC_REPRESENTATION_CONTEXT ( 3 ) GLOBAL_UNCERTAINTY_ASSIGNED_CONTEXT ( ( #1899 ) ) GLOBAL_UNIT_ASSIGNED_CONTEXT ( ( #411, #2750, #5096 ) ) REPRESENTATION_CONTEXT ( 'NONE', 'WORKASPACE' ) );
#2552 = DIRECTION ( 'NONE',  ( 0.0000000000000000000, 1.000000000000000000, 0.0000000000000000000 ) ) ;
#2553 = VERTEX_POINT ( 'NONE', #3165 ) ;
#2554 = ADVANCED_FACE ( 'NONE', ( #2704 ), #48, .F. ) ;
#2555 = LINE ( 'NONE', #4104, #4350 ) ;
#2556 = EDGE_LOOP ( 'NONE', ( #3288, #3421, #1997, #2550 ) ) ;
#2557 = VECTOR ( 'NONE', #2711, 1000.000000000000000 ) ;
#2558 = ORIENTED_EDGE ( 'NONE', *, *, #767, .F. ) ;
#2559 = PLANE ( 'NONE',  #374 ) ;
#2560 = VECTOR ( 'NONE', #3082, 1000.000000000000000 ) ;
#2561 = EDGE_CURVE ( 'NONE', #4361, #1315, #2066, .T. ) ;
#2562 = PLANE ( 'NONE',  #40 ) ;
#2563 = ORIENTED_EDGE ( 'NONE', *, *, #2446, .T. ) ;
#2564 = ADVANCED_FACE ( 'NONE', ( #806 ), #1652, .F. ) ;
#2565 = VECTOR ( 'NONE', #3235, 1000.000000000000000 ) ;
#2566 = PRODUCT_DEFINITION ( 'UNKNOWN', '', #1263, #2900 ) ;
#2567 = DIRECTION ( 'NONE',  ( 1.000000000000000000, 0.0000000000000000000, -5.421010862427523200E-016 ) ) ;
#2568 = CARTESIAN_POINT ( 'NONE',  ( 0.4999999999999914500, 0.1019999999999999900, -0.1000000000000001600 ) ) ;
#2569 = EDGE_CURVE ( 'NONE', #1489, #146, #1644, .T. ) ;
#2570 = DIRECTION ( 'NONE',  ( -1.000000000000000000, 0.0000000000000000000, 0.0000000000000000000 ) ) ;
#2571 =( NAMED_UNIT ( * ) SI_UNIT ( $, .STERADIAN. ) SOLID_ANGLE_UNIT ( ) );
#2572 = LINE ( 'NONE', #4852, #1765 ) ;
#2573 = ORIENTED_EDGE ( 'NONE', *, *, #1688, .T. ) ;
#2574 = VECTOR ( 'NONE', #1210, 1000.000000000000000 ) ;
#2575 = AXIS2_PLACEMENT_3D ( 'NONE', #5097, #2767, #1591 ) ;
#2576 = EDGE_LOOP ( 'NONE', ( #4291, #5100, #4653, #2987 ) ) ;
#2577 = ORIENTED_EDGE ( 'NONE', *, *, #2274, .F. ) ;
#2578 = LINE ( 'NONE', #1946, #1306 ) ;
#2579 = CARTESIAN_POINT ( 'NONE',  ( -0.8999999999999955800, -1.138516480713438700, 0.09999999999999988100 ) ) ;
#2580 = ADVANCED_FACE ( 'NONE', ( #177 ), #843, .F. ) ;
#2581 = DIRECTION ( 'NONE',  ( 0.0000000000000000000, 1.000000000000000000, 0.0000000000000000000 ) ) ;
#2582 = UNCERTAINTY_MEASURE_WITH_UNIT (LENGTH_MEASURE( 1.000000000000000100E-005 ), #5005, 'distance_accuracy_value', 'NONE');
#2583 = DIRECTION ( 'NONE',  ( -0.0000000000000000000, -1.000000000000000000, -0.0000000000000000000 ) ) ;
#2584 = ORIENTED_EDGE ( 'NONE', *, *, #767, .T. ) ;
#2585 = EDGE_CURVE ( 'NONE', #1641, #4504, #1054, .T. ) ;
#2586 = EDGE_CURVE ( 'NONE', #346, #525, #4845, .T. ) ;
#2587 = CARTESIAN_POINT ( 'NONE',  ( -0.4999999999999955600, -1.138516480713438700, 0.2999999999999998800 ) ) ;
#2588 = ORIENTED_EDGE ( 'NONE', *, *, #3988, .T. ) ;
#2589 = DIRECTION ( 'NONE',  ( 0.0000000000000000000, 0.0000000000000000000, -1.000000000000000000 ) ) ;
#2590 = VERTEX_POINT ( 'NONE', #4007 ) ;
#2591 = ORIENTED_EDGE ( 'NONE', *, *, #3910, .T. ) ;
#2592 = CARTESIAN_POINT ( 'NONE',  ( -0.4999999999999996700, 0.1019999999999999900, -1.300000000000000000 ) ) ;
#2593 = FILL_AREA_STYLE ('',( #2206 ) ) ;
#2594 = ORIENTED_EDGE ( 'NONE', *, *, #754, .F. ) ;
#2595 = ORIENTED_EDGE ( 'NONE', *, *, #1536, .T. ) ;
#2596 = FACE_OUTER_BOUND ( 'NONE', #4375, .T. ) ;
#2597 = ORIENTED_EDGE ( 'NONE', *, *, #2148, .T. ) ;
#2598 = VERTEX_POINT ( 'NONE', #1274 ) ;
#2599 = ADVANCED_FACE ( 'NONE', ( #4236 ), #945, .F. ) ;
#2600 = EDGE_LOOP ( 'NONE', ( #1444, #2603, #3606, #1357 ) ) ;
#2601 = CARTESIAN_POINT ( 'NONE',  ( 0.4999999999999955600, 0.0000000000000000000, 0.09999999999999999200 ) ) ;
#2602 = DIRECTION ( 'NONE',  ( -0.0000000000000000000, 1.000000000000000000, -0.0000000000000000000 ) ) ;
#2603 = ORIENTED_EDGE ( 'NONE', *, *, #3275, .F. ) ;
#2604 = ORIENTED_EDGE ( 'NONE', *, *, #2226, .T. ) ;
#2605 = DIRECTION ( 'NONE',  ( -0.0000000000000000000, -0.0000000000000000000, 1.000000000000000000 ) ) ;
#2606 = LINE ( 'NONE', #2488, #3534 ) ;
#2607 = MECHANICAL_DESIGN_GEOMETRIC_PRESENTATION_REPRESENTATION (  '', ( #685 ), #4182 ) ;
#2608 = DIRECTION ( 'NONE',  ( -0.7071067811865037200, 0.0000000000000000000, -0.7071067811865914300 ) ) ;
#2609 = ORIENTED_EDGE ( 'NONE', *, *, #662, .F. ) ;
#2610 = EDGE_CURVE ( 'NONE', #4757, #1480, #3613, .T. ) ;
#2611 = CARTESIAN_POINT ( 'NONE',  ( 0.2999999999999999300, 0.1019999999999999900, 0.9000000000000001300 ) ) ;
#2612 = DIRECTION ( 'NONE',  ( -1.000000000000000000, -0.0000000000000000000, -5.421010862427523200E-016 ) ) ;
#2613 = CARTESIAN_POINT ( 'NONE',  ( 0.8999999999999998000, -0.05000000000000012800, 0.4999999999999998900 ) ) ;
#2614 = ORIENTED_EDGE ( 'NONE', *, *, #2725, .F. ) ;
#2615 = CARTESIAN_POINT ( 'NONE',  ( 0.4999999999999997800, -0.05000000000000012800, 0.6999999999999998400 ) ) ;
#2616 = DIRECTION ( 'NONE',  ( 1.000000000000000000, -0.0000000000000000000, 5.421010862427523200E-016 ) ) ;
#2617 = DIRECTION ( 'NONE',  ( -0.0000000000000000000, -1.000000000000000000, -0.0000000000000000000 ) ) ;
#2618 = ADVANCED_FACE ( 'NONE', ( #4680 ), #4837, .F. ) ;
#2619 = FACE_OUTER_BOUND ( 'NONE', #97, .T. ) ;
#2620 = EDGE_CURVE ( 'NONE', #3341, #3710, #1538, .T. ) ;
#2621 = CARTESIAN_POINT ( 'NONE',  ( 0.2999999999999999300, -0.05000000000000012800, 1.300000000000000000 ) ) ;
#2622 = VECTOR ( 'NONE', #3256, 1000.000000000000000 ) ;
#2623 = VERTEX_POINT ( 'NONE', #4020 ) ;
#2624 = PLANE ( 'NONE',  #4583 ) ;
#2625 = EDGE_CURVE ( 'NONE', #2219, #489, #4538, .T. ) ;
#2626 = DIRECTION ( 'NONE',  ( -0.0000000000000000000, 1.000000000000000000, -0.0000000000000000000 ) ) ;
#2627 = VERTEX_POINT ( 'NONE', #2454 ) ;
#2628 = DIRECTION ( 'NONE',  ( -0.0000000000000000000, 1.000000000000000000, -0.0000000000000000000 ) ) ;
#2629 = ORIENTED_EDGE ( 'NONE', *, *, #1086, .T. ) ;
#2630 = ADVANCED_FACE ( 'NONE', ( #498 ), #2862, .F. ) ;
#2631 = ORIENTED_EDGE ( 'NONE', *, *, #4004, .F. ) ;
#2632 = DIRECTION ( 'NONE',  ( 1.000000000000000000, -0.0000000000000000000, -2.409338161078899200E-016 ) ) ;
#2633 = DIRECTION ( 'NONE',  ( 1.000000000000000000, 0.0000000000000000000, -5.421010862427523200E-016 ) ) ;
#2634 = LINE ( 'NONE', #1739, #47 ) ;
#2635 = LINE ( 'NONE', #4919, #553 ) ;
#2636 = DIRECTION ( 'NONE',  ( -0.0000000000000000000, -1.000000000000000000, -0.0000000000000000000 ) ) ;
#2637 = PRESENTATION_STYLE_ASSIGNMENT (( #1474 ) ) ;
#2638 = ORIENTED_EDGE ( 'NONE', *, *, #2391, .T. ) ;
#2639 = DIRECTION ( 'NONE',  ( 1.000000000000000000, 0.0000000000000000000, 5.421010862427523200E-016 ) ) ;
#2640 = CARTESIAN_POINT ( 'NONE',  ( 0.9000000000000000200, 0.0000000000000000000, 1.299999999999999600 ) ) ;
#2641 = PRESENTATION_LAYER_ASSIGNMENT (  '', '', ( #2367 ) ) ;
#2642 = ORIENTED_EDGE ( 'NONE', *, *, #4026, .F. ) ;
#2643 = EDGE_CURVE ( 'NONE', #2893, #1410, #1113, .T. ) ;
#2644 = DIRECTION ( 'NONE',  ( 0.0000000000000000000, 0.0000000000000000000, -1.000000000000000000 ) ) ;
#2645 = LINE ( 'NONE', #4830, #2019 ) ;
#2646 = CARTESIAN_POINT ( 'NONE',  ( -0.6999999999999996200, 0.1019999999999999900, -1.300000000000000000 ) ) ;
#2647 = ORIENTED_EDGE ( 'NONE', *, *, #1901, .T. ) ;
#2648 = DIRECTION ( 'NONE',  ( -5.421010862427523200E-016, 0.0000000000000000000, 1.000000000000000000 ) ) ;
#2649 = CARTESIAN_POINT ( 'NONE',  ( 0.8999999999999913600, -0.05000000000000012800, -0.09999999999999993600 ) ) ;
#2650 = CARTESIAN_POINT ( 'NONE',  ( -0.3999999999999997400, 0.1019999999999999900, -0.5000000000000002200 ) ) ;
#2651 = LINE ( 'NONE', #2866, #2770 ) ;
#2652 = ORIENTED_EDGE ( 'NONE', *, *, #3073, .F. ) ;
#2653 = DIRECTION ( 'NONE',  ( 0.0000000000000000000, 0.0000000000000000000, -1.000000000000000000 ) ) ;
#2654 = EDGE_CURVE ( 'NONE', #1794, #3008, #1596, .T. ) ;
#2655 = PLANE ( 'NONE',  #4363 ) ;
#2656 = ORIENTED_EDGE ( 'NONE', *, *, #2912, .F. ) ;
#2657 = VECTOR ( 'NONE', #3890, 1000.000000000000000 ) ;
#2658 = AXIS2_PLACEMENT_3D ( 'NONE', #3468, #261, #1129 ) ;
#2659 = SURFACE_STYLE_USAGE ( .BOTH. , #369 ) ;
#2660 = CARTESIAN_POINT ( 'NONE',  ( 0.4999999999999995600, -1.138516480713438700, -1.300000000000000000 ) ) ;
#2661 = MANIFOLD_SOLID_BREP ( 'Boss-Extrude2[5]', #4962 ) ;
#2662 = DIRECTION ( 'NONE',  ( -0.0000000000000000000, -1.000000000000000000, -0.0000000000000000000 ) ) ;
#2663 = ORIENTED_EDGE ( 'NONE', *, *, #3728, .T. ) ;
#2664 = CARTESIAN_POINT ( 'NONE',  ( 0.2999999999999997100, -0.05000000000000012800, -1.300000000000000000 ) ) ;
#2665 = VECTOR ( 'NONE', #3040, 1000.000000000000000 ) ;
#2666 = ORIENTED_EDGE ( 'NONE', *, *, #488, .T. ) ;
#2667 = CARTESIAN_POINT ( 'NONE',  ( -0.3000000000000001000, 0.1019999999999999900, 0.9000000000000000200 ) ) ;
#2668 = MECHANICAL_DESIGN_GEOMETRIC_PRESENTATION_REPRESENTATION (  '', ( #4403 ), #1351 ) ;
#2669 = EDGE_CURVE ( 'NONE', #94, #4171, #1755, .T. ) ;
#2670 = EDGE_CURVE ( 'NONE', #4381, #4044, #4529, .T. ) ;
#2671 = CARTESIAN_POINT ( 'NONE',  ( -0.8999999999999871400, -0.05000000000000012800, -0.5000000000000000000 ) ) ;
#2672 = PLANE ( 'NONE',  #1214 ) ;
#2673 = LINE ( 'NONE', #2960, #4266 ) ;
#2674 = ORIENTED_EDGE ( 'NONE', *, *, #2190, .F. ) ;
#2675 = DIRECTION ( 'NONE',  ( -0.0000000000000000000, 1.000000000000000000, -0.0000000000000000000 ) ) ;
#2676 = LINE ( 'NONE', #4113, #351 ) ;
#2677 = CARTESIAN_POINT ( 'NONE',  ( -0.8999999999999955800, -1.138516480713438700, 0.09999999999999988100 ) ) ;
#2678 = PRESENTATION_LAYER_ASSIGNMENT (  '', '', ( #1954 ) ) ;
#2679 = ORIENTED_EDGE ( 'NONE', *, *, #2654, .T. ) ;
#2680 = EDGE_CURVE ( 'NONE', #4008, #4658, #3174, .T. ) ;
#2681 = ADVANCED_FACE ( 'NONE', ( #3362 ), #4677, .F. ) ;
#2682 = DIRECTION ( 'NONE',  ( -1.000000000000000000, 0.0000000000000000000, -5.421010862427523200E-016 ) ) ;
#2683 = CARTESIAN_POINT ( 'NONE',  ( 0.8999999999999871400, 0.1019999999999999900, -0.7000000000000001800 ) ) ;
#2684 = CARTESIAN_POINT ( 'NONE',  ( 0.6999999999999995100, -0.05000000000000012800, -0.9000000000000001300 ) ) ;
#2685 = CARTESIAN_POINT ( 'NONE',  ( -0.4999999999999997800, -1.138516480713438700, 0.5000000000000000000 ) ) ;
#2686 = VECTOR ( 'NONE', #1145, 1000.000000000000000 ) ;
#2687 = CARTESIAN_POINT ( 'NONE',  ( 0.4999999999999995600, 0.1019999999999999900, -1.300000000000000000 ) ) ;
#2688 = ORIENTED_EDGE ( 'NONE', *, *, #4515, .T. ) ;
#2689 = DIRECTION ( 'NONE',  ( -0.0000000000000000000, -1.000000000000000000, -0.0000000000000000000 ) ) ;
#2690 = DIRECTION ( 'NONE',  ( 0.0000000000000000000, -1.000000000000000000, 0.0000000000000000000 ) ) ;
#2691 = ORIENTED_EDGE ( 'NONE', *, *, #156, .F. ) ;
#2692 = LINE ( 'NONE', #1206, #2061 ) ;
#2693 = EDGE_LOOP ( 'NONE', ( #4712, #1014, #877, #4937 ) ) ;
#2694 = EDGE_LOOP ( 'NONE', ( #4263, #233, #74, #4632 ) ) ;
#2695 = DIRECTION ( 'NONE',  ( 1.000000000000000000, -0.0000000000000000000, -2.409338161078899200E-016 ) ) ;
#2696 = CARTESIAN_POINT ( 'NONE',  ( -0.3999999999999997400, 0.1019999999999999900, -0.5000000000000002200 ) ) ;
#2697 = LINE ( 'NONE', #3731, #3293 ) ;
#2698 = CARTESIAN_POINT ( 'NONE',  ( -0.3999999999999996900, -0.05000000000000012800, -0.6000000000000002000 ) ) ;
#2699 = ORIENTED_EDGE ( 'NONE', *, *, #3669, .T. ) ;
#2700 = ORIENTED_EDGE ( 'NONE', *, *, #4863, .F. ) ;
#2701 = DIRECTION ( 'NONE',  ( -0.0000000000000000000, -1.000000000000000000, -0.0000000000000000000 ) ) ;
#2702 = EDGE_CURVE ( 'NONE', #3318, #739, #3295, .T. ) ;
#2703 = VECTOR ( 'NONE', #2170, 1000.000000000000000 ) ;
#2704 = FACE_OUTER_BOUND ( 'NONE', #151, .T. ) ;
#2705 = CARTESIAN_POINT ( 'NONE',  ( -0.8999999999999871400, -0.05000000000000012800, -0.5000000000000000000 ) ) ;
#2706 = DIRECTION ( 'NONE',  ( -0.0000000000000000000, -0.0000000000000000000, 1.000000000000000000 ) ) ;
#2707 = FACE_OUTER_BOUND ( 'NONE', #1323, .T. ) ;
#2708 = ORIENTED_EDGE ( 'NONE', *, *, #3073, .T. ) ;
#2709 =( LENGTH_UNIT ( ) NAMED_UNIT ( * ) SI_UNIT ( .MILLI., .METRE. ) );
#2710 = LINE ( 'NONE', #2093, #2395 ) ;
#2711 = DIRECTION ( 'NONE',  ( 0.0000000000000000000, 0.0000000000000000000, 1.000000000000000000 ) ) ;
#2712 = CARTESIAN_POINT ( 'NONE',  ( -0.1000000000000001000, 0.1019999999999999900, 0.9000000000000001300 ) ) ;
#2713 = EDGE_CURVE ( 'NONE', #1743, #719, #3429, .T. ) ;
#2714 = CARTESIAN_POINT ( 'NONE',  ( 0.4999999999999997800, 0.1019999999999999900, 0.6999999999999998400 ) ) ;
#2715 = FACE_OUTER_BOUND ( 'NONE', #1991, .T. ) ;
#2716 = CARTESIAN_POINT ( 'NONE',  ( -0.8999999999999871400, -1.138516480713438700, -0.7000000000000001800 ) ) ;
#2717 = VECTOR ( 'NONE', #347, 1000.000000000000000 ) ;
#2718 = EDGE_CURVE ( 'NONE', #3332, #940, #3066, .T. ) ;
#2719 = DIRECTION ( 'NONE',  ( 0.0000000000000000000, -0.0000000000000000000, 1.000000000000000000 ) ) ;
#2720 = ORIENTED_EDGE ( 'NONE', *, *, #1100, .T. ) ;
#2721 = LINE ( 'NONE', #1923, #4761 ) ;
#2722 = VERTEX_POINT ( 'NONE', #3354 ) ;
#2723 = ORIENTED_EDGE ( 'NONE', *, *, #859, .T. ) ;
#2724 = VERTEX_POINT ( 'NONE', #612 ) ;
#2725 = EDGE_CURVE ( 'NONE', #1186, #4109, #2635, .T. ) ;
#2726 = CARTESIAN_POINT ( 'NONE',  ( 0.4999999999999914500, 0.1019999999999999900, -0.3000000000000000400 ) ) ;
#2727 = CARTESIAN_POINT ( 'NONE',  ( 0.0000000000000000000, -0.05000000000000002400, 0.0000000000000000000 ) ) ;
#2728 = LINE ( 'NONE', #1256, #4707 ) ;
#2729 = ORIENTED_EDGE ( 'NONE', *, *, #2742, .T. ) ;
#2730 = CARTESIAN_POINT ( 'NONE',  ( 0.5000000000000000000, 0.1019999999999999900, 0.9000000000000000200 ) ) ;
#2731 = FILL_AREA_STYLE ('',( #1972 ) ) ;
#2732 = ORIENTED_EDGE ( 'NONE', *, *, #4220, .T. ) ;
#2733 = VECTOR ( 'NONE', #2457, 1000.000000000000000 ) ;
#2734 = CARTESIAN_POINT ( 'NONE',  ( -0.6842896944760923400, 0.4500000000000000100, -0.9007876477401423100 ) ) ;
#2735 = ORIENTED_EDGE ( 'NONE', *, *, #1577, .F. ) ;
#2736 = CARTESIAN_POINT ( 'NONE',  ( -0.6999999999999996200, -1.138516480713438700, -1.300000000000000000 ) ) ;
#2737 = PLANE ( 'NONE',  #3298 ) ;
#2738 = DIRECTION ( 'NONE',  ( 0.0000000000000000000, -1.000000000000000000, 0.0000000000000000000 ) ) ;
#2739 = ORIENTED_EDGE ( 'NONE', *, *, #5063, .F. ) ;
#2740 = AXIS2_PLACEMENT_3D ( 'NONE', #3671, #3687, #1350 ) ;
#2741 = ORIENTED_EDGE ( 'NONE', *, *, #2070, .T. ) ;
#2742 = EDGE_CURVE ( 'NONE', #912, #2080, #50, .T. ) ;
#2743 = CARTESIAN_POINT ( 'NONE',  ( -0.1000000000000000500, -0.05000000000000012800, -1.300000000000000000 ) ) ;
#2744 = FACE_BOUND ( 'NONE', #3096, .T. ) ;
#2745 = LINE ( 'NONE', #2009, #2544 ) ;
#2746 = ORIENTED_EDGE ( 'NONE', *, *, #382, .F. ) ;
#2747 = SURFACE_STYLE_FILL_AREA ( #1486 ) ;
#2748 = EDGE_CURVE ( 'NONE', #4824, #2511, #4097, .T. ) ;
#2749 = ORIENTED_EDGE ( 'NONE', *, *, #3470, .T. ) ;
#2750 =( NAMED_UNIT ( * ) PLANE_ANGLE_UNIT ( ) SI_UNIT ( $, .RADIAN. ) );
#2751 = ORIENTED_EDGE ( 'NONE', *, *, #2129, .T. ) ;
#2752 = COLOUR_RGB ( '',1.000000000000000000, 1.000000000000000000, 1.000000000000000000 ) ;
#2753 = DIRECTION ( 'NONE',  ( 1.000000000000000000, 0.0000000000000000000, 0.0000000000000000000 ) ) ;
#2754 = VERTEX_POINT ( 'NONE', #5056 ) ;
#2755 = ORIENTED_EDGE ( 'NONE', *, *, #3122, .T. ) ;
#2756 = LINE ( 'NONE', #3527, #2017 ) ;
#2757 = FILL_AREA_STYLE ('',( #1248 ) ) ;
#2758 = ORIENTED_EDGE ( 'NONE', *, *, #809, .F. ) ;
#2759 = CARTESIAN_POINT ( 'NONE',  ( -0.8999999999999998000, 0.1019999999999999900, 0.4999999999999998900 ) ) ;
#2760 = DIRECTION ( 'NONE',  ( 5.421010862427523200E-016, -0.0000000000000000000, 1.000000000000000000 ) ) ;
#2761 = LINE ( 'NONE', #3313, #1182 ) ;
#2762 = EDGE_CURVE ( 'NONE', #5078, #458, #2271, .T. ) ;
#2763 = CARTESIAN_POINT ( 'NONE',  ( 0.8999999999999998000, 0.1019999999999999900, 0.4999999999999998900 ) ) ;
#2764 = EDGE_CURVE ( 'NONE', #4571, #3255, #4466, .T. ) ;
#2765 = ORIENTED_EDGE ( 'NONE', *, *, #4666, .T. ) ;
#2766 = DIRECTION ( 'NONE',  ( 0.0000000000000000000, 0.0000000000000000000, 1.000000000000000000 ) ) ;
#2767 = DIRECTION ( 'NONE',  ( 1.000000000000000000, 0.0000000000000000000, 0.0000000000000000000 ) ) ;
#2768 = DIRECTION ( 'NONE',  ( -0.0000000000000000000, -1.000000000000000000, -0.0000000000000000000 ) ) ;
#2769 = CARTESIAN_POINT ( 'NONE',  ( 0.09999999999999993600, 0.0000000000000000000, 1.299999999999999800 ) ) ;
#2770 = VECTOR ( 'NONE', #527, 1000.000000000000000 ) ;
#2771 =( NAMED_UNIT ( * ) PLANE_ANGLE_UNIT ( ) SI_UNIT ( $, .RADIAN. ) );
#2772 = CARTESIAN_POINT ( 'NONE',  ( 0.8999999999999913600, -1.138516480713438700, -0.09999999999999993600 ) ) ;
#2773 = CARTESIAN_POINT ( 'NONE',  ( 0.9000000000000000200, 0.0000000000000000000, 1.299999999999999600 ) ) ;
#2774 = ORIENTED_EDGE ( 'NONE', *, *, #673, .F. ) ;
#2775 = EDGE_CURVE ( 'NONE', #4119, #2795, #4232, .T. ) ;
#2776 = FACE_OUTER_BOUND ( 'NONE', #2483, .T. ) ;
#2777 = CARTESIAN_POINT ( 'NONE',  ( 0.4999999999999872300, 0.1019999999999999900, -0.7000000000000000700 ) ) ;
#2778 = DIRECTION ( 'NONE',  ( -1.000000000000000000, 0.0000000000000000000, 2.710505431213761600E-016 ) ) ;
#2779 = DIRECTION ( 'NONE',  ( -1.000000000000000000, 0.0000000000000000000, 0.0000000000000000000 ) ) ;
#2780 = VECTOR ( 'NONE', #773, 1000.000000000000000 ) ;
#2781 = PLANE ( 'NONE',  #330 ) ;
#2782 = EDGE_LOOP ( 'NONE', ( #1528, #1388, #2647, #4098 ) ) ;
#2783 = CARTESIAN_POINT ( 'NONE',  ( -0.8999999999999913600, 0.1019999999999999900, -0.09999999999999993600 ) ) ;
#2784 = AXIS2_PLACEMENT_3D ( 'NONE', #4264, #4599, #2245 ) ;
#2785 = LINE ( 'NONE', #1212, #3257 ) ;
#2786 = CARTESIAN_POINT ( 'NONE',  ( 0.4999999999999955600, 0.0000000000000000000, 0.2999999999999998800 ) ) ;
#2787 = ORIENTED_EDGE ( 'NONE', *, *, #1468, .T. ) ;
#2788 = ORIENTED_EDGE ( 'NONE', *, *, #1703, .T. ) ;
#2789 = EDGE_CURVE ( 'NONE', #739, #4702, #4742, .T. ) ;
#2790 = EDGE_CURVE ( 'NONE', #4636, #142, #2323, .T. ) ;
#2791 = CARTESIAN_POINT ( 'NONE',  ( -0.8999999999999913600, -0.05000000000000012800, -0.09999999999999993600 ) ) ;
#2792 = DIRECTION ( 'NONE',  ( 0.0000000000000000000, 0.0000000000000000000, 1.000000000000000000 ) ) ;
#2793 = FACE_OUTER_BOUND ( 'NONE', #1592, .T. ) ;
#2794 = LINE ( 'NONE', #3449, #481 ) ;
#2795 = VERTEX_POINT ( 'NONE', #297 ) ;
#2796 = EDGE_CURVE ( 'NONE', #3769, #2946, #1228, .T. ) ;
#2797 = ORIENTED_EDGE ( 'NONE', *, *, #1154, .T. ) ;
#2798 = DIRECTION ( 'NONE',  ( 0.0000000000000000000, 0.0000000000000000000, 1.000000000000000000 ) ) ;
#2799 = VECTOR ( 'NONE', #2895, 1000.000000000000000 ) ;
#2800 = VERTEX_POINT ( 'NONE', #3046 ) ;
#2801 = ORIENTED_EDGE ( 'NONE', *, *, #308, .T. ) ;
#2802 = MANIFOLD_SOLID_BREP ( 'Boss-Extrude2[12]', #1553 ) ;
#2803 = EDGE_CURVE ( 'NONE', #1213, #4034, #304, .T. ) ;
#2804 = DIRECTION ( 'NONE',  ( 0.0000000000000000000, 0.0000000000000000000, 1.000000000000000000 ) ) ;
#2805 = ORIENTED_EDGE ( 'NONE', *, *, #2643, .T. ) ;
#2806 = ORIENTED_EDGE ( 'NONE', *, *, #1838, .T. ) ;
#2807 = CARTESIAN_POINT ( 'NONE',  ( -0.1000000000000001000, 0.0000000000000000000, 0.9000000000000001300 ) ) ;
#2808 = LINE ( 'NONE', #3387, #860 ) ;
#2809 = CARTESIAN_POINT ( 'NONE',  ( -0.4999999999999996700, 0.1019999999999999900, -0.9000000000000001300 ) ) ;
#2810 = FACE_OUTER_BOUND ( 'NONE', #11, .T. ) ;
#2811 = AXIS2_PLACEMENT_3D ( 'NONE', #3616, #915, #109 ) ;
#2812 = DIRECTION ( 'NONE',  ( 0.0000000000000000000, 0.0000000000000000000, 1.000000000000000000 ) ) ;
#2813 = VECTOR ( 'NONE', #5001, 1000.000000000000000 ) ;
#2814 = AXIS2_PLACEMENT_3D ( 'NONE', #944, #1324, #908 ) ;
#2815 = VECTOR ( 'NONE', #3280, 1000.000000000000000 ) ;
#2816 = DIRECTION ( 'NONE',  ( -1.000000000000000000, 0.0000000000000000000, 0.0000000000000000000 ) ) ;
#2817 = DIRECTION ( 'NONE',  ( 0.0000000000000000000, -0.0000000000000000000, -1.000000000000000000 ) ) ;
#2818 = VECTOR ( 'NONE', #4883, 1000.000000000000000 ) ;
#2819 = DIRECTION ( 'NONE',  ( -1.000000000000000000, 0.0000000000000000000, 5.421010862427523200E-016 ) ) ;
#2820 = LINE ( 'NONE', #230, #2161 ) ;
#2821 = ADVANCED_FACE ( 'NONE', ( #3607 ), #3463, .F. ) ;
#2822 = EDGE_CURVE ( 'NONE', #2001, #3968, #4346, .T. ) ;
#2823 = DIRECTION ( 'NONE',  ( -1.000000000000000000, 0.0000000000000000000, 5.421010862427523200E-016 ) ) ;
#2824 = LINE ( 'NONE', #3962, #1776 ) ;
#2825 = DIRECTION ( 'NONE',  ( -0.0000000000000000000, 1.000000000000000000, -0.0000000000000000000 ) ) ;
#2826 = FACE_OUTER_BOUND ( 'NONE', #2037, .T. ) ;
#2827 = EDGE_CURVE ( 'NONE', #2011, #4811, #2485, .T. ) ;
#2828 = ORIENTED_EDGE ( 'NONE', *, *, #4804, .F. ) ;
#2829 = VERTEX_POINT ( 'NONE', #2249 ) ;
#2830 = ORIENTED_EDGE ( 'NONE', *, *, #4584, .T. ) ;
#2831 = VERTEX_POINT ( 'NONE', #1509 ) ;
#2832 = ORIENTED_EDGE ( 'NONE', *, *, #4894, .T. ) ;
#2833 = DIRECTION ( 'NONE',  ( -5.421010862427526100E-016, 0.0000000000000000000, 1.000000000000000000 ) ) ;
#2834 = AXIS2_PLACEMENT_3D ( 'NONE', #3685, #4060, #4847 ) ;
#2835 = ORIENTED_EDGE ( 'NONE', *, *, #3309, .F. ) ;
#2836 = CARTESIAN_POINT ( 'NONE',  ( 0.09999999999999993600, 0.1019999999999999900, 0.9000000000000000200 ) ) ;
#2837 = LINE ( 'NONE', #1696, #1792 ) ;
#2838 = CARTESIAN_POINT ( 'NONE',  ( -0.8999999999999913600, 0.1019999999999999900, -0.3000000000000001600 ) ) ;
#2839 = EDGE_CURVE ( 'NONE', #458, #1599, #2264, .T. ) ;
#2840 = EDGE_CURVE ( 'NONE', #2135, #4462, #1746, .T. ) ;
#2841 = VERTEX_POINT ( 'NONE', #349 ) ;
#2842 = VECTOR ( 'NONE', #3906, 1000.000000000000000 ) ;
#2843 = SURFACE_SIDE_STYLE ('',( #4900 ) ) ;
#2844 = CARTESIAN_POINT ( 'NONE',  ( -0.2999999999999998800, 0.1019999999999999900, -1.300000000000000000 ) ) ;
#2845 = FACE_OUTER_BOUND ( 'NONE', #3668, .T. ) ;
#2846 = VECTOR ( 'NONE', #1052, 1000.000000000000000 ) ;
#2847 = CARTESIAN_POINT ( 'NONE',  ( -0.4999999999999872300, -0.0000000000000000000, -0.7000000000000000700 ) ) ;
#2848 = ORIENTED_EDGE ( 'NONE', *, *, #2291, .F. ) ;
#2849 = FILL_AREA_STYLE_COLOUR ( '', #425 ) ;
#2850 = ORIENTED_EDGE ( 'NONE', *, *, #4792, .T. ) ;
#2851 = AXIS2_PLACEMENT_3D ( 'NONE', #3477, #2753, #1523 ) ;
#2852 = ORIENTED_EDGE ( 'NONE', *, *, #4366, .F. ) ;
#2853 = VECTOR ( 'NONE', #3135, 1000.000000000000000 ) ;
#2854 = EDGE_CURVE ( 'NONE', #1189, #4502, #98, .T. ) ;
#2855 = CARTESIAN_POINT ( 'NONE',  ( -0.1000000000000001000, 0.1019999999999999900, 0.9000000000000001300 ) ) ;
#2856 = EDGE_LOOP ( 'NONE', ( #4358, #1807, #1250, #1875 ) ) ;
#2857 = DIRECTION ( 'NONE',  ( -1.000000000000000000, 0.0000000000000000000, 5.421010862427523200E-016 ) ) ;
#2858 = VECTOR ( 'NONE', #4598, 1000.000000000000000 ) ;
#2859 = ORIENTED_EDGE ( 'NONE', *, *, #1551, .T. ) ;
#2860 = DIRECTION ( 'NONE',  ( -1.000000000000000000, -0.0000000000000000000, -5.421010862427523200E-016 ) ) ;
#2861 = EDGE_CURVE ( 'NONE', #2491, #1082, #2692, .T. ) ;
#2862 = PLANE ( 'NONE',  #1635 ) ;
#2863 = CARTESIAN_POINT ( 'NONE',  ( -0.1000000000000001000, 0.0000000000000000000, 0.9000000000000001300 ) ) ;
#2864 = FACE_OUTER_BOUND ( 'NONE', #2856, .T. ) ;
#2865 = ORIENTED_EDGE ( 'NONE', *, *, #2995, .T. ) ;
#2866 = CARTESIAN_POINT ( 'NONE',  ( -0.4999999999999872300, -0.05000000000000012800, -0.5000000000000002200 ) ) ;
#2867 = CARTESIAN_POINT ( 'NONE',  ( -0.1000000000000000500, 0.1019999999999999900, -0.9000000000000001300 ) ) ;
#2868 = LINE ( 'NONE', #99, #811 ) ;
#2869 = EDGE_CURVE ( 'NONE', #1573, #3318, #2008, .T. ) ;
#2870 = LINE ( 'NONE', #1021, #3009 ) ;
#2871 = CARTESIAN_POINT ( 'NONE',  ( 0.6999999999999995100, 0.1019999999999999900, -1.300000000000000000 ) ) ;
#2872 = ORIENTED_EDGE ( 'NONE', *, *, #5076, .F. ) ;
#2873 = LINE ( 'NONE', #3214, #1070 ) ;
#2874 = DIRECTION ( 'NONE',  ( 0.0000000000000000000, 1.000000000000000000, 0.0000000000000000000 ) ) ;
#2875 = PLANE ( 'NONE',  #534 ) ;
#2876 = DIRECTION ( 'NONE',  ( 0.0000000000000000000, 0.0000000000000000000, 1.000000000000000000 ) ) ;
#2877 = VERTEX_POINT ( 'NONE', #779 ) ;
#2878 = FILL_AREA_STYLE_COLOUR ( '', #1650 ) ;
#2879 = VERTEX_POINT ( 'NONE', #39 ) ;
#2880 = PRESENTATION_STYLE_ASSIGNMENT (( #428 ) ) ;
#2881 = FACE_OUTER_BOUND ( 'NONE', #1500, .T. ) ;
#2882 = ADVANCED_FACE ( 'NONE', ( #1044 ), #1566, .T. ) ;
#2883 = MECHANICAL_DESIGN_GEOMETRIC_PRESENTATION_REPRESENTATION (  '', ( #2367 ), #3426 ) ;
#2884 = DIRECTION ( 'NONE',  ( -0.0000000000000000000, -0.0000000000000000000, 1.000000000000000000 ) ) ;
#2885 = VECTOR ( 'NONE', #4123, 1000.000000000000000 ) ;
#2886 = EDGE_CURVE ( 'NONE', #2010, #4345, #1170, .T. ) ;
#2887 = CARTESIAN_POINT ( 'NONE',  ( -0.5000000000000001100, -0.05000000000000012800, 1.300000000000000000 ) ) ;
#2888 = ORIENTED_EDGE ( 'NONE', *, *, #1434, .F. ) ;
#2889 = FACE_OUTER_BOUND ( 'NONE', #217, .T. ) ;
#2890 = DIRECTION ( 'NONE',  ( -1.000000000000000000, 0.0000000000000000000, 5.421010862427527100E-016 ) ) ;
#2891 = ORIENTED_EDGE ( 'NONE', *, *, #4613, .T. ) ;
#2892 =( GEOMETRIC_REPRESENTATION_CONTEXT ( 3 ) GLOBAL_UNCERTAINTY_ASSIGNED_CONTEXT ( ( #5013 ) ) GLOBAL_UNIT_ASSIGNED_CONTEXT ( ( #3953, #2771, #1609 ) ) REPRESENTATION_CONTEXT ( 'NONE', 'WORKASPACE' ) );
#2893 = VERTEX_POINT ( 'NONE', #2328 ) ;
#2894 = PRESENTATION_LAYER_ASSIGNMENT (  '', '', ( #4767 ) ) ;
#2895 = DIRECTION ( 'NONE',  ( 0.0000000000000000000, 0.0000000000000000000, -1.000000000000000000 ) ) ;
#2896 = ORIENTED_EDGE ( 'NONE', *, *, #1086, .F. ) ;
#2897 = FILL_AREA_STYLE ('',( #4854 ) ) ;
#2898 = CARTESIAN_POINT ( 'NONE',  ( 0.09999999999999993600, 0.1019999999999999900, 1.300000000000000000 ) ) ;
#2899 = DIRECTION ( 'NONE',  ( 1.000000000000000000, 0.0000000000000000000, 5.421010862427523200E-016 ) ) ;
#2900 = PRODUCT_DEFINITION_CONTEXT ( 'detailed design', #4353, 'design' ) ;
#2901 = VECTOR ( 'NONE', #2583, 1000.000000000000000 ) ;
#2902 = VERTEX_POINT ( 'NONE', #1999 ) ;
#2903 = PLANE ( 'NONE',  #4921 ) ;
#2904 = CARTESIAN_POINT ( 'NONE',  ( 0.09999999999999988100, 0.1019999999999999900, -0.9000000000000000200 ) ) ;
#2905 = CARTESIAN_POINT ( 'NONE',  ( 0.6999999999999999600, 0.0000000000000000000, 0.9000000000000001300 ) ) ;
#2906 = CARTESIAN_POINT ( 'NONE',  ( 0.6999999999999995100, 0.1019999999999999900, -0.9000000000000001300 ) ) ;
#2907 = ORIENTED_EDGE ( 'NONE', *, *, #781, .F. ) ;
#2908 = ORIENTED_EDGE ( 'NONE', *, *, #599, .F. ) ;
#2909 = ORIENTED_EDGE ( 'NONE', *, *, #4185, .T. ) ;
#2910 = EDGE_CURVE ( 'NONE', #3698, #1408, #168, .T. ) ;
#2911 = DIRECTION ( 'NONE',  ( 0.0000000000000000000, -0.0000000000000000000, -1.000000000000000000 ) ) ;
#2912 = EDGE_CURVE ( 'NONE', #5082, #1229, #4839, .T. ) ;
#2913 = ADVANCED_FACE ( 'NONE', ( #4225 ), #1983, .F. ) ;
#2914 = LINE ( 'NONE', #955, #4392 ) ;
#2915 = VECTOR ( 'NONE', #3624, 1000.000000000000000 ) ;
#2916 = VECTOR ( 'NONE', #2701, 1000.000000000000000 ) ;
#2917 = EDGE_LOOP ( 'NONE', ( #3845, #957, #4128, #855 ) ) ;
#2918 = ORIENTED_EDGE ( 'NONE', *, *, #3813, .F. ) ;
#2919 = DIRECTION ( 'NONE',  ( -0.0000000000000000000, 1.000000000000000000, -0.0000000000000000000 ) ) ;
#2920 = DIRECTION ( 'NONE',  ( 0.0000000000000000000, 1.000000000000000000, 0.0000000000000000000 ) ) ;
#2921 = VECTOR ( 'NONE', #2267, 1000.000000000000000 ) ;
#2922 = PLANE ( 'NONE',  #3240 ) ;
#2923 = FACE_OUTER_BOUND ( 'NONE', #2099, .T. ) ;
#2924 = EDGE_LOOP ( 'NONE', ( #4407, #1621, #2406, #2451 ) ) ;
#2925 = DIRECTION ( 'NONE',  ( 0.0000000000000000000, 0.0000000000000000000, -1.000000000000000000 ) ) ;
#2926 = CARTESIAN_POINT ( 'NONE',  ( 0.09999999999999993600, 0.0000000000000000000, 0.9000000000000000200 ) ) ;
#2927 = ORIENTED_EDGE ( 'NONE', *, *, #174, .F. ) ;
#2928 = ORIENTED_EDGE ( 'NONE', *, *, #4612, .T. ) ;
#2929 = ADVANCED_FACE ( 'NONE', ( #1638 ), #1547, .F. ) ;
#2930 = DIRECTION ( 'NONE',  ( -1.000000000000000000, 0.0000000000000000000, 2.409338161078899200E-016 ) ) ;
#2931 = EDGE_CURVE ( 'NONE', #1729, #3528, #801, .T. ) ;
#2932 = VECTOR ( 'NONE', #2706, 1000.000000000000000 ) ;
#2933 = CARTESIAN_POINT ( 'NONE',  ( 0.4999999999999995600, 0.1019999999999999900, -1.300000000000000000 ) ) ;
#2934 = VECTOR ( 'NONE', #26, 1000.000000000000000 ) ;
#2935 = PRESENTATION_LAYER_ASSIGNMENT (  '', '', ( #3933 ) ) ;
#2936 = CARTESIAN_POINT ( 'NONE',  ( 0.8999999999999913600, 0.1019999999999999900, -0.3000000000000001600 ) ) ;
#2937 = EDGE_LOOP ( 'NONE', ( #703, #2325, #1030, #1246 ) ) ;
#2938 = CARTESIAN_POINT ( 'NONE',  ( 0.4999999999999955600, -0.05000000000000012800, 0.09999999999999999200 ) ) ;
#2939 = ADVANCED_FACE ( 'NONE', ( #3970 ), #4752, .F. ) ;
#2940 = FACE_OUTER_BOUND ( 'NONE', #2012, .T. ) ;
#2941 = EDGE_LOOP ( 'NONE', ( #2964, #4456, #2588, #3706 ) ) ;
#2942 = DIRECTION ( 'NONE',  ( -0.0000000000000000000, 1.000000000000000000, -0.0000000000000000000 ) ) ;
#2943 = EDGE_CURVE ( 'NONE', #1038, #2829, #973, .T. ) ;
#2944 = EDGE_CURVE ( 'NONE', #3459, #121, #1594, .T. ) ;
#2945 = VECTOR ( 'NONE', #1836, 1000.000000000000000 ) ;
#2946 = VERTEX_POINT ( 'NONE', #2759 ) ;
#2947 = VECTOR ( 'NONE', #2695, 1000.000000000000000 ) ;
#2948 = DIRECTION ( 'NONE',  ( 0.0000000000000000000, 1.000000000000000000, 0.0000000000000000000 ) ) ;
#2949 = ORIENTED_EDGE ( 'NONE', *, *, #1287, .F. ) ;
#2950 = ADVANCED_FACE ( 'NONE', ( #1951 ), #2991, .F. ) ;
#2951 = LINE ( 'NONE', #4592, #3091 ) ;
#2952 = DIRECTION ( 'NONE',  ( -1.000000000000000000, 0.0000000000000000000, -2.710505431213761600E-016 ) ) ;
#2953 = ORIENTED_EDGE ( 'NONE', *, *, #1866, .T. ) ;
#2954 = CLOSED_SHELL ( 'NONE', ( #4879, #287, #1761, #4997, #989, #239 ) ) ;
#2955 = ORIENTED_EDGE ( 'NONE', *, *, #4478, .F. ) ;
#2956 = CARTESIAN_POINT ( 'NONE',  ( -0.4999999999999997800, 0.1019999999999999900, 0.5000000000000000000 ) ) ;
#2957 = DIRECTION ( 'NONE',  ( -1.000000000000000000, -0.0000000000000000000, -5.421010862427523200E-016 ) ) ;
#2958 = MANIFOLD_SOLID_BREP ( 'Boss-Extrude2[1]', #429 ) ;
#2959 = ORIENTED_EDGE ( 'NONE', *, *, #1921, .F. ) ;
#2960 = CARTESIAN_POINT ( 'NONE',  ( 0.4999999999999914500, -1.138516480713438700, -0.3000000000000000400 ) ) ;
#2961 = EDGE_CURVE ( 'NONE', #1392, #4794, #431, .T. ) ;
#2962 = DIRECTION ( 'NONE',  ( -1.000000000000000000, 0.0000000000000000000, 5.421010862427527100E-016 ) ) ;
#2963 = ORIENTED_EDGE ( 'NONE', *, *, #3380, .F. ) ;
#2964 = ORIENTED_EDGE ( 'NONE', *, *, #1686, .F. ) ;
#2965 = CARTESIAN_POINT ( 'NONE',  ( 0.9000000000000000200, 0.0000000000000000000, 1.299999999999999600 ) ) ;
#2966 = EDGE_LOOP ( 'NONE', ( #3722, #1526, #1754, #1958 ) ) ;
#2967 = CARTESIAN_POINT ( 'NONE',  ( 0.9000000000000000200, 0.0000000000000000000, -1.300000000000000300 ) ) ;
#2968 = CARTESIAN_POINT ( 'NONE',  ( 0.0000000000000000000, 0.1019999999999999900, 0.0000000000000000000 ) ) ;
#2969 = ADVANCED_FACE ( 'NONE', ( #3420 ), #2279, .F. ) ;
#2970 = EDGE_CURVE ( 'NONE', #1229, #4906, #2989, .T. ) ;
#2971 = VECTOR ( 'NONE', #3304, 1000.000000000000000 ) ;
#2972 = ORIENTED_EDGE ( 'NONE', *, *, #212, .T. ) ;
#2973 = VECTOR ( 'NONE', #4910, 1000.000000000000000 ) ;
#2974 = EDGE_CURVE ( 'NONE', #465, #3630, #44, .T. ) ;
#2975 = PLANE ( 'NONE',  #3260 ) ;
#2976 = ORIENTED_EDGE ( 'NONE', *, *, #1657, .F. ) ;
#2977 = VECTOR ( 'NONE', #3467, 1000.000000000000000 ) ;
#2978 = PLANE ( 'NONE',  #1543 ) ;
#2979 = DIRECTION ( 'NONE',  ( 0.0000000000000000000, 0.0000000000000000000, 1.000000000000000000 ) ) ;
#2980 = ORIENTED_EDGE ( 'NONE', *, *, #309, .F. ) ;
#2981 = ADVANCED_FACE ( 'NONE', ( #2375 ), #5033, .F. ) ;
#2982 = VECTOR ( 'NONE', #1769, 1000.000000000000000 ) ;
#2983 = ORIENTED_EDGE ( 'NONE', *, *, #1602, .F. ) ;
#2984 = AXIS2_PLACEMENT_3D ( 'NONE', #4087, #982, #4480 ) ;
#2985 = CARTESIAN_POINT ( 'NONE',  ( 0.6999999999999999600, 0.0000000000000000000, 0.9000000000000001300 ) ) ;
#2986 = PLANE ( 'NONE',  #255 ) ;
#2987 = ORIENTED_EDGE ( 'NONE', *, *, #2789, .T. ) ;
#2988 = VECTOR ( 'NONE', #4322, 1000.000000000000000 ) ;
#2989 = LINE ( 'NONE', #1849, #2126 ) ;
#2990 = CLOSED_SHELL ( 'NONE', ( #4105, #2192, #4505, #4560, #1401, #3401 ) ) ;
#2991 = PLANE ( 'NONE',  #4310 ) ;
#2992 = CARTESIAN_POINT ( 'NONE',  ( -0.1000000000000001000, 0.1019999999999999900, 1.300000000000000000 ) ) ;
#2993 = PRESENTATION_LAYER_ASSIGNMENT (  '', '', ( #616 ) ) ;
#2994 = VECTOR ( 'NONE', #4436, 1000.000000000000000 ) ;
#2995 = EDGE_CURVE ( 'NONE', #836, #4428, #4896, .T. ) ;
#2996 = DIRECTION ( 'NONE',  ( 0.0000000000000000000, 0.0000000000000000000, 1.000000000000000000 ) ) ;
#2997 = ORIENTED_EDGE ( 'NONE', *, *, #1330, .T. ) ;
#2998 = ADVANCED_FACE ( 'NONE', ( #2923 ), #2290, .F. ) ;
#2999 = CARTESIAN_POINT ( 'NONE',  ( 0.0000000000000000000, -0.05000000000000002400, 0.0000000000000000000 ) ) ;
#3000 = SURFACE_SIDE_STYLE ('',( #2747 ) ) ;
#3001 = LINE ( 'NONE', #85, #3370 ) ;
#3002 = DIRECTION ( 'NONE',  ( -0.0000000000000000000, 1.000000000000000000, -0.0000000000000000000 ) ) ;
#3003 = EDGE_LOOP ( 'NONE', ( #2120, #1922, #3814, #4378 ) ) ;
#3004 = EDGE_CURVE ( 'NONE', #4203, #216, #738, .T. ) ;
#3005 = CARTESIAN_POINT ( 'NONE',  ( -0.2999999999999998800, -0.05000000000000012800, -1.300000000000000000 ) ) ;
#3006 = CARTESIAN_POINT ( 'NONE',  ( 0.6999999999999995100, 0.0000000000000000000, -1.300000000000000000 ) ) ;
#3007 = LINE ( 'NONE', #5093, #444 ) ;
#3008 = VERTEX_POINT ( 'NONE', #4494 ) ;
#3009 = VECTOR ( 'NONE', #3700, 1000.000000000000000 ) ;
#3010 = ADVANCED_FACE ( 'NONE', ( #3727 ), #4045, .F. ) ;
#3011 = FACE_OUTER_BOUND ( 'NONE', #1697, .T. ) ;
#3012 =( NAMED_UNIT ( * ) PLANE_ANGLE_UNIT ( ) SI_UNIT ( $, .RADIAN. ) );
#3013 = DIRECTION ( 'NONE',  ( 5.421010862427526100E-016, 0.0000000000000000000, -1.000000000000000000 ) ) ;
#3014 = CARTESIAN_POINT ( 'NONE',  ( 0.09999999999999993600, 0.1019999999999999900, 0.9000000000000000200 ) ) ;
#3015 = PRESENTATION_STYLE_ASSIGNMENT (( #3480 ) ) ;
#3016 = PLANE ( 'NONE',  #3835 ) ;
#3017 = ORIENTED_EDGE ( 'NONE', *, *, #4256, .T. ) ;
#3018 = CARTESIAN_POINT ( 'NONE',  ( 0.8999999999999955800, 0.0000000000000000000, 0.3000000000000001000 ) ) ;
#3019 = LINE ( 'NONE', #1452, #4699 ) ;
#3020 =( GEOMETRIC_REPRESENTATION_CONTEXT ( 3 ) GLOBAL_UNCERTAINTY_ASSIGNED_CONTEXT ( ( #236 ) ) GLOBAL_UNIT_ASSIGNED_CONTEXT ( ( #3385, #1053, #708 ) ) REPRESENTATION_CONTEXT ( 'NONE', 'WORKASPACE' ) );
#3021 = EDGE_CURVE ( 'NONE', #3834, #4696, #2118, .T. ) ;
#3022 = EDGE_CURVE ( 'NONE', #2800, #607, #2258, .T. ) ;
#3023 =( LENGTH_UNIT ( ) NAMED_UNIT ( * ) SI_UNIT ( .MILLI., .METRE. ) );
#3024 = DIRECTION ( 'NONE',  ( 0.0000000000000000000, -1.000000000000000000, -0.0000000000000000000 ) ) ;
#3025 = VECTOR ( 'NONE', #3915, 1000.000000000000000 ) ;
#3026 = ORIENTED_EDGE ( 'NONE', *, *, #859, .F. ) ;
#3027 = LINE ( 'NONE', #1079, #3526 ) ;
#3028 = DIRECTION ( 'NONE',  ( -0.0000000000000000000, 1.000000000000000000, -0.0000000000000000000 ) ) ;
#3029 = CARTESIAN_POINT ( 'NONE',  ( 0.0000000000000000000, -0.05000000000000002400, 0.0000000000000000000 ) ) ;
#3030 = ORIENTED_EDGE ( 'NONE', *, *, #4414, .F. ) ;
#3031 = VERTEX_POINT ( 'NONE', #2147 ) ;
#3032 = CARTESIAN_POINT ( 'NONE',  ( 0.4999999999999872300, 0.1019999999999999900, -0.7000000000000000700 ) ) ;
#3033 = STYLED_ITEM ( 'NONE', ( #2880 ), #4800 ) ;
#3034 = EDGE_CURVE ( 'NONE', #3171, #371, #2194, .T. ) ;
#3035 = CARTESIAN_POINT ( 'NONE',  ( 0.4999999999999872300, 0.1019999999999999900, -0.5000000000000002200 ) ) ;
#3036 = ADVANCED_FACE ( 'NONE', ( #5077 ), #3267, .F. ) ;
#3037 = CARTESIAN_POINT ( 'NONE',  ( 0.8999999999999871400, -1.138516480713438700, -0.7000000000000001800 ) ) ;
#3038 = DIRECTION ( 'NONE',  ( 0.0000000000000000000, 0.0000000000000000000, -1.000000000000000000 ) ) ;
#3039 = ORIENTED_EDGE ( 'NONE', *, *, #3358, .T. ) ;
#3040 = DIRECTION ( 'NONE',  ( -0.0000000000000000000, 1.000000000000000000, -0.0000000000000000000 ) ) ;
#3041 = SURFACE_SIDE_STYLE ('',( #3673 ) ) ;
#3042 = CARTESIAN_POINT ( 'NONE',  ( 0.0000000000000000000, 0.1019999999999999900, 0.0000000000000000000 ) ) ;
#3043 = EDGE_LOOP ( 'NONE', ( #4096, #1043, #1731, #2353 ) ) ;
#3044 = AXIS2_PLACEMENT_3D ( 'NONE', #4746, #1995, #4693 ) ;
#3045 = LINE ( 'NONE', #3434, #90 ) ;
#3046 = CARTESIAN_POINT ( 'NONE',  ( 0.09999999999999988100, 0.0000000000000000000, -1.300000000000000000 ) ) ;
#3047 = DIRECTION ( 'NONE',  ( 0.0000000000000000000, 1.000000000000000000, 0.0000000000000000000 ) ) ;
#3048 = FACE_OUTER_BOUND ( 'NONE', #745, .T. ) ;
#3049 = LINE ( 'NONE', #1165, #3352 ) ;
#3050 = CARTESIAN_POINT ( 'NONE',  ( -0.4999999999999997800, 0.1019999999999999900, 0.6999999999999998400 ) ) ;
#3051 = ORIENTED_EDGE ( 'NONE', *, *, #3973, .T. ) ;
#3052 = VERTEX_POINT ( 'NONE', #4076 ) ;
#3053 = LINE ( 'NONE', #3184, #2006 ) ;
#3054 = EDGE_CURVE ( 'NONE', #1114, #3077, #365, .T. ) ;
#3055 = CARTESIAN_POINT ( 'NONE',  ( -0.4999999999999872300, 0.1019999999999999900, -0.7000000000000000700 ) ) ;
#3056 = LINE ( 'NONE', #3839, #5018 ) ;
#3057 = ORIENTED_EDGE ( 'NONE', *, *, #1383, .F. ) ;
#3058 = VECTOR ( 'NONE', #3454, 1000.000000000000000 ) ;
#3059 = ORIENTED_EDGE ( 'NONE', *, *, #4420, .T. ) ;
#3060 = DIRECTION ( 'NONE',  ( -5.421010862427523200E-016, 0.0000000000000000000, -1.000000000000000000 ) ) ;
#3061 = EDGE_LOOP ( 'NONE', ( #3778, #1140, #2309, #3887 ) ) ;
#3062 = PLANE ( 'NONE',  #4661 ) ;
#3063 = CARTESIAN_POINT ( 'NONE',  ( 0.8999999999999998000, -0.05000000000000012800, 0.7000000000000000700 ) ) ;
#3064 = VECTOR ( 'NONE', #3083, 1000.000000000000000 ) ;
#3065 = EDGE_LOOP ( 'NONE', ( #4486, #2983, #1847, #1139 ) ) ;
#3066 = LINE ( 'NONE', #2936, #4352 ) ;
#3067 = DIRECTION ( 'NONE',  ( 2.409338161078899200E-016, -0.0000000000000000000, 1.000000000000000000 ) ) ;
#3068 = EDGE_LOOP ( 'NONE', ( #600, #3465, #3766, #704 ) ) ;
#3069 = VECTOR ( 'NONE', #2689, 1000.000000000000000 ) ;
#3070 = EDGE_LOOP ( 'NONE', ( #3265, #4775, #3768, #4487 ) ) ;
#3071 = DIRECTION ( 'NONE',  ( 0.0000000000000000000, 0.0000000000000000000, -1.000000000000000000 ) ) ;
#3072 = AXIS2_PLACEMENT_3D ( 'NONE', #3484, #564, #4417 ) ;
#3073 = EDGE_CURVE ( 'NONE', #2831, #3806, #4401, .T. ) ;
#3074 = CARTESIAN_POINT ( 'NONE',  ( 0.0000000000000000000, -0.05000000000000002400, 0.0000000000000000000 ) ) ;
#3075 = VECTOR ( 'NONE', #2438, 1000.000000000000000 ) ;
#3076 = CARTESIAN_POINT ( 'NONE',  ( 0.4999999999999997800, 0.1019999999999999900, 0.5000000000000000000 ) ) ;
#3077 = VERTEX_POINT ( 'NONE', #159 ) ;
#3078 = VECTOR ( 'NONE', #80, 1000.000000000000000 ) ;
#3079 = EDGE_CURVE ( 'NONE', #2135, #1665, #2055, .T. ) ;
#3080 = ORIENTED_EDGE ( 'NONE', *, *, #2569, .F. ) ;
#3081 = VECTOR ( 'NONE', #56, 1000.000000000000000 ) ;
#3082 = DIRECTION ( 'NONE',  ( -0.0000000000000000000, -0.0000000000000000000, 1.000000000000000000 ) ) ;
#3083 = DIRECTION ( 'NONE',  ( -0.0000000000000000000, -1.000000000000000000, -0.0000000000000000000 ) ) ;
#3084 = VECTOR ( 'NONE', #742, 1000.000000000000000 ) ;
#3085 = FACE_OUTER_BOUND ( 'NONE', #2386, .T. ) ;
#3086 = DIRECTION ( 'NONE',  ( 1.000000000000000000, -0.0000000000000000000, 0.0000000000000000000 ) ) ;
#3087 = DIRECTION ( 'NONE',  ( 0.0000000000000000000, 0.0000000000000000000, -1.000000000000000000 ) ) ;
#3088 = ORIENTED_EDGE ( 'NONE', *, *, #4915, .F. ) ;
#3089 = PLANE ( 'NONE',  #3707 ) ;
#3090 = CARTESIAN_POINT ( 'NONE',  ( 0.09999999999999988100, -1.138516480713438700, -0.9000000000000000200 ) ) ;
#3091 = VECTOR ( 'NONE', #4212, 1000.000000000000000 ) ;
#3092 = ORIENTED_EDGE ( 'NONE', *, *, #2586, .F. ) ;
#3093 = EDGE_LOOP ( 'NONE', ( #3711, #3051, #840, #571, #75, #1498, #1380, #3405, #49, #2832, #2322, #4609, #3415, #979, #828, #1203, #1104, #1884, #3951, #3629 ) ) ;
#3094 = ADVANCED_FACE ( 'NONE', ( #1163 ), #4030, .F. ) ;
#3095 = DIRECTION ( 'NONE',  ( -0.0000000000000000000, 0.0000000000000000000, 1.000000000000000000 ) ) ;
#3096 = EDGE_LOOP ( 'NONE', ( #4126, #650 ) ) ;
#3097 = ORIENTED_EDGE ( 'NONE', *, *, #3888, .T. ) ;
#3098 = ORIENTED_EDGE ( 'NONE', *, *, #2789, .F. ) ;
#3099 = CARTESIAN_POINT ( 'NONE',  ( -0.4999999999999996700, -1.138516480713438700, -0.9000000000000001300 ) ) ;
#3100 = EDGE_CURVE ( 'NONE', #4406, #34, #4595, .T. ) ;
#3101 = VERTEX_POINT ( 'NONE', #1067 ) ;
#3102 = EDGE_LOOP ( 'NONE', ( #3916, #2042, #3966, #3837 ) ) ;
#3103 = DIRECTION ( 'NONE',  ( 0.0000000000000000000, 1.000000000000000000, 0.0000000000000000000 ) ) ;
#3104 = DIRECTION ( 'NONE',  ( 0.0000000000000000000, -0.0000000000000000000, 1.000000000000000000 ) ) ;
#3105 = EDGE_LOOP ( 'NONE', ( #4333, #4408, #4778, #4842 ) ) ;
#3106 = EDGE_CURVE ( 'NONE', #3841, #3348, #426, .T. ) ;
#3107 = VECTOR ( 'NONE', #1328, 1000.000000000000000 ) ;
#3108 = DIRECTION ( 'NONE',  ( -1.000000000000000000, 0.0000000000000000000, 5.421010862427523200E-016 ) ) ;
#3109 = LINE ( 'NONE', #1231, #478 ) ;
#3110 = FACE_OUTER_BOUND ( 'NONE', #907, .T. ) ;
#3111 = CARTESIAN_POINT ( 'NONE',  ( 0.2999999999999997100, -0.05000000000000012800, -0.9000000000000001300 ) ) ;
#3112 = AXIS2_PLACEMENT_3D ( 'NONE', #3264, #968, #4873 ) ;
#3113 = FACE_OUTER_BOUND ( 'NONE', #584, .T. ) ;
#3114 = ORIENTED_EDGE ( 'NONE', *, *, #3877, .T. ) ;
#3115 = ADVANCED_FACE ( 'NONE', ( #3113 ), #3746, .F. ) ;
#3116 = DIRECTION ( 'NONE',  ( -0.0000000000000000000, 1.000000000000000000, -0.0000000000000000000 ) ) ;
#3117 = DIRECTION ( 'NONE',  ( -1.000000000000000000, 0.0000000000000000000, 0.0000000000000000000 ) ) ;
#3118 = DIRECTION ( 'NONE',  ( 0.0000000000000000000, 0.0000000000000000000, -1.000000000000000000 ) ) ;
#3119 = VERTEX_POINT ( 'NONE', #1433 ) ;
#3120 = VECTOR ( 'NONE', #5089, 1000.000000000000000 ) ;
#3121 = ORIENTED_EDGE ( 'NONE', *, *, #2970, .T. ) ;
#3122 = EDGE_CURVE ( 'NONE', #5058, #1366, #1458, .T. ) ;
#3123 = PLANE ( 'NONE',  #3443 ) ;
#3125 = EDGE_CURVE ( 'NONE', #1362, #465, #487, .T. ) ;
#3124 = ORIENTED_EDGE ( 'NONE', *, *, #4963, .F. ) ;
#3126 = VECTOR ( 'NONE', #3975, 1000.000000000000000 ) ;
#3127 = UNCERTAINTY_MEASURE_WITH_UNIT (LENGTH_MEASURE( 1.000000000000000100E-005 ), #3721, 'distance_accuracy_value', 'NONE');
#3128 = CARTESIAN_POINT ( 'NONE',  ( -0.4999999999999955600, 0.1019999999999999900, 0.09999999999999999200 ) ) ;
#3129 = DIRECTION ( 'NONE',  ( 1.000000000000000000, 0.0000000000000000000, 0.0000000000000000000 ) ) ;
#3130 = CARTESIAN_POINT ( 'NONE',  ( -0.4999999999999955600, 0.1019999999999999900, 0.09999999999999999200 ) ) ;
#3131 = CARTESIAN_POINT ( 'NONE',  ( 0.4999999999999995600, 0.0000000000000000000, -0.9000000000000000200 ) ) ;
#3132 = VECTOR ( 'NONE', #3271, 1000.000000000000000 ) ;
#3133 = CARTESIAN_POINT ( 'NONE',  ( -0.4999999999999955600, 0.1019999999999999900, 0.09999999999999999200 ) ) ;
#3134 = VECTOR ( 'NONE', #1302, 1000.000000000000000 ) ;
#3135 = DIRECTION ( 'NONE',  ( -0.0000000000000000000, -1.000000000000000000, -0.0000000000000000000 ) ) ;
#3136 = DIRECTION ( 'NONE',  ( 0.0000000000000000000, 0.0000000000000000000, -1.000000000000000000 ) ) ;
#3137 = AXIS2_PLACEMENT_3D ( 'NONE', #2252, #4992, #699 ) ;
#3138 = ORIENTED_EDGE ( 'NONE', *, *, #2363, .F. ) ;
#3139 = EDGE_CURVE ( 'NONE', #1788, #4203, #93, .T. ) ;
#3140 = CARTESIAN_POINT ( 'NONE',  ( -0.4999999999999914500, 0.1019999999999999900, -0.1000000000000001600 ) ) ;
#3141 = VECTOR ( 'NONE', #2214, 1000.000000000000000 ) ;
#3142 = VECTOR ( 'NONE', #795, 1000.000000000000000 ) ;
#3143 = ADVANCED_FACE ( 'NONE', ( #3546 ), #269, .F. ) ;
#3144 = CARTESIAN_POINT ( 'NONE',  ( 0.8999999999999955800, 0.1019999999999999900, 0.09999999999999988100 ) ) ;
#3145 = AXIS2_PLACEMENT_3D ( 'NONE', #243, #619, #4528 ) ;
#3146 = LINE ( 'NONE', #2938, #2510 ) ;
#3147 = VERTEX_POINT ( 'NONE', #1385 ) ;
#3148 = ORIENTED_EDGE ( 'NONE', *, *, #3790, .T. ) ;
#3149 = FACE_OUTER_BOUND ( 'NONE', #3657, .T. ) ;
#3150 = EDGE_CURVE ( 'NONE', #3761, #5082, #1404, .T. ) ;
#3151 = CARTESIAN_POINT ( 'NONE',  ( 0.4999999999999997800, 0.1019999999999999900, 0.6999999999999998400 ) ) ;
#3152 = FACE_OUTER_BOUND ( 'NONE', #3065, .T. ) ;
#3153 = ORIENTED_EDGE ( 'NONE', *, *, #5088, .T. ) ;
#3154 = PLANE ( 'NONE',  #741 ) ;
#3155 = ORIENTED_EDGE ( 'NONE', *, *, #2775, .F. ) ;
#3156 = CARTESIAN_POINT ( 'NONE',  ( -0.4999999999999955600, 0.1019999999999999900, 0.09999999999999999200 ) ) ;
#3157 = LINE ( 'NONE', #1365, #4069 ) ;
#3158 = ORIENTED_EDGE ( 'NONE', *, *, #2718, .F. ) ;
#3159 = DIRECTION ( 'NONE',  ( -1.000000000000000000, 0.0000000000000000000, 0.0000000000000000000 ) ) ;
#3160 = EDGE_CURVE ( 'NONE', #4219, #4531, #4524, .T. ) ;
#3161 = DIRECTION ( 'NONE',  ( 1.000000000000000000, -0.0000000000000000000, 0.0000000000000000000 ) ) ;
#3162 = ADVANCED_FACE ( 'NONE', ( #3284 ), #232, .F. ) ;
#3163 = VECTOR ( 'NONE', #602, 1000.000000000000000 ) ;
#3164 = AXIS2_PLACEMENT_3D ( 'NONE', #1878, #5090, #798 ) ;
#3165 = CARTESIAN_POINT ( 'NONE',  ( -0.6999999999999996200, 0.1019999999999999900, -1.300000000000000000 ) ) ;
#3166 = ORIENTED_EDGE ( 'NONE', *, *, #841, .F. ) ;
#3167 = VECTOR ( 'NONE', #3087, 1000.000000000000000 ) ;
#3168 = VECTOR ( 'NONE', #1966, 1000.000000000000000 ) ;
#3169 = CARTESIAN_POINT ( 'NONE',  ( -0.8999999999999871400, 0.1019999999999999900, -0.7000000000000001800 ) ) ;
#3170 = ORIENTED_EDGE ( 'NONE', *, *, #2356, .T. ) ;
#3171 = VERTEX_POINT ( 'NONE', #3384 ) ;
#3172 =( GEOMETRIC_REPRESENTATION_CONTEXT ( 3 ) GLOBAL_UNCERTAINTY_ASSIGNED_CONTEXT ( ( #3266 ) ) GLOBAL_UNIT_ASSIGNED_CONTEXT ( ( #3363, #1767, #4589 ) ) REPRESENTATION_CONTEXT ( 'NONE', 'WORKASPACE' ) );
#3173 = VERTEX_POINT ( 'NONE', #676 ) ;
#3174 = LINE ( 'NONE', #3678, #1475 ) ;
#3175 = ORIENTED_EDGE ( 'NONE', *, *, #2311, .T. ) ;
#3176 = LINE ( 'NONE', #4446, #54 ) ;
#3177 = EDGE_CURVE ( 'NONE', #34, #1143, #3224, .T. ) ;
#3178 = EDGE_CURVE ( 'NONE', #3077, #4381, #2481, .T. ) ;
#3179 = UNCERTAINTY_MEASURE_WITH_UNIT (LENGTH_MEASURE( 1.000000000000000100E-005 ), #976, 'distance_accuracy_value', 'NONE');
#3180 = CARTESIAN_POINT ( 'NONE',  ( 0.4999999999999995600, 0.1019999999999999900, -1.300000000000000000 ) ) ;
#3181 = LINE ( 'NONE', #4089, #4106 ) ;
#3182 = CARTESIAN_POINT ( 'NONE',  ( 0.2999999999999999300, 0.1019999999999999900, 1.300000000000000000 ) ) ;
#3183 = ORIENTED_EDGE ( 'NONE', *, *, #4206, .F. ) ;
#3184 = CARTESIAN_POINT ( 'NONE',  ( 0.4999999999999955600, -1.138516480713438700, 0.2999999999999998800 ) ) ;
#3185 = DIRECTION ( 'NONE',  ( -0.0000000000000000000, 1.000000000000000000, -0.0000000000000000000 ) ) ;
#3186 = CARTESIAN_POINT ( 'NONE',  ( 0.4999999999999914500, 0.1019999999999999900, -0.3000000000000000400 ) ) ;
#3187 = VECTOR ( 'NONE', #2567, 1000.000000000000000 ) ;
#3188 = ORIENTED_EDGE ( 'NONE', *, *, #4939, .T. ) ;
#3189 = EDGE_CURVE ( 'NONE', #4559, #4565, #4285, .T. ) ;
#3190 = ORIENTED_EDGE ( 'NONE', *, *, #2131, .T. ) ;
#3191 = LINE ( 'NONE', #2343, #3081 ) ;
#3192 = DIRECTION ( 'NONE',  ( 0.0000000000000000000, 0.0000000000000000000, -1.000000000000000000 ) ) ;
#3193 =( LENGTH_UNIT ( ) NAMED_UNIT ( * ) SI_UNIT ( .MILLI., .METRE. ) );
#3194 = VERTEX_POINT ( 'NONE', #325 ) ;
#3195 = AXIS2_PLACEMENT_3D ( 'NONE', #1979, #3159, #1151 ) ;
#3196 = VECTOR ( 'NONE', #4343, 1000.000000000000000 ) ;
#3197 = ORIENTED_EDGE ( 'NONE', *, *, #4303, .F. ) ;
#3198 = ORIENTED_EDGE ( 'NONE', *, *, #4515, .F. ) ;
#3199 = PLANE ( 'NONE',  #3752 ) ;
#3200 = VERTEX_POINT ( 'NONE', #1340 ) ;
#3201 = DIRECTION ( 'NONE',  ( -1.000000000000000000, 0.0000000000000000000, 5.421010862427527100E-016 ) ) ;
#3202 = ORIENTED_EDGE ( 'NONE', *, *, #1194, .F. ) ;
#3203 = ORIENTED_EDGE ( 'NONE', *, *, #408, .F. ) ;
#3204 = CARTESIAN_POINT ( 'NONE',  ( -0.8999999999999998000, -0.05000000000000012800, 0.7000000000000000700 ) ) ;
#3205 = SURFACE_STYLE_USAGE ( .BOTH. , #824 ) ;
#3206 = ORIENTED_EDGE ( 'NONE', *, *, #1998, .T. ) ;
#3207 = AXIS2_PLACEMENT_3D ( 'NONE', #1010, #3414, #1829 ) ;
#3208 = EDGE_CURVE ( 'NONE', #433, #728, #4218, .T. ) ;
#3209 = LINE ( 'NONE', #2180, #2901 ) ;
#3210 = EDGE_LOOP ( 'NONE', ( #4131, #3269, #572, #4434 ) ) ;
#3211 = ORIENTED_EDGE ( 'NONE', *, *, #2508, .F. ) ;
#3212 = COLOUR_RGB ( '',1.000000000000000000, 1.000000000000000000, 1.000000000000000000 ) ;
#3213 = CARTESIAN_POINT ( 'NONE',  ( -0.5000000000000001100, 0.1019999999999999900, 0.9000000000000001300 ) ) ;
#3214 = CARTESIAN_POINT ( 'NONE',  ( 0.4999999999999872300, 0.1019999999999999900, -0.5000000000000002200 ) ) ;
#3215 = CARTESIAN_POINT ( 'NONE',  ( 0.4999999999999872300, 0.1019999999999999900, -0.5000000000000002200 ) ) ;
#3216 = DIRECTION ( 'NONE',  ( 0.0000000000000000000, 1.000000000000000000, 0.0000000000000000000 ) ) ;
#3217 = AXIS2_PLACEMENT_3D ( 'NONE', #588, #2109, #748 ) ;
#3218 = ORIENTED_EDGE ( 'NONE', *, *, #2165, .T. ) ;
#3219 = LINE ( 'NONE', #3306, #88 ) ;
#3220 = FACE_OUTER_BOUND ( 'NONE', #2941, .T. ) ;
#3221 = DIRECTION ( 'NONE',  ( -0.0000000000000000000, -0.0000000000000000000, -1.000000000000000000 ) ) ;
#3222 = VECTOR ( 'NONE', #245, 1000.000000000000000 ) ;
#3223 = LINE ( 'NONE', #826, #675 ) ;
#3224 = LINE ( 'NONE', #3797, #2317 ) ;
#3225 = ORIENTED_EDGE ( 'NONE', *, *, #2476, .F. ) ;
#3226 = MECHANICAL_DESIGN_GEOMETRIC_PRESENTATION_REPRESENTATION (  '', ( #1147 ), #3509 ) ;
#3227 = COLOUR_RGB ( '',1.000000000000000000, 1.000000000000000000, 1.000000000000000000 ) ;
#3228 = ORIENTED_EDGE ( 'NONE', *, *, #4026, .T. ) ;
#3229 = DIRECTION ( 'NONE',  ( 0.0000000000000000000, 0.0000000000000000000, 1.000000000000000000 ) ) ;
#3230 = DIRECTION ( 'NONE',  ( 0.0000000000000000000, -1.000000000000000000, -0.0000000000000000000 ) ) ;
#3231 = VECTOR ( 'NONE', #1738, 1000.000000000000000 ) ;
#3232 = EDGE_CURVE ( 'NONE', #4636, #4157, #1277, .T. ) ;
#3233 = DIRECTION ( 'NONE',  ( -5.421010862427523200E-016, 0.0000000000000000000, -1.000000000000000000 ) ) ;
#3234 = DIRECTION ( 'NONE',  ( -0.0000000000000000000, 1.000000000000000000, -0.0000000000000000000 ) ) ;
#3235 = DIRECTION ( 'NONE',  ( 1.000000000000000000, 0.0000000000000000000, 2.710505431213761600E-016 ) ) ;
#3236 = ORIENTED_EDGE ( 'NONE', *, *, #3004, .T. ) ;
#3237 = VECTOR ( 'NONE', #870, 1000.000000000000000 ) ;
#3238 = CARTESIAN_POINT ( 'NONE',  ( -0.1000000000000001000, 0.1019999999999999900, 0.9000000000000001300 ) ) ;
#3239 = FACE_OUTER_BOUND ( 'NONE', #4703, .T. ) ;
#3240 = AXIS2_PLACEMENT_3D ( 'NONE', #2484, #592, #2159 ) ;
#3241 = CARTESIAN_POINT ( 'NONE',  ( -0.2999999999999998800, -0.0000000000000000000, -1.300000000000000000 ) ) ;
#3242 = EDGE_LOOP ( 'NONE', ( #270, #1917, #1149, #3190 ) ) ;
#3243 = LINE ( 'NONE', #4124, #1190 ) ;
#3244 = EDGE_CURVE ( 'NONE', #1410, #1489, #1036, .T. ) ;
#3245 =( NAMED_UNIT ( * ) SI_UNIT ( $, .STERADIAN. ) SOLID_ANGLE_UNIT ( ) );
#3246 = CARTESIAN_POINT ( 'NONE',  ( 0.2999999999999997100, -1.138516480713438700, -0.9000000000000001300 ) ) ;
#3247 = CARTESIAN_POINT ( 'NONE',  ( -0.4999999999999914500, -1.138516480713438700, -0.3000000000000000400 ) ) ;
#3248 = ORIENTED_EDGE ( 'NONE', *, *, #1741, .F. ) ;
#3249 = ORIENTED_EDGE ( 'NONE', *, *, #3160, .F. ) ;
#3250 = VECTOR ( 'NONE', #3373, 1000.000000000000000 ) ;
#3251 = EDGE_CURVE ( 'NONE', #1189, #2724, #161, .T. ) ;
#3252 = EDGE_LOOP ( 'NONE', ( #768, #1748, #4828, #2439 ) ) ;
#3253 = VECTOR ( 'NONE', #1578, 1000.000000000000000 ) ;
#3254 = PLANE ( 'NONE',  #3589 ) ;
#3255 = VERTEX_POINT ( 'NONE', #2111 ) ;
#3256 = DIRECTION ( 'NONE',  ( -1.000000000000000000, 0.0000000000000000000, -2.710505431213761600E-016 ) ) ;
#3257 = VECTOR ( 'NONE', #2768, 1000.000000000000000 ) ;
#3258 = ORIENTED_EDGE ( 'NONE', *, *, #95, .F. ) ;
#3259 = ORIENTED_EDGE ( 'NONE', *, *, #1973, .F. ) ;
#3260 = AXIS2_PLACEMENT_3D ( 'NONE', #3360, #596, #4527 ) ;
#3261 = ORIENTED_EDGE ( 'NONE', *, *, #4355, .F. ) ;
#3262 = CARTESIAN_POINT ( 'NONE',  ( 0.4999999999999995600, -1.138516480713438700, -0.9000000000000000200 ) ) ;
#3263 = CARTESIAN_POINT ( 'NONE',  ( 0.9000000000000000200, 0.5000000000000000000, -1.300000000000000300 ) ) ;
#3264 = CARTESIAN_POINT ( 'NONE',  ( -0.4999999999999997800, 0.1019999999999999900, 0.6999999999999998400 ) ) ;
#3265 = ORIENTED_EDGE ( 'NONE', *, *, #674, .T. ) ;
#3266 = UNCERTAINTY_MEASURE_WITH_UNIT (LENGTH_MEASURE( 1.000000000000000100E-005 ), #3363, 'distance_accuracy_value', 'NONE');
#3267 = PLANE ( 'NONE',  #4689 ) ;
#3268 = VECTOR ( 'NONE', #4058, 1000.000000000000000 ) ;
#3269 = ORIENTED_EDGE ( 'NONE', *, *, #925, .F. ) ;
#3270 = CARTESIAN_POINT ( 'NONE',  ( -0.4999999999999997800, 0.1019999999999999900, 0.6999999999999998400 ) ) ;
#3271 = DIRECTION ( 'NONE',  ( -1.000000000000000000, 0.0000000000000000000, -0.0000000000000000000 ) ) ;
#3272 = AXIS2_PLACEMENT_3D ( 'NONE', #1361, #167, #520 ) ;
#3273 = EDGE_CURVE ( 'NONE', #2410, #3920, #544, .T. ) ;
#3274 = CARTESIAN_POINT ( 'NONE',  ( -0.4999999999999997800, 0.1019999999999999900, 0.6999999999999998400 ) ) ;
#3275 = EDGE_CURVE ( 'NONE', #2627, #1189, #4832, .T. ) ;
#3276 = VERTEX_POINT ( 'NONE', #3238 ) ;
#3277 = ORIENTED_EDGE ( 'NONE', *, *, #4042, .F. ) ;
#3278 = ADVANCED_FACE ( 'NONE', ( #1335 ), #2500, .F. ) ;
#3279 = DIRECTION ( 'NONE',  ( 2.710505431213761600E-016, 0.0000000000000000000, 1.000000000000000000 ) ) ;
#3280 = DIRECTION ( 'NONE',  ( -0.0000000000000000000, -1.000000000000000000, -0.0000000000000000000 ) ) ;
#3281 = DIRECTION ( 'NONE',  ( 0.0000000000000000000, 1.000000000000000000, 0.0000000000000000000 ) ) ;
#3282 = CARTESIAN_POINT ( 'NONE',  ( -0.3999999999999997400, -0.0000000000000000000, -0.5000000000000002200 ) ) ;
#3283 = LINE ( 'NONE', #1280, #480 ) ;
#3284 = FACE_OUTER_BOUND ( 'NONE', #279, .T. ) ;
#3285 = ORIENTED_EDGE ( 'NONE', *, *, #2103, .F. ) ;
#3286 = MECHANICAL_DESIGN_GEOMETRIC_PRESENTATION_REPRESENTATION (  '', ( #3033 ), #1645 ) ;
#3287 = VECTOR ( 'NONE', #3786, 1000.000000000000000 ) ;
#3288 = ORIENTED_EDGE ( 'NONE', *, *, #3106, .F. ) ;
#3289 = CARTESIAN_POINT ( 'NONE',  ( 0.4999999999999872300, -0.05000000000000012800, -0.7000000000000000700 ) ) ;
#3290 = EDGE_CURVE ( 'NONE', #2360, #3940, #1944, .T. ) ;
#3291 = ORIENTED_EDGE ( 'NONE', *, *, #2108, .T. ) ;
#3292 = ORIENTED_EDGE ( 'NONE', *, *, #1356, .F. ) ;
#3293 = VECTOR ( 'NONE', #3367, 1000.000000000000000 ) ;
#3294 = ORIENTED_EDGE ( 'NONE', *, *, #2974, .T. ) ;
#3295 = LINE ( 'NONE', #257, #1409 ) ;
#3296 = EDGE_LOOP ( 'NONE', ( #3410, #3285, #4286, #5054 ) ) ;
#3297 = CARTESIAN_POINT ( 'NONE',  ( -0.6999999999999996200, -0.0000000000000000000, -0.9000000000000000200 ) ) ;
#3298 = AXIS2_PLACEMENT_3D ( 'NONE', #3130, #3918, #4314 ) ;
#3299 = CARTESIAN_POINT ( 'NONE',  ( 0.2999999999999999300, -0.05000000000000012800, 0.9000000000000001300 ) ) ;
#3300 = LINE ( 'NONE', #4134, #1352 ) ;
#3301 = ORIENTED_EDGE ( 'NONE', *, *, #2226, .F. ) ;
#3302 = ADVANCED_FACE ( 'NONE', ( #3600 ), #1710, .F. ) ;
#3303 = DIRECTION ( 'NONE',  ( 1.000000000000000000, 0.0000000000000000000, 0.0000000000000000000 ) ) ;
#3304 = DIRECTION ( 'NONE',  ( 1.000000000000000000, -0.0000000000000000000, 5.421010862427523200E-016 ) ) ;
#3305 = PLANE ( 'NONE',  #4409 ) ;
#3306 = CARTESIAN_POINT ( 'NONE',  ( -0.1000000000000000500, 0.1019999999999999900, -1.300000000000000000 ) ) ;
#3307 = VECTOR ( 'NONE', #114, 1000.000000000000000 ) ;
#3308 = EDGE_CURVE ( 'NONE', #2265, #3761, #904, .T. ) ;
#3309 = EDGE_CURVE ( 'NONE', #1639, #2011, #4954, .T. ) ;
#3310 = VERTEX_POINT ( 'NONE', #4451 ) ;
#3311 = DIRECTION ( 'NONE',  ( -0.0000000000000000000, -1.000000000000000000, -0.0000000000000000000 ) ) ;
#3312 = DIRECTION ( 'NONE',  ( -0.0000000000000000000, 1.000000000000000000, -0.0000000000000000000 ) ) ;
#3313 = CARTESIAN_POINT ( 'NONE',  ( -0.1000000000000000500, -1.138516480713438700, -0.9000000000000001300 ) ) ;
#3314 = CARTESIAN_POINT ( 'NONE',  ( 0.9000000000000000200, 0.5000000000000000000, 1.299999999999999600 ) ) ;
#3315 = FACE_OUTER_BOUND ( 'NONE', #4833, .T. ) ;
#3316 = CARTESIAN_POINT ( 'NONE',  ( 0.4999999999999997800, 0.1019999999999999900, 0.5000000000000000000 ) ) ;
#3317 = ORIENTED_EDGE ( 'NONE', *, *, #406, .F. ) ;
#3318 = VERTEX_POINT ( 'NONE', #2898 ) ;
#3319 = ADVANCED_FACE ( 'NONE', ( #3911 ), #164, .F. ) ;
#3320 = DIRECTION ( 'NONE',  ( 0.0000000000000000000, -0.0000000000000000000, 1.000000000000000000 ) ) ;
#3321 = CARTESIAN_POINT ( 'NONE',  ( -0.3000000000000001000, -1.138516480713438700, 1.300000000000000000 ) ) ;
#3322 = LINE ( 'NONE', #4160, #3141 ) ;
#3323 = DIRECTION ( 'NONE',  ( 0.0000000000000000000, -1.000000000000000000, 0.0000000000000000000 ) ) ;
#3324 = ORIENTED_EDGE ( 'NONE', *, *, #3106, .T. ) ;
#3325 = ORIENTED_EDGE ( 'NONE', *, *, #2718, .T. ) ;
#3326 = VECTOR ( 'NONE', #3533, 1000.000000000000000 ) ;
#3327 = EDGE_LOOP ( 'NONE', ( #4969, #1258, #3658, #656 ) ) ;
#3328 = AXIS2_PLACEMENT_3D ( 'NONE', #1374, #734, #2251 ) ;
#3329 = CARTESIAN_POINT ( 'NONE',  ( 0.0000000000000000000, -0.05000000000000002400, 0.0000000000000000000 ) ) ;
#3330 = DIRECTION ( 'NONE',  ( -0.0000000000000000000, 1.000000000000000000, -0.0000000000000000000 ) ) ;
#3331 = EDGE_CURVE ( 'NONE', #705, #517, #794, .T. ) ;
#3332 = VERTEX_POINT ( 'NONE', #1360 ) ;
#3333 = VECTOR ( 'NONE', #4705, 1000.000000000000000 ) ;
#3334 = CARTESIAN_POINT ( 'NONE',  ( 0.9000000000000000200, 0.0000000000000000000, 1.299999999999999600 ) ) ;
#3335 = CARTESIAN_POINT ( 'NONE',  ( -0.3999999999999996900, -1.138516480713438700, -0.6000000000000002000 ) ) ;
#3336 = ORIENTED_EDGE ( 'NONE', *, *, #174, .T. ) ;
#3337 = VERTEX_POINT ( 'NONE', #1373 ) ;
#3338 = DIRECTION ( 'NONE',  ( 0.0000000000000000000, 0.0000000000000000000, -1.000000000000000000 ) ) ;
#3339 = ADVANCED_FACE ( 'NONE', ( #299 ), #2875, .F. ) ;
#3340 = EDGE_LOOP ( 'NONE', ( #268, #2269, #1470, #120 ) ) ;
#3341 = VERTEX_POINT ( 'NONE', #537 ) ;
#3342 = DIRECTION ( 'NONE',  ( -1.000000000000000000, 0.0000000000000000000, 5.421010862427527100E-016 ) ) ;
#3343 = CARTESIAN_POINT ( 'NONE',  ( -0.8999999999999998000, -1.138516480713438700, 0.4999999999999998900 ) ) ;
#3344 = DIRECTION ( 'NONE',  ( 0.0000000000000000000, 0.0000000000000000000, 1.000000000000000000 ) ) ;
#3345 = LINE ( 'NONE', #3775, #211 ) ;
#3346 = ORIENTED_EDGE ( 'NONE', *, *, #4066, .T. ) ;
#3347 = ADVANCED_FACE ( 'NONE', ( #2433 ), #1728, .F. ) ;
#3348 = VERTEX_POINT ( 'NONE', #1662 ) ;
#3349 = DIRECTION ( 'NONE',  ( -5.421010862427526100E-016, 0.0000000000000000000, 1.000000000000000000 ) ) ;
#3350 = CARTESIAN_POINT ( 'NONE',  ( 0.5000000000000000000, 0.1019999999999999900, 1.300000000000000000 ) ) ;
#3351 = FACE_OUTER_BOUND ( 'NONE', #1164, .T. ) ;
#3352 = VECTOR ( 'NONE', #1117, 1000.000000000000000 ) ;
#3353 = VECTOR ( 'NONE', #3561, 1000.000000000000000 ) ;
#3354 = CARTESIAN_POINT ( 'NONE',  ( 0.09999999999999993600, -0.05000000000000012800, 0.9000000000000000200 ) ) ;
#3355 = ORIENTED_EDGE ( 'NONE', *, *, #4100, .T. ) ;
#3356 = VECTOR ( 'NONE', #2225, 1000.000000000000000 ) ;
#3357 = ORIENTED_EDGE ( 'NONE', *, *, #4717, .F. ) ;
#3358 = EDGE_CURVE ( 'NONE', #121, #2434, #1519, .T. ) ;
#3359 = ADVANCED_FACE ( 'NONE', ( #1032 ), #2173, .F. ) ;
#3360 = CARTESIAN_POINT ( 'NONE',  ( 0.8999999999999955800, -1.138516480713438700, 0.09999999999999988100 ) ) ;
#3361 = EDGE_LOOP ( 'NONE', ( #4838, #18, #1902, #112, #4956 ) ) ;
#3362 = FACE_OUTER_BOUND ( 'NONE', #437, .T. ) ;
#3363 =( LENGTH_UNIT ( ) NAMED_UNIT ( * ) SI_UNIT ( .MILLI., .METRE. ) );
#3364 = ORIENTED_EDGE ( 'NONE', *, *, #4004, .T. ) ;
#3365 = EDGE_CURVE ( 'NONE', #836, #3769, #3964, .T. ) ;
#3366 = VECTOR ( 'NONE', #975, 1000.000000000000000 ) ;
#3367 = DIRECTION ( 'NONE',  ( 1.000000000000000000, 0.0000000000000000000, -5.421010862427523200E-016 ) ) ;
#3368 = ORIENTED_EDGE ( 'NONE', *, *, #687, .F. ) ;
#3369 = ADVANCED_FACE ( 'NONE', ( #2744, #5075 ), #2559, .T. ) ;
#3370 = VECTOR ( 'NONE', #117, 1000.000000000000000 ) ;
#3371 = PRESENTATION_LAYER_ASSIGNMENT (  '', '', ( #1124 ) ) ;
#3372 = VERTEX_POINT ( 'NONE', #610 ) ;
#3373 = DIRECTION ( 'NONE',  ( 1.000000000000000000, 0.0000000000000000000, -2.710505431213761600E-016 ) ) ;
#3374 = CARTESIAN_POINT ( 'NONE',  ( -0.1000000000000000500, 0.1019999999999999900, -1.300000000000000000 ) ) ;
#3375 = LINE ( 'NONE', #874, #254 ) ;
#3376 = DIRECTION ( 'NONE',  ( 1.000000000000000000, -0.0000000000000000000, 2.710505431213761600E-016 ) ) ;
#3377 = DIRECTION ( 'NONE',  ( 0.0000000000000000000, 0.0000000000000000000, -1.000000000000000000 ) ) ;
#3378 =( GEOMETRIC_REPRESENTATION_CONTEXT ( 3 ) GLOBAL_UNCERTAINTY_ASSIGNED_CONTEXT ( ( #3718 ) ) GLOBAL_UNIT_ASSIGNED_CONTEXT ( ( #4452, #2095, #1711 ) ) REPRESENTATION_CONTEXT ( 'NONE', 'WORKASPACE' ) );
#3379 = EDGE_CURVE ( 'NONE', #2795, #3052, #1881, .T. ) ;
#3380 = EDGE_CURVE ( 'NONE', #4254, #1729, #4951, .T. ) ;
#3381 = DIRECTION ( 'NONE',  ( 0.0000000000000000000, 0.0000000000000000000, -1.000000000000000000 ) ) ;
#3382 = LINE ( 'NONE', #1068, #4367 ) ;
#3383 = EDGE_LOOP ( 'NONE', ( #46, #884, #2487, #2997 ) ) ;
#3384 = CARTESIAN_POINT ( 'NONE',  ( -0.4999999999999955600, -0.05000000000000012800, 0.2999999999999998200 ) ) ;
#3385 =( LENGTH_UNIT ( ) NAMED_UNIT ( * ) SI_UNIT ( .MILLI., .METRE. ) );
#3386 = VECTOR ( 'NONE', #3854, 1000.000000000000000 ) ;
#3387 = CARTESIAN_POINT ( 'NONE',  ( 0.4999999999999872300, 0.0000000000000000000, -0.7000000000000000700 ) ) ;
#3388 = ADVANCED_FACE ( 'NONE', ( #3220 ), #3089, .F. ) ;
#3389 = VECTOR ( 'NONE', #3002, 1000.000000000000000 ) ;
#3390 = SURFACE_STYLE_USAGE ( .BOTH. , #1817 ) ;
#3391 = ORIENTED_EDGE ( 'NONE', *, *, #4763, .F. ) ;
#3392 = VECTOR ( 'NONE', #378, 1000.000000000000000 ) ;
#3393 = CARTESIAN_POINT ( 'NONE',  ( -0.8999999999999913600, -1.138516480713438700, -0.3000000000000001600 ) ) ;
#3394 = AXIS2_PLACEMENT_3D ( 'NONE', #4721, #377, #3506 ) ;
#3395 = ORIENTED_EDGE ( 'NONE', *, *, #3487, .T. ) ;
#3396 = CARTESIAN_POINT ( 'NONE',  ( 0.2999999999999999300, 0.1019999999999999900, 1.300000000000000000 ) ) ;
#3397 = LINE ( 'NONE', #3032, #277 ) ;
#3398 = EDGE_CURVE ( 'NONE', #486, #2348, #670, .T. ) ;
#3399 = DIRECTION ( 'NONE',  ( 0.0000000000000000000, 0.0000000000000000000, 1.000000000000000000 ) ) ;
#3400 = ORIENTED_EDGE ( 'NONE', *, *, #1415, .T. ) ;
#3401 = ADVANCED_FACE ( 'NONE', ( #2619 ), #4305, .F. ) ;
#3402 = CARTESIAN_POINT ( 'NONE',  ( -0.2999999999999998800, 0.1019999999999999900, -0.9000000000000000200 ) ) ;
#3403 = CARTESIAN_POINT ( 'NONE',  ( 0.2999999999999999300, 0.1019999999999999900, 1.300000000000000000 ) ) ;
#3404 = CARTESIAN_POINT ( 'NONE',  ( 0.0000000000000000000, -0.05000000000000002400, 0.0000000000000000000 ) ) ;
#3405 = ORIENTED_EDGE ( 'NONE', *, *, #547, .F. ) ;
#3406 = DIRECTION ( 'NONE',  ( -0.0000000000000000000, -0.0000000000000000000, 1.000000000000000000 ) ) ;
#3407 = CARTESIAN_POINT ( 'NONE',  ( 0.4999999999999995600, -0.05000000000000012800, -0.9000000000000000200 ) ) ;
#3408 = DIRECTION ( 'NONE',  ( -0.0000000000000000000, 1.000000000000000000, -0.0000000000000000000 ) ) ;
#3409 = EDGE_CURVE ( 'NONE', #1628, #2590, #2003, .T. ) ;
#3410 = ORIENTED_EDGE ( 'NONE', *, *, #4551, .T. ) ;
#3411 = CARTESIAN_POINT ( 'NONE',  ( -0.4999999999999914500, 0.1019999999999999900, -0.1000000000000001600 ) ) ;
#3412 = SURFACE_STYLE_USAGE ( .BOTH. , #4243 ) ;
#3413 = VECTOR ( 'NONE', #2513, 1000.000000000000000 ) ;
#3414 = DIRECTION ( 'NONE',  ( -1.000000000000000000, 0.0000000000000000000, 0.0000000000000000000 ) ) ;
#3415 = ORIENTED_EDGE ( 'NONE', *, *, #1267, .F. ) ;
#3416 = ORIENTED_EDGE ( 'NONE', *, *, #4140, .F. ) ;
#3417 = PLANE ( 'NONE',  #2326 ) ;
#3418 = FACE_OUTER_BOUND ( 'NONE', #2167, .T. ) ;
#3419 = ORIENTED_EDGE ( 'NONE', *, *, #2670, .F. ) ;
#3420 = FACE_OUTER_BOUND ( 'NONE', #4779, .T. ) ;
#3421 = ORIENTED_EDGE ( 'NONE', *, *, #4338, .T. ) ;
#3422 = ADVANCED_FACE ( 'NONE', ( #3110 ), #4253, .F. ) ;
#3423 = VERTEX_POINT ( 'NONE', #782 ) ;
#3424 = DIRECTION ( 'NONE',  ( 0.0000000000000000000, 0.0000000000000000000, 1.000000000000000000 ) ) ;
#3425 = CARTESIAN_POINT ( 'NONE',  ( -0.8999999999999913600, -0.05000000000000012800, -0.09999999999999993600 ) ) ;
#3426 =( GEOMETRIC_REPRESENTATION_CONTEXT ( 3 ) GLOBAL_UNCERTAINTY_ASSIGNED_CONTEXT ( ( #4579 ) ) GLOBAL_UNIT_ASSIGNED_CONTEXT ( ( #1185, #1919, #3931 ) ) REPRESENTATION_CONTEXT ( 'NONE', 'WORKASPACE' ) );
#3427 = LINE ( 'NONE', #3817, #618 ) ;
#3428 = CARTESIAN_POINT ( 'NONE',  ( 0.4999999999999872300, 0.1019999999999999900, -0.5000000000000002200 ) ) ;
#3429 = LINE ( 'NONE', #1427, #2382 ) ;
#3430 = EDGE_CURVE ( 'NONE', #4563, #3781, #4663, .T. ) ;
#3431 = ORIENTED_EDGE ( 'NONE', *, *, #4534, .F. ) ;
#3432 = CARTESIAN_POINT ( 'NONE',  ( -0.4999999999999914500, 0.1019999999999999900, -0.3000000000000000400 ) ) ;
#3433 = VERTEX_POINT ( 'NONE', #1549 ) ;
#3434 = CARTESIAN_POINT ( 'NONE',  ( -0.8999999999999998000, 0.0000000000000000000, 1.300000000000000000 ) ) ;
#3435 = FACE_OUTER_BOUND ( 'NONE', #1841, .T. ) ;
#3436 = CARTESIAN_POINT ( 'NONE',  ( -0.7000000000000000700, -1.138516480713438700, 1.300000000000000000 ) ) ;
#3437 = VERTEX_POINT ( 'NONE', #3485 ) ;
#3438 = ORIENTED_EDGE ( 'NONE', *, *, #2291, .T. ) ;
#3439 = AXIS2_PLACEMENT_3D ( 'NONE', #4684, #1898, #4270 ) ;
#3440 = DIRECTION ( 'NONE',  ( 1.000000000000000000, 0.0000000000000000000, 0.0000000000000000000 ) ) ;
#3441 = VECTOR ( 'NONE', #885, 1000.000000000000000 ) ;
#3442 = CIRCLE ( 'NONE', #2520, 0.1104759766373918000 ) ;
#3443 = AXIS2_PLACEMENT_3D ( 'NONE', #2334, #3867, #3104 ) ;
#3444 = CARTESIAN_POINT ( 'NONE',  ( 0.4999999999999955600, -0.05000000000000012800, 0.2999999999999998800 ) ) ;
#3445 = PLANE ( 'NONE',  #3164 ) ;
#3446 = ORIENTED_EDGE ( 'NONE', *, *, #1183, .T. ) ;
#3447 = PLANE ( 'NONE',  #1040 ) ;
#3448 = ORIENTED_EDGE ( 'NONE', *, *, #45, .T. ) ;
#3449 = CARTESIAN_POINT ( 'NONE',  ( 0.8999999999999955800, -0.05000000000000012800, 0.09999999999999988100 ) ) ;
#3450 = AXIS2_PLACEMENT_3D ( 'NONE', #4507, #218, #199 ) ;
#3451 = EDGE_CURVE ( 'NONE', #3818, #354, #1585, .T. ) ;
#3452 = EDGE_CURVE ( 'NONE', #1114, #3819, #896, .T. ) ;
#3453 = DIRECTION ( 'NONE',  ( -2.710505431213761600E-016, 0.0000000000000000000, -1.000000000000000000 ) ) ;
#3454 = DIRECTION ( 'NONE',  ( 1.000000000000000000, -0.0000000000000000000, 5.421010862427523200E-016 ) ) ;
#3455 = CARTESIAN_POINT ( 'NONE',  ( 0.4999999999999955600, -1.138516480713438700, 0.2999999999999998800 ) ) ;
#3456 = CARTESIAN_POINT ( 'NONE',  ( -0.8999999999999998000, 0.0000000000000000000, 1.300000000000000000 ) ) ;
#3457 = PLANE ( 'NONE',  #4090 ) ;
#3458 = FACE_OUTER_BOUND ( 'NONE', #3361, .T. ) ;
#3459 = VERTEX_POINT ( 'NONE', #1181 ) ;
#3460 = ORIENTED_EDGE ( 'NONE', *, *, #3244, .F. ) ;
#3461 = ORIENTED_EDGE ( 'NONE', *, *, #796, .T. ) ;
#3462 = CARTESIAN_POINT ( 'NONE',  ( -0.8999999999999998000, 0.1019999999999999900, 0.7000000000000000700 ) ) ;
#3463 = PLANE ( 'NONE',  #3577 ) ;
#3464 = DIRECTION ( 'NONE',  ( -0.0000000000000000000, -0.0000000000000000000, 1.000000000000000000 ) ) ;
#3465 = ORIENTED_EDGE ( 'NONE', *, *, #1719, .T. ) ;
#3466 = ORIENTED_EDGE ( 'NONE', *, *, #1318, .F. ) ;
#3467 = DIRECTION ( 'NONE',  ( -0.0000000000000000000, -1.000000000000000000, -0.0000000000000000000 ) ) ;
#3468 = CARTESIAN_POINT ( 'NONE',  ( 0.5000000000000000000, -1.138516480713438700, 1.300000000000000000 ) ) ;
#3469 = FACE_OUTER_BOUND ( 'NONE', #1345, .T. ) ;
#3470 = EDGE_CURVE ( 'NONE', #1111, #525, #1675, .T. ) ;
#3471 = CARTESIAN_POINT ( 'NONE',  ( -0.3999999999999996900, -0.05000000000000012800, -0.6000000000000002000 ) ) ;
#3472 = ORIENTED_EDGE ( 'NONE', *, *, #4168, .T. ) ;
#3473 = CARTESIAN_POINT ( 'NONE',  ( 0.09999999999999988100, 0.1019999999999999900, -1.300000000000000000 ) ) ;
#3474 = EDGE_LOOP ( 'NONE', ( #3912, #2253, #1610, #4874 ) ) ;
#3475 = DIRECTION ( 'NONE',  ( 1.000000000000000000, -0.0000000000000000000, 0.0000000000000000000 ) ) ;
#3476 = PLANE ( 'NONE',  #2784 ) ;
#3477 = CARTESIAN_POINT ( 'NONE',  ( 0.6999999999999999600, 0.1019999999999999900, 0.9000000000000001300 ) ) ;
#3478 = ORIENTED_EDGE ( 'NONE', *, *, #157, .T. ) ;
#3479 = AXIS2_PLACEMENT_3D ( 'NONE', #1172, #4708, #5083 ) ;
#3480 = SURFACE_STYLE_USAGE ( .BOTH. , #5055 ) ;
#3481 = LINE ( 'NONE', #3274, #1394 ) ;
#3482 = DIRECTION ( 'NONE',  ( -1.000000000000000000, 0.0000000000000000000, 5.421010862427523200E-016 ) ) ;
#3483 = VECTOR ( 'NONE', #5047, 1000.000000000000000 ) ;
#3484 = CARTESIAN_POINT ( 'NONE',  ( 0.09999999999999993600, -1.138516480713438700, 1.300000000000000000 ) ) ;
#3485 = CARTESIAN_POINT ( 'NONE',  ( 0.8999999999999955800, 0.1019999999999999900, 0.09999999999999988100 ) ) ;
#3486 = AXIS2_PLACEMENT_3D ( 'NONE', #1103, #3024, #2589 ) ;
#3487 = EDGE_CURVE ( 'NONE', #94, #1573, #4890, .T. ) ;
#3488 =( LENGTH_UNIT ( ) NAMED_UNIT ( * ) SI_UNIT ( .MILLI., .METRE. ) );
#3489 = EDGE_CURVE ( 'NONE', #4254, #1143, #89, .T. ) ;
#3490 = LINE ( 'NONE', #305, #1402 ) ;
#3491 = VECTOR ( 'NONE', #248, 1000.000000000000000 ) ;
#3492 = VERTEX_POINT ( 'NONE', #2330 ) ;
#3493 = DIRECTION ( 'NONE',  ( -1.000000000000000000, 0.0000000000000000000, -5.421010862427523200E-016 ) ) ;
#3494 = DIRECTION ( 'NONE',  ( 0.0000000000000000000, 0.0000000000000000000, -1.000000000000000000 ) ) ;
#3495 = ORIENTED_EDGE ( 'NONE', *, *, #4337, .F. ) ;
#3496 = LINE ( 'NONE', #3314, #1818 ) ;
#3497 = LINE ( 'NONE', #3456, #2932 ) ;
#3498 = CARTESIAN_POINT ( 'NONE',  ( 0.9000000000000000200, 0.0000000000000000000, -1.300000000000000300 ) ) ;
#3499 = CARTESIAN_POINT ( 'NONE',  ( -0.1000000000000001000, 0.1019999999999999900, 1.300000000000000000 ) ) ;
#3500 = AXIS2_PLACEMENT_3D ( 'NONE', #2140, #3323, #4903 ) ;
#3501 = EDGE_CURVE ( 'NONE', #719, #4722, #4723, .T. ) ;
#3502 = LINE ( 'NONE', #101, #2444 ) ;
#3503 = ORIENTED_EDGE ( 'NONE', *, *, #702, .F. ) ;
#3504 = ADVANCED_FACE ( 'NONE', ( #1799 ), #3154, .F. ) ;
#3505 = DIRECTION ( 'NONE',  ( -1.000000000000000000, 0.0000000000000000000, 5.421010862427523200E-016 ) ) ;
#3506 = DIRECTION ( 'NONE',  ( 0.7071067811865037200, 0.0000000000000000000, 0.7071067811865914300 ) ) ;
#3507 = LINE ( 'NONE', #1313, #3078 ) ;
#3508 = UNCERTAINTY_MEASURE_WITH_UNIT (LENGTH_MEASURE( 1.000000000000000100E-005 ), #1219, 'distance_accuracy_value', 'NONE');
#3509 =( GEOMETRIC_REPRESENTATION_CONTEXT ( 3 ) GLOBAL_UNCERTAINTY_ASSIGNED_CONTEXT ( ( #3179 ) ) GLOBAL_UNIT_ASSIGNED_CONTEXT ( ( #976, #251, #2571 ) ) REPRESENTATION_CONTEXT ( 'NONE', 'WORKASPACE' ) );
#3510 = DIRECTION ( 'NONE',  ( 1.000000000000000000, 0.0000000000000000000, 0.0000000000000000000 ) ) ;
#3511 = PLANE ( 'NONE',  #4715 ) ;
#3512 = PLANE ( 'NONE',  #3479 ) ;
#3513 = VECTOR ( 'NONE', #4974, 1000.000000000000000 ) ;
#3514 = CARTESIAN_POINT ( 'NONE',  ( -0.8999999999999913600, 0.1019999999999999900, -0.09999999999999993600 ) ) ;
#3515 = EDGE_CURVE ( 'NONE', #4687, #4531, #539, .T. ) ;
#3516 = CARTESIAN_POINT ( 'NONE',  ( 0.4999999999999997800, 0.1019999999999999900, 0.6999999999999998400 ) ) ;
#3517 = ORIENTED_EDGE ( 'NONE', *, *, #3398, .T. ) ;
#3518 = ORIENTED_EDGE ( 'NONE', *, *, #2910, .F. ) ;
#3519 = LINE ( 'NONE', #3131, #3872 ) ;
#3520 = DIRECTION ( 'NONE',  ( -1.000000000000000000, 0.0000000000000000000, 5.421010862427527100E-016 ) ) ;
#3521 = ORIENTED_EDGE ( 'NONE', *, *, #2356, .F. ) ;
#3522 = EDGE_LOOP ( 'NONE', ( #4901, #4810, #2573, #2591 ) ) ;
#3523 = VECTOR ( 'NONE', #361, 1000.000000000000000 ) ;
#3524 = DIRECTION ( 'NONE',  ( -2.710505431213761600E-016, 0.0000000000000000000, 1.000000000000000000 ) ) ;
#3525 = CARTESIAN_POINT ( 'NONE',  ( -0.8999999999999913600, -0.0000000000000000000, -0.09999999999999993600 ) ) ;
#3526 = VECTOR ( 'NONE', #1020, 1000.000000000000000 ) ;
#3527 = CARTESIAN_POINT ( 'NONE',  ( 0.8999999999999955800, 0.1019999999999999900, 0.3000000000000001000 ) ) ;
#3528 = VERTEX_POINT ( 'NONE', #2377 ) ;
#3529 = ORIENTED_EDGE ( 'NONE', *, *, #1144, .T. ) ;
#3530 = AXIS2_PLACEMENT_3D ( 'NONE', #4041, #154, #1680 ) ;
#3531 = ORIENTED_EDGE ( 'NONE', *, *, #2213, .T. ) ;
#3532 = EDGE_CURVE ( 'NONE', #4811, #912, #3843, .T. ) ;
#3533 = DIRECTION ( 'NONE',  ( 0.0000000000000000000, 0.0000000000000000000, -1.000000000000000000 ) ) ;
#3534 = VECTOR ( 'NONE', #152, 1000.000000000000000 ) ;
#3535 = PLANE ( 'NONE',  #1057 ) ;
#3536 = EDGE_LOOP ( 'NONE', ( #2370, #2908, #2735, #4959 ) ) ;
#3537 = CARTESIAN_POINT ( 'NONE',  ( 0.6999999999999995100, 0.1019999999999999900, -0.9000000000000001300 ) ) ;
#3538 = EDGE_CURVE ( 'NONE', #3348, #1447, #965, .T. ) ;
#3539 = VECTOR ( 'NONE', #4797, 1000.000000000000000 ) ;
#3540 = VECTOR ( 'NONE', #4057, 1000.000000000000000 ) ;
#3541 = PLANE ( 'NONE',  #1193 ) ;
#3542 = DIRECTION ( 'NONE',  ( 0.0000000000000000000, -0.0000000000000000000, 1.000000000000000000 ) ) ;
#3543 = LINE ( 'NONE', #637, #1942 ) ;
#3544 = AXIS2_PLACEMENT_3D ( 'NONE', #5028, #2275, #5010 ) ;
#3545 = LINE ( 'NONE', #1656, #1518 ) ;
#3546 = FACE_OUTER_BOUND ( 'NONE', #3919, .T. ) ;
#3547 = EDGE_LOOP ( 'NONE', ( #1920, #4950, #3026, #800 ) ) ;
#3548 = ORIENTED_EDGE ( 'NONE', *, *, #4169, .F. ) ;
#3549 = LINE ( 'NONE', #2992, #2007 ) ;
#3550 = EDGE_LOOP ( 'NONE', ( #3602, #3249, #1539, #4670 ) ) ;
#3551 = ORIENTED_EDGE ( 'NONE', *, *, #2108, .F. ) ;
#3552 = DIRECTION ( 'NONE',  ( -0.0000000000000000000, 1.000000000000000000, -0.0000000000000000000 ) ) ;
#3553 = AXIS2_PLACEMENT_3D ( 'NONE', #1405, #4496, #4931 ) ;
#3554 = EDGE_CURVE ( 'NONE', #2722, #739, #1740, .T. ) ;
#3555 = EDGE_CURVE ( 'NONE', #849, #3709, #2794, .T. ) ;
#3556 = VECTOR ( 'NONE', #2636, 1000.000000000000000 ) ;
#3557 = DIRECTION ( 'NONE',  ( 2.710505431213761600E-016, 0.0000000000000000000, 1.000000000000000000 ) ) ;
#3558 = COLOUR_RGB ( '',1.000000000000000000, 1.000000000000000000, 1.000000000000000000 ) ;
#3559 = ORIENTED_EDGE ( 'NONE', *, *, #1128, .F. ) ;
#3560 = DIRECTION ( 'NONE',  ( 0.0000000000000000000, 0.0000000000000000000, 1.000000000000000000 ) ) ;
#3561 = DIRECTION ( 'NONE',  ( -1.000000000000000000, -0.0000000000000000000, -5.421010862427523200E-016 ) ) ;
#3562 = LINE ( 'NONE', #1069, #4356 ) ;
#3563 = FACE_OUTER_BOUND ( 'NONE', #2924, .T. ) ;
#3564 = CARTESIAN_POINT ( 'NONE',  ( -0.4999999999999997800, 0.0000000000000000000, 0.5000000000000000000 ) ) ;
#3565 = EDGE_CURVE ( 'NONE', #5053, #3276, #5014, .T. ) ;
#3566 = VECTOR ( 'NONE', #2833, 1000.000000000000000 ) ;
#3567 = UNCERTAINTY_MEASURE_WITH_UNIT (LENGTH_MEASURE( 1.000000000000000100E-005 ), #2709, 'distance_accuracy_value', 'NONE');
#3568 = DIRECTION ( 'NONE',  ( 0.0000000000000000000, 0.0000000000000000000, -1.000000000000000000 ) ) ;
#3569 = DIRECTION ( 'NONE',  ( -0.0000000000000000000, -1.000000000000000000, -0.0000000000000000000 ) ) ;
#3570 = AXIS2_PLACEMENT_3D ( 'NONE', #497, #3216, #879 ) ;
#3571 = ORIENTED_EDGE ( 'NONE', *, *, #2103, .T. ) ;
#3572 = DIRECTION ( 'NONE',  ( 0.0000000000000000000, -1.000000000000000000, 0.0000000000000000000 ) ) ;
#3573 = DIRECTION ( 'NONE',  ( 0.0000000000000000000, 0.0000000000000000000, -1.000000000000000000 ) ) ;
#3574 = LINE ( 'NONE', #4011, #3942 ) ;
#3575 = ORIENTED_EDGE ( 'NONE', *, *, #3409, .T. ) ;
#3576 = CARTESIAN_POINT ( 'NONE',  ( -0.5000000000000001100, 0.1019999999999999900, 0.9000000000000001300 ) ) ;
#3577 = AXIS2_PLACEMENT_3D ( 'NONE', #4269, #5039, #3424 ) ;
#3578 = EDGE_CURVE ( 'NONE', #3940, #1894, #4829, .T. ) ;
#3579 = VECTOR ( 'NONE', #62, 1000.000000000000000 ) ;
#3580 = ORIENTED_EDGE ( 'NONE', *, *, #3538, .T. ) ;
#3581 = ORIENTED_EDGE ( 'NONE', *, *, #1237, .T. ) ;
#3582 = PLANE ( 'NONE',  #590 ) ;
#3583 = ORIENTED_EDGE ( 'NONE', *, *, #4431, .T. ) ;
#3584 = CARTESIAN_POINT ( 'NONE',  ( 0.6999999999999999600, 0.1019999999999999900, 1.300000000000000000 ) ) ;
#3585 = FACE_OUTER_BOUND ( 'NONE', #4817, .T. ) ;
#3586 = PLANE ( 'NONE',  #4195 ) ;
#3587 =( NAMED_UNIT ( * ) PLANE_ANGLE_UNIT ( ) SI_UNIT ( $, .RADIAN. ) );
#3588 = EDGE_LOOP ( 'NONE', ( #1152, #1992, #2396, #2806 ) ) ;
#3589 = AXIS2_PLACEMENT_3D ( 'NONE', #4050, #2874, #554 ) ;
#3590 = EDGE_CURVE ( 'NONE', #4044, #728, #2542, .T. ) ;
#3591 = EDGE_LOOP ( 'NONE', ( #3971, #2231, #594, #1532, #2563, #3202, #1234, #1760, #1382, #2122, #3211, #3472, #4025, #4092, #3261, #943, #4029, #3225, #3155, #3400 ) ) ;
#3592 = CARTESIAN_POINT ( 'NONE',  ( -0.1000000000000000500, 0.1019999999999999900, -0.9000000000000001300 ) ) ;
#3593 = VECTOR ( 'NONE', #1886, 1000.000000000000000 ) ;
#3594 = VECTOR ( 'NONE', #10, 1000.000000000000000 ) ;
#3595 = LINE ( 'NONE', #2324, #5017 ) ;
#3596 = DIRECTION ( 'NONE',  ( -0.0000000000000000000, -1.000000000000000000, -0.0000000000000000000 ) ) ;
#3597 = VECTOR ( 'NONE', #2962, 1000.000000000000000 ) ;
#3598 = FACE_OUTER_BOUND ( 'NONE', #1664, .T. ) ;
#3599 = PLANE ( 'NONE',  #1207 ) ;
#3600 = FACE_OUTER_BOUND ( 'NONE', #2341, .T. ) ;
#3601 = DIRECTION ( 'NONE',  ( 0.0000000000000000000, 0.0000000000000000000, -1.000000000000000000 ) ) ;
#3602 = ORIENTED_EDGE ( 'NONE', *, *, #3515, .T. ) ;
#3603 = ADVANCED_FACE ( 'NONE', ( #732 ), #720, .F. ) ;
#3604 = AXIS2_PLACEMENT_3D ( 'NONE', #3774, #4909, #635 ) ;
#3605 = ADVANCED_FACE ( 'NONE', ( #2427 ), #4673, .F. ) ;
#3606 = ORIENTED_EDGE ( 'NONE', *, *, #2148, .F. ) ;
#3607 = FACE_OUTER_BOUND ( 'NONE', #1310, .T. ) ;
#3608 = CARTESIAN_POINT ( 'NONE',  ( 0.2999999999999997100, 0.1019999999999999900, -1.300000000000000000 ) ) ;
#3609 = ORIENTED_EDGE ( 'NONE', *, *, #4169, .T. ) ;
#3610 = DIRECTION ( 'NONE',  ( 0.0000000000000000000, 0.0000000000000000000, -1.000000000000000000 ) ) ;
#3611 = CARTESIAN_POINT ( 'NONE',  ( 0.2999999999999997100, 0.1019999999999999900, -1.300000000000000000 ) ) ;
#3612 = AXIS2_PLACEMENT_3D ( 'NONE', #1869, #4213, #2653 ) ;
#3613 = LINE ( 'NONE', #3614, #2994 ) ;
#3614 = CARTESIAN_POINT ( 'NONE',  ( -0.6842896944760923400, 0.4500000000000000100, -1.121739601014925900 ) ) ;
#3615 = VECTOR ( 'NONE', #2051, 1000.000000000000000 ) ;
#3616 = CARTESIAN_POINT ( 'NONE',  ( 0.0000000000000000000, 0.1019999999999999900, 0.0000000000000000000 ) ) ;
#3617 = EDGE_CURVE ( 'NONE', #276, #4044, #4144, .T. ) ;
#3618 = PLANE ( 'NONE',  #4558 ) ;
#3619 = LINE ( 'NONE', #2257, #1244 ) ;
#3620 = PLANE ( 'NONE',  #1115 ) ;
#3621 = EDGE_CURVE ( 'NONE', #4603, #1665, #359, .T. ) ;
#3622 = FACE_OUTER_BOUND ( 'NONE', #3588, .T. ) ;
#3623 = CARTESIAN_POINT ( 'NONE',  ( 0.6999999999999999600, -1.138516480713438700, 0.9000000000000001300 ) ) ;
#3624 = DIRECTION ( 'NONE',  ( 1.000000000000000000, 0.0000000000000000000, 5.421010862427523200E-016 ) ) ;
#3625 = VECTOR ( 'NONE', #3494, 1000.000000000000000 ) ;
#3626 = CARTESIAN_POINT ( 'NONE',  ( -0.4999999999999955600, 0.1019999999999999900, 0.2999999999999998800 ) ) ;
#3627 = EDGE_LOOP ( 'NONE', ( #2297, #3693, #348, #301 ) ) ;
#3628 = ORIENTED_EDGE ( 'NONE', *, *, #4802, .F. ) ;
#3629 = ORIENTED_EDGE ( 'NONE', *, *, #2713, .F. ) ;
#3630 = VERTEX_POINT ( 'NONE', #4276 ) ;
#3631 = ORIENTED_EDGE ( 'NONE', *, *, #1636, .F. ) ;
#3632 = VECTOR ( 'NONE', #4768, 1000.000000000000000 ) ;
#3633 = DIRECTION ( 'NONE',  ( 0.0000000000000000000, -0.0000000000000000000, -1.000000000000000000 ) ) ;
#3634 = CARTESIAN_POINT ( 'NONE',  ( 0.6999999999999995100, 0.1019999999999999900, -0.9000000000000001300 ) ) ;
#3635 = STYLED_ITEM ( 'NONE', ( #1534 ), #2802 ) ;
#3636 = EDGE_CURVE ( 'NONE', #2434, #2800, #4280, .T. ) ;
#3637 = CARTESIAN_POINT ( 'NONE',  ( 0.6999999999999994000, 0.0000000000000000000, -0.9000000000000002400 ) ) ;
#3638 = EDGE_CURVE ( 'NONE', #2553, #3920, #3049, .T. ) ;
#3639 = VERTEX_POINT ( 'NONE', #1574 ) ;
#3640 = ORIENTED_EDGE ( 'NONE', *, *, #674, .F. ) ;
#3641 = ORIENTED_EDGE ( 'NONE', *, *, #3139, .T. ) ;
#3642 = VERTEX_POINT ( 'NONE', #2667 ) ;
#3643 = COLOUR_RGB ( '',1.000000000000000000, 1.000000000000000000, 1.000000000000000000 ) ;
#3644 = ORIENTED_EDGE ( 'NONE', *, *, #2869, .F. ) ;
#3645 = ORIENTED_EDGE ( 'NONE', *, *, #3398, .F. ) ;
#3646 = DIRECTION ( 'NONE',  ( -1.000000000000000000, 0.0000000000000000000, -0.0000000000000000000 ) ) ;
#3647 = CARTESIAN_POINT ( 'NONE',  ( 0.8999999999999998000, -1.138516480713438700, 0.4999999999999998900 ) ) ;
#3648 = LINE ( 'NONE', #2044, #535 ) ;
#3649 = AXIS2_PLACEMENT_3D ( 'NONE', #1882, #733, #1949 ) ;
#3650 = MANIFOLD_SOLID_BREP ( 'Cut-Extrude2', #1026 ) ;
#3651 = VECTOR ( 'NONE', #1161, 1000.000000000000000 ) ;
#3652 = DIRECTION ( 'NONE',  ( 0.0000000000000000000, 0.0000000000000000000, 1.000000000000000000 ) ) ;
#3653 = DIRECTION ( 'NONE',  ( -0.0000000000000000000, -1.000000000000000000, -0.0000000000000000000 ) ) ;
#3654 = EDGE_CURVE ( 'NONE', #2877, #2533, #3749, .T. ) ;
#3655 = VECTOR ( 'NONE', #3754, 1000.000000000000000 ) ;
#3656 = VECTOR ( 'NONE', #4460, 1000.000000000000000 ) ;
#3657 = EDGE_LOOP ( 'NONE', ( #1239, #2584 ) ) ;
#3658 = ORIENTED_EDGE ( 'NONE', *, *, #1703, .F. ) ;
#3659 = DIRECTION ( 'NONE',  ( -0.0000000000000000000, 1.000000000000000000, -0.0000000000000000000 ) ) ;
#3660 = CARTESIAN_POINT ( 'NONE',  ( -0.6999999999999996200, -1.138516480713438700, -0.9000000000000000200 ) ) ;
#3661 = VECTOR ( 'NONE', #1110, 1000.000000000000000 ) ;
#3662 = MECHANICAL_DESIGN_GEOMETRIC_PRESENTATION_REPRESENTATION (  '', ( #4637 ), #4265 ) ;
#3663 = ORIENTED_EDGE ( 'NONE', *, *, #725, .F. ) ;
#3664 = ORIENTED_EDGE ( 'NONE', *, *, #583, .T. ) ;
#3665 = ADVANCED_FACE ( 'NONE', ( #872 ), #1199, .F. ) ;
#3666 = SURFACE_STYLE_FILL_AREA ( #2593 ) ;
#3667 = PLANE ( 'NONE',  #3530 ) ;
#3668 = EDGE_LOOP ( 'NONE', ( #445, #1812, #4432, #2666 ) ) ;
#3669 = EDGE_CURVE ( 'NONE', #4702, #1573, #4245, .T. ) ;
#3670 = CARTESIAN_POINT ( 'NONE',  ( -0.1000000000000000500, -0.0000000000000000000, -0.9000000000000001300 ) ) ;
#3671 = CARTESIAN_POINT ( 'NONE',  ( 0.0000000000000000000, 0.1019999999999999900, 0.0000000000000000000 ) ) ;
#3672 = CARTESIAN_POINT ( 'NONE',  ( -0.4999999999999997800, -1.138516480713438700, 0.5000000000000000000 ) ) ;
#3673 = SURFACE_STYLE_FILL_AREA ( #293 ) ;
#3674 = DIRECTION ( 'NONE',  ( -1.000000000000000000, 0.0000000000000000000, 5.421010862427523200E-016 ) ) ;
#3675 = CARTESIAN_POINT ( 'NONE',  ( 0.2999999999999999300, -0.05000000000000012800, 0.9000000000000001300 ) ) ;
#3676 = VECTOR ( 'NONE', #2778, 1000.000000000000000 ) ;
#3677 = CARTESIAN_POINT ( 'NONE',  ( 0.4999999999999955600, -1.138516480713438700, 0.09999999999999999200 ) ) ;
#3678 = CARTESIAN_POINT ( 'NONE',  ( -0.7000000000000000700, 0.1019999999999999900, 0.9000000000000000200 ) ) ;
#3679 = ORIENTED_EDGE ( 'NONE', *, *, #2242, .F. ) ;
#3680 = PLANE ( 'NONE',  #1835 ) ;
#3681 = VECTOR ( 'NONE', #2516, 1000.000000000000000 ) ;
#3682 = AXIS2_PLACEMENT_3D ( 'NONE', #2650, #310, #3830 ) ;
#3683 = CARTESIAN_POINT ( 'NONE',  ( -0.8999999999999955800, 0.1019999999999999900, 0.3000000000000001000 ) ) ;
#3684 = EDGE_CURVE ( 'NONE', #1562, #4340, #4918, .T. ) ;
#3685 = CARTESIAN_POINT ( 'NONE',  ( -0.8999999999999871400, -1.138516480713438700, -0.5000000000000000000 ) ) ;
#3686 = ORIENTED_EDGE ( 'NONE', *, *, #27, .T. ) ;
#3687 = DIRECTION ( 'NONE',  ( 0.0000000000000000000, 1.000000000000000000, 0.0000000000000000000 ) ) ;
#3688 = CARTESIAN_POINT ( 'NONE',  ( -0.5000000000000001100, 0.1019999999999999900, 1.300000000000000000 ) ) ;
#3689 = LINE ( 'NONE', #4294, #128 ) ;
#3690 = DIRECTION ( 'NONE',  ( 0.0000000000000000000, 0.0000000000000000000, -1.000000000000000000 ) ) ;
#3691 = EDGE_LOOP ( 'NONE', ( #4386, #775, #2320, #3446 ) ) ;
#3692 = ADVANCED_FACE ( 'NONE', ( #1188 ), #5011, .F. ) ;
#3693 = ORIENTED_EDGE ( 'NONE', *, *, #3208, .F. ) ;
#3694 = DIRECTION ( 'NONE',  ( -5.421010862427523200E-016, 0.0000000000000000000, -1.000000000000000000 ) ) ;
#3695 = DIRECTION ( 'NONE',  ( -0.0000000000000000000, -0.0000000000000000000, -1.000000000000000000 ) ) ;
#3696 = VECTOR ( 'NONE', #4586, 1000.000000000000000 ) ;
#3697 = VERTEX_POINT ( 'NONE', #324 ) ;
#3698 = VERTEX_POINT ( 'NONE', #2671 ) ;
#3699 = AXIS2_PLACEMENT_3D ( 'NONE', #1342, #4070, #166 ) ;
#3700 = DIRECTION ( 'NONE',  ( -0.0000000000000000000, -0.0000000000000000000, 1.000000000000000000 ) ) ;
#3701 = EDGE_LOOP ( 'NONE', ( #4928, #4814, #2282, #1137 ) ) ;
#3702 = CARTESIAN_POINT ( 'NONE',  ( 0.4999999999999955600, 0.0000000000000000000, 0.09999999999999999200 ) ) ;
#3703 = VERTEX_POINT ( 'NONE', #2683 ) ;
#3704 = ADVANCED_FACE ( 'NONE', ( #2156 ), #1890, .T. ) ;
#3705 = FACE_OUTER_BOUND ( 'NONE', #38, .T. ) ;
#3706 = ORIENTED_EDGE ( 'NONE', *, *, #2286, .T. ) ;
#3707 = AXIS2_PLACEMENT_3D ( 'NONE', #2677, #1928, #737 ) ;
#3708 = EDGE_CURVE ( 'NONE', #682, #4818, #4423, .T. ) ;
#3709 = VERTEX_POINT ( 'NONE', #1471 ) ;
#3710 = VERTEX_POINT ( 'NONE', #4210 ) ;
#3711 = ORIENTED_EDGE ( 'NONE', *, *, #71, .F. ) ;
#3712 = DIRECTION ( 'NONE',  ( 1.000000000000000000, 0.0000000000000000000, 0.0000000000000000000 ) ) ;
#3713 = DIRECTION ( 'NONE',  ( 0.0000000000000000000, -1.000000000000000000, 0.0000000000000000000 ) ) ;
#3714 = DIRECTION ( 'NONE',  ( -0.0000000000000000000, 1.000000000000000000, -0.0000000000000000000 ) ) ;
#3715 =( LENGTH_UNIT ( ) NAMED_UNIT ( * ) SI_UNIT ( .MILLI., .METRE. ) );
#3716 = CARTESIAN_POINT ( 'NONE',  ( -0.8999999999999913600, 0.1019999999999999900, -0.09999999999999993600 ) ) ;
#3717 = ADVANCED_FACE ( 'NONE', ( #4047 ), #3062, .F. ) ;
#3718 = UNCERTAINTY_MEASURE_WITH_UNIT (LENGTH_MEASURE( 1.000000000000000100E-005 ), #4452, 'distance_accuracy_value', 'NONE');
#3719 = ORIENTED_EDGE ( 'NONE', *, *, #2371, .F. ) ;
#3720 = VECTOR ( 'NONE', #2153, 1000.000000000000000 ) ;
#3721 =( LENGTH_UNIT ( ) NAMED_UNIT ( * ) SI_UNIT ( .MILLI., .METRE. ) );
#3722 = ORIENTED_EDGE ( 'NONE', *, *, #284, .F. ) ;
#3723 = EDGE_LOOP ( 'NONE', ( #5008, #468, #2609, #3895 ) ) ;
#3724 = FACE_OUTER_BOUND ( 'NONE', #812, .T. ) ;
#3725 = EDGE_LOOP ( 'NONE', ( #2891, #3197, #1497, #715 ) ) ;
#3726 = CARTESIAN_POINT ( 'NONE',  ( 0.09999999999999988100, -0.05000000000000012800, -1.300000000000000000 ) ) ;
#3727 = FACE_OUTER_BOUND ( 'NONE', #2419, .T. ) ;
#3728 = EDGE_CURVE ( 'NONE', #1729, #4563, #2400, .T. ) ;
#3729 = PLANE ( 'NONE',  #1450 ) ;
#3730 = ORIENTED_EDGE ( 'NONE', *, *, #4290, .T. ) ;
#3731 = CARTESIAN_POINT ( 'NONE',  ( -0.4999999999999914500, -0.05000000000000012800, -0.1000000000000001600 ) ) ;
#3732 = ADVANCED_FACE ( 'NONE', ( #3868 ), #2244, .F. ) ;
#3733 = VECTOR ( 'NONE', #2639, 1000.000000000000000 ) ;
#3734 = EDGE_LOOP ( 'NONE', ( #1271, #29, #2060, #3958 ) ) ;
#3735 = ADVANCED_FACE ( 'NONE', ( #2715 ), #1803, .F. ) ;
#3736 = CARTESIAN_POINT ( 'NONE',  ( 0.0000000000000000000, 0.5000000000000000000, 0.0000000000000000000 ) ) ;
#3737 =( GEOMETRIC_REPRESENTATION_CONTEXT ( 3 ) GLOBAL_UNCERTAINTY_ASSIGNED_CONTEXT ( ( #996 ) ) GLOBAL_UNIT_ASSIGNED_CONTEXT ( ( #3753, #3792, #289 ) ) REPRESENTATION_CONTEXT ( 'NONE', 'WORKASPACE' ) );
#3738 = LINE ( 'NONE', #663, #1174 ) ;
#3739 = LINE ( 'NONE', #4575, #2858 ) ;
#3740 = CARTESIAN_POINT ( 'NONE',  ( -0.3999999999999997400, -0.05000000000000012800, -0.5000000000000002200 ) ) ;
#3741 = PLANE ( 'NONE',  #1751 ) ;
#3742 = PLANE ( 'NONE',  #4522 ) ;
#3743 = EDGE_CURVE ( 'NONE', #3630, #4788, #5044, .T. ) ;
#3744 = EDGE_CURVE ( 'NONE', #1988, #2877, #4694, .T. ) ;
#3745 = ORIENTED_EDGE ( 'NONE', *, *, #2742, .F. ) ;
#3746 = PLANE ( 'NONE',  #1614 ) ;
#3747 = ADVANCED_FACE ( 'NONE', ( #933 ), #4170, .F. ) ;
#3748 = LINE ( 'NONE', #4566, #447 ) ;
#3749 = LINE ( 'NONE', #3889, #2224 ) ;
#3750 = LINE ( 'NONE', #3498, #1430 ) ;
#3751 = CARTESIAN_POINT ( 'NONE',  ( -0.8999999999999913600, -0.0000000000000000000, -0.3000000000000001600 ) ) ;
#3752 = AXIS2_PLACEMENT_3D ( 'NONE', #4539, #3944, #5041 ) ;
#3753 =( LENGTH_UNIT ( ) NAMED_UNIT ( * ) SI_UNIT ( .MILLI., .METRE. ) );
#3754 = DIRECTION ( 'NONE',  ( 0.0000000000000000000, 0.0000000000000000000, 1.000000000000000000 ) ) ;
#3755 = LINE ( 'NONE', #2193, #2086 ) ;
#3756 = ADVANCED_FACE ( 'NONE', ( #2340 ), #4999, .F. ) ;
#3757 = DIRECTION ( 'NONE',  ( 1.000000000000000000, -0.0000000000000000000, 0.0000000000000000000 ) ) ;
#3758 = DIRECTION ( 'NONE',  ( -1.000000000000000000, 0.0000000000000000000, 0.0000000000000000000 ) ) ;
#3759 = VERTEX_POINT ( 'NONE', #1789 ) ;
#3760 = DIRECTION ( 'NONE',  ( 1.000000000000000000, 0.0000000000000000000, 0.0000000000000000000 ) ) ;
#3761 = VERTEX_POINT ( 'NONE', #2256 ) ;
#3762 = DIRECTION ( 'NONE',  ( -0.0000000000000000000, -1.000000000000000000, -0.0000000000000000000 ) ) ;
#3763 = ORIENTED_EDGE ( 'NONE', *, *, #3487, .F. ) ;
#3764 = ORIENTED_EDGE ( 'NONE', *, *, #2943, .F. ) ;
#3765 = VERTEX_POINT ( 'NONE', #3428 ) ;
#3766 = ORIENTED_EDGE ( 'NONE', *, *, #284, .T. ) ;
#3767 = CARTESIAN_POINT ( 'NONE',  ( -0.7000000000000000700, -0.05000000000000012800, 0.9000000000000000200 ) ) ;
#3768 = ORIENTED_EDGE ( 'NONE', *, *, #1098, .F. ) ;
#3769 = VERTEX_POINT ( 'NONE', #1493 ) ;
#3770 = DIRECTION ( 'NONE',  ( 0.0000000000000000000, 1.000000000000000000, 0.0000000000000000000 ) ) ;
#3771 = ORIENTED_EDGE ( 'NONE', *, *, #4536, .F. ) ;
#3772 = ADVANCED_FACE ( 'NONE', ( #3011 ), #1459, .F. ) ;
#3773 = EDGE_CURVE ( 'NONE', #2191, #376, #190, .T. ) ;
#3774 = CARTESIAN_POINT ( 'NONE',  ( -0.4999999999999955600, 0.1019999999999999900, 0.2999999999999998800 ) ) ;
#3775 = CARTESIAN_POINT ( 'NONE',  ( 0.4999999999999955600, 0.1019999999999999900, 0.2999999999999998800 ) ) ;
#3776 = VECTOR ( 'NONE', #560, 1000.000000000000000 ) ;
#3777 = CARTESIAN_POINT ( 'NONE',  ( 0.8999999999999998000, -0.05000000000000012800, 0.4999999999999998900 ) ) ;
#3778 = ORIENTED_EDGE ( 'NONE', *, *, #502, .F. ) ;
#3779 = DIRECTION ( 'NONE',  ( 0.0000000000000000000, -0.0000000000000000000, -1.000000000000000000 ) ) ;
#3780 = DIRECTION ( 'NONE',  ( 0.0000000000000000000, 0.0000000000000000000, -1.000000000000000000 ) ) ;
#3781 = VERTEX_POINT ( 'NONE', #1883 ) ;
#3782 = FACE_OUTER_BOUND ( 'NONE', #3061, .T. ) ;
#3783 = CARTESIAN_POINT ( 'NONE',  ( -0.8999999999999871400, 0.1019999999999999900, -0.5000000000000000000 ) ) ;
#3784 = VECTOR ( 'NONE', #5029, 1000.000000000000000 ) ;
#3785 = ADVANCED_FACE ( 'NONE', ( #1131 ), #4645, .F. ) ;
#3786 = DIRECTION ( 'NONE',  ( -0.0000000000000000000, 1.000000000000000000, -0.0000000000000000000 ) ) ;
#3787 = SURFACE_STYLE_FILL_AREA ( #4798 ) ;
#3788 = VECTOR ( 'NONE', #291, 1000.000000000000000 ) ;
#3789 = ORIENTED_EDGE ( 'NONE', *, *, #3178, .F. ) ;
#3790 = EDGE_CURVE ( 'NONE', #1641, #1440, #998, .T. ) ;
#3791 = VECTOR ( 'NONE', #2675, 1000.000000000000000 ) ;
#3792 =( NAMED_UNIT ( * ) PLANE_ANGLE_UNIT ( ) SI_UNIT ( $, .RADIAN. ) );
#3793 = VERTEX_POINT ( 'NONE', #3407 ) ;
#3794 = VECTOR ( 'NONE', #5004, 1000.000000000000000 ) ;
#3795 = CARTESIAN_POINT ( 'NONE',  ( -0.6999999999999996200, 0.1019999999999999900, -0.9000000000000000200 ) ) ;
#3796 = EDGE_LOOP ( 'NONE', ( #2414, #4672, #4295, #1179 ) ) ;
#3797 = CARTESIAN_POINT ( 'NONE',  ( 0.9000000000000000200, 0.0000000000000000000, 1.299999999999999600 ) ) ;
#3798 = DIRECTION ( 'NONE',  ( 0.0000000000000000000, 0.0000000000000000000, 1.000000000000000000 ) ) ;
#3799 = EDGE_CURVE ( 'NONE', #525, #2423, #4307, .T. ) ;
#3800 = LINE ( 'NONE', #586, #2327 ) ;
#3801 = ORIENTED_EDGE ( 'NONE', *, *, #58, .T. ) ;
#3802 = ADVANCED_FACE ( 'NONE', ( #1 ), #2138, .F. ) ;
#3803 = FACE_OUTER_BOUND ( 'NONE', #4402, .T. ) ;
#3804 = AXIS2_PLACEMENT_3D ( 'NONE', #3329, #2581, #1782 ) ;
#3805 = CARTESIAN_POINT ( 'NONE',  ( -0.2999999999999998800, -1.138516480713438700, -0.9000000000000000200 ) ) ;
#3806 = VERTEX_POINT ( 'NONE', #3823 ) ;
#3807 = LINE ( 'NONE', #4756, #2934 ) ;
#3808 = ORIENTED_EDGE ( 'NONE', *, *, #1616, .F. ) ;
#3809 = PLANE ( 'NONE',  #108 ) ;
#3810 = ADVANCED_FACE ( 'NONE', ( #756 ), #698, .F. ) ;
#3811 = MECHANICAL_DESIGN_GEOMETRIC_PRESENTATION_REPRESENTATION (  '', ( #4336 ), #3020 ) ;
#3812 = EDGE_CURVE ( 'NONE', #3859, #2447, #4118, .T. ) ;
#3813 = EDGE_CURVE ( 'NONE', #3781, #5058, #1066, .T. ) ;
#3814 = ORIENTED_EDGE ( 'NONE', *, *, #4457, .T. ) ;
#3815 = CARTESIAN_POINT ( 'NONE',  ( -0.4999999999999996700, 0.1019999999999999900, -0.9000000000000001300 ) ) ;
#3816 = DIRECTION ( 'NONE',  ( 0.0000000000000000000, 1.000000000000000000, 0.0000000000000000000 ) ) ;
#3817 = CARTESIAN_POINT ( 'NONE',  ( -0.8999999999999998000, 0.1019999999999999900, 0.4999999999999998900 ) ) ;
#3818 = VERTEX_POINT ( 'NONE', #3865 ) ;
#3819 = VERTEX_POINT ( 'NONE', #1533 ) ;
#3820 = LINE ( 'NONE', #2339, #515 ) ;
#3821 = DIRECTION ( 'NONE',  ( -0.0000000000000000000, 1.000000000000000000, -0.0000000000000000000 ) ) ;
#3822 = DIRECTION ( 'NONE',  ( 0.0000000000000000000, 1.000000000000000000, 0.0000000000000000000 ) ) ;
#3823 = CARTESIAN_POINT ( 'NONE',  ( -0.2999999999999998800, -0.0000000000000000000, -0.9000000000000000200 ) ) ;
#3824 = FACE_OUTER_BOUND ( 'NONE', #1571, .T. ) ;
#3825 = CARTESIAN_POINT ( 'NONE',  ( 0.5000000000000000000, 0.1019999999999999900, 0.9000000000000000200 ) ) ;
#3826 = PLANE ( 'NONE',  #2658 ) ;
#3827 = LINE ( 'NONE', #3144, #3333 ) ;
#3828 = CARTESIAN_POINT ( 'NONE',  ( -0.4999999999999997800, 0.1019999999999999900, 0.5000000000000000000 ) ) ;
#3829 = ORIENTED_EDGE ( 'NONE', *, *, #1237, .F. ) ;
#3830 = DIRECTION ( 'NONE',  ( 5.421010862427526100E-016, 0.0000000000000000000, -1.000000000000000000 ) ) ;
#3831 = CARTESIAN_POINT ( 'NONE',  ( 0.4999999999999995600, 0.0000000000000000000, -0.9000000000000000200 ) ) ;
#3832 = DIRECTION ( 'NONE',  ( 1.000000000000000000, 0.0000000000000000000, -2.710505431213761600E-016 ) ) ;
#3833 = DIRECTION ( 'NONE',  ( 1.000000000000000000, -0.0000000000000000000, 5.421010862427523200E-016 ) ) ;
#3834 = VERTEX_POINT ( 'NONE', #4665 ) ;
#3835 = AXIS2_PLACEMENT_3D ( 'NONE', #2999, #4207, #1766 ) ;
#3836 = ADVANCED_FACE ( 'NONE', ( #1910 ), #2514, .F. ) ;
#3837 = ORIENTED_EDGE ( 'NONE', *, *, #4048, .T. ) ;
#3838 = ORIENTED_EDGE ( 'NONE', *, *, #4445, .T. ) ;
#3839 = CARTESIAN_POINT ( 'NONE',  ( 0.9000000000000000200, 0.0000000000000000000, 1.299999999999999600 ) ) ;
#3840 = EDGE_CURVE ( 'NONE', #1410, #3940, #1974, .T. ) ;
#3841 = VERTEX_POINT ( 'NONE', #3289 ) ;
#3842 = DIRECTION ( 'NONE',  ( 0.0000000000000000000, -1.000000000000000000, 0.0000000000000000000 ) ) ;
#3843 = LINE ( 'NONE', #1969, #3594 ) ;
#3844 = CARTESIAN_POINT ( 'NONE',  ( 0.4999999999999997800, 0.1019999999999999900, 0.6999999999999998400 ) ) ;
#3845 = ORIENTED_EDGE ( 'NONE', *, *, #3565, .F. ) ;
#3846 = ORIENTED_EDGE ( 'NONE', *, *, #3380, .T. ) ;
#3847 = CARTESIAN_POINT ( 'NONE',  ( 0.0000000000000000000, 0.1019999999999999900, 0.0000000000000000000 ) ) ;
#3848 = VECTOR ( 'NONE', #1491, 1000.000000000000000 ) ;
#3849 = VECTOR ( 'NONE', #5012, 1000.000000000000000 ) ;
#3850 = ORIENTED_EDGE ( 'NONE', *, *, #567, .T. ) ;
#3851 = CARTESIAN_POINT ( 'NONE',  ( 0.8999999999999871400, -0.05000000000000012800, -0.5000000000000000000 ) ) ;
#3852 = PLANE ( 'NONE',  #180 ) ;
#3853 = MECHANICAL_DESIGN_GEOMETRIC_PRESENTATION_REPRESENTATION (  '', ( #616 ), #1235 ) ;
#3854 = DIRECTION ( 'NONE',  ( -0.0000000000000000000, -0.0000000000000000000, 1.000000000000000000 ) ) ;
#3855 = VERTEX_POINT ( 'NONE', #954 ) ;
#3856 = EDGE_LOOP ( 'NONE', ( #4935, #4940, #559, #1466 ) ) ;
#3857 = CARTESIAN_POINT ( 'NONE',  ( 0.2999999999999999300, -1.138516480713438700, 1.300000000000000000 ) ) ;
#3858 = LINE ( 'NONE', #4913, #3231 ) ;
#3859 = VERTEX_POINT ( 'NONE', #3270 ) ;
#3860 = DIRECTION ( 'NONE',  ( 0.0000000000000000000, 0.0000000000000000000, 1.000000000000000000 ) ) ;
#3861 = FACE_OUTER_BOUND ( 'NONE', #3093, .T. ) ;
#3862 = PLANE ( 'NONE',  #4629 ) ;
#3863 = VECTOR ( 'NONE', #4073, 1000.000000000000000 ) ;
#3864 = DIRECTION ( 'NONE',  ( -0.0000000000000000000, -1.000000000000000000, -0.0000000000000000000 ) ) ;
#3865 = CARTESIAN_POINT ( 'NONE',  ( 0.2999999999999999300, 0.1019999999999999900, 0.9000000000000001300 ) ) ;
#3866 = DIRECTION ( 'NONE',  ( 0.0000000000000000000, 1.000000000000000000, 0.0000000000000000000 ) ) ;
#3867 = DIRECTION ( 'NONE',  ( 0.0000000000000000000, 1.000000000000000000, 0.0000000000000000000 ) ) ;
#3868 = FACE_OUTER_BOUND ( 'NONE', #1476, .T. ) ;
#3869 = ORIENTED_EDGE ( 'NONE', *, *, #1597, .T. ) ;
#3870 = CARTESIAN_POINT ( 'NONE',  ( 0.0000000000000000000, -0.05000000000000002400, 0.0000000000000000000 ) ) ;
#3871 = CARTESIAN_POINT ( 'NONE',  ( 0.8999999999999871400, 0.1019999999999999900, -0.5000000000000000000 ) ) ;
#3872 = VECTOR ( 'NONE', #5068, 1000.000000000000000 ) ;
#3873 = FACE_OUTER_BOUND ( 'NONE', #4511, .T. ) ;
#3874 = VERTEX_POINT ( 'NONE', #919 ) ;
#3875 = ORIENTED_EDGE ( 'NONE', *, *, #3888, .F. ) ;
#3876 = ADVANCED_FACE ( 'NONE', ( #3239 ), #2069, .F. ) ;
#3877 = EDGE_CURVE ( 'NONE', #3101, #3806, #1768, .T. ) ;
#3878 = EDGE_LOOP ( 'NONE', ( #303, #414, #2595, #2032 ) ) ;
#3879 = DIRECTION ( 'NONE',  ( -5.421010862427527100E-016, 0.0000000000000000000, -1.000000000000000000 ) ) ;
#3880 = CARTESIAN_POINT ( 'NONE',  ( -0.1000000000000001000, 0.1019999999999999900, 0.9000000000000001300 ) ) ;
#3881 = CARTESIAN_POINT ( 'NONE',  ( 0.4999999999999995600, -1.138516480713438700, -0.9000000000000000200 ) ) ;
#3882 = VERTEX_POINT ( 'NONE', #1300 ) ;
#3883 = ORIENTED_EDGE ( 'NONE', *, *, #4241, .T. ) ;
#3884 = DIRECTION ( 'NONE',  ( -0.0000000000000000000, 1.000000000000000000, -0.0000000000000000000 ) ) ;
#3885 = DIRECTION ( 'NONE',  ( -0.0000000000000000000, 1.000000000000000000, -0.0000000000000000000 ) ) ;
#3886 = ORIENTED_EDGE ( 'NONE', *, *, #1177, .T. ) ;
#3887 = ORIENTED_EDGE ( 'NONE', *, *, #229, .T. ) ;
#3888 = EDGE_CURVE ( 'NONE', #146, #4492, #639, .T. ) ;
#3889 = CARTESIAN_POINT ( 'NONE',  ( -0.4999999999999997800, -1.138516480713438700, 0.6999999999999998400 ) ) ;
#3890 = DIRECTION ( 'NONE',  ( -0.0000000000000000000, 1.000000000000000000, -0.0000000000000000000 ) ) ;
#3891 = ORIENTED_EDGE ( 'NONE', *, *, #841, .T. ) ;
#3892 = LINE ( 'NONE', #4440, #4577 ) ;
#3893 = CARTESIAN_POINT ( 'NONE',  ( -0.6842896944760923400, 0.4500000000000000100, -1.011263624377534100 ) ) ;
#3894 = LINE ( 'NONE', #2926, #4208 ) ;
#3895 = ORIENTED_EDGE ( 'NONE', *, *, #3708, .T. ) ;
#3896 = CARTESIAN_POINT ( 'NONE',  ( -0.4999999999999914500, 0.1019999999999999900, -0.1000000000000001600 ) ) ;
#3897 = PLANE ( 'NONE',  #757 ) ;
#3898 = EDGE_LOOP ( 'NONE', ( #4184, #1284, #2045, #4948 ) ) ;
#3899 = VECTOR ( 'NONE', #3330, 1000.000000000000000 ) ;
#3900 = ORIENTED_EDGE ( 'NONE', *, *, #2561, .T. ) ;
#3901 = FILL_AREA_STYLE ('',( #1911 ) ) ;
#3902 = DIRECTION ( 'NONE',  ( -1.000000000000000000, 0.0000000000000000000, 0.0000000000000000000 ) ) ;
#3903 = CARTESIAN_POINT ( 'NONE',  ( 0.0000000000000000000, 0.1019999999999999900, 0.0000000000000000000 ) ) ;
#3904 = ORIENTED_EDGE ( 'NONE', *, *, #4993, .F. ) ;
#3905 = VECTOR ( 'NONE', #803, 1000.000000000000000 ) ;
#3906 = DIRECTION ( 'NONE',  ( -0.0000000000000000000, -1.000000000000000000, -0.0000000000000000000 ) ) ;
#3907 = AXIS2_PLACEMENT_3D ( 'NONE', #2141, #2233, #2158 ) ;
#3908 = EDGE_CURVE ( 'NONE', #3934, #2410, #1368, .T. ) ;
#3909 = PLANE ( 'NONE',  #396 ) ;
#3910 = EDGE_CURVE ( 'NONE', #910, #786, #3382, .T. ) ;
#3911 = FACE_OUTER_BOUND ( 'NONE', #4806, .T. ) ;
#3912 = ORIENTED_EDGE ( 'NONE', *, *, #1688, .F. ) ;
#3913 = CARTESIAN_POINT ( 'NONE',  ( -0.8999999999999955800, -0.05000000000000012800, 0.09999999999999988100 ) ) ;
#3914 = FACE_OUTER_BOUND ( 'NONE', #1513, .T. ) ;
#3915 = DIRECTION ( 'NONE',  ( 0.0000000000000000000, 0.0000000000000000000, -1.000000000000000000 ) ) ;
#3916 = ORIENTED_EDGE ( 'NONE', *, *, #12, .T. ) ;
#3917 = PRESENTATION_STYLE_ASSIGNMENT (( #3412 ) ) ;
#3918 = DIRECTION ( 'NONE',  ( 2.710505431213761600E-016, 0.0000000000000000000, -1.000000000000000000 ) ) ;
#3919 = EDGE_LOOP ( 'NONE', ( #2035, #4796, #3158, #1757 ) ) ;
#3920 = VERTEX_POINT ( 'NONE', #4634 ) ;
#3921 = LINE ( 'NONE', #4447, #2799 ) ;
#3922 = DIRECTION ( 'NONE',  ( 0.0000000000000000000, 0.0000000000000000000, 1.000000000000000000 ) ) ;
#3923 = EDGE_LOOP ( 'NONE', ( #3088, #4728, #4316, #179 ) ) ;
#3924 = CARTESIAN_POINT ( 'NONE',  ( 0.0000000000000000000, -0.05000000000000002400, 0.0000000000000000000 ) ) ;
#3925 = DIRECTION ( 'NONE',  ( 1.000000000000000000, 0.0000000000000000000, 0.0000000000000000000 ) ) ;
#3926 = AXIS2_PLACEMENT_3D ( 'NONE', #1083, #4982, #4248 ) ;
#3927 = VECTOR ( 'NONE', #176, 1000.000000000000000 ) ;
#3928 = CARTESIAN_POINT ( 'NONE',  ( 0.6999999999999995100, 0.1019999999999999900, -1.300000000000000000 ) ) ;
#3929 = ORIENTED_EDGE ( 'NONE', *, *, #4631, .T. ) ;
#3930 = DIRECTION ( 'NONE',  ( 1.000000000000000000, 0.0000000000000000000, -2.710505431213761600E-016 ) ) ;
#3931 =( NAMED_UNIT ( * ) SI_UNIT ( $, .STERADIAN. ) SOLID_ANGLE_UNIT ( ) );
#3932 = FACE_OUTER_BOUND ( 'NONE', #3796, .T. ) ;
#3933 = STYLED_ITEM ( 'NONE', ( #148 ), #930 ) ;
#3934 = VERTEX_POINT ( 'NONE', #1721 ) ;
#3935 = CARTESIAN_POINT ( 'NONE',  ( -0.4999999999999914500, 0.1019999999999999900, -0.3000000000000000400 ) ) ;
#3936 = ADVANCED_FACE ( 'NONE', ( #119 ), #4618, .F. ) ;
#3937 = PLANE ( 'NONE',  #2316 ) ;
#3938 = EDGE_CURVE ( 'NONE', #2390, #486, #3619, .T. ) ;
#3939 = DIRECTION ( 'NONE',  ( 5.421010862427523200E-016, 0.0000000000000000000, -1.000000000000000000 ) ) ;
#3940 = VERTEX_POINT ( 'NONE', #4228 ) ;
#3941 = ORIENTED_EDGE ( 'NONE', *, *, #622, .F. ) ;
#3942 = VECTOR ( 'NONE', #323, 1000.000000000000000 ) ;
#3943 = DIRECTION ( 'NONE',  ( 1.000000000000000000, -0.0000000000000000000, -0.0000000000000000000 ) ) ;
#3944 = DIRECTION ( 'NONE',  ( -1.000000000000000000, 0.0000000000000000000, 0.0000000000000000000 ) ) ;
#3945 = LINE ( 'NONE', #4281, #2780 ) ;
#3946 = ORIENTED_EDGE ( 'NONE', *, *, #1657, .T. ) ;
#3947 = PLANE ( 'NONE',  #4604 ) ;
#3948 = LINE ( 'NONE', #876, #1720 ) ;
#3949 = CARTESIAN_POINT ( 'NONE',  ( -0.6999999999999996200, -1.138516480713438700, -1.300000000000000000 ) ) ;
#3950 = ORIENTED_EDGE ( 'NONE', *, *, #1971, .T. ) ;
#3951 = ORIENTED_EDGE ( 'NONE', *, *, #197, .T. ) ;
#3952 = EDGE_CURVE ( 'NONE', #1186, #2491, #4175, .T. ) ;
#3953 =( LENGTH_UNIT ( ) NAMED_UNIT ( * ) SI_UNIT ( .MILLI., .METRE. ) );
#3954 = VERTEX_POINT ( 'NONE', #1078 ) ;
#3955 = DIRECTION ( 'NONE',  ( 0.0000000000000000000, -0.0000000000000000000, 1.000000000000000000 ) ) ;
#3956 = FACE_OUTER_BOUND ( 'NONE', #2556, .T. ) ;
#3957 = VERTEX_POINT ( 'NONE', #1796 ) ;
#3958 = ORIENTED_EDGE ( 'NONE', *, *, #406, .T. ) ;
#3959 = EDGE_CURVE ( 'NONE', #4565, #3337, #2449, .T. ) ;
#3960 = ORIENTED_EDGE ( 'NONE', *, *, #1301, .F. ) ;
#3961 = CARTESIAN_POINT ( 'NONE',  ( 0.4999999999999872300, -0.05000000000000012800, -0.5000000000000002200 ) ) ;
#3962 = CARTESIAN_POINT ( 'NONE',  ( -0.4999999999999996700, 0.1019999999999999900, -1.300000000000000000 ) ) ;
#3963 = AXIS2_PLACEMENT_3D ( 'NONE', #4924, #1096, #2979 ) ;
#3964 = LINE ( 'NONE', #1391, #3720 ) ;
#3965 = VERTEX_POINT ( 'NONE', #3374 ) ;
#3966 = ORIENTED_EDGE ( 'NONE', *, *, #4149, .T. ) ;
#3967 = LINE ( 'NONE', #851, #1676 ) ;
#3968 = VERTEX_POINT ( 'NONE', #3751 ) ;
#3969 = CARTESIAN_POINT ( 'NONE',  ( 0.8999999999999913600, -0.05000000000000012800, -0.09999999999999993600 ) ) ;
#3970 = FACE_OUTER_BOUND ( 'NONE', #300, .T. ) ;
#3971 = ORIENTED_EDGE ( 'NONE', *, *, #1550, .T. ) ;
#3972 = AXIS2_PLACEMENT_3D ( 'NONE', #743, #692, #1472 ) ;
#3973 = EDGE_CURVE ( 'NONE', #472, #2284, #3322, .T. ) ;
#3974 = LINE ( 'NONE', #1830, #3556 ) ;
#3975 = DIRECTION ( 'NONE',  ( 0.0000000000000000000, 0.0000000000000000000, 1.000000000000000000 ) ) ;
#3976 = ORIENTED_EDGE ( 'NONE', *, *, #4327, .F. ) ;
#3977 = ORIENTED_EDGE ( 'NONE', *, *, #58, .F. ) ;
#3978 = DIRECTION ( 'NONE',  ( -1.000000000000000000, -0.0000000000000000000, -5.421010862427523200E-016 ) ) ;
#3979 = CARTESIAN_POINT ( 'NONE',  ( 0.4999999999999995600, 0.1019999999999999900, -0.9000000000000000200 ) ) ;
#3980 = VECTOR ( 'NONE', #328, 1000.000000000000000 ) ;
#3981 = CARTESIAN_POINT ( 'NONE',  ( 0.5000000000000000000, 0.1019999999999999900, 0.9000000000000000200 ) ) ;
#3982 = EDGE_LOOP ( 'NONE', ( #2466, #4151, #4870, #65 ) ) ;
#3983 = EDGE_LOOP ( 'NONE', ( #2236, #364, #5016, #215 ) ) ;
#3984 = DIRECTION ( 'NONE',  ( -1.000000000000000000, 0.0000000000000000000, 0.0000000000000000000 ) ) ;
#3985 = VECTOR ( 'NONE', #5062, 1000.000000000000000 ) ;
#3986 =( GEOMETRIC_REPRESENTATION_CONTEXT ( 3 ) GLOBAL_UNCERTAINTY_ASSIGNED_CONTEXT ( ( #3508 ) ) GLOBAL_UNIT_ASSIGNED_CONTEXT ( ( #1219, #1982, #857 ) ) REPRESENTATION_CONTEXT ( 'NONE', 'WORKASPACE' ) );
#3987 = ORIENTED_EDGE ( 'NONE', *, *, #2854, .T. ) ;
#3988 = EDGE_CURVE ( 'NONE', #4794, #4925, #2078, .T. ) ;
#3989 = CARTESIAN_POINT ( 'NONE',  ( -0.1000000000000000500, 0.1019999999999999900, -0.9000000000000001300 ) ) ;
#3990 = ORIENTED_EDGE ( 'NONE', *, *, #1453, .F. ) ;
#3991 = PRESENTATION_STYLE_ASSIGNMENT (( #3205 ) ) ;
#3992 = DIRECTION ( 'NONE',  ( -1.000000000000000000, 0.0000000000000000000, 5.421010862427523200E-016 ) ) ;
#3993 = VECTOR ( 'NONE', #1101, 1000.000000000000000 ) ;
#3994 = AXIS2_PLACEMENT_3D ( 'NONE', #4183, #4976, #2200 ) ;
#3995 = VERTEX_POINT ( 'NONE', #652 ) ;
#3996 = CARTESIAN_POINT ( 'NONE',  ( -0.1000000000000000500, -0.05000000000000012800, -0.9000000000000001300 ) ) ;
#3997 = DIRECTION ( 'NONE',  ( 0.0000000000000000000, 0.0000000000000000000, -1.000000000000000000 ) ) ;
#3998 = PRESENTATION_STYLE_ASSIGNMENT (( #3390 ) ) ;
#3999 = CARTESIAN_POINT ( 'NONE',  ( -0.8999999999999955800, 0.1019999999999999900, 0.09999999999999988100 ) ) ;
#4000 = CARTESIAN_POINT ( 'NONE',  ( 0.0000000000000000000, 0.0000000000000000000, 0.0000000000000000000 ) ) ;
#4001 = ADVANCED_FACE ( 'NONE', ( #2505 ), #2624, .F. ) ;
#4002 = AXIS2_PLACEMENT_3D ( 'NONE', #249, #3760, #3780 ) ;
#4003 = EDGE_CURVE ( 'NONE', #3697, #5059, #1546, .T. ) ;
#4004 = EDGE_CURVE ( 'NONE', #2722, #3639, #3748, .T. ) ;
#4005 = VECTOR ( 'NONE', #2091, 1000.000000000000000 ) ;
#4006 = ORIENTED_EDGE ( 'NONE', *, *, #2381, .F. ) ;
#4007 = CARTESIAN_POINT ( 'NONE',  ( -0.7000000000000000700, 0.1019999999999999900, 0.9000000000000000200 ) ) ;
#4008 = VERTEX_POINT ( 'NONE', #4022 ) ;
#4009 = ORIENTED_EDGE ( 'NONE', *, *, #2931, .T. ) ;
#4010 = DIRECTION ( 'NONE',  ( -0.0000000000000000000, -1.000000000000000000, -0.0000000000000000000 ) ) ;
#4011 = CARTESIAN_POINT ( 'NONE',  ( 0.09999999999999993600, 0.1019999999999999900, 0.9000000000000000200 ) ) ;
#4012 = SURFACE_STYLE_USAGE ( .BOTH. , #4825 ) ;
#4013 = ORIENTED_EDGE ( 'NONE', *, *, #3654, .T. ) ;
#4014 = SURFACE_STYLE_FILL_AREA ( #1753 ) ;
#4015 = CARTESIAN_POINT ( 'NONE',  ( -0.8999999999999955800, 0.1019999999999999900, 0.09999999999999988100 ) ) ;
#4016 = DIRECTION ( 'NONE',  ( 0.0000000000000000000, 0.0000000000000000000, -1.000000000000000000 ) ) ;
#4017 = ORIENTED_EDGE ( 'NONE', *, *, #4596, .T. ) ;
#4018 = VECTOR ( 'NONE', #1512, 1000.000000000000000 ) ;
#4019 = EDGE_CURVE ( 'NONE', #2191, #3818, #4477, .T. ) ;
#4020 = CARTESIAN_POINT ( 'NONE',  ( -0.4999999999999872300, 0.1019999999999999900, -0.7000000000000000700 ) ) ;
#4021 = LINE ( 'NONE', #2809, #2123 ) ;
#4022 = CARTESIAN_POINT ( 'NONE',  ( -0.7000000000000000700, 0.1019999999999999900, 1.300000000000000000 ) ) ;
#4023 = FACE_OUTER_BOUND ( 'NONE', #966, .T. ) ;
#4024 = VECTOR ( 'NONE', #4435, 1000.000000000000000 ) ;
#4025 = ORIENTED_EDGE ( 'NONE', *, *, #2190, .T. ) ;
#4026 = EDGE_CURVE ( 'NONE', #404, #2348, #3507, .T. ) ;
#4027 = MANIFOLD_SOLID_BREP ( 'Boss-Extrude2[4]', #175 ) ;
#4028 = VECTOR ( 'NONE', #4731, 1000.000000000000000 ) ;
#4029 = ORIENTED_EDGE ( 'NONE', *, *, #4993, .T. ) ;
#4030 = PLANE ( 'NONE',  #566 ) ;
#4031 = DIRECTION ( 'NONE',  ( -0.0000000000000000000, -1.000000000000000000, -0.0000000000000000000 ) ) ;
#4032 = CARTESIAN_POINT ( 'NONE',  ( -0.1000000000000001000, -0.05000000000000012800, 1.300000000000000000 ) ) ;
#4033 = VERTEX_POINT ( 'NONE', #4085 ) ;
#4034 = VERTEX_POINT ( 'NONE', #4479 ) ;
#4035 = PRESENTATION_LAYER_ASSIGNMENT (  '', '', ( #4403 ) ) ;
#4036 = VECTOR ( 'NONE', #3192, 1000.000000000000000 ) ;
#4037 = ORIENTED_EDGE ( 'NONE', *, *, #337, .F. ) ;
#4038 = DIRECTION ( 'NONE',  ( -1.000000000000000000, 0.0000000000000000000, 5.421010862427523200E-016 ) ) ;
#4039 = VECTOR ( 'NONE', #2825, 1000.000000000000000 ) ;
#4040 = ORIENTED_EDGE ( 'NONE', *, *, #27, .F. ) ;
#4041 = CARTESIAN_POINT ( 'NONE',  ( 0.0000000000000000000, 0.1019999999999999900, 0.0000000000000000000 ) ) ;
#4042 = EDGE_CURVE ( 'NONE', #735, #4757, #3442, .T. ) ;
#4043 = FACE_OUTER_BOUND ( 'NONE', #2278, .T. ) ;
#4044 = VERTEX_POINT ( 'NONE', #4450 ) ;
#4045 = PLANE ( 'NONE',  #4498 ) ;
#4046 = CARTESIAN_POINT ( 'NONE',  ( 0.09999999999999993600, -0.05000000000000012800, 0.9000000000000000200 ) ) ;
#4047 = FACE_OUTER_BOUND ( 'NONE', #1681, .T. ) ;
#4048 = EDGE_CURVE ( 'NONE', #4351, #2089, #2710, .T. ) ;
#4049 = VECTOR ( 'NONE', #2662, 1000.000000000000000 ) ;
#4050 = CARTESIAN_POINT ( 'NONE',  ( 0.0000000000000000000, -0.05000000000000002400, 0.0000000000000000000 ) ) ;
#4051 = DIRECTION ( 'NONE',  ( -0.0000000000000000000, -1.000000000000000000, -0.0000000000000000000 ) ) ;
#4052 = SURFACE_STYLE_USAGE ( .BOTH. , #2843 ) ;
#4053 = ORIENTED_EDGE ( 'NONE', *, *, #4534, .T. ) ;
#4054 = ORIENTED_EDGE ( 'NONE', *, *, #4115, .F. ) ;
#4055 = ORIENTED_EDGE ( 'NONE', *, *, #3379, .T. ) ;
#4056 = COLOUR_RGB ( '',1.000000000000000000, 1.000000000000000000, 1.000000000000000000 ) ;
#4057 = DIRECTION ( 'NONE',  ( 1.000000000000000000, 0.0000000000000000000, 0.0000000000000000000 ) ) ;
#4058 = DIRECTION ( 'NONE',  ( -0.0000000000000000000, -1.000000000000000000, -0.0000000000000000000 ) ) ;
#4059 = FACE_OUTER_BOUND ( 'NONE', #1629, .T. ) ;
#4060 = DIRECTION ( 'NONE',  ( 1.000000000000000000, 0.0000000000000000000, 0.0000000000000000000 ) ) ;
#4061 = VECTOR ( 'NONE', #4359, 1000.000000000000000 ) ;
#4062 = CARTESIAN_POINT ( 'NONE',  ( 0.6999999999999995100, -1.138516480713438700, -0.9000000000000001300 ) ) ;
#4063 = ORIENTED_EDGE ( 'NONE', *, *, #3708, .F. ) ;
#4064 = AXIS2_PLACEMENT_3D ( 'NONE', #2968, #2948, #275 ) ;
#4065 = EDGE_CURVE ( 'NONE', #1264, #2831, #4856, .T. ) ;
#4066 = EDGE_CURVE ( 'NONE', #4448, #5059, #2572, .T. ) ;
#4067 = DIRECTION ( 'NONE',  ( -5.421010862427523200E-016, 0.0000000000000000000, -1.000000000000000000 ) ) ;
#4068 = ORIENTED_EDGE ( 'NONE', *, *, #1144, .F. ) ;
#4069 = VECTOR ( 'NONE', #206, 1000.000000000000000 ) ;
#4070 = DIRECTION ( 'NONE',  ( 2.710505431213761600E-016, 0.0000000000000000000, -1.000000000000000000 ) ) ;
#4071 = ADVANCED_FACE ( 'NONE', ( #1707 ), #124, .F. ) ;
#4072 =( NAMED_UNIT ( * ) PLANE_ANGLE_UNIT ( ) SI_UNIT ( $, .RADIAN. ) );
#4073 = DIRECTION ( 'NONE',  ( 0.0000000000000000000, 0.0000000000000000000, -1.000000000000000000 ) ) ;
#4074 = DIRECTION ( 'NONE',  ( -0.0000000000000000000, -0.0000000000000000000, 1.000000000000000000 ) ) ;
#4075 = ORIENTED_EDGE ( 'NONE', *, *, #2417, .T. ) ;
#4076 = CARTESIAN_POINT ( 'NONE',  ( -0.8999999999999998000, 0.5000000000000000000, 1.300000000000000000 ) ) ;
#4077 = DIRECTION ( 'NONE',  ( -0.0000000000000000000, 1.000000000000000000, -0.0000000000000000000 ) ) ;
#4078 = EDGE_CURVE ( 'NONE', #2902, #3642, #504, .T. ) ;
#4079 = CARTESIAN_POINT ( 'NONE',  ( -0.1000000000000000500, -0.0000000000000000000, -0.9000000000000001300 ) ) ;
#4080 = VECTOR ( 'NONE', #2198, 1000.000000000000000 ) ;
#4081 = VECTOR ( 'NONE', #355, 1000.000000000000000 ) ;
#4082 = ADVANCED_FACE ( 'NONE', ( #2023 ), #3254, .F. ) ;
#4083 = ORIENTED_EDGE ( 'NONE', *, *, #3189, .T. ) ;
#4084 = FACE_OUTER_BOUND ( 'NONE', #1856, .T. ) ;
#4085 = CARTESIAN_POINT ( 'NONE',  ( 0.8999999999999871400, 0.0000000000000000000, -0.5000000000000000000 ) ) ;
#4086 = ADVANCED_FACE ( 'NONE', ( #3315 ), #2535, .F. ) ;
#4087 = CARTESIAN_POINT ( 'NONE',  ( 0.4999999999999914500, 0.1019999999999999900, -0.1000000000000001600 ) ) ;
#4088 = LINE ( 'NONE', #4251, #2988 ) ;
#4089 = CARTESIAN_POINT ( 'NONE',  ( 0.8999999999999913600, 0.1019999999999999900, -0.3000000000000001600 ) ) ;
#4090 = AXIS2_PLACEMENT_3D ( 'NONE', #1503, #2690, #1071 ) ;
#4091 = FILL_AREA_STYLE_COLOUR ( '', #3227 ) ;
#4092 = ORIENTED_EDGE ( 'NONE', *, *, #4648, .F. ) ;
#4093 = ORIENTED_EDGE ( 'NONE', *, *, #1100, .F. ) ;
#4094 = MANIFOLD_SOLID_BREP ( 'Boss-Extrude2[14]', #1863 ) ;
#4095 = CARTESIAN_POINT ( 'NONE',  ( -0.4999999999999955600, 0.1019999999999999900, 0.09999999999999999200 ) ) ;
#4096 = ORIENTED_EDGE ( 'NONE', *, *, #3813, .T. ) ;
#4097 = LINE ( 'NONE', #2534, #2202 ) ;
#4098 = ORIENTED_EDGE ( 'NONE', *, *, #3621, .T. ) ;
#4099 = AXIS2_PLACEMENT_3D ( 'NONE', #4304, #1947, #1155 ) ;
#4100 = EDGE_CURVE ( 'NONE', #276, #433, #5038, .T. ) ;
#4101 = CARTESIAN_POINT ( 'NONE',  ( 0.0000000000000000000, 0.1019999999999999900, 0.0000000000000000000 ) ) ;
#4102 = PLANE ( 'NONE',  #3553 ) ;
#4103 = LINE ( 'NONE', #4620, #3980 ) ;
#4104 = CARTESIAN_POINT ( 'NONE',  ( -0.8999999999999871400, 0.1019999999999999900, -0.7000000000000001800 ) ) ;
#4105 = ADVANCED_FACE ( 'NONE', ( #1834 ), #2922, .F. ) ;
#4106 = VECTOR ( 'NONE', #2378, 1000.000000000000000 ) ;
#4107 = DIRECTION ( 'NONE',  ( 0.0000000000000000000, 1.000000000000000000, 0.0000000000000000000 ) ) ;
#4108 = DIRECTION ( 'NONE',  ( 0.0000000000000000000, 0.0000000000000000000, -1.000000000000000000 ) ) ;
#4109 = VERTEX_POINT ( 'NONE', #558 ) ;
#4110 = DIRECTION ( 'NONE',  ( 0.0000000000000000000, -0.0000000000000000000, -1.000000000000000000 ) ) ;
#4111 = PLANE ( 'NONE',  #4548 ) ;
#4112 = LINE ( 'NONE', #4485, #3681 ) ;
#4113 = CARTESIAN_POINT ( 'NONE',  ( -0.4999999999999872300, 0.1019999999999999900, -0.7000000000000000700 ) ) ;
#4114 = FILL_AREA_STYLE_COLOUR ( '', #3212 ) ;
#4115 = EDGE_CURVE ( 'NONE', #3769, #1988, #4112, .T. ) ;
#4116 = DIRECTION ( 'NONE',  ( -0.0000000000000000000, -1.000000000000000000, -0.0000000000000000000 ) ) ;
#4117 = ADVANCED_FACE ( 'NONE', ( #4799 ), #3680, .F. ) ;
#4118 = LINE ( 'NONE', #3050, #4553 ) ;
#4119 = VERTEX_POINT ( 'NONE', #3263 ) ;
#4120 = FACE_OUTER_BOUND ( 'NONE', #2295, .T. ) ;
#4121 = COLOUR_RGB ( '',1.000000000000000000, 1.000000000000000000, 1.000000000000000000 ) ;
#4122 = FACE_OUTER_BOUND ( 'NONE', #205, .T. ) ;
#4123 = DIRECTION ( 'NONE',  ( -0.0000000000000000000, -1.000000000000000000, -0.0000000000000000000 ) ) ;
#4124 = CARTESIAN_POINT ( 'NONE',  ( -0.4999999999999997800, 0.1019999999999999900, 0.5000000000000000000 ) ) ;
#4125 = ORIENTED_EDGE ( 'NONE', *, *, #2053, .F. ) ;
#4126 = ORIENTED_EDGE ( 'NONE', *, *, #4445, .F. ) ;
#4127 = ORIENTED_EDGE ( 'NONE', *, *, #2669, .T. ) ;
#4128 = ORIENTED_EDGE ( 'NONE', *, *, #4078, .T. ) ;
#4129 = DIRECTION ( 'NONE',  ( -0.0000000000000000000, 1.000000000000000000, -0.0000000000000000000 ) ) ;
#4130 = ADVANCED_FACE ( 'NONE', ( #2940 ), #3305, .F. ) ;
#4131 = ORIENTED_EDGE ( 'NONE', *, *, #869, .F. ) ;
#4132 = DIRECTION ( 'NONE',  ( 0.0000000000000000000, 0.0000000000000000000, -1.000000000000000000 ) ) ;
#4133 = CLOSED_SHELL ( 'NONE', ( #4404, #2150, #4247, #2530, #1175, #210, #1414 ) ) ;
#4134 = CARTESIAN_POINT ( 'NONE',  ( -0.3999999999999997400, 0.1019999999999999900, -0.5000000000000002200 ) ) ;
#4135 = AXIS2_PLACEMENT_3D ( 'NONE', #640, #3758, #1790 ) ;
#4136 = CARTESIAN_POINT ( 'NONE',  ( 0.5000000000000000000, 0.1019999999999999900, 0.9000000000000000200 ) ) ;
#4137 = ADVANCED_FACE ( 'NONE', ( #634 ), #4844, .F. ) ;
#4138 = VERTEX_POINT ( 'NONE', #133 ) ;
#4139 = CARTESIAN_POINT ( 'NONE',  ( -0.4999999999999996700, -0.0000000000000000000, -0.9000000000000001300 ) ) ;
#4140 = EDGE_CURVE ( 'NONE', #3698, #4448, #2651, .T. ) ;
#4141 = DIRECTION ( 'NONE',  ( 0.0000000000000000000, 0.0000000000000000000, 1.000000000000000000 ) ) ;
#4142 = DIRECTION ( 'NONE',  ( 5.421010862427523200E-016, 0.0000000000000000000, -1.000000000000000000 ) ) ;
#4143 = FACE_OUTER_BOUND ( 'NONE', #3734, .T. ) ;
#4144 = LINE ( 'NONE', #1904, #4081 ) ;
#4145 = CARTESIAN_POINT ( 'NONE',  ( 0.8999999999999913600, 0.1019999999999999900, -0.09999999999999993600 ) ) ;
#4146 = CARTESIAN_POINT ( 'NONE',  ( 0.4999999999999997800, -0.05000000000000012800, 0.5000000000000000000 ) ) ;
#4147 = CARTESIAN_POINT ( 'NONE',  ( 0.0000000000000000000, 0.1019999999999999900, 0.0000000000000000000 ) ) ;
#4148 = VECTOR ( 'NONE', #1008, 1000.000000000000000 ) ;
#4149 = EDGE_CURVE ( 'NONE', #4260, #4351, #867, .T. ) ;
#4150 = CARTESIAN_POINT ( 'NONE',  ( 0.8999999999999998000, -1.138516480713438700, 0.7000000000000000700 ) ) ;
#4151 = ORIENTED_EDGE ( 'NONE', *, *, #702, .T. ) ;
#4152 = CARTESIAN_POINT ( 'NONE',  ( 0.0000000000000000000, -0.05000000000000002400, 0.0000000000000000000 ) ) ;
#4153 = ADVANCED_FACE ( 'NONE', ( #1906 ), #3667, .T. ) ;
#4154 = FACE_OUTER_BOUND ( 'NONE', #785, .T. ) ;
#4155 = ORIENTED_EDGE ( 'NONE', *, *, #894, .T. ) ;
#4156 = VECTOR ( 'NONE', #3117, 1000.000000000000000 ) ;
#4157 = VERTEX_POINT ( 'NONE', #561 ) ;
#4158 = DIRECTION ( 'NONE',  ( -1.000000000000000000, 0.0000000000000000000, 2.710505431213761600E-016 ) ) ;
#4159 = VECTOR ( 'NONE', #2307, 1000.000000000000000 ) ;
#4160 = CARTESIAN_POINT ( 'NONE',  ( -0.1000000000000001000, 0.1019999999999999900, 1.300000000000000000 ) ) ;
#4161 = DIRECTION ( 'NONE',  ( 0.0000000000000000000, 1.000000000000000000, 0.0000000000000000000 ) ) ;
#4162 = EDGE_LOOP ( 'NONE', ( #409, #3059, #2850, #4468 ) ) ;
#4163 = ORIENTED_EDGE ( 'NONE', *, *, #3877, .F. ) ;
#4164 = DIRECTION ( 'NONE',  ( 0.0000000000000000000, 0.0000000000000000000, -1.000000000000000000 ) ) ;
#4165 = ADVANCED_FACE ( 'NONE', ( #4750 ), #2119, .F. ) ;
#4166 = AXIS2_PLACEMENT_3D ( 'NONE', #3335, #993, #3349 ) ;
#4167 = VECTOR ( 'NONE', #3610, 1000.000000000000000 ) ;
#4168 = EDGE_CURVE ( 'NONE', #3031, #1601, #4301, .T. ) ;
#4169 = EDGE_CURVE ( 'NONE', #2011, #4211, #3921, .T. ) ;
#4170 = PLANE ( 'NONE',  #648 ) ;
#4171 = VERTEX_POINT ( 'NONE', #3675 ) ;
#4172 = DIRECTION ( 'NONE',  ( 0.0000000000000000000, 0.0000000000000000000, -1.000000000000000000 ) ) ;
#4173 = VECTOR ( 'NONE', #3221, 1000.000000000000000 ) ;
#4174 = EDGE_LOOP ( 'NONE', ( #2098, #286, #3686, #956 ) ) ;
#4175 = LINE ( 'NONE', #1085, #506 ) ;
#4176 = CARTESIAN_POINT ( 'NONE',  ( 0.8999999999999913600, -1.138516480713438700, -0.09999999999999993600 ) ) ;
#4177 = ORIENTED_EDGE ( 'NONE', *, *, #4846, .F. ) ;
#4178 = CARTESIAN_POINT ( 'NONE',  ( -0.4999999999999955600, 0.0000000000000000000, 0.2999999999999998800 ) ) ;
#4179 = LINE ( 'NONE', #729, #3142 ) ;
#4180 = DIRECTION ( 'NONE',  ( -1.000000000000000000, 0.0000000000000000000, 5.421010862427527100E-016 ) ) ;
#4181 = ADVANCED_FACE ( 'NONE', ( #2388 ), #4506, .F. ) ;
#4182 =( GEOMETRIC_REPRESENTATION_CONTEXT ( 3 ) GLOBAL_UNCERTAINTY_ASSIGNED_CONTEXT ( ( #3567 ) ) GLOBAL_UNIT_ASSIGNED_CONTEXT ( ( #2709, #2312, #778 ) ) REPRESENTATION_CONTEXT ( 'NONE', 'WORKASPACE' ) );
#4183 = CARTESIAN_POINT ( 'NONE',  ( 0.2999999999999999300, 0.1019999999999999900, 0.9000000000000001300 ) ) ;
#4184 = ORIENTED_EDGE ( 'NONE', *, *, #1009, .F. ) ;
#4185 = EDGE_CURVE ( 'NONE', #5059, #1408, #329, .T. ) ;
#4186 = SURFACE_STYLE_USAGE ( .BOTH. , #3000 ) ;
#4187 = ORIENTED_EDGE ( 'NONE', *, *, #4813, .F. ) ;
#4188 = CARTESIAN_POINT ( 'NONE',  ( 0.0000000000000000000, 0.1019999999999999900, 0.0000000000000000000 ) ) ;
#4189 = CARTESIAN_POINT ( 'NONE',  ( 0.2999999999999997100, 0.1019999999999999900, -1.300000000000000000 ) ) ;
#4190 = DIRECTION ( 'NONE',  ( -1.000000000000000000, 0.0000000000000000000, 0.0000000000000000000 ) ) ;
#4191 = ORIENTED_EDGE ( 'NONE', *, *, #292, .T. ) ;
#4192 = LINE ( 'NONE', #3928, #1150 ) ;
#4193 = CARTESIAN_POINT ( 'NONE',  ( 0.9000000000000000200, 0.5000000000000000000, -1.300000000000000300 ) ) ;
#4194 = MANIFOLD_SOLID_BREP ( 'Boss-Extrude2[13]', #4133 ) ;
#4195 = AXIS2_PLACEMENT_3D ( 'NONE', #1245, #3572, #4412 ) ;
#4196 = VECTOR ( 'NONE', #3569, 1000.000000000000000 ) ;
#4197 = ORIENTED_EDGE ( 'NONE', *, *, #2033, .F. ) ;
#4198 = ADVANCED_FACE ( 'NONE', ( #4255 ), #4312, .F. ) ;
#4199 = EDGE_LOOP ( 'NONE', ( #1918, #4625, #890, #1372 ) ) ;
#4200 =( NAMED_UNIT ( * ) SI_UNIT ( $, .STERADIAN. ) SOLID_ANGLE_UNIT ( ) );
#4201 = DIRECTION ( 'NONE',  ( -0.0000000000000000000, 1.000000000000000000, -0.0000000000000000000 ) ) ;
#4202 = ORIENTED_EDGE ( 'NONE', *, *, #4851, .F. ) ;
#4203 = VERTEX_POINT ( 'NONE', #1959 ) ;
#4204 = PLANE ( 'NONE',  #3137 ) ;
#4205 = LINE ( 'NONE', #1678, #2470 ) ;
#4206 = EDGE_CURVE ( 'NONE', #3052, #4034, #2785, .T. ) ;
#4207 = DIRECTION ( 'NONE',  ( 0.0000000000000000000, 1.000000000000000000, 0.0000000000000000000 ) ) ;
#4208 = VECTOR ( 'NONE', #4843, 1000.000000000000000 ) ;
#4209 = DIRECTION ( 'NONE',  ( 1.000000000000000000, 0.0000000000000000000, -5.421010862427523200E-016 ) ) ;
#4210 = CARTESIAN_POINT ( 'NONE',  ( 0.4999999999999955600, 0.1019999999999999900, 0.2999999999999998800 ) ) ;
#4211 = VERTEX_POINT ( 'NONE', #2384 ) ;
#4212 = DIRECTION ( 'NONE',  ( 0.0000000000000000000, 0.0000000000000000000, -1.000000000000000000 ) ) ;
#4213 = DIRECTION ( 'NONE',  ( 1.000000000000000000, -0.0000000000000000000, 0.0000000000000000000 ) ) ;
#4214 = CARTESIAN_POINT ( 'NONE',  ( 0.8999999999999998000, 0.1019999999999999900, 0.4999999999999998900 ) ) ;
#4215 = LINE ( 'NONE', #2847, #1260 ) ;
#4216 = CARTESIAN_POINT ( 'NONE',  ( -0.4999999999999996700, -0.05000000000000012800, -1.300000000000000000 ) ) ;
#4217 = VECTOR ( 'NONE', #2238, 1000.000000000000000 ) ;
#4218 = LINE ( 'NONE', #2137, #4454 ) ;
#4219 = VERTEX_POINT ( 'NONE', #4296 ) ;
#4220 = EDGE_CURVE ( 'NONE', #4459, #2080, #3827, .T. ) ;
#4221 = ORIENTED_EDGE ( 'NONE', *, *, #1615, .F. ) ;
#4222 = PLANE ( 'NONE',  #1701 ) ;
#4223 = FACE_OUTER_BOUND ( 'NONE', #1560, .T. ) ;
#4224 = VECTOR ( 'NONE', #3864, 1000.000000000000000 ) ;
#4225 = FACE_OUTER_BOUND ( 'NONE', #4174, .T. ) ;
#4226 = EDGE_LOOP ( 'NONE', ( #1595, #3364, #403, #772 ) ) ;
#4227 =( NAMED_UNIT ( * ) PLANE_ANGLE_UNIT ( ) SI_UNIT ( $, .RADIAN. ) );
#4228 = CARTESIAN_POINT ( 'NONE',  ( -0.4999999999999914500, 0.1019999999999999900, -0.3000000000000000400 ) ) ;
#4229 =( GEOMETRIC_REPRESENTATION_CONTEXT ( 3 ) GLOBAL_UNCERTAINTY_ASSIGNED_CONTEXT ( ( #2582 ) ) GLOBAL_UNIT_ASSIGNED_CONTEXT ( ( #5005, #3012, #696 ) ) REPRESENTATION_CONTEXT ( 'NONE', 'WORKASPACE' ) );
#4230 = CARTESIAN_POINT ( 'NONE',  ( -0.5000000000000001100, -0.05000000000000012800, 1.300000000000000000 ) ) ;
#4231 = ORIENTED_EDGE ( 'NONE', *, *, #3636, .T. ) ;
#4232 = LINE ( 'NONE', #2299, #621 ) ;
#4233 = CARTESIAN_POINT ( 'NONE',  ( 0.6999999999999999600, 0.1019999999999999900, 0.9000000000000001300 ) ) ;
#4234 = ORIENTED_EDGE ( 'NONE', *, *, #4773, .T. ) ;
#4235 = DIRECTION ( 'NONE',  ( 0.0000000000000000000, 1.000000000000000000, 0.0000000000000000000 ) ) ;
#4236 = FACE_OUTER_BOUND ( 'NONE', #3627, .T. ) ;
#4237 = DIRECTION ( 'NONE',  ( -1.000000000000000000, 0.0000000000000000000, 2.409338161078899200E-016 ) ) ;
#4238 = DIRECTION ( 'NONE',  ( -1.000000000000000000, 0.0000000000000000000, 5.421010862427523200E-016 ) ) ;
#4239 = LINE ( 'NONE', #2763, #1296 ) ;
#4240 = AXIS2_PLACEMENT_3D ( 'NONE', #3924, #420, #760 ) ;
#4241 = EDGE_CURVE ( 'NONE', #4492, #2360, #138, .T. ) ;
#4242 = CARTESIAN_POINT ( 'NONE',  ( -0.4999999999999955600, 0.1019999999999999900, 0.2999999999999998800 ) ) ;
#4243 = SURFACE_SIDE_STYLE ('',( #1683 ) ) ;
#4244 = PLANE ( 'NONE',  #822 ) ;
#4245 = LINE ( 'NONE', #804, #2025 ) ;
#4246 = VECTOR ( 'NONE', #3116, 1000.000000000000000 ) ;
#4247 = ADVANCED_FACE ( 'NONE', ( #4868 ), #33, .F. ) ;
#4248 = DIRECTION ( 'NONE',  ( 1.000000000000000000, 0.0000000000000000000, 5.421010862427523200E-016 ) ) ;
#4249 = ORIENTED_EDGE ( 'NONE', *, *, #4717, .T. ) ;
#4250 = CARTESIAN_POINT ( 'NONE',  ( -0.2999999999999998800, 0.1019999999999999900, -0.9000000000000000200 ) ) ;
#4251 = CARTESIAN_POINT ( 'NONE',  ( 0.9000000000000000200, 0.0000000000000000000, 1.299999999999999600 ) ) ;
#4252 = CARTESIAN_POINT ( 'NONE',  ( 0.2999999999999997100, -1.138516480713438700, -1.300000000000000000 ) ) ;
#4253 = PLANE ( 'NONE',  #1166 ) ;
#4254 = VERTEX_POINT ( 'NONE', #1604 ) ;
#4255 = FACE_OUTER_BOUND ( 'NONE', #5025, .T. ) ;
#4256 = EDGE_CURVE ( 'NONE', #3492, #4722, #657, .T. ) ;
#4257 = ORIENTED_EDGE ( 'NONE', *, *, #622, .T. ) ;
#4258 = VERTEX_POINT ( 'NONE', #2029 ) ;
#4259 = CARTESIAN_POINT ( 'NONE',  ( -0.8999999999999913600, -1.138516480713438700, -0.3000000000000001600 ) ) ;
#4260 = VERTEX_POINT ( 'NONE', #2399 ) ;
#4261 = DIRECTION ( 'NONE',  ( 0.0000000000000000000, 0.0000000000000000000, 1.000000000000000000 ) ) ;
#4262 = UNCERTAINTY_MEASURE_WITH_UNIT (LENGTH_MEASURE( 1.000000000000000100E-005 ), #3193, 'distance_accuracy_value', 'NONE');
#4263 = ORIENTED_EDGE ( 'NONE', *, *, #2391, .F. ) ;
#4264 = CARTESIAN_POINT ( 'NONE',  ( 0.09999999999999988100, 0.1019999999999999900, -0.9000000000000000200 ) ) ;
#4265 =( GEOMETRIC_REPRESENTATION_CONTEXT ( 3 ) GLOBAL_UNCERTAINTY_ASSIGNED_CONTEXT ( ( #3127 ) ) GLOBAL_UNIT_ASSIGNED_CONTEXT ( ( #3721, #4072, #948 ) ) REPRESENTATION_CONTEXT ( 'NONE', 'WORKASPACE' ) );
#4266 = VECTOR ( 'NONE', #2626, 1000.000000000000000 ) ;
#4267 = CARTESIAN_POINT ( 'NONE',  ( 0.9000000000000000200, 0.0000000000000000000, 1.299999999999999600 ) ) ;
#4268 = ORIENTED_EDGE ( 'NONE', *, *, #5009, .F. ) ;
#4269 = CARTESIAN_POINT ( 'NONE',  ( 0.2999999999999999300, -1.138516480713438700, 0.9000000000000001300 ) ) ;
#4270 = DIRECTION ( 'NONE',  ( -1.000000000000000000, 0.0000000000000000000, 0.0000000000000000000 ) ) ;
#4271 = ORIENTED_EDGE ( 'NONE', *, *, #3470, .F. ) ;
#4272 = CARTESIAN_POINT ( 'NONE',  ( -0.8999999999999998000, 0.5000000000000000000, 1.300000000000000000 ) ) ;
#4273 = EDGE_CURVE ( 'NONE', #1143, #3528, #712, .T. ) ;
#4274 = EDGE_CURVE ( 'NONE', #1095, #2284, #4996, .T. ) ;
#4275 = ADVANCED_FACE ( 'NONE', ( #402 ), #4437, .F. ) ;
#4276 = CARTESIAN_POINT ( 'NONE',  ( 0.8999999999999998000, -0.05000000000000012800, 0.7000000000000000700 ) ) ;
#4277 = VECTOR ( 'NONE', #865, 1000.000000000000000 ) ;
#4278 = LINE ( 'NONE', #234, #1153 ) ;
#4279 = LINE ( 'NONE', #1004, #358 ) ;
#4280 = LINE ( 'NONE', #5064, #1397 ) ;
#4281 = CARTESIAN_POINT ( 'NONE',  ( 0.4999999999999997800, 0.0000000000000000000, 0.6999999999999998400 ) ) ;
#4282 = CARTESIAN_POINT ( 'NONE',  ( -0.5000000000000001100, 0.1019999999999999900, 1.300000000000000000 ) ) ;
#4283 = LINE ( 'NONE', #3828, #3222 ) ;
#4284 = ORIENTED_EDGE ( 'NONE', *, *, #3100, .F. ) ;
#4285 = LINE ( 'NONE', #4189, #3788 ) ;
#4286 = ORIENTED_EDGE ( 'NONE', *, *, #3308, .F. ) ;
#4287 = CARTESIAN_POINT ( 'NONE',  ( -0.1000000000000000500, -1.138516480713438700, -0.9000000000000001300 ) ) ;
#4288 = DIRECTION ( 'NONE',  ( 0.0000000000000000000, 1.000000000000000000, 0.0000000000000000000 ) ) ;
#4289 = AXIS2_PLACEMENT_3D ( 'NONE', #1827, #4616, #1870 ) ;
#4290 = EDGE_CURVE ( 'NONE', #4848, #2010, #827, .T. ) ;
#4291 = ORIENTED_EDGE ( 'NONE', *, *, #4716, .F. ) ;
#4292 = CARTESIAN_POINT ( 'NONE',  ( 0.6999999999999995100, 0.0000000000000000000, -0.9000000000000001300 ) ) ;
#4293 = FACE_OUTER_BOUND ( 'NONE', #2234, .T. ) ;
#4294 = CARTESIAN_POINT ( 'NONE',  ( -0.1000000000000000500, -0.05000000000000012800, -0.9000000000000001300 ) ) ;
#4295 = ORIENTED_EDGE ( 'NONE', *, *, #2796, .T. ) ;
#4296 = CARTESIAN_POINT ( 'NONE',  ( 0.4999999999999872300, 0.1019999999999999900, -0.7000000000000000700 ) ) ;
#4297 = AXIS2_PLACEMENT_3D ( 'NONE', #400, #752, #3482 ) ;
#4298 = CARTESIAN_POINT ( 'NONE',  ( -0.8999999999999998000, -1.138516480713438700, 0.7000000000000000700 ) ) ;
#4299 = DIRECTION ( 'NONE',  ( 0.0000000000000000000, 0.0000000000000000000, -1.000000000000000000 ) ) ;
#4300 = DIRECTION ( 'NONE',  ( -1.000000000000000000, 0.0000000000000000000, 0.0000000000000000000 ) ) ;
#4301 = LINE ( 'NONE', #1268, #5092 ) ;
#4302 = LINE ( 'NONE', #4427, #111 ) ;
#4303 = EDGE_CURVE ( 'NONE', #517, #20, #1200, .T. ) ;
#4304 = CARTESIAN_POINT ( 'NONE',  ( 0.0000000000000000000, 0.1019999999999999900, 0.0000000000000000000 ) ) ;
#4305 = PLANE ( 'NONE',  #805 ) ;
#4306 =( NAMED_UNIT ( * ) PLANE_ANGLE_UNIT ( ) SI_UNIT ( $, .RADIAN. ) );
#4307 = LINE ( 'NONE', #1076, #2945 ) ;
#4308 = LINE ( 'NONE', #5007, #4049 ) ;
#4309 = FILL_AREA_STYLE_COLOUR ( '', #2315 ) ;
#4310 = AXIS2_PLACEMENT_3D ( 'NONE', #4972, #2389, #341 ) ;
#4311 = CARTESIAN_POINT ( 'NONE',  ( -0.5000000000000001100, -1.138516480713438700, 0.9000000000000001300 ) ) ;
#4312 = PLANE ( 'NONE',  #1625 ) ;
#4313 = DIRECTION ( 'NONE',  ( 0.0000000000000000000, -0.0000000000000000000, 1.000000000000000000 ) ) ;
#4314 = DIRECTION ( 'NONE',  ( -1.000000000000000000, 0.0000000000000000000, -2.710505431213761600E-016 ) ) ;
#4315 = PLANE ( 'NONE',  #2851 ) ;
#4316 = ORIENTED_EDGE ( 'NONE', *, *, #4649, .F. ) ;
#4317 = VERTEX_POINT ( 'NONE', #3584 ) ;
#4318 = LINE ( 'NONE', #4724, #3025 ) ;
#4319 = EDGE_CURVE ( 'NONE', #4641, #1213, #3948, .T. ) ;
#4320 = ORIENTED_EDGE ( 'NONE', *, *, #3590, .F. ) ;
#4321 = CARTESIAN_POINT ( 'NONE',  ( 0.8999999999999913600, 0.1019999999999999900, -0.09999999999999993600 ) ) ;
#4322 = DIRECTION ( 'NONE',  ( 1.000000000000000000, -0.0000000000000000000, -2.409338161078899200E-016 ) ) ;
#4323 = ORIENTED_EDGE ( 'NONE', *, *, #2335, .T. ) ;
#4324 = CARTESIAN_POINT ( 'NONE',  ( 0.9000000000000000200, 0.5000000000000000000, 1.299999999999999600 ) ) ;
#4325 = VERTEX_POINT ( 'NONE', #2018 ) ;
#4326 = ORIENTED_EDGE ( 'NONE', *, *, #1550, .F. ) ;
#4327 = EDGE_CURVE ( 'NONE', #4818, #1440, #2728, .T. ) ;
#4328 = ADVANCED_FACE ( 'NONE', ( #3152 ), #4372, .F. ) ;
#4329 = SURFACE_STYLE_USAGE ( .BOTH. , #4720 ) ;
#4330 = VECTOR ( 'NONE', #817, 1000.000000000000000 ) ;
#4331 = ORIENTED_EDGE ( 'NONE', *, *, #4430, .F. ) ;
#4332 = MECHANICAL_DESIGN_GEOMETRIC_PRESENTATION_REPRESENTATION (  '', ( #147 ), #3172 ) ;
#4333 = ORIENTED_EDGE ( 'NONE', *, *, #3840, .F. ) ;
#4334 = DIRECTION ( 'NONE',  ( -1.000000000000000000, 0.0000000000000000000, -5.421010862427523200E-016 ) ) ;
#4335 = DIRECTION ( 'NONE',  ( 0.0000000000000000000, 0.0000000000000000000, -1.000000000000000000 ) ) ;
#4336 = STYLED_ITEM ( 'NONE', ( #2637 ), #2218 ) ;
#4337 = EDGE_CURVE ( 'NONE', #1742, #3255, #338, .T. ) ;
#4338 = EDGE_CURVE ( 'NONE', #3841, #2135, #2096, .T. ) ;
#4339 = VECTOR ( 'NONE', #4853, 1000.000000000000000 ) ;
#4340 = VERTEX_POINT ( 'NONE', #495 ) ;
#4341 = CARTESIAN_POINT ( 'NONE',  ( -0.1000000000000001000, 0.1019999999999999900, 1.300000000000000000 ) ) ;
#4342 = ORIENTED_EDGE ( 'NONE', *, *, #1866, .F. ) ;
#4343 = DIRECTION ( 'NONE',  ( 0.0000000000000000000, 0.0000000000000000000, -1.000000000000000000 ) ) ;
#4344 = LINE ( 'NONE', #1091, #3791 ) ;
#4345 = VERTEX_POINT ( 'NONE', #1230 ) ;
#4346 = LINE ( 'NONE', #1109, #1467 ) ;
#4347 = DIRECTION ( 'NONE',  ( -0.0000000000000000000, 1.000000000000000000, -0.0000000000000000000 ) ) ;
#4348 = ORIENTED_EDGE ( 'NONE', *, *, #2274, .T. ) ;
#4349 = ORIENTED_EDGE ( 'NONE', *, *, #4763, .T. ) ;
#4350 = VECTOR ( 'NONE', #2617, 1000.000000000000000 ) ;
#4351 = VERTEX_POINT ( 'NONE', #2429 ) ;
#4352 = VECTOR ( 'NONE', #3344, 1000.000000000000000 ) ;
#4353 = APPLICATION_CONTEXT ( 'automotive_design' ) ;
#4354 = ORIENTED_EDGE ( 'NONE', *, *, #2886, .F. ) ;
#4355 = EDGE_CURVE ( 'NONE', #2553, #2408, #1319, .T. ) ;
#4356 = VECTOR ( 'NONE', #4190, 1000.000000000000000 ) ;
#4357 = ADVANCED_FACE ( 'NONE', ( #2596 ), #723, .F. ) ;
#4358 = ORIENTED_EDGE ( 'NONE', *, *, #1025, .F. ) ;
#4359 = DIRECTION ( 'NONE',  ( 0.0000000000000000000, 0.0000000000000000000, 1.000000000000000000 ) ) ;
#4360 = LINE ( 'NONE', #2071, #3307 ) ;
#4361 = VERTEX_POINT ( 'NONE', #2684 ) ;
#4362 = CARTESIAN_POINT ( 'NONE',  ( 0.2999999999999997100, 0.1019999999999999900, -0.9000000000000001300 ) ) ;
#4363 = AXIS2_PLACEMENT_3D ( 'NONE', #4556, #3440, #4635 ) ;
#4364 = EDGE_CURVE ( 'NONE', #3630, #17, #2515, .T. ) ;
#4365 = DIRECTION ( 'NONE',  ( 1.000000000000000000, 0.0000000000000000000, 0.0000000000000000000 ) ) ;
#4366 = EDGE_CURVE ( 'NONE', #170, #2946, #1081, .T. ) ;
#4367 = VECTOR ( 'NONE', #3798, 1000.000000000000000 ) ;
#4368 = VERTEX_POINT ( 'NONE', #3831 ) ;
#4369 = LINE ( 'NONE', #751, #3326 ) ;
#4370 = ORIENTED_EDGE ( 'NONE', *, *, #717, .T. ) ;
#4371 = DIRECTION ( 'NONE',  ( 2.710505431213761600E-016, 0.0000000000000000000, -1.000000000000000000 ) ) ;
#4372 = PLANE ( 'NONE',  #2179 ) ;
#4373 = ORIENTED_EDGE ( 'NONE', *, *, #503, .T. ) ;
#4374 = LINE ( 'NONE', #1462, #3696 ) ;
#4375 = EDGE_LOOP ( 'NONE', ( #4379, #1011, #1443, #880 ) ) ;
#4376 = VERTEX_POINT ( 'NONE', #357 ) ;
#4377 = CARTESIAN_POINT ( 'NONE',  ( 0.8999999999999871400, 0.1019999999999999900, -0.7000000000000001800 ) ) ;
#4378 = ORIENTED_EDGE ( 'NONE', *, *, #3812, .T. ) ;
#4379 = ORIENTED_EDGE ( 'NONE', *, *, #71, .T. ) ;
#4380 = EDGE_CURVE ( 'NONE', #3119, #1111, #4569, .T. ) ;
#4381 = VERTEX_POINT ( 'NONE', #4608 ) ;
#4382 = CARTESIAN_POINT ( 'NONE',  ( 0.4999999999999914500, -1.138516480713438700, -0.3000000000000000400 ) ) ;
#4383 = ORIENTED_EDGE ( 'NONE', *, *, #1025, .T. ) ;
#4384 = FACE_OUTER_BOUND ( 'NONE', #3474, .T. ) ;
#4385 = DIRECTION ( 'NONE',  ( 0.0000000000000000000, 0.0000000000000000000, 1.000000000000000000 ) ) ;
#4386 = ORIENTED_EDGE ( 'NONE', *, *, #2182, .F. ) ;
#4387 = ADVANCED_FACE ( 'NONE', ( #4493 ), #4204, .F. ) ;
#4388 = AXIS2_PLACEMENT_3D ( 'NONE', #3029, #3822, #1860 ) ;
#4389 =( NAMED_UNIT ( * ) SI_UNIT ( $, .STERADIAN. ) SOLID_ANGLE_UNIT ( ) );
#4390 = LINE ( 'NONE', #2734, #4277 ) ;
#4391 = CARTESIAN_POINT ( 'NONE',  ( -0.4999999999999872300, 0.1019999999999999900, -0.7000000000000000700 ) ) ;
#4392 = VECTOR ( 'NONE', #4016, 1000.000000000000000 ) ;
#4393 = AXIS2_PLACEMENT_3D ( 'NONE', #2217, #288, #2608 ) ;
#4394 = LINE ( 'NONE', #1756, #2314 ) ;
#4395 = VECTOR ( 'NONE', #3493, 1000.000000000000000 ) ;
#4396 = CARTESIAN_POINT ( 'NONE',  ( -0.8999999999999871400, -0.0000000000000000000, -0.7000000000000001800 ) ) ;
#4397 = APPLICATION_CONTEXT ( 'automotive_design' ) ;
#4398 = CARTESIAN_POINT ( 'NONE',  ( -0.4999999999999914500, 0.1019999999999999900, -0.3000000000000000400 ) ) ;
#4399 = LINE ( 'NONE', #1381, #4591 ) ;
#4400 = LINE ( 'NONE', #2072, #1162 ) ;
#4401 = LINE ( 'NONE', #3670, #677 ) ;
#4402 = EDGE_LOOP ( 'NONE', ( #2751, #3551, #1674, #3017 ) ) ;
#4403 = STYLED_ITEM ( 'NONE', ( #3917 ), #2958 ) ;
#4404 = ADVANCED_FACE ( 'NONE', ( #3458 ), #4222, .F. ) ;
#4405 = ORIENTED_EDGE ( 'NONE', *, *, #1636, .T. ) ;
#4406 = VERTEX_POINT ( 'NONE', #1483 ) ;
#4407 = ORIENTED_EDGE ( 'NONE', *, *, #2074, .F. ) ;
#4408 = ORIENTED_EDGE ( 'NONE', *, *, #3244, .T. ) ;
#4409 = AXIS2_PLACEMENT_3D ( 'NONE', #2507, #1347, #1699 ) ;
#4410 = CARTESIAN_POINT ( 'NONE',  ( 0.2999999999999999300, -0.05000000000000012800, 1.300000000000000000 ) ) ;
#4411 = PRESENTATION_STYLE_ASSIGNMENT (( #1055 ) ) ;
#4412 = DIRECTION ( 'NONE',  ( 0.0000000000000000000, -0.0000000000000000000, -1.000000000000000000 ) ) ;
#4413 = VECTOR ( 'NONE', #2616, 1000.000000000000000 ) ;
#4414 = EDGE_CURVE ( 'NONE', #433, #4258, #3027, .T. ) ;
#4415 = CARTESIAN_POINT ( 'NONE',  ( 0.8999999999999998000, 0.0000000000000000000, 0.7000000000000000700 ) ) ;
#4416 = ORIENTED_EDGE ( 'NONE', *, *, #3952, .T. ) ;
#4417 = DIRECTION ( 'NONE',  ( 0.0000000000000000000, 0.0000000000000000000, -1.000000000000000000 ) ) ;
#4418 = PLANE ( 'NONE',  #83 ) ;
#4419 = CARTESIAN_POINT ( 'NONE',  ( -0.1000000000000001000, 0.0000000000000000000, 1.300000000000000000 ) ) ;
#4420 = EDGE_CURVE ( 'NONE', #3423, #4376, #4374, .T. ) ;
#4421 = VECTOR ( 'NONE', #2503, 1000.000000000000000 ) ;
#4422 = CARTESIAN_POINT ( 'NONE',  ( -0.4999999999999914500, -0.05000000000000012800, -0.3000000000000000400 ) ) ;
#4423 = LINE ( 'NONE', #4242, #3084 ) ;
#4424 = AXIS2_PLACEMENT_3D ( 'NONE', #3035, #1046, #290 ) ;
#4425 = VECTOR ( 'NONE', #3922, 1000.000000000000000 ) ;
#4426 = VERTEX_POINT ( 'NONE', #2272 ) ;
#4427 = CARTESIAN_POINT ( 'NONE',  ( 0.6999999999999999600, 0.1019999999999999900, 1.300000000000000000 ) ) ;
#4428 = VERTEX_POINT ( 'NONE', #2956 ) ;
#4429 =( GEOMETRIC_REPRESENTATION_CONTEXT ( 3 ) GLOBAL_UNCERTAINTY_ASSIGNED_CONTEXT ( ( #4654 ) ) GLOBAL_UNIT_ASSIGNED_CONTEXT ( ( #2266, #4623, #4200 ) ) REPRESENTATION_CONTEXT ( 'NONE', 'WORKASPACE' ) );
#4430 = EDGE_CURVE ( 'NONE', #4219, #3703, #3397, .T. ) ;
#4431 = EDGE_CURVE ( 'NONE', #1454, #2841, #2403, .T. ) ;
#4432 = ORIENTED_EDGE ( 'NONE', *, *, #2910, .T. ) ;
#4433 = LINE ( 'NONE', #4298, #1198 ) ;
#4434 = ORIENTED_EDGE ( 'NONE', *, *, #1597, .F. ) ;
#4435 = DIRECTION ( 'NONE',  ( 0.0000000000000000000, 0.0000000000000000000, 1.000000000000000000 ) ) ;
#4436 = DIRECTION ( 'NONE',  ( -0.0000000000000000000, 1.000000000000000000, -0.0000000000000000000 ) ) ;
#4437 = CYLINDRICAL_SURFACE ( 'NONE', #1912, 0.1104759766373918000 ) ;
#4438 = ORIENTED_EDGE ( 'NONE', *, *, #244, .T. ) ;
#4439 = ORIENTED_EDGE ( 'NONE', *, *, #1154, .F. ) ;
#4440 = CARTESIAN_POINT ( 'NONE',  ( 0.4999999999999995600, 0.1019999999999999900, -0.9000000000000000200 ) ) ;
#4441 = PLANE ( 'NONE',  #3994 ) ;
#4442 = DIRECTION ( 'NONE',  ( -0.0000000000000000000, -1.000000000000000000, -0.0000000000000000000 ) ) ;
#4443 = ORIENTED_EDGE ( 'NONE', *, *, #4995, .F. ) ;
#4444 = FACE_OUTER_BOUND ( 'NONE', #1191, .T. ) ;
#4445 = EDGE_CURVE ( 'NONE', #3372, #1480, #2240, .T. ) ;
#4446 = CARTESIAN_POINT ( 'NONE',  ( 0.6999999999999995100, -1.138516480713438700, -1.300000000000000000 ) ) ;
#4447 = CARTESIAN_POINT ( 'NONE',  ( 0.4999999999999955600, 0.1019999999999999900, 0.2999999999999998800 ) ) ;
#4448 = VERTEX_POINT ( 'NONE', #3740 ) ;
#4449 = LINE ( 'NONE', #3055, #3593 ) ;
#4450 = CARTESIAN_POINT ( 'NONE',  ( -0.3999999999999997400, -0.0000000000000000000, -0.5000000000000002200 ) ) ;
#4451 = CARTESIAN_POINT ( 'NONE',  ( 0.8999999999999998000, 0.1019999999999999900, 0.4999999999999998900 ) ) ;
#4452 =( LENGTH_UNIT ( ) NAMED_UNIT ( * ) SI_UNIT ( .MILLI., .METRE. ) );
#4453 = CARTESIAN_POINT ( 'NONE',  ( 0.09999999999999988100, 0.1019999999999999900, -1.300000000000000000 ) ) ;
#4454 = VECTOR ( 'NONE', #4051, 1000.000000000000000 ) ;
#4455 = CARTESIAN_POINT ( 'NONE',  ( 0.09999999999999988100, 0.1019999999999999900, -0.9000000000000000200 ) ) ;
#4456 = ORIENTED_EDGE ( 'NONE', *, *, #2961, .T. ) ;
#4457 = EDGE_CURVE ( 'NONE', #858, #3859, #1986, .T. ) ;
#4458 = LINE ( 'NONE', #3767, #4781 ) ;
#4459 = VERTEX_POINT ( 'NONE', #285 ) ;
#4460 = DIRECTION ( 'NONE',  ( -0.0000000000000000000, 1.000000000000000000, -0.0000000000000000000 ) ) ;
#4461 = VECTOR ( 'NONE', #706, 1000.000000000000000 ) ;
#4462 = VERTEX_POINT ( 'NONE', #259 ) ;
#4463 = ADVANCED_FACE ( 'NONE', ( #200 ), #1039, .F. ) ;
#4464 = VECTOR ( 'NONE', #4933, 1000.000000000000000 ) ;
#4465 = DIRECTION ( 'NONE',  ( -0.0000000000000000000, -1.000000000000000000, -0.0000000000000000000 ) ) ;
#4466 = LINE ( 'NONE', #4605, #312 ) ;
#4467 = DIRECTION ( 'NONE',  ( -0.0000000000000000000, 1.000000000000000000, -0.0000000000000000000 ) ) ;
#4468 = ORIENTED_EDGE ( 'NONE', *, *, #1583, .T. ) ;
#4469 = DIRECTION ( 'NONE',  ( 1.000000000000000000, 0.0000000000000000000, 2.710505431213761600E-016 ) ) ;
#4470 = CARTESIAN_POINT ( 'NONE',  ( 0.2999999999999997100, 0.1019999999999999900, -0.9000000000000001300 ) ) ;
#4471 = VECTOR ( 'NONE', #271, 1000.000000000000000 ) ;
#4472 = EDGE_CURVE ( 'NONE', #1489, #2360, #1249, .T. ) ;
#4473 = LINE ( 'NONE', #3634, #2499 ) ;
#4474 = ORIENTED_EDGE ( 'NONE', *, *, #1718, .F. ) ;
#4475 = DIRECTION ( 'NONE',  ( -1.000000000000000000, 0.0000000000000000000, 5.421010862427523200E-016 ) ) ;
#4476 = DIRECTION ( 'NONE',  ( 1.000000000000000000, 0.0000000000000000000, 0.0000000000000000000 ) ) ;
#4477 = LINE ( 'NONE', #913, #4914 ) ;
#4478 = EDGE_CURVE ( 'NONE', #465, #1454, #1619, .T. ) ;
#4479 = CARTESIAN_POINT ( 'NONE',  ( -0.8999999999999998000, 0.0000000000000000000, 1.300000000000000000 ) ) ;
#4480 = DIRECTION ( 'NONE',  ( 0.0000000000000000000, 0.0000000000000000000, 1.000000000000000000 ) ) ;
#4481 = PLANE ( 'NONE',  #1964 ) ;
#4482 = VECTOR ( 'NONE', #4077, 1000.000000000000000 ) ;
#4483 = CARTESIAN_POINT ( 'NONE',  ( -0.4999999999999996700, 0.1019999999999999900, -0.9000000000000001300 ) ) ;
#4484 = DIRECTION ( 'NONE',  ( 0.0000000000000000000, 0.0000000000000000000, -1.000000000000000000 ) ) ;
#4485 = CARTESIAN_POINT ( 'NONE',  ( -0.8999999999999998000, -0.05000000000000012800, 0.7000000000000000700 ) ) ;
#4486 = ORIENTED_EDGE ( 'NONE', *, *, #3189, .F. ) ;
#4487 = ORIENTED_EDGE ( 'NONE', *, *, #700, .T. ) ;
#4488 = ADVANCED_FACE ( 'NONE', ( #2463 ), #2562, .F. ) ;
#4489 = AXIS2_PLACEMENT_3D ( 'NONE', #3870, #327, #2719 ) ;
#4490 = CARTESIAN_POINT ( 'NONE',  ( -0.5000000000000001100, 0.1019999999999999900, 0.9000000000000001300 ) ) ;
#4491 = DIRECTION ( 'NONE',  ( 0.0000000000000000000, 0.0000000000000000000, 1.000000000000000000 ) ) ;
#4492 = VERTEX_POINT ( 'NONE', #3716 ) ;
#4493 = FACE_OUTER_BOUND ( 'NONE', #3340, .T. ) ;
#4494 = CARTESIAN_POINT ( 'NONE',  ( -0.4999999999999996700, 0.1019999999999999900, -1.300000000000000000 ) ) ;
#4495 = ORIENTED_EDGE ( 'NONE', *, *, #567, .F. ) ;
#4496 = DIRECTION ( 'NONE',  ( -0.0000000000000000000, 0.0000000000000000000, -1.000000000000000000 ) ) ;
#4497 = ORIENTED_EDGE ( 'NONE', *, *, #3125, .T. ) ;
#4498 = AXIS2_PLACEMENT_3D ( 'NONE', #4062, #3233, #2125 ) ;
#4499 = DIRECTION ( 'NONE',  ( -0.7071067811865037200, 0.0000000000000000000, -0.7071067811865914300 ) ) ;
#4500 = CARTESIAN_POINT ( 'NONE',  ( -0.1000000000000001000, -1.138516480713438700, 1.300000000000000000 ) ) ;
#4501 = EDGE_CURVE ( 'NONE', #4138, #494, #2296, .T. ) ;
#4502 = VERTEX_POINT ( 'NONE', #1445 ) ;
#4503 = ORIENTED_EDGE ( 'NONE', *, *, #941, .F. ) ;
#4504 = VERTEX_POINT ( 'NONE', #4905 ) ;
#4505 = ADVANCED_FACE ( 'NONE', ( #2889 ), #4111, .F. ) ;
#4506 = PLANE ( 'NONE',  #1327 ) ;
#4507 = CARTESIAN_POINT ( 'NONE',  ( -0.2999999999999998800, 0.1019999999999999900, -0.9000000000000000200 ) ) ;
#4508 = ORIENTED_EDGE ( 'NONE', *, *, #905, .T. ) ;
#4509 = CARTESIAN_POINT ( 'NONE',  ( -0.4999999999999872300, 0.1019999999999999900, -0.5000000000000002200 ) ) ;
#4510 =( NAMED_UNIT ( * ) PLANE_ANGLE_UNIT ( ) SI_UNIT ( $, .RADIAN. ) );
#4511 = EDGE_LOOP ( 'NONE', ( #3609, #4053, #4017, #1840 ) ) ;
#4512 = DIRECTION ( 'NONE',  ( -0.0000000000000000000, -0.0000000000000000000, 1.000000000000000000 ) ) ;
#4513 = CARTESIAN_POINT ( 'NONE',  ( -0.4999999999999955600, 0.1019999999999999900, 0.2999999999999998800 ) ) ;
#4514 = DIRECTION ( 'NONE',  ( 0.0000000000000000000, 0.0000000000000000000, 1.000000000000000000 ) ) ;
#4515 = EDGE_CURVE ( 'NONE', #2080, #2459, #2951, .T. ) ;
#4516 = DIRECTION ( 'NONE',  ( 0.0000000000000000000, 0.0000000000000000000, -1.000000000000000000 ) ) ;
#4517 = ADVANCED_FACE ( 'NONE', ( #2826 ), #3599, .F. ) ;
#4518 = LINE ( 'NONE', #3981, #1457 ) ;
#4519 = VECTOR ( 'NONE', #3505, 1000.000000000000000 ) ;
#4520 = LINE ( 'NONE', #66, #2428 ) ;
#4521 = LINE ( 'NONE', #2162, #2431 ) ;
#4522 = AXIS2_PLACEMENT_3D ( 'NONE', #4550, #208, #2254 ) ;
#4523 = EDGE_LOOP ( 'NONE', ( #3301, #2907, #4899, #2614 ) ) ;
#4524 = LINE ( 'NONE', #2548, #2982 ) ;
#4525 = ORIENTED_EDGE ( 'NONE', *, *, #1318, .T. ) ;
#4526 = DIRECTION ( 'NONE',  ( 1.000000000000000000, 0.0000000000000000000, -2.710505431213761600E-016 ) ) ;
#4527 = DIRECTION ( 'NONE',  ( 0.0000000000000000000, 0.0000000000000000000, 1.000000000000000000 ) ) ;
#4528 = DIRECTION ( 'NONE',  ( 0.0000000000000000000, 0.0000000000000000000, 1.000000000000000000 ) ) ;
#4529 = LINE ( 'NONE', #3282, #1689 ) ;
#4530 = CARTESIAN_POINT ( 'NONE',  ( 0.6999999999999995100, -0.05000000000000012800, -1.300000000000000000 ) ) ;
#4531 = VERTEX_POINT ( 'NONE', #326 ) ;
#4532 = ADVANCED_FACE ( 'NONE', ( #5052 ), #22, .F. ) ;
#4533 = AXIS2_PLACEMENT_3D ( 'NONE', #1241, #2779, #2804 ) ;
#4534 = EDGE_CURVE ( 'NONE', #4211, #4459, #72, .T. ) ;
#4535 = CARTESIAN_POINT ( 'NONE',  ( -0.7000000000000000700, 0.1019999999999999900, 0.9000000000000000200 ) ) ;
#4536 = EDGE_CURVE ( 'NONE', #2284, #624, #878, .T. ) ;
#4537 = CARTESIAN_POINT ( 'NONE',  ( 0.0000000000000000000, 0.1019999999999999900, 0.0000000000000000000 ) ) ;
#4538 = LINE ( 'NONE', #4885, #2276 ) ;
#4539 = CARTESIAN_POINT ( 'NONE',  ( 0.9000000000000000200, 0.5000000000000000000, 1.299999999999999600 ) ) ;
#4540 = DIRECTION ( 'NONE',  ( 1.000000000000000000, 0.0000000000000000000, -2.710505431213761600E-016 ) ) ;
#4541 = EDGE_LOOP ( 'NONE', ( #2407, #3292, #4202, #3730 ) ) ;
#4542 = LINE ( 'NONE', #565, #3132 ) ;
#4543 = DIRECTION ( 'NONE',  ( -0.0000000000000000000, -0.0000000000000000000, 1.000000000000000000 ) ) ;
#4544 = ORIENTED_EDGE ( 'NONE', *, *, #815, .T. ) ;
#4545 = CARTESIAN_POINT ( 'NONE',  ( 0.4999999999999914500, 0.1019999999999999900, -0.3000000000000000400 ) ) ;
#4546 = CARTESIAN_POINT ( 'NONE',  ( 0.0000000000000000000, 0.1019999999999999900, 0.0000000000000000000 ) ) ;
#4547 = ADVANCED_FACE ( 'NONE', ( #4929 ), #42, .F. ) ;
#4548 = AXIS2_PLACEMENT_3D ( 'NONE', #1820, #2537, #4941 ) ;
#4549 = DIRECTION ( 'NONE',  ( -1.000000000000000000, 0.0000000000000000000, -5.421010862427523200E-016 ) ) ;
#4550 = CARTESIAN_POINT ( 'NONE',  ( -0.4999999999999955600, -1.138516480713438700, 0.09999999999999999200 ) ) ;
#4551 = EDGE_CURVE ( 'NONE', #2459, #722, #2030, .T. ) ;
#4552 = CARTESIAN_POINT ( 'NONE',  ( -0.4999999999999955600, -0.05000000000000012800, 0.09999999999999999200 ) ) ;
#4553 = VECTOR ( 'NONE', #4238, 1000.000000000000000 ) ;
#4554 = ORIENTED_EDGE ( 'NONE', *, *, #2585, .F. ) ;
#4555 = CARTESIAN_POINT ( 'NONE',  ( -0.3999999999999996900, -0.0000000000000000000, -0.6000000000000002000 ) ) ;
#4556 = CARTESIAN_POINT ( 'NONE',  ( -0.6999999999999996200, -1.138516480713438700, -0.9000000000000000200 ) ) ;
#4557 = ORIENTED_EDGE ( 'NONE', *, *, #2725, .T. ) ;
#4558 = AXIS2_PLACEMENT_3D ( 'NONE', #1723, #2494, #4476 ) ;
#4559 = VERTEX_POINT ( 'NONE', #3611 ) ;
#4560 = ADVANCED_FACE ( 'NONE', ( #4122 ), #3620, .F. ) ;
#4561 = FILL_AREA_STYLE ('',( #1059 ) ) ;
#4562 = CARTESIAN_POINT ( 'NONE',  ( -0.8999999999999998000, 0.1019999999999999900, 0.4999999999999998900 ) ) ;
#4563 = VERTEX_POINT ( 'NONE', #3316 ) ;
#4564 = FACE_OUTER_BOUND ( 'NONE', #4936, .T. ) ;
#4565 = VERTEX_POINT ( 'NONE', #2157 ) ;
#4566 = CARTESIAN_POINT ( 'NONE',  ( 0.09999999999999993600, -0.05000000000000012800, 1.300000000000000000 ) ) ;
#4567 = EDGE_CURVE ( 'NONE', #2408, #1975, #4807, .T. ) ;
#4568 = PLANE ( 'NONE',  #4393 ) ;
#4569 = LINE ( 'NONE', #3825, #456 ) ;
#4570 = FILL_AREA_STYLE_COLOUR ( '', #792 ) ;
#4571 = VERTEX_POINT ( 'NONE', #1777 ) ;
#4572 = DIRECTION ( 'NONE',  ( -1.000000000000000000, 0.0000000000000000000, 5.421010862427523200E-016 ) ) ;
#4573 = ORIENTED_EDGE ( 'NONE', *, *, #1718, .T. ) ;
#4574 = CARTESIAN_POINT ( 'NONE',  ( -0.5000000000000001100, 0.0000000000000000000, 0.9000000000000001300 ) ) ;
#4575 = CARTESIAN_POINT ( 'NONE',  ( -0.4999999999999955600, 0.1019999999999999900, 0.09999999999999999200 ) ) ;
#4576 = CARTESIAN_POINT ( 'NONE',  ( -0.2999999999999998800, 0.1019999999999999900, -0.9000000000000000200 ) ) ;
#4577 = VECTOR ( 'NONE', #130, 1000.000000000000000 ) ;
#4578 = ADVANCED_FACE ( 'NONE', ( #3873 ), #2208, .T. ) ;
#4579 = UNCERTAINTY_MEASURE_WITH_UNIT (LENGTH_MEASURE( 1.000000000000000100E-005 ), #1185, 'distance_accuracy_value', 'NONE');
#4580 = FACE_OUTER_BOUND ( 'NONE', #2547, .T. ) ;
#4581 = EDGE_LOOP ( 'NONE', ( #2955, #3294, #5015, #4573 ) ) ;
#4582 = DIRECTION ( 'NONE',  ( -0.0000000000000000000, 1.000000000000000000, -0.0000000000000000000 ) ) ;
#4583 = AXIS2_PLACEMENT_3D ( 'NONE', #2020, #4795, #2430 ) ;
#4584 = EDGE_CURVE ( 'NONE', #2841, #2181, #3820, .T. ) ;
#4585 = VECTOR ( 'NONE', #543, 1000.000000000000000 ) ;
#4586 = DIRECTION ( 'NONE',  ( -1.000000000000000000, 0.0000000000000000000, -2.710505431213761600E-016 ) ) ;
#4587 = ORIENTED_EDGE ( 'NONE', *, *, #2394, .T. ) ;
#4588 = DIRECTION ( 'NONE',  ( -1.000000000000000000, 0.0000000000000000000, 0.0000000000000000000 ) ) ;
#4589 =( NAMED_UNIT ( * ) SI_UNIT ( $, .STERADIAN. ) SOLID_ANGLE_UNIT ( ) );
#4590 = ADVANCED_FACE ( 'NONE', ( #2776 ), #4315, .F. ) ;
#4591 = VECTOR ( 'NONE', #4074, 1000.000000000000000 ) ;
#4592 = CARTESIAN_POINT ( 'NONE',  ( 0.9000000000000000200, 0.0000000000000000000, 1.299999999999999600 ) ) ;
#4593 = DIRECTION ( 'NONE',  ( 0.0000000000000000000, -0.0000000000000000000, -1.000000000000000000 ) ) ;
#4594 = LINE ( 'NONE', #2028, #2915 ) ;
#4595 = LINE ( 'NONE', #3334, #2549 ) ;
#4596 = EDGE_CURVE ( 'NONE', #4459, #1639, #646, .T. ) ;
#4597 = CARTESIAN_POINT ( 'NONE',  ( 0.09999999999999993600, 0.1019999999999999900, 0.9000000000000000200 ) ) ;
#4598 = DIRECTION ( 'NONE',  ( 1.000000000000000000, -0.0000000000000000000, 2.710505431213761600E-016 ) ) ;
#4599 = DIRECTION ( 'NONE',  ( -1.000000000000000000, 0.0000000000000000000, 0.0000000000000000000 ) ) ;
#4600 = ORIENTED_EDGE ( 'NONE', *, *, #2461, .F. ) ;
#4601 = VECTOR ( 'NONE', #3464, 1000.000000000000000 ) ;
#4602 = VERTEX_POINT ( 'NONE', #755 ) ;
#4603 = VERTEX_POINT ( 'NONE', #3871 ) ;
#4604 = AXIS2_PLACEMENT_3D ( 'NONE', #807, #1606, #2357 ) ;
#4605 = CARTESIAN_POINT ( 'NONE',  ( -0.5000000000000001100, 0.0000000000000000000, 0.9000000000000001300 ) ) ;
#4606 = CARTESIAN_POINT ( 'NONE',  ( 0.4999999999999954500, -0.05000000000000012800, 0.2999999999999998800 ) ) ;
#4607 = VECTOR ( 'NONE', #4484, 1000.000000000000000 ) ;
#4608 = CARTESIAN_POINT ( 'NONE',  ( -0.3999999999999996900, -0.0000000000000000000, -0.6000000000000002000 ) ) ;
#4609 = ORIENTED_EDGE ( 'NONE', *, *, #583, .F. ) ;
#4610 = DIRECTION ( 'NONE',  ( -2.710505431213761600E-016, 0.0000000000000000000, -1.000000000000000000 ) ) ;
#4611 = FACE_OUTER_BOUND ( 'NONE', #1496, .T. ) ;
#4612 = EDGE_CURVE ( 'NONE', #1599, #3965, #2721, .T. ) ;
#4613 = EDGE_CURVE ( 'NONE', #4368, #20, #3519, .T. ) ;
#4614 = DIRECTION ( 'NONE',  ( 1.000000000000000000, 0.0000000000000000000, 0.0000000000000000000 ) ) ;
#4615 = EDGE_LOOP ( 'NONE', ( #3357, #2797, #3324, #3580 ) ) ;
#4616 = DIRECTION ( 'NONE',  ( 5.421010862427523200E-016, -0.0000000000000000000, 1.000000000000000000 ) ) ;
#4617 = ORIENTED_EDGE ( 'NONE', *, *, #967, .F. ) ;
#4618 = PLANE ( 'NONE',  #69 ) ;
#4619 = DIRECTION ( 'NONE',  ( -1.000000000000000000, 0.0000000000000000000, -5.421010862427523200E-016 ) ) ;
#4620 = CARTESIAN_POINT ( 'NONE',  ( 0.8999999999999998000, 0.1019999999999999900, 0.7000000000000000700 ) ) ;
#4621 = LINE ( 'NONE', #898, #3441 ) ;
#4622 = ADVANCED_FACE ( 'NONE', ( #763 ), #5084, .F. ) ;
#4623 =( NAMED_UNIT ( * ) PLANE_ANGLE_UNIT ( ) SI_UNIT ( $, .RADIAN. ) );
#4624 = CARTESIAN_POINT ( 'NONE',  ( 0.6999999999999999600, -0.05000000000000012800, 1.300000000000000000 ) ) ;
#4625 = ORIENTED_EDGE ( 'NONE', *, *, #941, .T. ) ;
#4626 = ORIENTED_EDGE ( 'NONE', *, *, #4019, .T. ) ;
#4627 = DIRECTION ( 'NONE',  ( -0.0000000000000000000, -1.000000000000000000, -0.0000000000000000000 ) ) ;
#4628 = CARTESIAN_POINT ( 'NONE',  ( 0.0000000000000000000, 0.1019999999999999900, 0.0000000000000000000 ) ) ;
#4629 = AXIS2_PLACEMENT_3D ( 'NONE', #1178, #2362, #1545 ) ;
#4630 = ORIENTED_EDGE ( 'NONE', *, *, #4472, .F. ) ;
#4631 = EDGE_CURVE ( 'NONE', #2877, #836, #3755, .T. ) ;
#4632 = ORIENTED_EDGE ( 'NONE', *, *, #1434, .T. ) ;
#4633 = LINE ( 'NONE', #4998, #3389 ) ;
#4634 = CARTESIAN_POINT ( 'NONE',  ( -0.6999999999999996200, -0.0000000000000000000, -1.300000000000000000 ) ) ;
#4635 = DIRECTION ( 'NONE',  ( 0.0000000000000000000, 0.0000000000000000000, -1.000000000000000000 ) ) ;
#4636 = VERTEX_POINT ( 'NONE', #791 ) ;
#4637 = STYLED_ITEM ( 'NONE', ( #471 ), #838 ) ;
#4638 = ORIENTED_EDGE ( 'NONE', *, *, #453, .F. ) ;
#4639 = ORIENTED_EDGE ( 'NONE', *, *, #2764, .T. ) ;
#4640 = ORIENTED_EDGE ( 'NONE', *, *, #3988, .F. ) ;
#4641 = VERTEX_POINT ( 'NONE', #1631 ) ;
#4642 = DIRECTION ( 'NONE',  ( -0.0000000000000000000, -1.000000000000000000, -0.0000000000000000000 ) ) ;
#4643 = CARTESIAN_POINT ( 'NONE',  ( -0.8999999999999998000, 0.0000000000000000000, 1.300000000000000000 ) ) ;
#4644 = ORIENTED_EDGE ( 'NONE', *, *, #4338, .F. ) ;
#4645 = PLANE ( 'NONE',  #3328 ) ;
#4646 = LINE ( 'NONE', #3432, #2529 ) ;
#4647 = DIRECTION ( 'NONE',  ( 0.0000000000000000000, -0.0000000000000000000, 1.000000000000000000 ) ) ;
#4648 = EDGE_CURVE ( 'NONE', #2408, #2879, #2824, .T. ) ;
#4649 = EDGE_CURVE ( 'NONE', #1447, #4603, #1658, .T. ) ;
#4650 = VECTOR ( 'NONE', #262, 1000.000000000000000 ) ;
#4651 = CARTESIAN_POINT ( 'NONE',  ( 0.4999999999999997800, -1.138516480713438700, 0.6999999999999998400 ) ) ;
#4652 = CARTESIAN_POINT ( 'NONE',  ( 0.0000000000000000000, 0.1019999999999999900, 0.0000000000000000000 ) ) ;
#4653 = ORIENTED_EDGE ( 'NONE', *, *, #3554, .T. ) ;
#4654 = UNCERTAINTY_MEASURE_WITH_UNIT (LENGTH_MEASURE( 1.000000000000000100E-005 ), #2266, 'distance_accuracy_value', 'NONE');
#4655 = CARTESIAN_POINT ( 'NONE',  ( -0.8999999999999913600, -0.05000000000000012800, -0.3000000000000001600 ) ) ;
#4656 = SURFACE_STYLE_FILL_AREA ( #2731 ) ;
#4657 = ORIENTED_EDGE ( 'NONE', *, *, #1023, .F. ) ;
#4658 = VERTEX_POINT ( 'NONE', #4535 ) ;
#4659 = CARTESIAN_POINT ( 'NONE',  ( -0.4999999999999955600, 0.1019999999999999900, 0.2999999999999998800 ) ) ;
#4660 = CARTESIAN_POINT ( 'NONE',  ( -0.4999999999999914500, 0.1019999999999999900, -0.1000000000000001600 ) ) ;
#4661 = AXIS2_PLACEMENT_3D ( 'NONE', #1826, #3757, #3381 ) ;
#4662 = LINE ( 'NONE', #2022, #4889 ) ;
#4663 = LINE ( 'NONE', #1900, #2916 ) ;
#4664 = DIRECTION ( 'NONE',  ( -1.000000000000000000, 0.0000000000000000000, 0.0000000000000000000 ) ) ;
#4665 = CARTESIAN_POINT ( 'NONE',  ( 0.6999999999999995100, 0.1019999999999999900, -1.300000000000000000 ) ) ;
#4666 = EDGE_CURVE ( 'NONE', #3437, #3341, #1192, .T. ) ;
#4667 = CARTESIAN_POINT ( 'NONE',  ( 0.8999999999999998000, 0.1019999999999999900, 0.7000000000000000700 ) ) ;
#4668 = LINE ( 'NONE', #949, #3597 ) ;
#4669 = FACE_OUTER_BOUND ( 'NONE', #491, .T. ) ;
#4670 = ORIENTED_EDGE ( 'NONE', *, *, #1615, .T. ) ;
#4671 = VECTOR ( 'NONE', #4132, 1000.000000000000000 ) ;
#4672 = ORIENTED_EDGE ( 'NONE', *, *, #3365, .T. ) ;
#4673 = PLANE ( 'NONE',  #643 ) ;
#4674 = ORIENTED_EDGE ( 'NONE', *, *, #1616, .T. ) ;
#4675 = DIRECTION ( 'NONE',  ( 0.0000000000000000000, 0.0000000000000000000, -1.000000000000000000 ) ) ;
#4676 = AXIS2_PLACEMENT_3D ( 'NONE', #924, #4878, #2911 ) ;
#4677 = CYLINDRICAL_SURFACE ( 'NONE', #3907, 0.1104759766373918000 ) ;
#4678 = CARTESIAN_POINT ( 'NONE',  ( -0.4999999999999914500, -0.0000000000000000000, -0.1000000000000001600 ) ) ;
#4679 = ORIENTED_EDGE ( 'NONE', *, *, #2333, .T. ) ;
#4680 = FACE_OUTER_BOUND ( 'NONE', #3522, .T. ) ;
#4681 = DIRECTION ( 'NONE',  ( -0.0000000000000000000, -1.000000000000000000, -0.0000000000000000000 ) ) ;
#4682 = ORIENTED_EDGE ( 'NONE', *, *, #3452, .T. ) ;
#4683 = MECHANICAL_DESIGN_GEOMETRIC_PRESENTATION_REPRESENTATION (  '', ( #461 ), #4711 ) ;
#4684 = CARTESIAN_POINT ( 'NONE',  ( 0.6999999999999999600, -1.138516480713438700, 1.300000000000000000 ) ) ;
#4685 = VECTOR ( 'NONE', #1624, 1000.000000000000000 ) ;
#4686 = PLANE ( 'NONE',  #5021 ) ;
#4687 = VERTEX_POINT ( 'NONE', #1024 ) ;
#4688 = PLANE ( 'NONE',  #3217 ) ;
#4689 = AXIS2_PLACEMENT_3D ( 'NONE', #4101, #897, #3633 ) ;
#4690 = SURFACE_STYLE_FILL_AREA ( #2897 ) ;
#4691 = PLANE ( 'NONE',  #2387 ) ;
#4692 = ORIENTED_EDGE ( 'NONE', *, *, #2840, .F. ) ;
#4693 = DIRECTION ( 'NONE',  ( 1.000000000000000000, 0.0000000000000000000, 5.421010862427523200E-016 ) ) ;
#4694 = LINE ( 'NONE', #1065, #3187 ) ;
#4695 = PRESENTATION_LAYER_ASSIGNMENT (  '', '', ( #714 ) ) ;
#4696 = VERTEX_POINT ( 'NONE', #2906 ) ;
#4697 = EDGE_CURVE ( 'NONE', #4426, #3765, #1613, .T. ) ;
#4698 = DIRECTION ( 'NONE',  ( 0.0000000000000000000, 0.0000000000000000000, -1.000000000000000000 ) ) ;
#4699 = VECTOR ( 'NONE', #2682, 1000.000000000000000 ) ;
#4700 = DIRECTION ( 'NONE',  ( 0.0000000000000000000, -0.0000000000000000000, 1.000000000000000000 ) ) ;
#4701 = EDGE_CURVE ( 'NONE', #450, #2191, #3574, .T. ) ;
#4702 = VERTEX_POINT ( 'NONE', #659 ) ;
#4703 = EDGE_LOOP ( 'NONE', ( #2723, #1386, #4349, #1764 ) ) ;
#4704 = ADVANCED_FACE ( 'NONE', ( #1980 ), #2222, .F. ) ;
#4705 = DIRECTION ( 'NONE',  ( -0.0000000000000000000, -1.000000000000000000, -0.0000000000000000000 ) ) ;
#4706 = CARTESIAN_POINT ( 'NONE',  ( 0.9000000000000000200, 0.0000000000000000000, -1.300000000000000300 ) ) ;
#4707 = VECTOR ( 'NONE', #79, 1000.000000000000000 ) ;
#4708 = DIRECTION ( 'NONE',  ( 0.0000000000000000000, 1.000000000000000000, -0.0000000000000000000 ) ) ;
#4709 = ORIENTED_EDGE ( 'NONE', *, *, #1800, .F. ) ;
#4710 = ORIENTED_EDGE ( 'NONE', *, *, #322, .F. ) ;
#4711 =( GEOMETRIC_REPRESENTATION_CONTEXT ( 3 ) GLOBAL_UNCERTAINTY_ASSIGNED_CONTEXT ( ( #401 ) ) GLOBAL_UNIT_ASSIGNED_CONTEXT ( ( #3488, #4306, #2350 ) ) REPRESENTATION_CONTEXT ( 'NONE', 'WORKASPACE' ) );
#4712 = ORIENTED_EDGE ( 'NONE', *, *, #3232, .F. ) ;
#4713 = CARTESIAN_POINT ( 'NONE',  ( 0.8999999999999998000, 0.0000000000000000000, 0.4999999999999998900 ) ) ;
#4714 = CARTESIAN_POINT ( 'NONE',  ( -0.8999999999999871400, -1.138516480713438700, -0.5000000000000000000 ) ) ;
#4715 = AXIS2_PLACEMENT_3D ( 'NONE', #3896, #3475, #4299 ) ;
#4716 = EDGE_CURVE ( 'NONE', #4171, #4702, #4633, .T. ) ;
#4717 = EDGE_CURVE ( 'NONE', #2502, #1447, #1490, .T. ) ;
#4718 = ORIENTED_EDGE ( 'NONE', *, *, #1927, .T. ) ;
#4719 = ORIENTED_EDGE ( 'NONE', *, *, #4977, .F. ) ;
#4720 = SURFACE_SIDE_STYLE ('',( #36 ) ) ;
#4721 = CARTESIAN_POINT ( 'NONE',  ( -0.4999999999999872300, -1.138516480713438700, -0.7000000000000000700 ) ) ;
#4722 = VERTEX_POINT ( 'NONE', #267 ) ;
#4723 = LINE ( 'NONE', #5042, #3651 ) ;
#4724 = CARTESIAN_POINT ( 'NONE',  ( 0.09999999999999988100, 0.1019999999999999900, -0.9000000000000000200 ) ) ;
#4725 = DIRECTION ( 'NONE',  ( 1.000000000000000000, 0.0000000000000000000, -2.710505431213761600E-016 ) ) ;
#4726 = VECTOR ( 'NONE', #3601, 1000.000000000000000 ) ;
#4727 = VECTOR ( 'NONE', #1692, 1000.000000000000000 ) ;
#4728 = ORIENTED_EDGE ( 'NONE', *, *, #3621, .F. ) ;
#4729 = VERTEX_POINT ( 'NONE', #2649 ) ;
#4730 = CARTESIAN_POINT ( 'NONE',  ( -0.3999999999999997400, 0.1019999999999999900, -0.5000000000000002200 ) ) ;
#4731 = DIRECTION ( 'NONE',  ( 0.0000000000000000000, 0.0000000000000000000, 1.000000000000000000 ) ) ;
#4732 = AXIS2_PLACEMENT_3D ( 'NONE', #4659, #3086, #759 ) ;
#4733 = LINE ( 'NONE', #2640, #3661 ) ;
#4734 = ORIENTED_EDGE ( 'NONE', *, *, #2394, .F. ) ;
#4735 = ORIENTED_EDGE ( 'NONE', *, *, #2625, .F. ) ;
#4736 = DIRECTION ( 'NONE',  ( 1.000000000000000000, 0.0000000000000000000, -2.710505431213761600E-016 ) ) ;
#4737 = LINE ( 'NONE', #1062, #4217 ) ;
#4738 = ORIENTED_EDGE ( 'NONE', *, *, #905, .F. ) ;
#4739 = VECTOR ( 'NONE', #2149, 1000.000000000000000 ) ;
#4740 = CARTESIAN_POINT ( 'NONE',  ( -0.4999999999999996700, -1.138516480713438700, -1.300000000000000000 ) ) ;
#4741 = CARTESIAN_POINT ( 'NONE',  ( 0.09999999999999988100, -1.138516480713438700, -0.9000000000000000200 ) ) ;
#4742 = LINE ( 'NONE', #731, #3733 ) ;
#4743 = ORIENTED_EDGE ( 'NONE', *, *, #1569, .F. ) ;
#4744 =( GEOMETRIC_REPRESENTATION_CONTEXT ( 3 ) GLOBAL_UNCERTAINTY_ASSIGNED_CONTEXT ( ( #1726 ) ) GLOBAL_UNIT_ASSIGNED_CONTEXT ( ( #528, #3587, #3245 ) ) REPRESENTATION_CONTEXT ( 'NONE', 'WORKASPACE' ) );
#4745 = DIRECTION ( 'NONE',  ( -0.0000000000000000000, -1.000000000000000000, -0.0000000000000000000 ) ) ;
#4746 = CARTESIAN_POINT ( 'NONE',  ( 0.09999999999999993600, -1.138516480713438700, 0.9000000000000000200 ) ) ;
#4747 = LINE ( 'NONE', #84, #922 ) ;
#4748 = EDGE_LOOP ( 'NONE', ( #3478, #4709, #4093, #1438 ) ) ;
#4749 = PRODUCT_CONTEXT ( 'NONE', #4397, 'mechanical' ) ;
#4750 = FACE_OUTER_BOUND ( 'NONE', #1620, .T. ) ;
#4751 = EDGE_CURVE ( 'NONE', #3995, #4138, #3019, .T. ) ;
#4752 = PLANE ( 'NONE',  #1933 ) ;
#4753 = DIRECTION ( 'NONE',  ( 0.0000000000000000000, 0.0000000000000000000, -1.000000000000000000 ) ) ;
#4754 = ORIENTED_EDGE ( 'NONE', *, *, #2523, .F. ) ;
#4755 = CARTESIAN_POINT ( 'NONE',  ( 0.4999999999999872300, 0.0000000000000000000, -0.5000000000000002200 ) ) ;
#4756 = CARTESIAN_POINT ( 'NONE',  ( -0.8999999999999913600, 0.1019999999999999900, -0.09999999999999993600 ) ) ;
#4757 = VERTEX_POINT ( 'NONE', #1049 ) ;
#4758 = PLANE ( 'NONE',  #2049 ) ;
#4759 = CARTESIAN_POINT ( 'NONE',  ( 0.6999999999999999600, -0.05000000000000012800, 1.300000000000000000 ) ) ;
#4760 = ORIENTED_EDGE ( 'NONE', *, *, #1240, .F. ) ;
#4761 = VECTOR ( 'NONE', #363, 1000.000000000000000 ) ;
#4762 = AXIS2_PLACEMENT_3D ( 'NONE', #3436, #4614, #4966 ) ;
#4763 = EDGE_CURVE ( 'NONE', #3101, #3031, #875, .T. ) ;
#4764 = ORIENTED_EDGE ( 'NONE', *, *, #1838, .F. ) ;
#4765 = ORIENTED_EDGE ( 'NONE', *, *, #4273, .F. ) ;
#4766 = EDGE_LOOP ( 'NONE', ( #1568, #4760, #3548, #1671 ) ) ;
#4767 = STYLED_ITEM ( 'NONE', ( #3998 ), #8 ) ;
#4768 = DIRECTION ( 'NONE',  ( 0.0000000000000000000, 0.0000000000000000000, 1.000000000000000000 ) ) ;
#4769 = VECTOR ( 'NONE', #1446, 1000.000000000000000 ) ;
#4770 = CARTESIAN_POINT ( 'NONE',  ( -0.3000000000000001600, 0.0000000000000000000, 1.299999999999999800 ) ) ;
#4771 = VERTEX_POINT ( 'NONE', #3471 ) ;
#4772 = LINE ( 'NONE', #3215, #604 ) ;
#4773 = EDGE_CURVE ( 'NONE', #3423, #2623, #1561, .T. ) ;
#4774 = LINE ( 'NONE', #4046, #1270 ) ;
#4775 = ORIENTED_EDGE ( 'NONE', *, *, #3908, .F. ) ;
#4776 = VECTOR ( 'NONE', #3342, 1000.000000000000000 ) ;
#4777 = CARTESIAN_POINT ( 'NONE',  ( -0.3000000000000001000, 0.1019999999999999900, 0.9000000000000000200 ) ) ;
#4778 = ORIENTED_EDGE ( 'NONE', *, *, #4472, .T. ) ;
#4779 = EDGE_LOOP ( 'NONE', ( #3886, #3317, #5085, #2260 ) ) ;
#4780 = CARTESIAN_POINT ( 'NONE',  ( 0.0000000000000000000, 0.1019999999999999900, 0.0000000000000000000 ) ) ;
#4781 = VECTOR ( 'NONE', #1428, 1000.000000000000000 ) ;
#4782 = CARTESIAN_POINT ( 'NONE',  ( 0.2999999999999997100, -0.05000000000000012800, -1.300000000000000000 ) ) ;
#4783 = ORIENTED_EDGE ( 'NONE', *, *, #3799, .T. ) ;
#4784 = CARTESIAN_POINT ( 'NONE',  ( -0.6842896944760923400, 0.4500000000000000100, -0.9007876477401423100 ) ) ;
#4785 = EDGE_LOOP ( 'NONE', ( #2663, #1255, #397, #3846 ) ) ;
#4786 = DIRECTION ( 'NONE',  ( 1.000000000000000000, 0.0000000000000000000, 5.421010862427523200E-016 ) ) ;
#4787 = LINE ( 'NONE', #4500, #2132 ) ;
#4788 = VERTEX_POINT ( 'NONE', #3777 ) ;
#4789 = PRESENTATION_STYLE_ASSIGNMENT (( #4052 ) ) ;
#4790 = ORIENTED_EDGE ( 'NONE', *, *, #1651, .F. ) ;
#4791 = CARTESIAN_POINT ( 'NONE',  ( 0.2999999999999999300, 0.0000000000000000000, 0.9000000000000001300 ) ) ;
#4792 = EDGE_CURVE ( 'NONE', #4376, #697, #4861, .T. ) ;
#4793 = VECTOR ( 'NONE', #3568, 1000.000000000000000 ) ;
#4794 = VERTEX_POINT ( 'NONE', #3913 ) ;
#4795 = DIRECTION ( 'NONE',  ( -0.0000000000000000000, 0.0000000000000000000, -1.000000000000000000 ) ) ;
#4796 = ORIENTED_EDGE ( 'NONE', *, *, #1220, .F. ) ;
#4797 = DIRECTION ( 'NONE',  ( 0.0000000000000000000, 0.0000000000000000000, 1.000000000000000000 ) ) ;
#4798 = FILL_AREA_STYLE ('',( #2849 ) ) ;
#4799 = FACE_OUTER_BOUND ( 'NONE', #78, .T. ) ;
#4800 = MANIFOLD_SOLID_BREP ( 'Boss-Extrude2[9]', #2990 ) ;
#4801 = DIRECTION ( 'NONE',  ( -0.0000000000000000000, -1.000000000000000000, -0.0000000000000000000 ) ) ;
#4802 = EDGE_CURVE ( 'NONE', #4109, #5087, #1913, .T. ) ;
#4803 = DIRECTION ( 'NONE',  ( -0.0000000000000000000, -1.000000000000000000, -0.0000000000000000000 ) ) ;
#4804 = EDGE_CURVE ( 'NONE', #849, #3341, #1432, .T. ) ;
#4805 = LINE ( 'NONE', #4139, #3386 ) ;
#4806 = EDGE_LOOP ( 'NONE', ( #3529, #2656, #2518, #3571 ) ) ;
#4807 = LINE ( 'NONE', #4483, #4987 ) ;
#4808 = CARTESIAN_POINT ( 'NONE',  ( -0.3999999999999996900, 0.1019999999999999900, -0.6000000000000002000 ) ) ;
#4809 = PLANE ( 'NONE',  #2811 ) ;
#4810 = ORIENTED_EDGE ( 'NONE', *, *, #2437, .T. ) ;
#4811 = VERTEX_POINT ( 'NONE', #4840 ) ;
#4812 = ORIENTED_EDGE ( 'NONE', *, *, #1307, .F. ) ;
#4813 = EDGE_CURVE ( 'NONE', #5078, #776, #3689, .T. ) ;
#4814 = ORIENTED_EDGE ( 'NONE', *, *, #3617, .F. ) ;
#4815 = DIRECTION ( 'NONE',  ( -1.000000000000000000, 0.0000000000000000000, 0.0000000000000000000 ) ) ;
#4816 = ORIENTED_EDGE ( 'NONE', *, *, #1955, .F. ) ;
#4817 = EDGE_LOOP ( 'NONE', ( #550, #4888, #2097, #2227 ) ) ;
#4818 = VERTEX_POINT ( 'NONE', #4178 ) ;
#4819 = CARTESIAN_POINT ( 'NONE',  ( 0.4999999999999955600, -1.138516480713438700, 0.09999999999999999200 ) ) ;
#4820 = ADVANCED_FACE ( 'NONE', ( #9 ), #984, .F. ) ;
#4821 = LINE ( 'NONE', #3647, #3776 ) ;
#4822 = ORIENTED_EDGE ( 'NONE', *, *, #2974, .F. ) ;
#4823 = CARTESIAN_POINT ( 'NONE',  ( 0.9000000000000000200, 0.5000000000000000000, -1.300000000000000300 ) ) ;
#4824 = VERTEX_POINT ( 'NONE', #186 ) ;
#4825 = SURFACE_SIDE_STYLE ('',( #3787 ) ) ;
#4826 = EDGE_CURVE ( 'NONE', #679, #3332, #265, .T. ) ;
#4827 = ORIENTED_EDGE ( 'NONE', *, *, #3555, .F. ) ;
#4828 = ORIENTED_EDGE ( 'NONE', *, *, #3232, .T. ) ;
#4829 = LINE ( 'NONE', #1557, #3483 ) ;
#4830 = CARTESIAN_POINT ( 'NONE',  ( 0.8999999999999913600, -1.138516480713438700, -0.3000000000000001600 ) ) ;
#4831 = CARTESIAN_POINT ( 'NONE',  ( -0.2999999999999998800, -0.05000000000000012800, -0.9000000000000000200 ) ) ;
#4832 = LINE ( 'NONE', #518, #4024 ) ;
#4833 = EDGE_LOOP ( 'NONE', ( #3039, #4738, #3559, #2787 ) ) ;
#4834 = AXIS2_PLACEMENT_3D ( 'NONE', #182, #3694, #4038 ) ;
#4835 = ORIENTED_EDGE ( 'NONE', *, *, #1602, .T. ) ;
#4836 = FACE_OUTER_BOUND ( 'NONE', #3983, .T. ) ;
#4837 = PLANE ( 'NONE',  #115 ) ;
#4838 = ORIENTED_EDGE ( 'NONE', *, *, #4185, .F. ) ;
#4839 = LINE ( 'NONE', #2726, #2853 ) ;
#4840 = CARTESIAN_POINT ( 'NONE',  ( 0.4999999999999955600, 0.0000000000000000000, 0.2999999999999998800 ) ) ;
#4841 = DIRECTION ( 'NONE',  ( 1.000000000000000000, -0.0000000000000000000, 5.421010862427523200E-016 ) ) ;
#4842 = ORIENTED_EDGE ( 'NONE', *, *, #3290, .T. ) ;
#4843 = DIRECTION ( 'NONE',  ( -0.0000000000000000000, -0.0000000000000000000, -1.000000000000000000 ) ) ;
#4844 = PLANE ( 'NONE',  #92 ) ;
#4845 = LINE ( 'NONE', #492, #627 ) ;
#4846 = EDGE_CURVE ( 'NONE', #3709, #4636, #3146, .T. ) ;
#4847 = DIRECTION ( 'NONE',  ( 0.0000000000000000000, 0.0000000000000000000, -1.000000000000000000 ) ) ;
#4848 = VERTEX_POINT ( 'NONE', #4562 ) ;
#4849 = DIRECTION ( 'NONE',  ( 0.0000000000000000000, 0.0000000000000000000, 1.000000000000000000 ) ) ;
#4850 = PLANE ( 'NONE',  #882 ) ;
#4851 = EDGE_CURVE ( 'NONE', #4848, #858, #3243, .T. ) ;
#4852 = CARTESIAN_POINT ( 'NONE',  ( -0.3999999999999997400, -1.138516480713438700, -0.5000000000000002200 ) ) ;
#4853 = DIRECTION ( 'NONE',  ( -1.000000000000000000, -0.0000000000000000000, -5.421010862427523200E-016 ) ) ;
#4854 = FILL_AREA_STYLE_COLOUR ( '', #788 ) ;
#4855 = ADVANCED_FACE ( 'NONE', ( #2228 ), #3447, .F. ) ;
#4856 = LINE ( 'NONE', #2134, #2815 ) ;
#4857 = AXIS2_PLACEMENT_3D ( 'NONE', #385, #1195, #1586 ) ;
#4858 = CARTESIAN_POINT ( 'NONE',  ( -0.4999999999999997800, 0.1019999999999999900, 0.5000000000000000000 ) ) ;
#4859 = DIRECTION ( 'NONE',  ( 0.0000000000000000000, 0.0000000000000000000, -1.000000000000000000 ) ) ;
#4860 = CARTESIAN_POINT ( 'NONE',  ( -0.4999999999999997800, 0.0000000000000000000, 0.6999999999999998400 ) ) ;
#4861 = LINE ( 'NONE', #1515, #2657 ) ;
#4862 = PRESENTATION_LAYER_ASSIGNMENT (  '', '', ( #3635 ) ) ;
#4863 = EDGE_CURVE ( 'NONE', #2879, #2754, #4805, .T. ) ;
#4864 = PLANE ( 'NONE',  #4676 ) ;
#4865 = EDGE_CURVE ( 'NONE', #4448, #4771, #2026, .T. ) ;
#4866 = VECTOR ( 'NONE', #1135, 1000.000000000000000 ) ;
#4867 = CARTESIAN_POINT ( 'NONE',  ( 0.4999999999999914500, 0.1019999999999999900, -0.1000000000000001600 ) ) ;
#4868 = FACE_OUTER_BOUND ( 'NONE', #2412, .T. ) ;
#4869 = PLANE ( 'NONE',  #3804 ) ;
#4870 = ORIENTED_EDGE ( 'NONE', *, *, #5061, .T. ) ;
#4871 = CARTESIAN_POINT ( 'NONE',  ( 0.6999999999999999600, 0.1019999999999999900, 0.9000000000000001300 ) ) ;
#4872 = CARTESIAN_POINT ( 'NONE',  ( 0.8999999999999955800, -1.138516480713438700, 0.3000000000000001000 ) ) ;
#4873 = DIRECTION ( 'NONE',  ( 1.000000000000000000, 0.0000000000000000000, -5.421010862427523200E-016 ) ) ;
#4874 = ORIENTED_EDGE ( 'NONE', *, *, #1116, .T. ) ;
#4875 = CARTESIAN_POINT ( 'NONE',  ( -0.6999999999999996200, 0.1019999999999999900, -0.9000000000000000200 ) ) ;
#4876 = EDGE_CURVE ( 'NONE', #4658, #4571, #4308, .T. ) ;
#4877 = DIRECTION ( 'NONE',  ( 5.421010862427523200E-016, 0.0000000000000000000, -1.000000000000000000 ) ) ;
#4878 = DIRECTION ( 'NONE',  ( 0.0000000000000000000, -1.000000000000000000, 0.0000000000000000000 ) ) ;
#4879 = ADVANCED_FACE ( 'NONE', ( #509 ), #1492, .F. ) ;
#4880 = SURFACE_SIDE_STYLE ('',( #4690 ) ) ;
#4881 = ORIENTED_EDGE ( 'NONE', *, *, #1267, .T. ) ;
#4882 = ORIENTED_EDGE ( 'NONE', *, *, #4364, .F. ) ;
#4883 = DIRECTION ( 'NONE',  ( -0.0000000000000000000, -1.000000000000000000, -0.0000000000000000000 ) ) ;
#4884 = MECHANICAL_DESIGN_GEOMETRIC_PRESENTATION_REPRESENTATION (  '', ( #3933 ), #3737 ) ;
#4885 = CARTESIAN_POINT ( 'NONE',  ( 0.2999999999999999300, 0.1019999999999999900, 1.300000000000000000 ) ) ;
#4886 = SURFACE_STYLE_USAGE ( .BOTH. , #185 ) ;
#4887 = DIRECTION ( 'NONE',  ( -0.0000000000000000000, 1.000000000000000000, -0.0000000000000000000 ) ) ;
#4888 = ORIENTED_EDGE ( 'NONE', *, *, #438, .T. ) ;
#4889 = VECTOR ( 'NONE', #2823, 1000.000000000000000 ) ;
#4890 = LINE ( 'NONE', #3857, #2047 ) ;
#4891 = ORIENTED_EDGE ( 'NONE', *, *, #3743, .T. ) ;
#4892 = LINE ( 'NONE', #1294, #970 ) ;
#4893 = ADVANCED_FACE ( 'NONE', ( #3085 ), #3199, .F. ) ;
#4894 = EDGE_CURVE ( 'NONE', #4317, #4406, #2820, .T. ) ;
#4895 = CLOSED_SHELL ( 'NONE', ( #4117, #3605, #4532, #3010, #1389, #947 ) ) ;
#4896 = LINE ( 'NONE', #2685, #3849 ) ;
#4897 = ORIENTED_EDGE ( 'NONE', *, *, #3938, .T. ) ;
#4898 = CARTESIAN_POINT ( 'NONE',  ( -0.4999999999999997800, 0.1019999999999999900, 0.5000000000000000000 ) ) ;
#4899 = ORIENTED_EDGE ( 'NONE', *, *, #45, .F. ) ;
#4900 = SURFACE_STYLE_FILL_AREA ( #557 ) ;
#4901 = ORIENTED_EDGE ( 'NONE', *, *, #118, .F. ) ;
#4902 = DIRECTION ( 'NONE',  ( 1.000000000000000000, 0.0000000000000000000, -2.710505431213761600E-016 ) ) ;
#4903 = DIRECTION ( 'NONE',  ( 0.0000000000000000000, -0.0000000000000000000, -1.000000000000000000 ) ) ;
#4904 = LINE ( 'NONE', #774, #3069 ) ;
#4905 = CARTESIAN_POINT ( 'NONE',  ( -0.8999999999999955800, 0.1019999999999999900, 0.09999999999999988100 ) ) ;
#4906 = VERTEX_POINT ( 'NONE', #122 ) ;
#4907 = ADVANCED_FACE ( 'NONE', ( #1772 ), #4688, .F. ) ;
#4908 = AXIS2_PLACEMENT_3D ( 'NONE', #1482, #3712, #2154 ) ;
#4909 = DIRECTION ( 'NONE',  ( 5.421010862427523200E-016, -0.0000000000000000000, 1.000000000000000000 ) ) ;
#4910 = DIRECTION ( 'NONE',  ( 1.000000000000000000, 0.0000000000000000000, 5.421010862427523200E-016 ) ) ;
#4911 = DIRECTION ( 'NONE',  ( 1.000000000000000000, -0.0000000000000000000, -2.409338161078899200E-016 ) ) ;
#4912 = VECTOR ( 'NONE', #407, 1000.000000000000000 ) ;
#4913 = CARTESIAN_POINT ( 'NONE',  ( 0.2999999999999997100, -1.138516480713438700, -1.300000000000000000 ) ) ;
#4914 = VECTOR ( 'NONE', #4841, 1000.000000000000000 ) ;
#4915 = EDGE_CURVE ( 'NONE', #1665, #3348, #2873, .T. ) ;
#4916 = ADVANCED_FACE ( 'NONE', ( #1132 ), #1208, .F. ) ;
#4917 = DIRECTION ( 'NONE',  ( 1.000000000000000000, 0.0000000000000000000, 0.0000000000000000000 ) ) ;
#4918 = LINE ( 'NONE', #3156, #2574 ) ;
#4919 = CARTESIAN_POINT ( 'NONE',  ( -0.5000000000000001100, -0.05000000000000012800, 0.9000000000000001300 ) ) ;
#4920 = LINE ( 'NONE', #4321, #332 ) ;
#4921 = AXIS2_PLACEMENT_3D ( 'NONE', #576, #3303, #2925 ) ;
#4922 = CARTESIAN_POINT ( 'NONE',  ( -0.8999999999999998000, 0.0000000000000000000, 1.300000000000000000 ) ) ;
#4923 = SURFACE_STYLE_USAGE ( .BOTH. , #636 ) ;
#4924 = CARTESIAN_POINT ( 'NONE',  ( 0.6999999999999995100, -1.138516480713438700, -1.300000000000000000 ) ) ;
#4925 = VERTEX_POINT ( 'NONE', #2057 ) ;
#4926 = VECTOR ( 'NONE', #4514, 1000.000000000000000 ) ;
#4927 = CARTESIAN_POINT ( 'NONE',  ( 0.8999999999999955800, 0.1019999999999999900, 0.09999999999999988100 ) ) ;
#4928 = ORIENTED_EDGE ( 'NONE', *, *, #2670, .T. ) ;
#4929 = FACE_OUTER_BOUND ( 'NONE', #2524, .T. ) ;
#4930 = ORIENTED_EDGE ( 'NONE', *, *, #3501, .F. ) ;
#4931 = DIRECTION ( 'NONE',  ( -1.000000000000000000, 0.0000000000000000000, 0.0000000000000000000 ) ) ;
#4932 = ORIENTED_EDGE ( 'NONE', *, *, #260, .F. ) ;
#4933 = DIRECTION ( 'NONE',  ( -0.0000000000000000000, 1.000000000000000000, -0.0000000000000000000 ) ) ;
#4934 = ADVANCED_FACE ( 'NONE', ( #5046 ), #201, .F. ) ;
#4935 = ORIENTED_EDGE ( 'NONE', *, *, #3501, .T. ) ;
#4936 = EDGE_LOOP ( 'NONE', ( #3080, #3460, #1779, #2203 ) ) ;
#4937 = ORIENTED_EDGE ( 'NONE', *, *, #1009, .T. ) ;
#4938 = DIRECTION ( 'NONE',  ( -0.0000000000000000000, -1.000000000000000000, -0.0000000000000000000 ) ) ;
#4939 = EDGE_CURVE ( 'NONE', #3173, #3874, #999, .T. ) ;
#4940 = ORIENTED_EDGE ( 'NONE', *, *, #4256, .F. ) ;
#4941 = DIRECTION ( 'NONE',  ( 0.0000000000000000000, 0.0000000000000000000, 1.000000000000000000 ) ) ;
#4942 = CARTESIAN_POINT ( 'NONE',  ( -0.3000000000000001000, -0.05000000000000012800, 1.300000000000000000 ) ) ;
#4943 = VECTOR ( 'NONE', #1714, 1000.000000000000000 ) ;
#4944 = CARTESIAN_POINT ( 'NONE',  ( 0.8999999999999913600, -0.05000000000000012800, -0.3000000000000001600 ) ) ;
#4945 = ADVANCED_FACE ( 'NONE', ( #4120 ), #762, .F. ) ;
#4946 = CARTESIAN_POINT ( 'NONE',  ( 0.4999999999999872300, 0.1019999999999999900, -0.5000000000000002200 ) ) ;
#4947 = EDGE_CURVE ( 'NONE', #4034, #4602, #123, .T. ) ;
#4948 = ORIENTED_EDGE ( 'NONE', *, *, #1673, .F. ) ;
#4949 = MANIFOLD_SOLID_BREP ( 'Boss-Extrude2[3]', #37 ) ;
#4950 = ORIENTED_EDGE ( 'NONE', *, *, #4065, .F. ) ;
#4951 = LINE ( 'NONE', #2714, #606 ) ;
#4952 = FACE_OUTER_BOUND ( 'NONE', #1311, .T. ) ;
#4953 = VECTOR ( 'NONE', #895, 1000.000000000000000 ) ;
#4954 = LINE ( 'NONE', #2094, #614 ) ;
#4955 = ORIENTED_EDGE ( 'NONE', *, *, #2620, .T. ) ;
#4956 = ORIENTED_EDGE ( 'NONE', *, *, #488, .F. ) ;
#4957 = ADVANCED_FACE ( 'NONE', ( #68 ), #3862, .F. ) ;
#4958 = VECTOR ( 'NONE', #1510, 1000.000000000000000 ) ;
#4959 = ORIENTED_EDGE ( 'NONE', *, *, #4751, .F. ) ;
#4960 = VECTOR ( 'NONE', #1073, 1000.000000000000000 ) ;
#4961 = CARTESIAN_POINT ( 'NONE',  ( 0.6999999999999995100, -0.05000000000000012800, -0.9000000000000001300 ) ) ;
#4962 = CLOSED_SHELL ( 'NONE', ( #294, #1956, #2136, #1556, #4907, #2939 ) ) ;
#4963 = EDGE_CURVE ( 'NONE', #2447, #4848, #873, .T. ) ;
#4964 = DIRECTION ( 'NONE',  ( -1.000000000000000000, 0.0000000000000000000, 5.421010862427523200E-016 ) ) ;
#4965 = EDGE_CURVE ( 'NONE', #3759, #1563, #758, .T. ) ;
#4966 = DIRECTION ( 'NONE',  ( 0.0000000000000000000, 0.0000000000000000000, -1.000000000000000000 ) ) ;
#4967 = CARTESIAN_POINT ( 'NONE',  ( 0.4999999999999872300, -1.138516480713438700, -0.7000000000000000700 ) ) ;
#4968 = DIRECTION ( 'NONE',  ( -0.0000000000000000000, 1.000000000000000000, -0.0000000000000000000 ) ) ;
#4969 = ORIENTED_EDGE ( 'NONE', *, *, #830, .T. ) ;
#4970 = ADVANCED_FACE ( 'NONE', ( #2452 ), #1125, .F. ) ;
#4971 = FACE_OUTER_BOUND ( 'NONE', #551, .T. ) ;
#4972 = CARTESIAN_POINT ( 'NONE',  ( 0.6999999999999999600, 0.1019999999999999900, 0.9000000000000001300 ) ) ;
#4973 = ORIENTED_EDGE ( 'NONE', *, *, #4876, .T. ) ;
#4974 = DIRECTION ( 'NONE',  ( -0.0000000000000000000, 1.000000000000000000, -0.0000000000000000000 ) ) ;
#4975 = LINE ( 'NONE', #3999, #3075 ) ;
#4976 = DIRECTION ( 'NONE',  ( 5.421010862427523200E-016, 0.0000000000000000000, -1.000000000000000000 ) ) ;
#4977 = EDGE_CURVE ( 'NONE', #2265, #2459, #4920, .T. ) ;
#4978 = DIRECTION ( 'NONE',  ( 0.0000000000000000000, 0.0000000000000000000, 1.000000000000000000 ) ) ;
#4979 = DIRECTION ( 'NONE',  ( 1.000000000000000000, -0.0000000000000000000, -0.0000000000000000000 ) ) ;
#4980 = VECTOR ( 'NONE', #3653, 1000.000000000000000 ) ;
#4981 = ORIENTED_EDGE ( 'NONE', *, *, #5061, .F. ) ;
#4982 = DIRECTION ( 'NONE',  ( -5.421010862427523200E-016, 0.0000000000000000000, 1.000000000000000000 ) ) ;
#4983 = CARTESIAN_POINT ( 'NONE',  ( 0.6999999999999995100, 0.1019999999999999900, -0.9000000000000001300 ) ) ;
#4984 = DIRECTION ( 'NONE',  ( -1.000000000000000000, 0.0000000000000000000, 5.421010862427523200E-016 ) ) ;
#4985 = DIRECTION ( 'NONE',  ( 0.0000000000000000000, 0.0000000000000000000, 1.000000000000000000 ) ) ;
#4986 = ORIENTED_EDGE ( 'NONE', *, *, #1451, .F. ) ;
#4987 = VECTOR ( 'NONE', #4543, 1000.000000000000000 ) ;
#4988 = CARTESIAN_POINT ( 'NONE',  ( 0.4999999999999955600, 0.1019999999999999900, 0.2999999999999998800 ) ) ;
#4989 = CARTESIAN_POINT ( 'NONE',  ( -0.2999999999999998800, -1.138516480713438700, -1.300000000000000000 ) ) ;
#4990 = LINE ( 'NONE', #4944, #1716 ) ;
#4991 = VERTEX_POINT ( 'NONE', #1506 ) ;
#4992 = DIRECTION ( 'NONE',  ( 1.000000000000000000, -0.0000000000000000000, 0.0000000000000000000 ) ) ;
#4993 = EDGE_CURVE ( 'NONE', #3920, #2598, #3750, .T. ) ;
#4994 = PLANE ( 'NONE',  #3544 ) ;
#4995 = EDGE_CURVE ( 'NONE', #4462, #2502, #4369, .T. ) ;
#4996 = LINE ( 'NONE', #2807, #4061 ) ;
#4997 = ADVANCED_FACE ( 'NONE', ( #3622 ), #5037, .F. ) ;
#4998 = CARTESIAN_POINT ( 'NONE',  ( 0.2999999999999999300, -1.138516480713438700, 0.9000000000000001300 ) ) ;
#4999 = PLANE ( 'NONE',  #3682 ) ;
#5000 = FILL_AREA_STYLE_COLOUR ( '', #2752 ) ;
#5001 = DIRECTION ( 'NONE',  ( 0.0000000000000000000, 0.0000000000000000000, 1.000000000000000000 ) ) ;
#5002 = VECTOR ( 'NONE', #1752, 1000.000000000000000 ) ;
#5003 = ORIENTED_EDGE ( 'NONE', *, *, #765, .F. ) ;
#5004 = DIRECTION ( 'NONE',  ( -0.0000000000000000000, -1.000000000000000000, -0.0000000000000000000 ) ) ;
#5005 =( LENGTH_UNIT ( ) NAMED_UNIT ( * ) SI_UNIT ( .MILLI., .METRE. ) );
#5006 = AXIS2_PLACEMENT_3D ( 'NONE', #1112, #5026, #319 ) ;
#5007 = CARTESIAN_POINT ( 'NONE',  ( -0.7000000000000000700, 0.1019999999999999900, 0.9000000000000000200 ) ) ;
#5008 = ORIENTED_EDGE ( 'NONE', *, *, #4327, .T. ) ;
#5009 = EDGE_CURVE ( 'NONE', #776, #3882, #1555, .T. ) ;
#5010 = DIRECTION ( 'NONE',  ( 1.000000000000000000, 0.0000000000000000000, 0.0000000000000000000 ) ) ;
#5011 = PLANE ( 'NONE',  #282 ) ;
#5012 = DIRECTION ( 'NONE',  ( -0.0000000000000000000, 1.000000000000000000, -0.0000000000000000000 ) ) ;
#5013 = UNCERTAINTY_MEASURE_WITH_UNIT (LENGTH_MEASURE( 1.000000000000000100E-005 ), #3953, 'distance_accuracy_value', 'NONE');
#5014 = LINE ( 'NONE', #740, #3784 ) ;
#5015 = ORIENTED_EDGE ( 'NONE', *, *, #4364, .T. ) ;
#5016 = ORIENTED_EDGE ( 'NONE', *, *, #118, .T. ) ;
#5017 = VECTOR ( 'NONE', #2819, 1000.000000000000000 ) ;
#5018 = VECTOR ( 'NONE', #3071, 1000.000000000000000 ) ;
#5019 = ORIENTED_EDGE ( 'NONE', *, *, #387, .T. ) ;
#5020 = VECTOR ( 'NONE', #2087, 1000.000000000000000 ) ;
#5021 = AXIS2_PLACEMENT_3D ( 'NONE', #4324, #424, #1929 ) ;
#5022 = DIRECTION ( 'NONE',  ( -0.0000000000000000000, -1.000000000000000000, -0.0000000000000000000 ) ) ;
#5023 = CARTESIAN_POINT ( 'NONE',  ( 0.4999999999999995600, 0.0000000000000000000, -1.300000000000000000 ) ) ;
#5024 = LINE ( 'NONE', #2526, #96 ) ;
#5025 = EDGE_LOOP ( 'NONE', ( #2110, #2085, #4249, #736 ) ) ;
#5026 = DIRECTION ( 'NONE',  ( -2.710505431213761600E-016, 0.0000000000000000000, -1.000000000000000000 ) ) ;
#5027 = ORIENTED_EDGE ( 'NONE', *, *, #3125, .F. ) ;
#5028 = CARTESIAN_POINT ( 'NONE',  ( 0.09999999999999988100, -1.138516480713438700, -1.300000000000000000 ) ) ;
#5029 = DIRECTION ( 'NONE',  ( -0.0000000000000000000, 1.000000000000000000, -0.0000000000000000000 ) ) ;
#5030 = LINE ( 'NONE', #1773, #240 ) ;
#5031 = EDGE_CURVE ( 'NONE', #4325, #3793, #1247, .T. ) ;
#5032 = DIRECTION ( 'NONE',  ( 0.0000000000000000000, 0.0000000000000000000, -1.000000000000000000 ) ) ;
#5033 = PLANE ( 'NONE',  #3972 ) ;
#5034 = PLANE ( 'NONE',  #730 ) ;
#5035 = CARTESIAN_POINT ( 'NONE',  ( 0.9000000000000000200, 0.0000000000000000000, -1.300000000000000300 ) ) ;
#5036 = EDGE_LOOP ( 'NONE', ( #3121, #162, #3503, #2273 ) ) ;
#5037 = PLANE ( 'NONE',  #484 ) ;
#5038 = LINE ( 'NONE', #4509, #4421 ) ;
#5039 = DIRECTION ( 'NONE',  ( -1.000000000000000000, 0.0000000000000000000, 0.0000000000000000000 ) ) ;
#5040 = DIRECTION ( 'NONE',  ( 1.000000000000000000, 0.0000000000000000000, -5.421010862427523200E-016 ) ) ;
#5041 = DIRECTION ( 'NONE',  ( 0.0000000000000000000, 0.0000000000000000000, 1.000000000000000000 ) ) ;
#5042 = CARTESIAN_POINT ( 'NONE',  ( -0.3000000000000001000, 0.0000000000000000000, 0.9000000000000000200 ) ) ;
#5043 = DIRECTION ( 'NONE',  ( 1.000000000000000000, 0.0000000000000000000, 0.0000000000000000000 ) ) ;
#5044 = LINE ( 'NONE', #2613, #3993 ) ;
#5045 = EDGE_CURVE ( 'NONE', #1293, #28, #194, .T. ) ;
#5046 = FACE_OUTER_BOUND ( 'NONE', #476, .T. ) ;
#5047 = DIRECTION ( 'NONE',  ( 0.0000000000000000000, 0.0000000000000000000, 1.000000000000000000 ) ) ;
#5048 = DIRECTION ( 'NONE',  ( 0.0000000000000000000, 1.000000000000000000, 0.0000000000000000000 ) ) ;
#5049 = ORIENTED_EDGE ( 'NONE', *, *, #687, .T. ) ;
#5050 = DIRECTION ( 'NONE',  ( -0.0000000000000000000, -0.0000000000000000000, 1.000000000000000000 ) ) ;
#5051 = AXIS2_PLACEMENT_3D ( 'NONE', #110, #3230, #2065 ) ;
#5052 = FACE_OUTER_BOUND ( 'NONE', #145, .T. ) ;
#5053 = VERTEX_POINT ( 'NONE', #6 ) ;
#5054 = ORIENTED_EDGE ( 'NONE', *, *, #4977, .T. ) ;
#5055 = SURFACE_SIDE_STYLE ('',( #1837 ) ) ;
#5056 = CARTESIAN_POINT ( 'NONE',  ( -0.4999999999999996700, 0.0000000000000000000, -0.9000000000000001300 ) ) ;
#5057 = PLANE ( 'NONE',  #3439 ) ;
#5058 = VERTEX_POINT ( 'NONE', #4713 ) ;
#5059 = VERTEX_POINT ( 'NONE', #4730 ) ;
#5060 = STYLED_ITEM ( 'NONE', ( #4789 ), #2661 ) ;
#5061 = EDGE_CURVE ( 'NONE', #852, #2265, #2578, .T. ) ;
#5062 = DIRECTION ( 'NONE',  ( -1.000000000000000000, 0.0000000000000000000, 5.421010862427523200E-016 ) ) ;
#5063 = EDGE_CURVE ( 'NONE', #2829, #3642, #4179, .T. ) ;
#5064 = CARTESIAN_POINT ( 'NONE',  ( 0.09999999999999988100, 0.0000000000000000000, -0.9000000000000000200 ) ) ;
#5065 = ORIENTED_EDGE ( 'NONE', *, *, #700, .F. ) ;
#5066 = DIRECTION ( 'NONE',  ( 1.000000000000000000, 0.0000000000000000000, 0.0000000000000000000 ) ) ;
#5067 = VERTEX_POINT ( 'NONE', #3133 ) ;
#5068 = DIRECTION ( 'NONE',  ( 0.0000000000000000000, 0.0000000000000000000, -1.000000000000000000 ) ) ;
#5069 = ORIENTED_EDGE ( 'NONE', *, *, #1787, .T. ) ;
#5070 = LINE ( 'NONE', #477, #3539 ) ;
#5071 = FACE_OUTER_BOUND ( 'NONE', #3242, .T. ) ;
#5072 = CARTESIAN_POINT ( 'NONE',  ( 0.4999999999999995600, -0.05000000000000012800, -0.9000000000000000200 ) ) ;
#5073 = PLANE ( 'NONE',  #519 ) ;
#5074 = AXIS2_PLACEMENT_3D ( 'NONE', #3847, #2738, #394 ) ;
#5075 = FACE_OUTER_BOUND ( 'NONE', #283, .T. ) ;
#5076 = EDGE_CURVE ( 'NONE', #191, #472, #3191, .T. ) ;
#5077 = FACE_OUTER_BOUND ( 'NONE', #3923, .T. ) ;
#5078 = VERTEX_POINT ( 'NONE', #810 ) ;
#5079 = DIRECTION ( 'NONE',  ( 1.000000000000000000, 0.0000000000000000000, 2.710505431213761600E-016 ) ) ;
#5080 = ORIENTED_EDGE ( 'NONE', *, *, #4003, .T. ) ;
#5081 = FACE_OUTER_BOUND ( 'NONE', #136, .T. ) ;
#5082 = VERTEX_POINT ( 'NONE', #3186 ) ;
#5083 = DIRECTION ( 'NONE',  ( 0.0000000000000000000, 0.0000000000000000000, 1.000000000000000000 ) ) ;
#5084 = PLANE ( 'NONE',  #5074 ) ;
#5085 = ORIENTED_EDGE ( 'NONE', *, *, #4457, .F. ) ;
#5086 = LINE ( 'NONE', #726, #750 ) ;
#5087 = VERTEX_POINT ( 'NONE', #3576 ) ;
#5088 = EDGE_CURVE ( 'NONE', #4602, #4571, #389, .T. ) ;
#5089 = DIRECTION ( 'NONE',  ( -0.0000000000000000000, 1.000000000000000000, -0.0000000000000000000 ) ) ;
#5090 = DIRECTION ( 'NONE',  ( 5.421010862427523200E-016, 0.0000000000000000000, -1.000000000000000000 ) ) ;
#5091 = CARTESIAN_POINT ( 'NONE',  ( 0.0000000000000000000, -0.05000000000000002400, 0.0000000000000000000 ) ) ;
#5092 = VECTOR ( 'NONE', #4465, 1000.000000000000000 ) ;
#5093 = CARTESIAN_POINT ( 'NONE',  ( 0.6999999999999995100, -1.138516480713438700, -0.9000000000000001300 ) ) ;
#5094 = PLANE ( 'NONE',  #1858 ) ;
#5095 = ADVANCED_FACE ( 'NONE', ( #816 ), #3937, .F. ) ;
#5096 =( NAMED_UNIT ( * ) SI_UNIT ( $, .STERADIAN. ) SOLID_ANGLE_UNIT ( ) );
#5097 = CARTESIAN_POINT ( 'NONE',  ( 0.4999999999999872300, -1.138516480713438700, -0.5000000000000002200 ) ) ;
#5098 = AXIS2_PLACEMENT_3D ( 'NONE', #4740, #1590, #14 ) ;
#5099 = FACE_OUTER_BOUND ( 'NONE', #82, .T. ) ;
#5100 = ORIENTED_EDGE ( 'NONE', *, *, #322, .T. ) ;
ENDSEC;
END-ISO-10303-21;
